Date,Open,High,Low,Close,Adj Close,Volume
2010-01-04,159.4545440673828,160.90908813476562,159.09091186523438,159.94544982910156,132.23834228515625,9162186
2010-01-05,161.4545440673828,163.59091186523438,160.27272033691406,161.46363830566406,133.4934844970703,14659997
2010-01-06,162.72726440429688,164.9727325439453,161.83636474609375,162.6999969482422,134.5156707763672,20410054
2010-01-07,163.0454559326172,163.0454559326172,159.36363220214844,161.16363525390625,133.24546813964844,10852286
2010-01-08,161.654541015625,161.81817626953125,158.36363220214844,158.89999389648438,131.37393188476562,20580934
2010-01-11,159.63636779785156,160.3272705078125,157.44544982910156,158.07272338867188,130.6899871826172,18184672
2010-01-12,158.07272338867188,158.5454559326172,152.72726440429688,153.22726440429688,126.68389892578125,22781935
2010-01-13,149.3909149169922,153.49090576171875,149.3909149169922,152.845458984375,126.36820983886719,31684856
2010-01-14,154.0,156.5454559326172,151.1272735595703,151.8727264404297,125.56397247314453,33858143
2010-01-15,152.77272033691406,154.29090881347656,150.99090576171875,153.1727294921875,126.63880920410156,19521925
2010-01-18,151.63636779785156,157.96363830566406,150.96363830566406,156.9727325439453,129.78053283691406,22909535
2010-01-19,157.09091186523438,159.27272033691406,156.18182373046875,157.36363220214844,130.1037139892578,20804140
2010-01-20,158.14544677734375,160.83636474609375,157.99090576171875,159.6272735595703,131.97525024414062,27480893
2010-01-21,158.154541015625,158.72726440429688,153.14544677734375,155.03636169433594,128.17959594726562,33727122
2010-01-22,150.72726440429688,154.0,149.24545288085938,152.8545379638672,126.37574768066406,32621154
2010-01-25,151.1999969482422,152.57272338867188,150.0454559326172,151.05455017089844,124.88754272460938,15865157
2010-01-27,149.09091186523438,150.4363555908203,141.81817626953125,143.14544677734375,118.3485336303711,38013514
2010-01-28,145.4545440673828,146.8727264404297,141.68182373046875,143.2818145751953,118.46127319335938,56519067
2010-01-29,140.90908813476562,152.5454559326172,140.90908813476562,150.97271728515625,124.81991577148438,59256560
2010-02-01,149.1090850830078,154.25454711914062,148.18182373046875,151.96363830566406,125.63915252685547,28587542
2010-02-02,152.90908813476562,153.1727294921875,148.3272705078125,148.90908813476562,123.11373138427734,29159537
2010-02-03,150.0181884765625,153.63636779785156,149.68182373046875,152.6272735595703,126.18781280517578,18166148
2010-02-04,151.7818145751953,154.36363220214844,150.09091186523438,150.69090270996094,124.5869140625,18276049
2010-02-05,147.23635864257812,147.23635864257812,143.63636779785156,145.11817932128906,119.97952270507812,27352501
2010-02-08,154.5454559326172,154.5454559326172,142.90908813476562,146.42727661132812,121.06184387207031,22972361
2010-02-09,146.5454559326172,148.72726440429688,143.8909149169922,147.70909118652344,122.12162017822266,20874557
2010-02-10,148.72726440429688,149.3727264404297,144.88182067871094,145.41818237304688,120.22756958007812,19253811
2010-02-11,143.654541015625,150.8727264404297,143.654541015625,150.19090270996094,124.17352294921875,19596379
2010-02-15,151.27272033691406,151.27272033691406,147.72726440429688,148.6090850830078,122.86572265625,10649243
2010-02-16,148.5454559326172,152.3272705078125,148.5454559326172,151.3545379638672,125.13558197021484,11282936
2010-02-17,152.72726440429688,154.1272735595703,151.0181884765625,152.89999389648438,126.413330078125,28238435
2010-02-18,152.72726440429688,155.09091186523438,151.6999969482422,152.73635864257812,126.2780532836914,25365791
2010-02-19,151.27272033691406,152.18182373046875,148.56362915039062,151.55455017089844,125.30094146728516,18276038
2010-02-22,153.66363525390625,154.5454559326172,150.68182373046875,151.1999969482422,125.0077896118164,12621301
2010-02-23,150.8909149169922,154.90908813476562,150.1090850830078,154.13636779785156,127.4355239868164,20701076
2010-02-24,152.74545288085938,153.8000030517578,151.4545440673828,152.9363555908203,126.44339752197266,17102217
2010-02-25,152.9545440673828,155.96363830566406,151.39999389648438,154.83636474609375,128.01426696777344,23944123
2010-02-26,153.69090270996094,161.27272033691406,153.09091186523438,158.57272338867188,131.10337829589844,35508192
2010-03-02,160.92727661132812,164.18182373046875,160.92727661132812,163.11817932128906,134.86143493652344,28273393
2010-03-03,163.61817932128906,165.90908813476562,162.79090881347656,165.154541015625,136.54502868652344,25091231
2010-03-04,164.72726440429688,166.2818145751953,161.6727294921875,163.345458984375,135.04933166503906,17625426
2010-03-05,163.29090881347656,165.27272033691406,162.11817932128906,163.9545440673828,135.5529022216797,14922803
2010-03-08,165.4545440673828,168.50909423828125,165.4545440673828,167.9545440673828,138.86000061035156,32294977
2010-03-09,167.63636779785156,169.92727661132812,165.2818145751953,168.20909118652344,139.0704345703125,34059690
2010-03-10,168.18182373046875,169.0,165.16363525390625,166.8727264404297,137.965576171875,22191510
2010-03-11,166.36363220214844,170.30909729003906,166.0181884765625,169.24545288085938,139.92727661132812,21146158
2010-03-12,170.00909423828125,171.25454711914062,169.30909729003906,170.3000030517578,140.79913330078125,20491075
2010-03-15,169.09091186523438,170.0,155.63636779785156,167.9545440673828,138.86000061035156,16240301
2010-03-16,167.4545440673828,169.9818115234375,165.8545379638672,169.18182373046875,139.8746337890625,14485526
2010-03-17,170.0,173.38182067871094,169.4545440673828,172.46363830566406,142.58798217773438,23114982
2010-03-18,172.73635864257812,176.27272033691406,172.5454559326172,175.20909118652344,144.85784912109375,25947581
2010-03-19,175.09091186523438,176.16363525390625,172.44544982910156,173.91818237304688,143.79055786132812,17969248
2010-03-22,172.5454559326172,172.5454559326172,167.4545440673828,170.0454559326172,140.58868408203125,20087584
2010-03-23,170.72726440429688,172.0,167.63636779785156,168.27272033691406,139.123046875,20200125
2010-03-25,167.27272033691406,170.90908813476562,165.92727661132812,169.79090881347656,140.37826538085938,26513751
2010-03-26,170.72726440429688,173.07272338867188,170.0454559326172,172.27272033691406,142.4300994873047,21544611
2010-03-29,171.81817626953125,174.36363220214844,170.81817626953125,173.1999969482422,143.19680786132812,21909514
2010-03-30,173.83636474609375,176.07272338867188,173.6090850830078,174.50909423828125,144.27911376953125,18572757
2010-03-31,175.41818237304688,176.50909423828125,172.49090576171875,173.18182373046875,143.18177795410156,28237176
2010-04-01,174.0,174.8909149169922,171.69090270996094,173.20909118652344,143.20431518554688,19839534
2010-04-05,173.63636779785156,180.1272735595703,173.63636779785156,179.154541015625,148.11981201171875,28263136
2010-04-06,180.345458984375,183.58181762695312,179.154541015625,181.41818237304688,149.99136352539062,30864163
2010-04-07,182.30909729003906,183.4545440673828,178.1999969482422,179.5181884765625,148.42051696777344,19863459
2010-04-08,178.58181762695312,179.63636779785156,174.1272735595703,174.74545288085938,144.47450256347656,23439388
2010-04-09,174.96363830566406,178.53636169433594,174.90908813476562,177.8727264404297,147.06005859375,12637042
2010-04-12,178.18182373046875,179.07272338867188,174.77272033691406,175.3909149169922,145.0081329345703,20644701
2010-04-13,175.3909149169922,175.72726440429688,170.97271728515625,171.30909729003906,141.6334686279297,21935727
2010-04-15,172.3272705078125,174.16363525390625,166.41818237304688,166.90908813476562,137.99560546875,29869411
2010-04-16,166.72726440429688,170.345458984375,166.41818237304688,167.7181854248047,138.66453552246094,24517465
2010-04-19,166.14544677734375,168.46363830566406,164.10000610351562,167.23635864257812,138.26622009277344,23085573
2010-04-20,167.63636779785156,171.81817626953125,167.27272033691406,169.63636779785156,140.25048828125,24374751
2010-04-21,170.89999389648438,173.5454559326172,170.72726440429688,173.07272338867188,143.09153747558594,20722333
2010-04-22,171.90908813476562,175.3909149169922,170.0272674560547,171.6090850830078,141.88145446777344,23026162
2010-04-23,172.5454559326172,178.14544677734375,171.81817626953125,177.76364135742188,146.96987915039062,26901132
2010-04-26,178.1999969482422,181.4818115234375,174.25454711914062,174.57272338867188,144.3317108154297,31212868
2010-04-27,174.18182373046875,174.5454559326172,170.0272674560547,172.1727294921875,142.34747314453125,15461006
2010-04-28,169.3272705078125,171.08181762695312,166.07272338867188,167.1727294921875,138.21359252929688,21680010
2010-04-29,167.81817626953125,172.90908813476562,167.81817626953125,172.19090270996094,142.3625030517578,25572305
2010-04-30,173.25454711914062,175.345458984375,172.20909118652344,173.08181762695312,143.0990753173828,18736987
2010-05-03,172.0181884765625,174.1727294921875,169.63636779785156,170.345458984375,140.83673095703125,16415217
2010-05-04,171.25454711914062,172.1090850830078,165.27272033691406,166.39999389648438,137.57473754882812,19283099
2010-05-05,165.4545440673828,165.4545440673828,161.31817626953125,164.3000030517578,135.83853149414062,29067978
2010-05-06,163.35455322265625,165.91818237304688,162.0,164.154541015625,135.71827697753906,17990027
2010-05-07,160.8909149169922,162.18182373046875,158.0,159.38182067871094,131.77227783203125,28132593
2010-05-10,161.8000030517578,168.72726440429688,161.56362915039062,167.654541015625,138.6119842529297,24365786
2010-05-11,167.63636779785156,169.81817626953125,165.09091186523438,166.654541015625,137.78517150878906,22917191
2010-05-12,167.63636779785156,167.8909149169922,164.74545288085938,166.31817626953125,137.50709533691406,19398219
2010-05-13,167.63636779785156,169.81817626953125,167.46363830566406,168.5454559326172,139.3485565185547,16082291
2010-05-14,168.19090270996094,168.19090270996094,164.5454559326172,165.64544677734375,136.95089721679688,14222945
2010-05-17,163.27272033691406,164.5272674560547,160.55455017089844,163.83636474609375,135.45518493652344,18725272
2010-05-18,164.0454559326172,164.0454559326172,160.4545440673828,161.6727294921875,133.66635131835938,20063351
2010-05-19,160.0,160.72726440429688,148.72726440429688,149.89999389648438,123.93299865722656,67251569
2010-05-20,151.09091186523438,154.0,148.27272033691406,151.20909118652344,125.01531219482422,35100450
2010-05-21,147.80909729003906,152.55455017089844,146.7818145751953,151.7818145751953,125.48881530761719,24783665
2010-05-24,152.63636779785156,172.654541015625,150.0,151.29090881347656,125.08295440673828,23350662
2010-05-25,149.29090881347656,149.29090881347656,145.88182067871094,147.154541015625,121.66315460205078,24955590
2010-05-26,150.00909423828125,154.68182373046875,149.30909729003906,154.13636779785156,127.4355239868164,23904468
2010-05-27,153.63636779785156,157.27272033691406,151.5,155.7818145751953,128.79592895507812,32111810
2010-05-28,156.74545288085938,159.4545440673828,154.3000030517578,157.22726440429688,129.9910125732422,22395593
2010-05-31,157.22726440429688,158.99090576171875,155.8909149169922,157.8727264404297,130.52464294433594,20342899
2010-06-01,154.845458984375,157.23635864257812,151.4727325439453,152.35455322265625,125.96236419677734,21329060
2010-06-02,153.58181762695312,154.5272674560547,149.63636779785156,153.14544677734375,126.61626434326172,18265478
2010-06-03,154.8000030517578,156.19090270996094,154.2181854248047,155.29090881347656,128.3900909423828,13719871
2010-06-04,155.29090881347656,157.92727661132812,155.29090881347656,157.42727661132812,130.1563262939453,16301560
2010-06-07,129.4545440673828,154.5454559326172,129.4545440673828,153.08181762695312,126.56365203857422,19093156
2010-06-08,152.5454559326172,153.58181762695312,147.83636474609375,148.63636779785156,122.88827514648438,25602786
2010-06-09,148.5454559326172,152.70909118652344,148.5454559326172,149.91818237304688,123.94802856445312,19901849
2010-06-10,149.60000610351562,151.6727294921875,148.0,150.73635864257812,126.46495819091797,19786860
2010-06-11,153.63636779785156,154.5454559326172,151.23635864257812,153.81817626953125,129.05055236816406,20875123
2010-06-14,155.4545440673828,156.18182373046875,153.345458984375,155.20909118652344,130.21754455566406,15172569
2010-06-15,155.20909118652344,157.24545288085938,152.60000610351562,156.38182067871094,131.20140075683594,14494936
2010-06-16,158.0,159.9818115234375,156.3727264404297,159.40908813476562,133.7412109375,20689289
2010-06-17,159.63636779785156,162.16363525390625,153.81817626953125,160.6999969482422,134.82431030273438,64208595
2010-06-18,159.29090881347656,160.90908813476562,157.10000610351562,158.05455017089844,132.60479736328125,17517863
2010-06-21,159.8000030517578,165.4545440673828,159.1999969482422,163.60000610351562,137.25732421875,28587960
2010-06-22,163.09091186523438,164.69090270996094,161.5272674560547,162.1090850830078,136.0064697265625,18128176
2010-06-23,161.1090850830078,164.49090576171875,160.2818145751953,163.70909118652344,137.34884643554688,17704599
2010-06-24,163.30909729003906,164.0,159.66363525390625,161.03636169433594,135.10650634765625,19182339
2010-06-25,160.0,160.3545379638672,154.8272705078125,155.73635864257812,130.659912109375,20190291
2010-06-28,154.90908813476562,158.53636169433594,154.90908813476562,158.20909118652344,132.7344512939453,13951817
2010-06-29,158.20909118652344,158.20909118652344,153.02728271484375,154.23635864257812,129.40138244628906,18167385
2010-06-30,152.0181884765625,157.154541015625,151.68182373046875,156.6727294921875,131.44546508789062,22055880
2010-07-01,155.35455322265625,155.81817626953125,152.10000610351562,152.99090576171875,128.3564910888672,18383568
2010-07-02,153.18182373046875,154.13636779785156,151.49090576171875,152.73635864257812,128.14295959472656,17940307
2010-07-05,152.36363220214844,153.76364135742188,151.63636779785156,152.83636474609375,128.22683715820312,8028047
2010-07-06,152.63636779785156,156.6727294921875,152.44544982910156,156.14544677734375,131.0030975341797,12755105
2010-07-07,155.81817626953125,156.0181884765625,153.5,153.8545379638672,129.0810546875,11463655
2010-07-08,156.0,157.41818237304688,155.46363830566406,156.7818145751953,131.53701782226562,9200433
2010-07-09,157.5454559326172,159.81817626953125,157.4545440673828,159.25454711914062,133.61155700683594,17697773
2010-07-12,160.8909149169922,162.72726440429688,159.2818145751953,162.44544982910156,136.28866577148438,22222106
2010-07-13,156.40908813476562,163.81817626953125,156.40908813476562,163.53636169433594,137.20394897460938,13894930
2010-07-14,164.18182373046875,166.26364135742188,161.11817932128906,162.0454559326172,135.953125,14287663
2010-07-15,161.64544677734375,163.79090881347656,159.69090270996094,160.33636474609375,134.51919555664062,15469250
2010-07-16,161.09091186523438,164.5454559326172,161.09091186523438,164.07272338867188,137.65394592285156,16519811
2010-07-19,162.74545288085938,164.42727661132812,161.27272033691406,163.64544677734375,137.29547119140625,17190327
2010-07-20,163.64544677734375,164.74545288085938,160.5454559326172,161.24545288085938,135.2819366455078,8007180
2010-07-21,162.5454559326172,164.5272674560547,161.9363555908203,164.1090850830078,137.68446350097656,16133474
2010-07-22,163.4545440673828,165.4545440673828,161.1272735595703,165.2181854248047,138.61495971679688,15511622
2010-07-23,166.36363220214844,167.41818237304688,164.61817932128906,165.9727325439453,139.24801635742188,26262956
2010-07-26,167.05455017089844,168.4363555908203,165.6727294921875,166.6727294921875,139.8352813720703,11298100
2010-07-27,166.41818237304688,168.63636779785156,163.31817626953125,168.03636169433594,140.97938537597656,22837809
2010-07-28,168.18182373046875,168.27272033691406,164.09091186523438,165.24545288085938,138.63783264160156,11353760
2010-07-29,164.0,169.4545440673828,163.69090270996094,168.8545379638672,141.665771484375,27850388
2010-07-30,168.5454559326172,169.36363220214844,163.63636779785156,164.5272674560547,138.03530883789062,13123495
2010-08-02,165.81817626953125,171.25454711914062,165.63636779785156,170.8272705078125,143.32089233398438,35178759
2010-08-03,171.70909118652344,175.63636779785156,171.4545440673828,174.90908813476562,146.7454376220703,36030291
2010-08-04,175.10000610351562,176.90908813476562,174.00909423828125,176.22726440429688,147.8513641357422,24579956
2010-08-05,176.90908813476562,176.90908813476562,173.20909118652344,173.70909118652344,145.73866271972656,16833531
2010-08-06,173.63636779785156,175.09091186523438,171.3727264404297,172.69090270996094,144.88442993164062,19349913
2010-08-09,172.5454559326172,178.5454559326172,172.5454559326172,178.1999969482422,149.5064697265625,26036059
2010-08-10,177.66363525390625,180.90908813476562,175.75454711914062,179.8000030517578,150.8488311767578,32136478
2010-08-11,178.1999969482422,181.63636779785156,175.03636169433594,176.6999969482422,148.2480010986328,24126129
2010-08-12,175.27272033691406,179.63636779785156,174.0,175.14544677734375,146.94375610351562,27957517
2010-08-13,176.345458984375,179.05455017089844,175.14544677734375,177.5272674560547,148.94203186035156,18807717
2010-08-16,177.63636779785156,178.36363220214844,173.29090881347656,174.0181884765625,145.9979705810547,17307295
2010-08-17,174.09091186523438,176.3272705078125,173.18182373046875,174.345458984375,146.27256774902344,17407340
2010-08-18,174.90908813476562,177.63636779785156,172.92727661132812,175.9818115234375,147.64544677734375,18024050
2010-08-19,176.73635864257812,184.70909118652344,176.73635864257812,184.18182373046875,154.5251007080078,31322681
2010-08-20,182.8272705078125,183.6272735595703,180.29090881347656,180.72726440429688,151.62677001953125,13829926
2010-08-23,180.63636779785156,184.8545379638672,179.09091186523438,183.90908813476562,154.29627990722656,21478556
2010-08-24,182.90908813476562,186.18182373046875,181.4545440673828,182.1272735595703,152.80137634277344,20445177
2010-08-25,180.59091186523438,182.5181884765625,178.4818115234375,178.96363830566406,150.1471405029297,21110166
2010-08-26,179.09091186523438,180.90908813476562,177.4727325439453,178.8272705078125,150.03273010253906,23825681
2010-08-27,180.0,180.0,173.31817626953125,174.08181762695312,146.0513916015625,15228587
2010-08-30,175.8000030517578,178.3545379638672,174.20909118652344,175.9818115234375,147.64544677734375,9860900
2010-08-31,174.90908813476562,178.4545440673828,174.5454559326172,177.76364135742188,149.140380859375,16651382
2010-09-01,178.24545288085938,182.30909729003906,178.24545288085938,180.90908813476562,151.77935791015625,23069332
2010-09-02,182.39999389648438,183.3272705078125,181.0,182.5272674560547,153.136962890625,13626541
2010-09-03,182.5454559326172,183.6272735595703,180.76364135742188,182.0,152.69456481933594,10505940
2010-09-06,182.0,190.5454559326172,182.0,188.99090576171875,158.55984497070312,26211993
2010-09-07,189.09091186523438,190.75454711914062,187.845458984375,188.83636474609375,158.43017578125,20394539
2010-09-08,187.2818145751953,189.31817626953125,186.14544677734375,186.83636474609375,156.75216674804688,14453131
2010-09-09,188.19090270996094,191.63636779785156,187.654541015625,190.94544982910156,160.1996612548828,19452207
2010-09-13,192.5454559326172,200.66363525390625,191.83636474609375,199.63636779785156,167.4911651611328,27495979
2010-09-14,200.36363220214844,203.0454559326172,198.5454559326172,200.0272674560547,167.8191375732422,21616595
2010-09-15,200.09091186523438,201.8000030517578,199.11817932128906,200.70909118652344,168.39117431640625,18293869
2010-09-16,200.0,204.36363220214844,199.4545440673828,200.64544677734375,168.3377685546875,24753080
2010-09-17,200.90908813476562,204.0,200.90908813476562,202.58181762695312,169.96234130859375,17280802
2010-09-20,202.72726440429688,206.13636779785156,200.90908813476562,205.0454559326172,172.02926635742188,17251201
2010-09-21,205.09091186523438,205.96363830566406,200.91818237304688,204.9363555908203,171.93775939941406,26808430
2010-09-22,204.44544982910156,206.70909118652344,202.5454559326172,204.74545288085938,171.77761840820312,24402427
2010-09-23,204.36363220214844,208.72726440429688,196.42727661132812,200.0454559326172,167.83438110351562,11279944
2010-09-24,200.0,203.36363220214844,197.89999389648438,202.56362915039062,169.94708251953125,16652922
2010-09-27,203.19090270996094,205.6090850830078,201.81817626953125,202.74545288085938,170.09963989257812,16681098
2010-09-28,202.18182373046875,202.74545288085938,199.63636779785156,201.94544982910156,169.42843627929688,19714788
2010-09-29,202.74545288085938,203.09091186523438,199.20909118652344,200.3545379638672,168.09368896484375,13729534
2010-09-30,200.0,203.81817626953125,199.50909423828125,202.3545379638672,169.7716827392578,21504956
2010-10-01,203.10000610351562,206.88182067871094,202.90908813476562,206.39999389648438,173.1657257080078,17485077
2010-10-04,207.4545440673828,212.72726440429688,207.4545440673828,210.20909118652344,176.36148071289062,17268410
2010-10-05,208.73635864257812,210.69090270996094,207.59091186523438,208.6727294921875,175.07252502441406,13780156
2010-10-06,211.09091186523438,211.49090576171875,207.0,208.9363555908203,175.293701171875,13735144
2010-10-07,208.90908813476562,209.27272033691406,205.8000030517578,206.83636474609375,173.53184509277344,12894359
2010-10-08,207.4545440673828,207.61817932128906,203.31817626953125,204.76364135742188,171.7928466796875,15274957
2010-10-11,205.4545440673828,208.3545379638672,204.3000030517578,205.92727661132812,172.7691192626953,12662463
2010-10-12,206.5454559326172,208.1272735595703,205.345458984375,207.03636169433594,173.69964599609375,13894050
2010-10-13,207.03636169433594,211.7818145751953,206.58181762695312,210.6727294921875,176.75050354003906,23386759
2010-10-14,211.80909729003906,212.58181762695312,204.40908813476562,207.2181854248047,173.85215759277344,15209738
2010-10-15,207.4545440673828,207.81817626953125,203.29090881347656,204.4818115234375,171.556396484375,12092877
2010-10-18,203.63636779785156,204.36363220214844,198.91818237304688,202.9363555908203,170.25978088378906,31960313
2010-10-19,204.5454559326172,209.8909149169922,202.4545440673828,203.55455017089844,170.77845764160156,21956495
2010-10-20,202.5454559326172,205.10000610351562,201.40908813476562,202.5272674560547,169.9165802001953,12450344
2010-10-21,203.81817626953125,205.79090881347656,200.56362915039062,205.38182067871094,172.3115234375,20931966
2010-10-22,206.36363220214844,207.09091186523438,203.1090850830078,205.79090881347656,172.65472412109375,11809754
2010-10-25,206.90908813476562,210.5272674560547,206.36363220214844,207.654541015625,174.21826171875,13466711
2010-10-26,207.63636779785156,207.81817626953125,204.90908813476562,205.66363525390625,172.5479278564453,12090254
2010-10-27,204.9727325439453,205.3272705078125,197.92727661132812,201.22726440429688,168.82591247558594,19789264
2010-10-28,202.63636779785156,203.29090881347656,196.00909423828125,198.00909423828125,166.12591552734375,50115582
2010-10-29,199.69090270996094,214.0,195.27272033691406,211.4545440673828,177.4064178466797,53175655
2010-11-01,215.68182373046875,226.18182373046875,215.63636779785156,224.0,187.93182373046875,52388754
2010-11-02,223.27272033691406,226.6727294921875,219.86363220214844,223.88182067871094,187.83267211914062,25181574
2010-11-03,226.36363220214844,228.14544677734375,224.18182373046875,225.20909118652344,188.94619750976562,17747581
2010-11-04,227.07272338867188,231.00909423828125,225.63636779785156,230.19090270996094,193.1258544921875,16242809
2010-11-08,231.4545440673828,232.36363220214844,226.1727294921875,228.23635864257812,191.48602294921875,29505399
2010-11-09,227.4545440673828,232.3272705078125,226.9363555908203,230.75454711914062,193.59872436523438,19700472
2010-11-10,229.09091186523438,229.9818115234375,227.0272674560547,228.2181854248047,191.47076416015625,12210517
2010-11-11,228.72726440429688,229.9818115234375,224.0181884765625,224.92727661132812,188.7097625732422,12496528
2010-11-12,224.18182373046875,224.5272674560547,217.06362915039062,218.26364135742188,183.11911010742188,15188365
2010-11-15,218.26364135742188,224.8909149169922,217.6999969482422,222.39999389648438,186.58941650390625,23387001
2010-11-16,224.0,225.5454559326172,217.0181884765625,218.60000610351562,183.4012908935547,21744272
2010-11-18,219.4545440673828,219.53636169433594,207.05455017089844,211.70909118652344,177.6199493408203,39112364
2010-11-19,212.16363525390625,212.72726440429688,207.3727264404297,208.8545379638672,175.22503662109375,17577142
2010-11-22,209.61817932128906,216.9363555908203,208.20909118652344,214.55455017089844,180.0072784423828,17846708
2010-11-23,213.09091186523438,213.70909118652344,205.09091186523438,210.3545379638672,176.48353576660156,20635851
2010-11-24,210.90908813476562,213.61817932128906,202.59091186523438,204.56362915039062,171.6250457763672,27031867
2010-11-25,206.5454559326172,210.42727661132812,200.4727325439453,202.9545440673828,170.27505493164062,41819998
2010-11-26,205.27272033691406,209.56362915039062,198.40908813476562,204.3909149169922,171.48011779785156,30729622
2010-11-29,206.5454559326172,211.5,206.06362915039062,209.8727264404297,176.07928466796875,20550194
2010-11-30,209.1090850830078,210.30909729003906,205.0272674560547,207.654541015625,174.21826171875,32235126
2010-12-01,209.09091186523438,214.18182373046875,208.14544677734375,212.26364135742188,178.085205078125,23061665
2010-12-02,214.90908813476562,218.5454559326172,214.5454559326172,216.57272338867188,181.700439453125,21933323
2010-12-03,215.63636779785156,216.49090576171875,212.18182373046875,214.80909729003906,180.22079467773438,14783175
2010-12-06,216.27272033691406,217.30909729003906,207.8545379638672,209.30909729003906,175.60643005371094,21383741
2010-12-07,208.8545379638672,208.8545379638672,200.0,201.90908813476562,169.39791870117188,34666654
2010-12-08,200.90908813476562,202.4545440673828,197.31817626953125,200.8000030517578,168.46743774414062,23239832
2010-12-09,200.73635864257812,203.76364135742188,190.0181884765625,192.41818237304688,161.4352264404297,46268178
2010-12-10,192.18182373046875,204.5454559326172,189.29090881347656,203.1090850830078,170.4047088623047,37551387
2010-12-13,204.72726440429688,204.8272705078125,197.4818115234375,203.70909118652344,170.90809631347656,20001096
2010-12-14,204.5272674560547,206.0,200.6090850830078,203.5454559326172,170.77084350585938,15565874
2010-12-15,200.36363220214844,201.58181762695312,194.74545288085938,196.1272735595703,164.547119140625,26295830
2010-12-16,197.09091186523438,202.20909118652344,194.1999969482422,201.0454559326172,168.67337036132812,22559251
2010-12-20,199.94544982910156,203.4363555908203,197.8272705078125,200.00909423828125,167.80389404296875,17667639
2010-12-21,200.49090576171875,207.81817626953125,200.36363220214844,206.9727325439453,173.64622497558594,22757977
2010-12-22,208.18182373046875,208.18182373046875,203.654541015625,205.77272033691406,172.63943481445312,14806913
2010-12-23,207.09091186523438,207.27272033691406,204.14544677734375,205.3909149169922,172.31912231445312,10596553
2010-12-24,203.09091186523438,205.07272338867188,202.18182373046875,203.3000030517578,170.56491088867188,11189920
2010-12-27,203.31817626953125,206.5454559326172,203.31817626953125,204.64544677734375,171.69369506835938,8825591
2010-12-28,204.72726440429688,204.72726440429688,201.58181762695312,202.154541015625,169.6038818359375,8497280
2010-12-29,202.72726440429688,205.81817626953125,201.654541015625,205.3545379638672,172.28860473632812,12598855
2010-12-30,204.1999969482422,207.92727661132812,204.1999969482422,206.6999969482422,173.41741943359375,20579317
2010-12-31,206.66363525390625,208.76364135742188,206.36363220214844,208.1999969482422,174.67591857910156,10779400
2011-01-03,209.81817626953125,210.61817932128906,207.08181762695312,208.154541015625,174.63775634765625,7588053
2011-01-04,208.30909729003906,208.94544982910156,199.654541015625,200.73635864257812,168.41404724121094,22965195
2011-01-05,199.49090576171875,199.81817626953125,193.63636779785156,194.42727661132812,163.12086486816406,29191800
2011-01-06,195.31817626953125,196.08181762695312,190.40908813476562,191.53636169433594,160.6954345703125,26233795
2011-01-07,190.0,195.9818115234375,189.27272033691406,190.76364135742188,160.04710388183594,33983851
2011-01-10,189.86363220214844,192.5181884765625,182.74545288085938,184.36363220214844,154.67762756347656,35807255
2011-01-11,184.72726440429688,189.57272338867188,182.31817626953125,185.99090576171875,156.04286193847656,34005752
2011-01-12,187.41818237304688,195.31817626953125,186.24545288085938,194.44544982910156,163.13612365722656,37752814
2011-01-13,194.18182373046875,194.18182373046875,184.72726440429688,186.5454559326172,156.50811767578125,28324004
2011-01-14,187.27272033691406,191.60000610351562,182.72726440429688,183.49090576171875,153.94540405273438,24588250
2011-01-17,183.654541015625,185.4363555908203,180.5454559326172,182.0272674560547,152.7174530029297,18208866
2011-01-18,183.63636779785156,186.18182373046875,181.83636474609375,183.89999389648438,154.28863525390625,19144675
2011-01-19,184.70909118652344,188.18182373046875,184.70909118652344,186.0454559326172,156.08868408203125,18071174
2011-01-20,185.2181854248047,193.90908813476562,182.99090576171875,191.00909423828125,160.2530517578125,19835882
2011-01-21,189.66363525390625,194.38182067871094,188.08181762695312,193.73635864257812,162.54115295410156,23706760
2011-01-24,193.63636779785156,198.5272674560547,192.72726440429688,197.07272338867188,165.3402862548828,47351716
2011-01-25,197.81817626953125,198.36363220214844,187.81817626953125,188.70909118652344,158.32337951660156,38448415
2011-01-27,190.36363220214844,190.90908813476562,183.0,184.42727661132812,154.73104858398438,33297764
2011-01-28,185.09091186523438,187.30909729003906,180.59091186523438,185.1727294921875,155.3564453125,26788206
2011-01-31,181.61817932128906,187.27272033691406,180.2818145751953,185.74545288085938,155.83697509765625,21694667
2011-02-01,185.29090881347656,185.4545440673828,180.0,180.8727264404297,151.74884033203125,25132965
2011-02-02,184.5454559326172,186.154541015625,182.20909118652344,183.8909149169922,154.28099060058594,17083781
2011-02-03,183.63636779785156,188.6727294921875,182.40908813476562,186.72726440429688,156.66065979003906,16068459
2011-02-04,185.4545440673828,188.13636779785156,180.03636169433594,181.09091186523438,151.93190002441406,19283671
2011-02-07,179.09091186523438,180.90908813476562,177.154541015625,177.9545440673828,149.30055236816406,18498540
2011-02-08,179.25454711914062,179.27272033691406,172.14544677734375,173.00909423828125,145.15138244628906,38561842
2011-02-09,172.90908813476562,179.25454711914062,170.8727264404297,174.00909423828125,145.99037170410156,36993066
2011-02-10,174.05455017089844,177.22726440429688,173.63636779785156,174.5181884765625,146.41746520996094,18715125
2011-02-11,174.75454711914062,183.27272033691406,174.75454711914062,181.91818237304688,152.62596130371094,22211942
2011-02-14,183.654541015625,188.79090881347656,183.654541015625,188.0454559326172,157.76663208007812,19183411
2011-02-15,188.0,193.845458984375,188.0,191.6727294921875,160.80982971191406,26982532
2011-02-16,190.27272033691406,192.654541015625,189.86363220214844,191.0181884765625,160.2606658935547,9236227
2011-02-17,190.5181884765625,194.5454559326172,188.3909149169922,192.18182373046875,161.23696899414062,21857841
2011-02-18,193.09091186523438,195.09091186523438,185.92727661132812,186.58181762695312,156.53863525390625,35232444
2011-02-21,186.58181762695312,189.41818237304688,182.92727661132812,188.66363525390625,158.2852783203125,15063350
2011-02-22,186.6727294921875,187.81817626953125,184.57272338867188,186.74545288085938,156.6759490966797,14653699
2011-02-23,185.27272033691406,187.23635864257812,182.38182067871094,182.92727661132812,153.47259521484375,14496949
2011-02-24,182.39999389648438,182.5454559326172,171.58181762695312,172.9727325439453,145.120849609375,43431096
2011-02-25,176.25454711914062,181.19090270996094,175.6727294921875,179.31817626953125,150.44459533691406,26761487
2011-02-28,181.41818237304688,182.99090576171875,174.92727661132812,176.5181884765625,148.095458984375,36869228
2011-03-01,178.8909149169922,187.27272033691406,177.8727264404297,186.58181762695312,156.53863525390625,26361698
2011-03-03,183.4545440673828,188.30909729003906,181.10000610351562,185.3727264404297,155.5242462158203,34432750
2011-03-04,187.27272033691406,190.26364135742188,183.8909149169922,184.79090881347656,155.03611755371094,18568319
2011-03-07,183.22726440429688,184.36363220214844,180.36363220214844,183.66363525390625,154.09034729003906,17101144
2011-03-08,184.5454559326172,186.2818145751953,182.74545288085938,185.56362915039062,155.68441772460938,15472270
2011-03-09,187.2181854248047,189.09091186523438,185.69090270996094,188.22726440429688,157.91915893554688,17054807
2011-03-10,186.90908813476562,186.90908813476562,183.29090881347656,184.46363830566406,154.76153564453125,10533066
2011-03-11,183.09091186523438,186.36363220214844,181.845458984375,183.07272338867188,153.59457397460938,14535279
2011-03-14,183.07272338867188,185.74545288085938,182.89999389648438,185.29090881347656,155.45559692382812,10378098
2011-03-15,180.0,182.44544982910156,179.22726440429688,181.1999969482422,152.02337646484375,21340874
2011-03-16,182.18182373046875,187.9818115234375,182.18182373046875,186.80909729003906,156.7293243408203,22552920
2011-03-17,185.4545440673828,186.8000030517578,182.58181762695312,183.9727325439453,154.3496856689453,31400270
2011-03-18,184.2818145751953,185.81817626953125,181.8272705078125,182.2818145751953,152.9310302734375,11674993
2011-03-21,183.61817932128906,184.154541015625,181.27272033691406,182.4727325439453,153.0911865234375,10459223
2011-03-22,183.26364135742188,184.25454711914062,181.3272705078125,182.57272338867188,153.1750946044922,18005289
2011-03-23,182.1272735595703,189.75454711914062,181.68182373046875,189.25454711914062,158.78102111816406,28313109
2011-03-24,190.26364135742188,193.6272735595703,190.26364135742188,191.4727325439453,160.64202880859375,16644864
2011-03-25,194.69090270996094,199.4545440673828,192.57272338867188,198.38182067871094,166.43861389160156,21900758
2011-03-28,196.18182373046875,202.81817626953125,196.00909423828125,200.14544677734375,167.91827392578125,31802133
2011-03-29,200.0,201.81817626953125,198.72726440429688,199.90908813476562,167.71998596191406,19421473
2011-03-30,200.90908813476562,202.80909729003906,200.10000610351562,201.654541015625,169.1843719482422,14285155
2011-03-31,202.2181854248047,205.09091186523438,199.56362915039062,202.94544982910156,170.26742553710938,39723216
2011-04-01,202.69090270996094,203.4545440673828,199.09091186523438,200.5272674560547,168.23861694335938,17402236
2011-04-04,200.9545440673828,204.89999389648438,200.9545440673828,203.49090576171875,170.72508239746094,16912005
2011-04-05,204.5,205.07272338867188,200.74545288085938,202.0454559326172,169.5123748779297,14686804
2011-04-06,201.60000610351562,203.5454559326172,199.27272033691406,200.09091186523438,167.87252807617188,17832133
2011-04-07,200.0,202.61817932128906,198.8545379638672,200.72726440429688,168.40643310546875,15195235
2011-04-08,200.81817626953125,203.4363555908203,198.42727661132812,199.69090270996094,167.53692626953125,18281763
2011-04-11,197.27272033691406,201.5272674560547,197.27272033691406,200.1090850830078,167.88778686523438,17869494
2011-04-13,198.8727264404297,205.4545440673828,197.49090576171875,204.88182067871094,171.89199829101562,27268070
2011-04-15,203.6272735595703,207.09091186523438,199.68182373046875,200.30909729003906,168.0555877685547,32808215
2011-04-18,200.38182067871094,203.154541015625,196.64544677734375,197.1090850830078,165.37083435058594,32784537
2011-04-19,197.09091186523438,198.81817626953125,194.90908813476562,198.19090270996094,166.27845764160156,19193520
2011-04-20,200.6727294921875,202.5272674560547,199.09091186523438,202.24545288085938,169.68014526367188,13743636
2011-04-21,203.94544982910156,204.3545379638672,202.09091186523438,203.36363220214844,170.61825561523438,13116108
2011-04-25,202.63636779785156,204.79090881347656,201.654541015625,202.3000030517578,169.7259063720703,15140691
2011-04-26,203.36363220214844,204.61817932128906,199.66363525390625,203.89999389648438,171.0682830810547,22127270
2011-04-27,205.08181762695312,205.18182373046875,200.36363220214844,201.24545288085938,168.84115600585938,24888902
2011-04-28,203.27272033691406,205.08181762695312,197.27272033691406,203.18182373046875,170.4657440185547,63212490
2011-04-29,202.90908813476562,205.09091186523438,200.56362915039062,202.6272735595703,170.00048828125,26534112
2011-05-02,202.50909423828125,203.3272705078125,198.9818115234375,199.69090270996094,167.53692626953125,12139336
2011-05-03,199.27272033691406,201.44544982910156,192.07272338867188,194.14544677734375,162.88438415527344,34744754
2011-05-04,192.68182373046875,194.90908813476562,189.60000610351562,192.3000030517578,161.3361358642578,23253048
2011-05-05,192.18182373046875,194.05455017089844,185.63636779785156,187.27272033691406,157.11831665039062,26183866
2011-05-06,187.81817626953125,197.94544982910156,187.73635864257812,197.05455017089844,165.32508850097656,31367308
2011-05-09,198.8000030517578,198.8000030517578,193.86363220214844,196.90908813476562,165.20301818847656,11077110
2011-05-10,196.5454559326172,197.27272033691406,193.86363220214844,195.6727294921875,164.16574096679688,11888525
2011-05-11,196.0,196.6727294921875,192.90908813476562,195.76364135742188,164.24200439453125,11803324
2011-05-12,194.5454559326172,196.1727294921875,190.90908813476562,191.3000030517578,160.49710083007812,12828887
2011-05-13,191.81817626953125,199.345458984375,190.05455017089844,195.10000610351562,163.68521118164062,23128644
2011-05-16,193.36363220214844,193.96363830566406,191.81817626953125,192.31817626953125,161.3513641357422,10263132
2011-05-17,192.36363220214844,193.22726440429688,186.0,189.0454559326172,158.60557556152344,19981456
2011-05-18,190.0,191.22726440429688,186.3727264404297,187.68182373046875,157.46153259277344,17008519
2011-05-19,189.81817626953125,189.81817626953125,186.13636779785156,187.29090881347656,157.13357543945312,9594981
2011-05-20,188.72726440429688,191.654541015625,186.36363220214844,189.6727294921875,159.13185119628906,14523778
2011-05-23,188.5272674560547,188.5272674560547,182.36363220214844,183.07272338867188,153.59457397460938,20182530
2011-05-24,183.29090881347656,187.44544982910156,183.29090881347656,185.23635864257812,155.4098358154297,14121596
2011-05-25,185.63636779785156,185.63636779785156,182.4363555908203,183.40908813476562,153.87680053710938,22213400
2011-05-26,185.1999969482422,187.63636779785156,184.345458984375,186.59091186523438,156.5462646484375,24824552
2011-05-27,187.31817626953125,195.2181854248047,187.30909729003906,194.20909118652344,162.93777465820312,21147302
2011-05-30,194.90908813476562,196.9727325439453,194.56362915039062,195.94544982910156,164.39459228515625,12552633
2011-05-31,196.50909423828125,199.05455017089844,195.1090850830078,197.4727325439453,165.6759033203125,12853775
2011-06-01,197.05455017089844,197.90908813476562,194.3727264404297,197.2181854248047,165.4623565673828,14988578
2011-06-02,193.03636169433594,193.09091186523438,189.5272674560547,190.70909118652344,162.0934600830078,16240906
2011-06-03,191.81817626953125,194.18182373046875,189.29090881347656,190.4363555908203,161.86167907714844,12010872
2011-06-06,189.09091186523438,193.4545440673828,188.27272033691406,192.3727264404297,163.50746154785156,8044250
2011-06-07,190.96363830566406,193.40908813476562,190.91818237304688,192.0272674560547,163.2138671875,7526590
2011-06-08,190.9363555908203,193.16363525390625,189.09091186523438,190.73635864257812,162.11663818359375,7484163
2011-06-09,190.0,192.16363525390625,189.5454559326172,190.5454559326172,161.95437622070312,11750871
2011-06-10,190.90908813476562,190.90908813476562,186.654541015625,188.345458984375,160.08448791503906,11831715
2011-06-13,187.30909729003906,190.18182373046875,186.89999389648438,189.0181884765625,160.65628051757812,10309585
2011-06-14,189.27272033691406,192.26364135742188,189.27272033691406,191.91818237304688,163.1211395263672,13611840
2011-06-15,191.09091186523438,191.60000610351562,186.76364135742188,187.4818115234375,159.35043334960938,10068916
2011-06-16,185.4545440673828,189.8000030517578,185.1090850830078,187.0,158.94090270996094,17063546
2011-06-17,189.07272338867188,189.07272338867188,186.19090270996094,187.6727294921875,159.5126953125,8868018
2011-06-20,187.4363555908203,189.41818237304688,183.63636779785156,186.33636474609375,158.37684631347656,17278728
2011-06-21,186.6727294921875,188.72726440429688,182.4363555908203,184.36363220214844,156.70013427734375,25492472
2011-06-22,186.24545288085938,186.8000030517578,183.63636779785156,185.25454711914062,157.45738220214844,15268286
2011-06-23,184.72726440429688,188.3545379638672,184.42727661132812,187.30909729003906,159.20362854003906,16378895
2011-06-24,188.1999969482422,194.345458984375,188.18182373046875,193.4727325439453,164.44244384765625,30416006
2011-06-27,191.70909118652344,197.22726440429688,190.39999389648438,196.25454711914062,166.8068389892578,31891365
2011-06-28,196.36363220214844,198.5454559326172,195.154541015625,196.96363830566406,167.4095458984375,18590737
2011-06-29,198.16363525390625,199.03636169433594,197.0,197.68182373046875,168.01995849609375,23534104
2011-06-30,198.36363220214844,199.90908813476562,195.81817626953125,199.0272674560547,169.16351318359375,30256534
2011-07-01,202.06362915039062,202.06362915039062,197.83636474609375,199.06362915039062,169.1944122314453,15351198
2011-07-04,201.81817626953125,202.14544677734375,199.13636779785156,199.9545440673828,169.95164489746094,9907144
2011-07-05,200.33636474609375,200.33636474609375,197.8272705078125,199.50909423828125,169.57302856445312,11382959
2011-07-06,198.60000610351562,200.0,194.83636474609375,195.53636169433594,166.19638061523438,13279783
2011-07-07,196.25454711914062,198.94544982910156,193.3000030517578,198.154541015625,168.42172241210938,21552668
2011-07-08,198.3909149169922,199.06362915039062,192.13636779785156,192.76364135742188,163.8397216796875,22574838
2011-07-11,192.72726440429688,192.72726440429688,190.26364135742188,191.63636779785156,162.88156127929688,11887007
2011-07-12,189.4545440673828,193.7181854248047,188.56362915039062,190.3000030517578,161.74574279785156,14191237
2011-07-13,190.90908813476562,192.7818145751953,190.24545288085938,191.63636779785156,162.88156127929688,7449898
2011-07-14,190.8909149169922,197.09091186523438,190.2181854248047,194.3727264404297,165.20736694335938,13062016
2011-07-15,193.63636779785156,195.27272033691406,192.27272033691406,192.845458984375,163.9092559814453,8569632
2011-07-18,192.18182373046875,192.63636779785156,189.4363555908203,190.4727325439453,161.89256286621094,8912761
2011-07-19,190.1727294921875,194.5272674560547,189.29090881347656,193.05455017089844,164.08702087402344,9965032
2011-07-20,193.81817626953125,194.36363220214844,189.50909423828125,190.06362915039062,161.5448455810547,9530686
2011-07-21,189.4545440673828,191.66363525390625,188.59091186523438,189.27272033691406,160.87258911132812,7679364
2011-07-22,190.5454559326172,194.5454559326172,190.26364135742188,194.19090270996094,165.05282592773438,14966286
2011-07-25,194.16363525390625,197.09091186523438,192.09091186523438,195.42727661132812,166.1036834716797,11831814
2011-07-26,195.6272735595703,196.30909729003906,187.77272033691406,189.00909423828125,160.64854431152344,23305628
2011-07-27,189.3545379638672,190.2181854248047,185.20909118652344,186.345458984375,158.3845977783203,14696011
2011-07-28,184.0181884765625,188.27272033691406,183.63636779785156,184.99090576171875,157.2332763671875,21029090
2011-07-29,183.81817626953125,191.09091186523438,182.4727325439453,188.5,160.21585083007812,35954077
2011-08-01,191.41818237304688,192.6727294921875,188.8545379638672,190.06362915039062,161.5448455810547,11485974
2011-08-02,189.07272338867188,189.33636474609375,185.1090850830078,185.76364135742188,157.89004516601562,16090563
2011-08-03,184.08181762695312,184.08181762695312,180.06362915039062,182.1727294921875,154.8379669189453,21226898
2011-08-04,183.36363220214844,184.5454559326172,180.0,180.57272338867188,153.47805786132812,14940392
2011-08-05,176.36363220214844,178.1272735595703,172.72726440429688,175.72726440429688,149.35964965820312,25544739
2011-08-08,170.91818237304688,177.27272033691406,169.70909118652344,172.8909149169922,146.94888305664062,18978404
2011-08-09,166.36363220214844,175.92727661132812,165.53636169433594,170.9363555908203,145.28759765625,29403467
2011-08-10,175.26364135742188,176.58181762695312,174.1272735595703,175.2181854248047,148.9269561767578,18588124
2011-08-11,174.27272033691406,176.33636474609375,170.90908813476562,171.3727264404297,145.65847778320312,21163912
2011-08-12,174.41818237304688,175.4545440673828,169.46363830566406,170.89999389648438,145.25668334960938,26148012
2011-08-16,174.92727661132812,175.58181762695312,169.57272338867188,170.1090850830078,144.58447265625,16205882
2011-08-17,169.63636779785156,171.27272033691406,164.845458984375,165.41818237304688,140.59742736816406,32595326
2011-08-18,166.36363220214844,166.36363220214844,156.60000610351562,157.05455017089844,133.4887237548828,43620357
2011-08-19,153.63636779785156,155.1727294921875,149.6999969482422,151.3000030517578,128.59762573242188,47374162
2011-08-22,151.81817626953125,155.91818237304688,150.08181762695312,154.72726440429688,131.51065063476562,20057889
2011-08-23,155.81817626953125,156.96363830566406,151.2181854248047,154.9363555908203,131.68836975097656,25564489
2011-08-24,153.63636779785156,156.1727294921875,151.61817932128906,153.1272735595703,130.1507568359375,16749628
2011-08-25,154.5272674560547,155.27272033691406,150.4545440673828,151.6090850830078,128.86033630371094,31804679
2011-08-26,151.3727264404297,152.14544677734375,147.9818115234375,149.13636779785156,126.7586441040039,19450365
2011-08-29,151.81817626953125,157.03636169433594,151.81817626953125,156.00909423828125,132.60015869140625,16352996
2011-08-30,158.18182373046875,161.23635864257812,156.36363220214844,158.77272033691406,134.9490966796875,19674077
2011-09-02,162.09091186523438,163.58181762695312,159.3000030517578,161.3000030517578,137.09716796875,38295103
2011-09-05,159.4545440673828,161.6727294921875,157.345458984375,160.58181762695312,136.48675537109375,18440438
2011-09-06,159.09091186523438,162.9545440673828,155.50909423828125,161.68182373046875,137.4217071533203,28641646
2011-09-07,162.5454559326172,164.8272705078125,161.83636474609375,163.154541015625,138.67343139648438,18460090
2011-09-08,163.9818115234375,168.72726440429688,160.72726440429688,167.08181762695312,142.0114288330078,23734656
2011-09-09,168.31817626953125,168.31817626953125,162.49090576171875,163.05455017089844,138.58848571777344,17818630
2011-09-12,160.05455017089844,160.72726440429688,155.154541015625,156.79090881347656,133.26466369628906,20189950
2011-09-13,158.63636779785156,160.06362915039062,153.09091186523438,154.9818115234375,131.72702026367188,14670975
2011-09-14,155.79090881347656,157.93637084960938,152.73635864257812,157.10000610351562,133.5273895263672,22201311
2011-09-15,159.09091186523438,160.4363555908203,154.70909118652344,159.30909729003906,135.4049835205078,15777349
2011-09-16,162.0,162.7181854248047,158.36363220214844,160.70909118652344,136.5949249267578,34330356
2011-09-19,159.58181762695312,159.58181762695312,155.63636779785156,156.27272033691406,132.82421875,11492277
2011-09-20,156.77272033691406,161.41818237304688,156.38182067871094,160.42727661132812,136.35537719726562,14962002
2011-09-21,161.25454711914062,164.50909423828125,159.4727325439453,163.8545379638672,139.26840209960938,17767211
2011-09-22,160.0181884765625,160.654541015625,155.22726440429688,156.79090881347656,133.26466369628906,16171727
2011-09-23,154.23635864257812,157.4363555908203,152.42727661132812,153.40908813476562,130.3902587890625,16569982
2011-09-26,153.4545440673828,159.00909423828125,151.4545440673828,156.00909423828125,132.60015869140625,22269373
2011-09-27,159.0,163.154541015625,158.845458984375,161.10000610351562,136.9272003173828,16565763
2011-09-28,161.90908813476562,162.18182373046875,155.92727661132812,157.9545440673828,134.25369262695312,17561780
2011-09-29,156.75454711914062,162.8545379638672,156.0181884765625,161.94544982910156,137.645751953125,25041192
2011-09-30,161.6727294921875,161.6727294921875,157.4545440673828,159.16363525390625,135.28134155273438,20190109
2011-10-03,156.36363220214844,156.36363220214844,152.00909423828125,152.56362915039062,129.67166137695312,14760988
2011-10-04,151.63636779785156,153.5454559326172,143.845458984375,145.6272735595703,123.77610778808594,32054121
2011-10-05,145.63636779785156,146.18182373046875,138.4363555908203,141.68182373046875,120.42268371582031,46823914
2011-10-07,148.56362915039062,151.1999969482422,148.18182373046875,149.89999389648438,127.40771484375,34183363
2011-10-10,149.9818115234375,154.14544677734375,148.3909149169922,153.20909118652344,130.2202911376953,17562314
2011-10-11,154.90908813476562,156.5454559326172,150.74545288085938,151.36363220214844,128.6517333984375,16706844
2011-10-12,152.72726440429688,156.9727325439453,151.59091186523438,156.30909729003906,132.85511779785156,22795839
2011-10-13,159.18182373046875,161.60000610351562,157.4545440673828,159.9727325439453,135.96902465820312,32000985
2011-10-14,159.4545440673828,163.63636779785156,158.56362915039062,161.8909149169922,137.5994110107422,18327496
2011-10-17,162.72726440429688,164.1999969482422,161.29090881347656,163.42727661132812,138.9052734375,14377132
2011-10-18,161.4545440673828,161.46363830566406,157.46363830566406,159.36363220214844,135.45135498046875,14456079
2011-10-19,161.4545440673828,165.07272338867188,161.4545440673828,164.3909149169922,139.7242889404297,14040647
2011-10-20,160.97271728515625,161.26364135742188,158.20909118652344,159.64544677734375,135.6908721923828,14801732
2011-10-21,160.0,160.60000610351562,157.55455017089844,158.2818145751953,134.53184509277344,10742424
2011-10-24,160.8727264404297,163.18182373046875,156.55455017089844,157.89999389648438,134.20730590820312,17946791
2011-10-25,159.81817626953125,162.16363525390625,155.0272674560547,159.70909118652344,135.74497985839844,41863701
2011-10-28,165.75454711914062,170.0,165.72726440429688,169.6999969482422,144.2367401123047,37484238
2011-10-31,170.0,173.3909149169922,167.55455017089844,169.3000030517578,143.89678955078125,29742339
2011-11-01,166.89999389648438,167.90908813476562,162.27272033691406,162.72726440429688,138.3102569580078,29988117
2011-11-02,161.03636169433594,164.3545379638672,156.2181854248047,160.90908813476562,136.76492309570312,24366930
2011-11-03,160.0,162.1090850830078,158.00909423828125,159.64544677734375,135.6908721923828,26032380
2011-11-04,161.74545288085938,162.18182373046875,159.86363220214844,160.7818145751953,136.65672302246094,17798830
2011-11-08,160.81817626953125,161.27272033691406,158.3000030517578,160.23635864257812,136.19314575195312,14542528
2011-11-09,161.22726440429688,161.6999969482422,155.8727264404297,156.75454711914062,133.23373413085938,30353092
2011-11-11,155.68182373046875,155.81817626953125,148.49090576171875,149.27272033691406,126.87455749511719,45793786
2011-11-14,152.345458984375,152.6272735595703,147.9545440673828,149.27272033691406,126.87455749511719,29633483
2011-11-15,148.90908813476562,149.6272735595703,142.31817626953125,143.6090850830078,122.06074523925781,24873563
2011-11-16,143.09091186523438,145.63636779785156,140.654541015625,143.42727661132812,121.90621185302734,28535793
2011-11-17,143.72726440429688,145.24545288085938,140.76364135742188,141.49090576171875,120.26038360595703,23036904
2011-11-18,140.0,140.59091186523438,136.0,140.0181884765625,119.0086669921875,28100193
2011-11-21,138.70909118652344,139.27272033691406,131.9818115234375,133.0181884765625,113.05899047851562,26758259
2011-11-22,134.55455017089844,136.72726440429688,133.49090576171875,135.53636169433594,115.19932556152344,38140432
2011-11-23,134.53636169433594,134.5454559326172,129.09091186523438,132.1272735595703,112.30175018310547,35767616
2011-11-24,132.0,133.81817626953125,130.72726440429688,132.74545288085938,112.82718658447266,29724508
2011-11-25,131.8727264404297,133.57272338867188,129.57272338867188,130.58181762695312,110.98817443847656,27487955
2011-11-28,132.72726440429688,137.0454559326172,132.3727264404297,136.33636474609375,115.87928009033203,31005744
2011-11-29,136.4545440673828,137.4545440673828,131.3909149169922,133.44544982910156,113.4221420288086,47558362
2011-11-30,131.63636779785156,133.5,128.16363525390625,129.53636169433594,110.09961700439453,175381222
2011-12-01,137.09091186523438,141.09091186523438,136.92727661132812,138.57272338867188,117.78009033203125,56778700
2011-12-02,139.14544677734375,144.0,137.83636474609375,143.2181854248047,121.72852325439453,38640305
2011-12-05,142.90908813476562,143.69090270996094,140.30909729003906,141.73635864257812,120.46900939941406,25876042
2011-12-07,142.5454559326172,142.8909149169922,139.0181884765625,139.6090850830078,118.66094207763672,35551543
2011-12-08,137.90908813476562,139.20909118652344,134.3727264404297,135.3272705078125,115.0216064453125,39494048
2011-12-09,132.90908813476562,134.89999389648438,131.29090881347656,132.9363555908203,112.98944854736328,41202469
2011-12-12,135.27272033691406,135.27272033691406,128.0181884765625,128.56362915039062,109.27281951904297,31186853
2011-12-13,127.2727279663086,129.5454559326172,125.48181915283203,128.44544982910156,109.1723861694336,32788915
2011-12-14,127.2727279663086,130.36363220214844,126.07272338867188,128.07272338867188,108.85560607910156,45207921
2011-12-15,126.90908813476562,128.345458984375,125.28181457519531,127.01818084716797,107.95927429199219,27702009
2011-12-16,127.12727355957031,130.0,120.88182067871094,122.90908813476562,104.46675109863281,42420169
2011-12-19,122.18181610107422,122.18181610107422,116.54545593261719,119.49090576171875,101.56147003173828,34087234
2011-12-20,120.36363220214844,122.0,117.84545135498047,118.80000305175781,100.97423553466797,25864234
2011-12-21,122.89090728759766,128.90908813476562,122.11817932128906,127.69999694824219,108.53878784179688,43980706
2011-12-22,125.45454406738281,134.72726440429688,124.29090881347656,132.3909149169922,112.5258560180664,48452464
2011-12-23,132.4363555908203,133.5272674560547,129.8727264404297,131.22726440429688,111.53680419921875,30488474
2011-12-26,131.09091186523438,133.58181762695312,130.73635864257812,132.654541015625,112.74991607666016,14152754
2011-12-27,132.1999969482422,133.4545440673828,131.154541015625,132.0181884765625,112.20905303955078,18044147
2011-12-28,131.03636169433594,131.05455017089844,126.24545288085938,126.79090881347656,107.76611328125,20522848
2011-12-29,125.70909118652344,127.45454406738281,123.12727355957031,124.71817779541016,106.00438690185547,26730649
2011-12-30,125.51818084716797,127.23636627197266,123.74545288085938,124.48181915283203,105.80350494384766,14003913
2012-01-02,125.48181915283203,127.18181610107422,124.56363677978516,126.64545440673828,107.64249420166016,14927627
2012-01-03,128.18182373046875,132.5454559326172,128.18182373046875,131.96363830566406,112.16268157958984,18500311
2012-01-04,133.345458984375,136.18182373046875,132.8000030517578,135.1090850830078,114.83615112304688,32952243
2012-01-05,135.4545440673828,137.60000610351562,134.36363220214844,136.0181884765625,115.60884857177734,23203350
2012-01-06,134.90908813476562,138.72726440429688,132.36363220214844,136.6727294921875,116.16517639160156,22273933
2012-01-09,135.63636779785156,137.27272033691406,132.90908813476562,135.96363830566406,115.5624771118164,18357806
2012-01-10,136.49090576171875,141.63636779785156,136.3727264404297,140.81817626953125,119.6885986328125,22240036
2012-01-11,141.4727325439453,143.63636779785156,140.57272338867188,141.845458984375,120.56175994873047,27287084
2012-01-12,141.8000030517578,144.8727264404297,140.74545288085938,142.07272338867188,120.75492858886719,27573436
2012-01-13,143.23635864257812,147.2181854248047,141.96363830566406,143.53636169433594,121.99893188476562,32983258
2012-01-16,142.18182373046875,144.8000030517578,141.3272705078125,143.92727661132812,122.33116912841797,27942612
2012-01-17,145.4545440673828,146.25454711914062,142.4363555908203,142.8272705078125,121.39623260498047,23766616
2012-01-18,141.7818145751953,142.1727294921875,138.5454559326172,139.9363555908203,118.93910217285156,24342285
2012-01-19,141.90908813476562,145.8000030517578,141.90908813476562,144.94544982910156,123.19660186767578,24162462
2012-01-20,148.0,154.83636474609375,148.0,153.1727294921875,130.18936157226562,53063989
2012-01-23,153.27272033691406,158.4727325439453,153.27272033691406,155.77272033691406,132.39923095703125,25234418
2012-01-24,156.36363220214844,162.72726440429688,154.00909423828125,161.46363830566406,137.23623657226562,46604728
2012-01-25,162.14544677734375,162.72726440429688,158.05455017089844,160.00909423828125,135.9999542236328,31109006
2012-01-27,161.4545440673828,161.90908813476562,157.11817932128906,161.44544982910156,137.22079467773438,25271570
2012-01-30,159.4545440673828,160.22726440429688,154.18182373046875,154.94544982910156,131.6961212158203,24137976
2012-01-31,156.31817626953125,164.88182067871094,156.1727294921875,164.0272674560547,139.41522216796875,56490241
2012-02-01,165.09091186523438,165.5181884765625,159.63636779785156,161.8000030517578,137.52212524414062,43818566
2012-02-02,163.4545440673828,165.7818145751953,159.86363220214844,164.06362915039062,139.4460906982422,46734902
2012-02-03,164.36363220214844,167.0454559326172,162.1999969482422,166.60000610351562,141.60189819335938,27169367
2012-02-06,168.18182373046875,170.33636474609375,167.14544677734375,168.73635864257812,143.41766357421875,32126297
2012-02-07,170.8545379638672,172.03636169433594,168.36363220214844,170.5,144.91671752929688,21908854
2012-02-08,168.70909118652344,169.06362915039062,165.654541015625,167.3545379638672,142.24322509765625,123255759
2012-02-09,166.56362915039062,171.77272033691406,166.0272674560547,170.8727264404297,145.23350524902344,31702544
2012-02-10,169.63636779785156,170.72726440429688,166.60000610351562,169.1727294921875,143.78860473632812,21887888
2012-02-13,168.90908813476562,171.96363830566406,167.09091186523438,169.9363555908203,144.43765258789062,26742848
2012-02-14,168.5454559326172,172.72726440429688,168.49090576171875,171.58181762695312,145.83621215820312,21797572
2012-02-15,173.1090850830078,179.44544982910156,173.1090850830078,178.3909149169922,151.62362670898438,30846134
2012-02-16,178.36363220214844,178.5272674560547,174.72726440429688,176.14544677734375,149.71510314941406,17470497
2012-02-17,179.05455017089844,181.3272705078125,177.36363220214844,178.4727325439453,151.6931610107422,23888958
2012-02-21,177.63636779785156,181.60000610351562,177.4545440673828,180.23635864257812,153.1921844482422,17884201
2012-02-22,180.0,180.0,172.9545440673828,174.1272735595703,147.9997100830078,26260360
2012-02-23,173.09091186523438,174.38182067871094,169.4727325439453,171.6272735595703,145.8748321533203,31112955
2012-02-24,171.1272735595703,171.61817932128906,166.92727661132812,169.3909149169922,143.97402954101562,24143553
2012-02-27,169.5272674560547,169.5272674560547,160.30909729003906,161.3545379638672,137.14349365234375,27078117
2012-02-28,162.90908813476562,167.23635864257812,162.76364135742188,165.60000610351562,140.75196838378906,27126286
2012-02-29,166.36363220214844,167.6272735595703,163.154541015625,164.7818145751953,140.05653381347656,27450786
2012-03-01,164.09091186523438,164.09091186523438,158.1999969482422,160.63636779785156,136.5331268310547,22889075
2012-03-02,162.0,166.31817626953125,159.09091186523438,164.1272735595703,139.50018310546875,23122115
2012-03-05,163.05455017089844,163.05455017089844,157.91818237304688,158.24545288085938,134.5009307861328,22522533
2012-03-06,158.18182373046875,162.0,154.5454559326172,155.13636779785156,131.85836791992188,43440551
2012-03-07,154.72726440429688,157.8000030517578,153.3545379638672,156.3909149169922,132.9246826171875,33588164
2012-03-09,159.44544982910156,166.74545288085938,159.26364135742188,166.2181854248047,141.27735900878906,33285477
2012-03-12,171.63636779785156,171.63636779785156,167.10000610351562,168.89999389648438,143.5568084716797,30684005
2012-03-13,170.05455017089844,171.49090576171875,168.654541015625,169.06362915039062,143.69586181640625,15392685
2012-03-14,172.14544677734375,174.1090850830078,171.75454711914062,173.4363555908203,147.4124755859375,28866101
2012-03-15,173.63636779785156,173.92727661132812,167.92727661132812,169.1272735595703,143.74993896484375,17542272
2012-03-16,170.18182373046875,173.4363555908203,165.53636169433594,166.8545379638672,141.8182373046875,26255856
2012-03-19,168.5454559326172,169.19090270996094,162.74545288085938,165.07272338867188,140.3037872314453,17366497
2012-03-20,165.40908813476562,167.63636779785156,163.64544677734375,165.1999969482422,140.41195678710938,15039469
2012-03-21,164.0181884765625,170.8727264404297,163.13636779785156,169.8272705078125,144.34494018554688,19473910
2012-03-22,170.19090270996094,170.8727264404297,162.38182067871094,163.57272338867188,139.02886962890625,20007922
2012-03-23,164.8727264404297,167.8909149169922,163.1090850830078,165.55455017089844,140.7133331298828,18745826
2012-03-26,164.30909729003906,164.5454559326172,157.4727325439453,158.63636779785156,134.83323669433594,21647994
2012-03-27,161.27272033691406,161.5181884765625,154.90908813476562,159.61817932128906,135.6676788330078,45526915
2012-03-28,159.0454559326172,159.0454559326172,155.03636169433594,156.24545288085938,132.80105590820312,37140526
2012-03-29,154.72726440429688,158.24545288085938,154.0272674560547,155.59091186523438,132.24468994140625,46255594
2012-03-30,157.09091186523438,162.58181762695312,156.91818237304688,161.8545379638672,137.5684814453125,32431927
2012-04-02,161.41818237304688,162.40908813476562,160.19090270996094,161.89999389648438,137.6071319580078,11001446
2012-04-03,163.81817626953125,167.05455017089844,163.27272033691406,165.1272735595703,140.3501739501953,17691256
2012-04-04,163.4545440673828,163.79090881347656,160.07272338867188,161.86363220214844,137.57623291015625,14909625
2012-04-09,159.51817321777344,159.69090270996094,157.0454559326172,157.64544677734375,133.99099731445312,11466477
2012-04-10,158.33636474609375,159.0181884765625,155.46363830566406,157.05455017089844,133.4887237548828,20557586
2012-04-11,155.4727325439453,159.09091186523438,154.72726440429688,157.2181854248047,133.62783813476562,32322361
2012-04-12,158.3909149169922,160.8909149169922,158.1999969482422,159.88182067871094,135.89178466796875,17417158
2012-04-13,160.90908813476562,163.7818145751953,154.63636779785156,157.27272033691406,133.67417907714844,24283341
2012-04-16,156.02728271484375,159.35455322265625,156.02728271484375,158.83636474609375,135.003173828125,20013075
2012-04-17,160.18182373046875,162.3545379638672,155.0,160.99090576171875,136.83447265625,39678342
2012-04-18,162.3727264404297,163.4363555908203,159.41818237304688,160.22726440429688,136.18536376953125,19053287
2012-04-19,160.36363220214844,160.66363525390625,157.49090576171875,159.6090850830078,135.65994262695312,16033732
2012-04-20,158.72726440429688,159.81817626953125,155.5454559326172,156.55455017089844,133.06375122070312,16000858
2012-04-23,154.5454559326172,157.90908813476562,152.0181884765625,153.4363555908203,130.4134521484375,17939993
2012-04-24,154.5454559326172,155.1727294921875,152.41818237304688,154.14544677734375,131.01612854003906,17862146
2012-04-25,153.64544677734375,155.5454559326172,150.40908813476562,152.4363555908203,129.56349182128906,29238880
2012-04-26,152.75454711914062,153.75454711914062,151.90908813476562,152.99090576171875,130.0348358154297,24080837
2012-04-27,153.72726440429688,159.09091186523438,152.91818237304688,156.5181884765625,133.03286743164062,80624329
2012-04-30,158.27272033691406,161.63636779785156,158.27272033691406,160.42727661132812,136.35537719726562,28953732
2012-05-02,161.05455017089844,162.72726440429688,159.41818237304688,160.3727264404297,136.30902099609375,21254607
2012-05-03,159.1090850830078,159.94544982910156,154.73635864257812,155.91818237304688,132.5228729248047,25787019
2012-05-04,154.59091186523438,155.11817932128906,148.22726440429688,151.5181884765625,128.78309631347656,30391718
2012-05-07,149.0454559326172,155.27272033691406,144.90908813476562,154.22726440429688,131.08567810058594,36282735
2012-05-08,154.81817626953125,155.27272033691406,150.18182373046875,150.9363555908203,128.28857421875,21579195
2012-05-09,149.4545440673828,150.5454559326172,147.2818145751953,149.44544982910156,127.02140808105469,28400064
2012-05-10,149.81817626953125,152.09091186523438,146.64544677734375,148.0272674560547,125.81599426269531,20493286
2012-05-11,147.09091186523438,149.63636779785156,146.1090850830078,147.8545379638672,125.66917419433594,15680747
2012-05-14,148.18182373046875,150.8909149169922,144.74545288085938,145.58181762695312,123.73748016357422,25823094
2012-05-15,144.39999389648438,149.36363220214844,143.81817626953125,148.5181884765625,126.23326110839844,19189131
2012-05-16,145.27272033691406,145.845458984375,141.81817626953125,144.4363555908203,122.76390075683594,25680253
2012-05-17,145.07272338867188,146.69090270996094,141.92727661132812,143.1727294921875,121.68986511230469,17934966
2012-05-18,140.02728271484375,147.27272033691406,139.6999969482422,146.39999389648438,124.43286895751953,24381560
2012-05-21,144.92727661132812,148.8727264404297,144.92727661132812,147.4727325439453,125.34468841552734,17162794
2012-05-22,149.10000610351562,149.9727325439453,145.16363525390625,145.60000610351562,123.75293731689453,22998915
2012-05-23,144.18182373046875,146.33636474609375,143.6727294921875,144.23635864257812,122.59387969970703,14613428
2012-05-24,145.63636779785156,150.18182373046875,143.96363830566406,149.1999969482422,126.8127670288086,16923032
2012-05-25,148.72726440429688,149.8909149169922,146.40908813476562,148.1090850830078,125.88554382324219,19192052
2012-05-28,148.57272338867188,152.1090850830078,148.5454559326172,151.70909118652344,128.94534301757812,15097219
2012-05-29,152.27272033691406,153.44544982910156,151.63636779785156,152.49090576171875,129.60986328125,14274419
2012-05-30,151.61817932128906,152.26364135742188,147.83636474609375,148.59091186523438,126.29505157470703,18202316
2012-05-31,145.22726440429688,145.22726440429688,142.0,142.40908813476562,123.5349349975586,39922690
2012-06-01,142.5454559326172,144.69090270996094,141.61817932128906,142.1272735595703,123.29046630859375,22170296
2012-06-04,139.99090576171875,144.5272674560547,139.5272674560547,143.42727661132812,124.41817474365234,19790419
2012-06-05,144.8545379638672,146.09091186523438,143.1272735595703,144.00909423828125,124.92288208007812,20350445
2012-06-06,144.90908813476562,147.40908813476562,144.8000030517578,146.9818115234375,127.5016098022461,28167216
2012-06-07,148.72726440429688,152.27272033691406,148.18182373046875,150.91818237304688,130.91627502441406,25033805
2012-06-08,151.94544982910156,151.94544982910156,147.81817626953125,150.75454711914062,130.77430725097656,18841009
2012-06-11,152.4727325439453,154.27272033691406,149.63636779785156,150.31817626953125,130.395751953125,18055312
2012-06-12,148.5,153.0,148.19090270996094,152.55455017089844,132.3357696533203,17886242
2012-06-13,152.49090576171875,155.94544982910156,151.845458984375,154.42727661132812,133.96029663085938,25697248
2012-06-14,154.0,154.36363220214844,148.36363220214844,148.88182067871094,129.1497802734375,19523289
2012-06-15,149.74545288085938,155.55455017089844,149.66363525390625,153.76364135742188,133.38461303710938,21824440
2012-06-18,156.0,157.1272735595703,147.30909729003906,148.46363830566406,128.78704833984375,26764353
2012-06-19,147.81817626953125,150.7818145751953,146.90908813476562,150.3272705078125,130.4036865234375,16859507
2012-06-20,150.77272033691406,152.61817932128906,150.3272705078125,151.4545440673828,131.38153076171875,12698994
2012-06-21,151.27272033691406,155.27272033691406,150.50909423828125,154.4818115234375,134.0076141357422,19538656
2012-06-22,152.53636169433594,155.27272033691406,151.4545440673828,154.8545379638672,134.33094787597656,16548279
2012-06-25,155.61817932128906,158.30909729003906,153.27272033691406,153.9818115234375,133.57388305664062,17258890
2012-06-26,153.18182373046875,154.6727294921875,152.42727661132812,153.4727325439453,133.1322784423828,12241757
2012-06-27,154.55455017089844,156.79090881347656,154.41818237304688,155.0,134.45709228515625,16390385
2012-06-28,156.38182067871094,158.18182373046875,155.0,155.80909729003906,135.15896606445312,21821090
2012-06-29,158.18182373046875,164.53636169433594,158.18182373046875,163.5454559326172,141.8699951171875,26272482
2012-07-02,163.81817626953125,164.36363220214844,160.74545288085938,162.61817932128906,141.06561279296875,25763358
2012-07-03,163.61817932128906,165.6090850830078,163.27272033691406,163.92727661132812,142.20120239257812,17527620
2012-07-04,165.27272033691406,165.8727264404297,162.99090576171875,164.14544677734375,142.3905029296875,19609062
2012-07-05,163.97271728515625,167.9818115234375,162.5454559326172,167.42727661132812,145.2373504638672,20610463
2012-07-06,167.42727661132812,170.5454559326172,165.70909118652344,170.0181884765625,147.48489379882812,27997271
2012-07-09,169.0,171.41818237304688,168.0181884765625,169.09091186523438,146.6804962158203,26408041
2012-07-10,170.0,171.81817626953125,169.345458984375,171.4363555908203,148.715087890625,25745714
2012-07-11,170.18182373046875,170.90908813476562,169.18182373046875,170.2818145751953,147.7135467529297,20032639
2012-07-12,168.81817626953125,170.0,167.654541015625,168.6999969482422,146.3413848876953,17641354
2012-07-13,169.07272338867188,170.27272033691406,167.86363220214844,168.3727264404297,146.05747985839844,11895856
2012-07-16,169.09091186523438,170.0,166.7181854248047,167.29090881347656,145.11903381347656,11950724
2012-07-17,168.8727264404297,169.4545440673828,166.9818115234375,167.8000030517578,145.56065368652344,12351042
2012-07-18,167.845458984375,171.27272033691406,167.845458984375,170.76364135742188,148.1315155029297,19347801
2012-07-19,172.18182373046875,173.9818115234375,171.91818237304688,172.88182067871094,149.96896362304688,17223024
2012-07-20,173.72726440429688,174.0,169.49090576171875,170.0272674560547,147.49269104003906,19528844
2012-07-23,168.90908813476562,169.03636169433594,165.38182067871094,166.0,143.9992218017578,17632895
2012-07-24,166.18182373046875,167.59091186523438,165.4545440673828,166.6090850830078,144.52761840820312,11203478
2012-07-25,166.5272674560547,167.70909118652344,164.9727325439453,166.89999389648438,144.7799530029297,11564822
2012-07-26,167.99090576171875,168.18182373046875,163.81817626953125,164.86363220214844,143.0134735107422,34698053
2012-07-27,169.4545440673828,172.5272674560547,167.64544677734375,168.77272033691406,146.4044952392578,38883861
2012-07-30,171.4545440673828,176.29090881347656,171.4545440673828,175.36363220214844,152.1218719482422,40639208
2012-07-31,176.63636779785156,176.9545440673828,172.81817626953125,174.8000030517578,151.6329345703125,32326305
2012-08-01,173.09091186523438,175.4545440673828,173.09091186523438,174.4727325439453,151.34901428222656,16975645
2012-08-02,174.16363525390625,175.18182373046875,173.46363830566406,174.345458984375,151.2386474609375,13503539
2012-08-03,172.72726440429688,173.09091186523438,169.5454559326172,170.89999389648438,148.24981689453125,20106465
2012-08-06,173.1727294921875,174.5454559326172,172.76364135742188,173.4545440673828,150.46578979492188,18837725
2012-08-07,174.5454559326172,177.6272735595703,173.55455017089844,177.14544677734375,153.66754150390625,21468397
2012-08-08,177.81817626953125,178.18182373046875,173.8272705078125,174.22726440429688,151.13609313964844,18885493
2012-08-09,175.29090881347656,177.09091186523438,172.5181884765625,173.20909118652344,150.25286865234375,20166140
2012-08-10,174.0,174.8545379638672,170.0,173.59091186523438,150.58407592773438,24225063
2012-08-13,172.90908813476562,173.5454559326172,170.2181854248047,172.53636169433594,149.66929626464844,19828479
2012-08-14,173.1272735595703,176.99090576171875,172.74545288085938,176.3272705078125,152.957763671875,12958462
2012-08-16,176.61817932128906,177.41818237304688,173.2818145751953,173.8909149169922,150.8443145751953,14593001
2012-08-17,174.1272735595703,176.18182373046875,173.13636779785156,174.9363555908203,151.75119018554688,16247143
2012-08-21,175.63636779785156,178.0,174.3000030517578,177.30909729003906,153.8094940185547,11457798
2012-08-22,176.03636169433594,178.6727294921875,175.7818145751953,177.06362915039062,153.5965576171875,11877387
2012-08-23,177.6999969482422,179.8000030517578,176.19090270996094,177.06362915039062,153.5965576171875,22625014
2012-08-24,176.16363525390625,176.63636779785156,173.1272735595703,173.5181884765625,150.52099609375,14489772
2012-08-27,174.14544677734375,174.14544677734375,169.5454559326172,170.0454559326172,147.50852966308594,13891509
2012-08-28,170.36363220214844,170.8545379638672,167.0181884765625,167.6999969482422,145.47389221191406,19070854
2012-08-29,168.22726440429688,169.42727661132812,166.23635864257812,166.61817932128906,144.53546142578125,13951624
2012-08-30,165.94544982910156,171.40908813476562,164.5454559326172,167.26364135742188,145.0954132080078,30491835
2012-08-31,166.46363830566406,167.74545288085938,162.73635864257812,164.0272674560547,142.28793334960938,19478376
2012-09-03,164.58181762695312,166.50909423828125,162.845458984375,164.14544677734375,142.3905029296875,13718111
2012-09-04,164.14544677734375,166.3272705078125,162.27272033691406,165.9363555908203,143.9440460205078,14125210
2012-09-05,164.83636474609375,165.3272705078125,159.3909149169922,159.9363555908203,138.73922729492188,33446655
2012-09-06,162.0,164.07272338867188,161.10000610351562,162.99090576171875,141.38893127441406,15364459
2012-09-07,166.88182067871094,171.09091186523438,166.72726440429688,170.51817321777344,147.91859436035156,25978452
2012-09-10,171.3909149169922,171.9818115234375,168.26364135742188,169.8727264404297,147.35865783691406,13318657
2012-09-11,169.1999969482422,172.70909118652344,168.72726440429688,171.96363830566406,149.17250061035156,13007412
2012-09-12,172.8909149169922,174.50909423828125,171.18182373046875,172.56362915039062,149.69297790527344,17858472
2012-09-13,173.7818145751953,175.4545440673828,173.63636779785156,174.44544982910156,151.32537841796875,20175160
2012-09-14,179.59091186523438,191.8909149169922,179.1090850830078,183.27272033691406,158.9827117919922,45380571
2012-09-17,187.27272033691406,194.49090576171875,187.27272033691406,192.845458984375,167.28672790527344,42722014
2012-09-18,190.89999389648438,192.0,189.33636474609375,190.73635864257812,165.45716857910156,15733366
2012-09-20,187.4545440673828,189.4363555908203,185.33636474609375,185.91818237304688,161.27757263183594,16886831
2012-09-21,187.27272033691406,197.5,187.1999969482422,193.72726440429688,168.05165100097656,32631197
2012-09-24,193.72726440429688,197.61817932128906,192.46363830566406,194.7181854248047,168.91128540039062,26437147
2012-09-25,195.39999389648438,196.59091186523438,193.42727661132812,193.9818115234375,168.27244567871094,20529877
2012-09-26,193.20909118652344,194.74545288085938,191.58181762695312,193.72726440429688,168.05165100097656,16583418
2012-09-27,194.36363220214844,194.90908813476562,191.20909118652344,191.88182067871094,166.45082092285156,25812880
2012-09-28,193.27272033691406,195.1999969482422,191.6090850830078,192.50909423828125,166.99493408203125,22840686
2012-10-01,192.72726440429688,192.8909149169922,190.18182373046875,191.0272674560547,165.70948791503906,11890164
2012-10-03,191.30909729003906,193.27272033691406,190.22726440429688,191.4545440673828,166.08013916015625,14719534
2012-10-04,192.22726440429688,198.8909149169922,192.22726440429688,196.9818115234375,170.87484741210938,26381146
2012-10-05,200.0,200.0,157.59091186523438,193.94544982910156,168.240966796875,24384492
2012-10-08,194.5454559326172,194.5454559326172,190.77272033691406,191.30909729003906,165.95399475097656,12172028
2012-10-09,192.72726440429688,195.20909118652344,192.3727264404297,193.4818115234375,167.8387451171875,11088011
2012-10-10,192.0454559326172,192.6727294921875,190.66363525390625,191.6727294921875,166.26943969726562,10838525
2012-10-11,192.72726440429688,194.14544677734375,190.58181762695312,192.3545379638672,166.86087036132812,23597805
2012-10-12,192.8909149169922,193.25454711914062,189.654541015625,189.9545440673828,164.77894592285156,11267652
2012-10-15,190.0181884765625,191.92727661132812,187.63636779785156,191.5272674560547,166.1432342529297,9156532
2012-10-16,192.90908813476562,193.26364135742188,189.1090850830078,189.68182373046875,164.54238891601562,10115490
2012-10-17,191.5,191.76364135742188,189.4727325439453,190.8272705078125,165.53602600097656,8096214
2012-10-18,191.86363220214844,193.96363830566406,191.29090881347656,193.6272735595703,167.96495056152344,24908741
2012-10-19,192.90908813476562,195.63636779785156,190.92727661132812,192.23635864257812,166.75833129882812,14180017
2012-10-22,191.41818237304688,196.53636169433594,190.90908813476562,195.56362915039062,169.6446533203125,25355198
2012-10-23,196.14544677734375,197.79090881347656,194.8727264404297,196.26364135742188,170.2518768310547,12511774
2012-10-25,194.56362915039062,198.5272674560547,194.56362915039062,197.66363525390625,171.46633911132812,22144919
2012-10-29,195.81817626953125,197.16363525390625,193.3272705078125,194.26364135742188,168.51698303222656,12828508
2012-10-30,194.90908813476562,197.69090270996094,187.75454711914062,190.0272674560547,164.842041015625,22333806
2012-10-31,190.18182373046875,191.8000030517578,188.31817626953125,190.94544982910156,165.63851928710938,11476465
2012-11-01,191.27272033691406,192.90908813476562,190.05455017089844,192.24545288085938,166.76625061035156,7583587
2012-11-02,194.90908813476562,196.79090881347656,193.74545288085938,196.3000030517578,170.28341674804688,11431942
2012-11-05,195.63636779785156,196.5272674560547,194.08181762695312,195.9363555908203,169.9679718017578,6995868
2012-11-06,194.81817626953125,197.72726440429688,194.2181854248047,196.49090576171875,170.4490203857422,9482401
2012-11-07,197.4727325439453,199.9545440673828,196.3727264404297,198.7181854248047,172.38111877441406,14058995
2012-11-08,196.36363220214844,196.8909149169922,194.76364135742188,195.63636779785156,169.707763671875,8693828
2012-11-09,195.69090270996094,196.0,191.72726440429688,192.58181762695312,167.0580291748047,8468267
2012-11-12,193.0,194.70909118652344,191.4818115234375,192.4363555908203,166.9318389892578,11718536
2012-11-15,191.7818145751953,192.24545288085938,189.7181854248047,191.75454711914062,166.3404083251953,9099585
2012-11-16,190.4727325439453,191.2818145751953,185.81817626953125,186.7818145751953,162.02671813964844,13092530
2012-11-19,186.92727661132812,187.8909149169922,184.76364135742188,185.66363525390625,161.05674743652344,9793987
2012-11-20,187.41818237304688,188.0272674560547,184.5454559326172,186.1999969482422,161.52200317382812,8967777
2012-11-21,187.27272033691406,190.36363220214844,186.64544677734375,189.89999389648438,164.7316131591797,9800725
2012-11-22,190.09091186523438,191.63636779785156,187.27272033691406,187.74545288085938,162.86264038085938,15855147
2012-11-23,188.654541015625,188.89999389648438,185.49090576171875,186.38182067871094,161.67971801757812,12372706
2012-11-26,188.18182373046875,188.18182373046875,184.5454559326172,185.14544677734375,160.60723876953125,11108696
2012-11-27,187.345458984375,188.59091186523438,186.40908813476562,188.0181884765625,163.09927368164062,30901959
2012-11-29,190.90908813476562,197.4545440673828,190.11817932128906,196.68182373046875,170.61463928222656,50446946
2012-11-30,200.0,200.89999389648438,198.30909729003906,199.9727325439453,173.46937561035156,22979440
2012-12-03,199.09091186523438,202.4818115234375,198.76364135742188,200.41818237304688,173.85581970214844,17887342
2012-12-04,200.36363220214844,204.1090850830078,199.19090270996094,203.5181884765625,176.54493713378906,16095821
2012-12-05,203.9818115234375,205.09091186523438,201.4818115234375,203.60000610351562,176.61595153808594,11804232
2012-12-06,205.81817626953125,207.81817626953125,200.36363220214844,206.49090576171875,179.1236572265625,15910317
2012-12-07,207.3272705078125,208.08181762695312,204.0272674560547,205.76364135742188,178.49281311035156,16483456
2012-12-10,207.27272033691406,207.33636474609375,203.30909729003906,203.89999389648438,176.8761444091797,11639776
2012-12-11,204.53636169433594,209.0,201.5272674560547,204.11817932128906,177.0654296875,19806627
2012-12-12,205.154541015625,205.96363830566406,201.154541015625,202.39999389648438,175.57492065429688,16439901
2012-12-13,203.63636779785156,206.08181762695312,202.81817626953125,203.86363220214844,176.84458923339844,15190774
2012-12-14,202.90908813476562,207.1727294921875,202.4363555908203,206.55455017089844,179.1788787841797,15357897
2012-12-17,205.5,208.90908813476562,205.5,208.0181884765625,180.4485321044922,9314893
2012-12-18,208.5454559326172,209.70909118652344,203.41818237304688,208.89999389648438,181.21347045898438,15076039
2012-12-19,210.0181884765625,210.66363525390625,206.00909423828125,207.0454559326172,179.60476684570312,9690604
2012-12-20,208.14544677734375,208.18182373046875,205.4727325439453,207.20909118652344,179.74667358398438,12803494
2012-12-21,206.16363525390625,207.09091186523438,203.1272735595703,204.345458984375,177.26258850097656,11991144
2012-12-24,205.39999389648438,205.4545440673828,202.58181762695312,203.90908813476562,176.88401794433594,7691233
2012-12-26,204.72726440429688,209.09091186523438,203.81817626953125,208.845458984375,181.1661834716797,7557676
2012-12-27,209.5,209.7818145751953,205.90908813476562,206.6272735595703,179.24197387695312,16870650
2012-12-28,207.74545288085938,208.4545440673828,205.41818237304688,207.55455017089844,180.04635620117188,7501631
2012-12-31,207.5454559326172,207.9818115234375,206.2181854248047,206.9545440673828,179.52589416503906,5533500
2013-01-01,208.4363555908203,211.26364135742188,207.83636474609375,210.6272735595703,182.71185302734375,7229216
2013-01-02,212.72726440429688,214.0,211.81817626953125,213.4545440673828,185.1643829345703,10345197
2013-01-03,214.00909423828125,214.18182373046875,211.8727264404297,213.10000610351562,184.85684204101562,9034338
2013-01-04,213.25454711914062,215.4363555908203,211.8272705078125,214.9818115234375,186.48922729492188,12765126
2013-01-07,216.0,216.0,214.0,214.9363555908203,186.4498291015625,9683993
2013-01-08,214.3909149169922,214.90908813476562,212.77272033691406,214.46363830566406,186.0397491455078,8639152
2013-01-09,214.22726440429688,215.9818115234375,213.39999389648438,214.6272735595703,186.1816864013672,19800115
2013-01-10,215.68182373046875,216.0,211.13636779785156,214.4545440673828,186.0318603515625,12068754
2013-01-11,215.27272033691406,215.345458984375,210.74545288085938,211.55455017089844,183.51620483398438,9227372
2013-01-14,211.81817626953125,216.72726440429688,211.81817626953125,215.4818115234375,186.92295837402344,14894011
2013-01-15,215.1272735595703,220.20909118652344,213.4727325439453,218.9727325439453,189.95123291015625,17996797
2013-01-16,218.9727325439453,219.4545440673828,213.8909149169922,214.5181884765625,186.08706665039062,18080590
2013-01-17,214.0454559326172,215.8545379638672,210.58181762695312,211.36363220214844,183.35060119628906,13615173
2013-01-18,211.90908813476562,215.6727294921875,211.90908813476562,213.8545379638672,185.51133728027344,18630606
2013-01-21,214.5454559326172,214.99090576171875,211.81817626953125,214.10000610351562,185.72430419921875,9208034
2013-01-22,213.8545379638672,217.24545288085938,211.63636779785156,212.75454711914062,184.5571746826172,10433076
2013-01-23,213.63636779785156,216.72726440429688,211.1999969482422,214.72726440429688,186.26844787597656,7832247
2013-01-24,214.5181884765625,215.75454711914062,210.4727325439453,211.72726440429688,183.666015625,12884718
2013-01-25,212.76364135742188,214.5454559326172,211.56362915039062,213.26364135742188,184.9988250732422,8369614
2013-01-28,213.38182067871094,217.16363525390625,213.11817932128906,216.40908813476562,187.7273406982422,15775364
2013-01-29,217.42727661132812,223.27272033691406,214.90908813476562,218.39999389648438,189.4544219970703,27676544
2013-01-30,219.09091186523438,222.2818145751953,218.88182067871094,220.49090576171875,191.26820373535156,16929517
2013-01-31,219.4545440673828,224.0,215.69090270996094,216.57272338867188,187.8693084716797,38534611
2013-02-01,217.09091186523438,218.7818145751953,212.3000030517578,212.9363555908203,184.7148895263672,13833055
2013-02-04,215.27272033691406,218.69090270996094,214.18182373046875,214.86363220214844,186.38673400878906,21575075
2013-02-05,212.0,214.41818237304688,211.2818145751953,212.00909423828125,183.91050720214844,12408572
2013-02-06,213.27272033691406,213.27272033691406,209.23635864257812,210.0454559326172,182.2071075439453,10558658
2013-02-07,209.5181884765625,212.1727294921875,206.64544677734375,208.154541015625,180.56680297851562,16021500
2013-02-08,208.3727264404297,209.0454559326172,204.50909423828125,205.4818115234375,178.24830627441406,13064034
2013-02-11,205.8727264404297,206.24545288085938,203.10000610351562,204.1272735595703,177.0732879638672,12921150
2013-02-12,203.90908813476562,206.18182373046875,202.56362915039062,205.24545288085938,178.04327392578125,14740935
2013-02-13,206.72726440429688,208.4363555908203,205.70909118652344,207.74545288085938,180.21194458007812,18682229
2013-02-14,208.72726440429688,209.05455017089844,203.74545288085938,204.76364135742188,177.62535095214844,11742126
2013-02-15,204.72726440429688,205.63636779785156,202.0181884765625,203.9727325439453,176.93927001953125,10179257
2013-02-18,204.4363555908203,205.4545440673828,203.5454559326172,204.0,176.962890625,8438243
2013-02-19,204.22726440429688,206.18182373046875,202.654541015625,205.70909118652344,178.4454803466797,9649772
2013-02-20,206.5454559326172,206.88182067871094,203.39999389648438,203.91818237304688,176.89195251464844,8424042
2013-02-21,202.22726440429688,202.6090850830078,195.63636779785156,196.29090881347656,170.2755126953125,18339766
2013-02-22,195.8272705078125,199.81817626953125,195.8272705078125,198.64544677734375,172.31800842285156,12275747
2013-02-25,199.81817626953125,200.33636474609375,196.58181762695312,198.8909149169922,172.5309600830078,13709701
2013-02-26,197.81817626953125,197.9727325439453,191.3727264404297,193.4545440673828,167.81509399414062,11043499
2013-02-27,194.46363830566406,197.99090576171875,194.36363220214844,196.9363555908203,170.83544921875,14729671
2013-02-28,198.5454559326172,199.05455017089844,187.27272033691406,189.16363525390625,164.0928955078125,37422676
2013-03-01,191.90908813476562,194.00909423828125,190.46363830566406,192.06362915039062,166.6085205078125,19070529
2013-03-04,191.72726440429688,194.5181884765625,190.30909729003906,192.4818115234375,166.9712677001953,16475178
2013-03-05,194.5454559326172,199.74545288085938,193.88182067871094,198.83636474609375,172.483642578125,21050260
2013-03-06,201.59091186523438,201.81817626953125,199.27272033691406,201.5181884765625,174.81004333496094,19993539
2013-03-07,200.38182067871094,204.03636169433594,199.63636779785156,203.11817932128906,176.1979522705078,13692519
2013-03-08,203.49090576171875,207.7818145751953,203.49090576171875,207.14544677734375,179.69146728515625,15786001
2013-03-11,208.30909729003906,209.345458984375,204.90908813476562,205.80909729003906,178.5322265625,16292661
2013-03-12,205.4545440673828,206.8727264404297,202.72726440429688,204.1999969482422,177.13638305664062,13388914
2013-03-13,202.5272674560547,202.6727294921875,196.8545379638672,197.39999389648438,171.2376251220703,14724347
2013-03-14,197.63636779785156,202.90908813476562,192.72726440429688,201.9363555908203,175.17276000976562,32873681
2013-03-15,200.1999969482422,200.5272674560547,192.0,194.09091186523438,168.36709594726562,39011340
2013-03-18,191.09091186523438,191.94544982910156,188.26364135742188,191.16363525390625,165.8278045654297,23564761
2013-03-19,193.81817626953125,194.8909149169922,185.654541015625,187.74545288085938,162.86264038085938,34783644
2013-03-20,187.4545440673828,188.13636779785156,181.19090270996094,182.10000610351562,157.96542358398438,18850507
2013-03-21,184.29090881347656,192.59091186523438,183.845458984375,188.24545288085938,163.29638671875,36062972
2013-03-22,189.63636779785156,190.72726440429688,185.0,186.9727325439453,162.19235229492188,20358745
2013-03-25,189.154541015625,190.66363525390625,183.42727661132812,184.1090850830078,159.7082061767578,15002658
2013-03-26,182.42727661132812,186.72726440429688,182.20909118652344,185.61817932128906,161.01730346679688,14911814
2013-03-28,186.3727264404297,192.06362915039062,182.92727661132812,190.03636169433594,164.84994506835938,30690621
2013-04-01,192.18182373046875,192.72726440429688,188.81817626953125,191.19090270996094,165.85145568847656,11418841
2013-04-02,191.39999389648438,191.64544677734375,188.9363555908203,190.345458984375,165.1180877685547,8498853
2013-04-03,190.73635864257812,193.22726440429688,186.41818237304688,187.5272674560547,162.67337036132812,14162923
2013-04-04,185.22726440429688,186.0,182.29090881347656,183.41818237304688,159.10890197753906,18866171
2013-04-05,183.41818237304688,183.41818237304688,179.09091186523438,181.4818115234375,157.4291229248047,28818724
2013-04-08,180.8545379638672,182.74545288085938,179.50909423828125,179.83636474609375,156.00181579589844,12105428
2013-04-09,181.19090270996094,185.40908813476562,178.76364135742188,180.00909423828125,156.15162658691406,20901188
2013-04-10,181.3727264404297,183.14544677734375,178.49090576171875,182.60000610351562,158.399169921875,22694012
2013-04-11,186.345458984375,190.72726440429688,186.22726440429688,189.1272735595703,164.0613250732422,30178714
2013-04-12,187.4727325439453,191.07272338867188,186.60000610351562,190.06362915039062,164.8735809326172,11153571
2013-04-15,188.63636779785156,194.345458984375,187.5454559326172,190.38182067871094,165.1496124267578,20935975
2013-04-16,190.0,197.27272033691406,189.8909149169922,196.16363525390625,170.16510009765625,31681606
2013-04-17,196.56362915039062,202.10000610351562,196.56362915039062,199.57272338867188,173.1223907470703,26780105
2013-04-18,196.72726440429688,204.94544982910156,196.72726440429688,204.11817932128906,177.0654296875,20986465
2013-04-22,204.58181762695312,210.8545379638672,202.99090576171875,208.80909729003906,181.1345977783203,19837163
2013-04-23,209.09091186523438,211.8000030517578,204.4818115234375,211.14544677734375,183.16131591796875,22457715
2013-04-25,212.74545288085938,216.0,211.27272033691406,214.06362915039062,185.6927490234375,34175350
2013-04-26,213.18182373046875,216.14544677734375,204.5454559326172,208.09091186523438,180.51161193847656,38868885
2013-04-29,209.1090850830078,210.90908813476562,206.09091186523438,209.6727294921875,181.8837890625,12108723
2013-04-30,210.4545440673828,213.09091186523438,207.654541015625,211.57272338867188,183.531982421875,16337541
2013-05-02,210.94544982910156,215.81817626953125,210.90908813476562,213.03636169433594,184.80166625976562,15253199
2013-05-03,212.3000030517578,212.72726440429688,203.9818115234375,205.44544982910156,178.21676635742188,21828449
2013-05-06,205.0,208.90908813476562,201.68182373046875,207.75454711914062,180.21983337402344,13608061
2013-05-07,207.81817626953125,213.09091186523438,207.63636779785156,211.6272735595703,183.5792999267578,16100205
2013-05-08,212.72726440429688,213.7818145751953,208.29090881347656,210.53636169433594,182.63299560546875,13112506
2013-05-09,210.90908813476562,211.845458984375,207.96363830566406,209.57272338867188,181.7970428466797,8672928
2013-05-10,209.63636779785156,212.70909118652344,209.154541015625,211.88182067871094,183.8001251220703,10691846
2013-05-13,211.09091186523438,213.90908813476562,208.22726440429688,208.8727264404297,181.18980407714844,10484056
2013-05-14,209.63636779785156,212.10000610351562,207.61817932128906,208.6272735595703,180.9769287109375,11398414
2013-05-15,209.6272735595703,217.96363830566406,209.4545440673828,216.59091186523438,187.8850860595703,19773429
2013-05-16,215.4545440673828,221.63636779785156,215.41818237304688,219.5454559326172,190.44805908203125,16552888
2013-05-17,219.1090850830078,224.8909149169922,218.73635864257812,223.7181854248047,194.06776428222656,15429496
2013-05-20,223.44544982910156,224.4363555908203,218.83636474609375,219.96363830566406,190.81082153320312,15072865
2013-05-21,219.96363830566406,224.76364135742188,218.58181762695312,220.18182373046875,191.0000762939453,13731074
2013-05-22,220.90908813476562,223.09091186523438,218.99090576171875,220.0181884765625,190.85813903808594,14560749
2013-05-23,218.18182373046875,219.345458984375,211.31817626953125,213.14544677734375,184.89627075195312,18462532
2013-05-24,215.70909118652344,220.1272735595703,214.1272735595703,218.9363555908203,189.919677734375,14106999
2013-05-27,218.90908813476562,222.72726440429688,217.23635864257812,221.70909118652344,192.32492065429688,13687630
2013-05-28,222.4545440673828,225.16363525390625,221.8000030517578,223.99090576171875,194.3043212890625,14966160
2013-05-29,223.63636779785156,224.09091186523438,219.654541015625,220.8909149169922,191.61517333984375,11424242
2013-05-30,217.27272033691406,217.7181854248047,213.13636779785156,215.05455017089844,189.6748504638672,23897703
2013-05-31,214.72726440429688,216.14544677734375,208.72726440429688,209.89999389648438,185.12857055664062,18191398
2013-06-03,209.09091186523438,210.5454559326172,206.3000030517578,208.20909118652344,183.63722229003906,13596192
2013-06-04,209.09091186523438,212.0272674560547,206.30909729003906,206.94544982910156,182.52272033691406,12805567
2013-06-05,207.25454711914062,208.13636779785156,203.63636779785156,206.25454711914062,181.913330078125,14967551
2013-06-06,205.09091186523438,211.41818237304688,204.19090270996094,209.92727661132812,185.15264892578125,10282987
2013-06-07,208.5454559326172,210.50909423828125,207.03636169433594,207.58181762695312,183.083984375,13126982
2013-06-10,208.36363220214844,210.50909423828125,201.654541015625,203.23635864257812,179.25135803222656,16822921
2013-06-11,201.27272033691406,202.3545379638672,195.14544677734375,195.72726440429688,172.62847900390625,31926708
2013-06-12,194.59091186523438,198.0,194.3272705078125,196.59091186523438,173.39019775390625,17971541
2013-06-13,194.5454559326172,196.9818115234375,193.81817626953125,194.33636474609375,171.4016876220703,14672218
2013-06-14,197.61817932128906,200.80909729003906,195.4545440673828,200.3909149169922,176.74171447753906,19640098
2013-06-17,200.0,201.06362915039062,196.38182067871094,200.26364135742188,176.6294708251953,14558142
2013-06-18,199.4363555908203,199.89999389648438,197.2818145751953,198.3545379638672,174.94566345214844,10463062
2013-06-19,197.60000610351562,198.36363220214844,196.0,197.58181762695312,174.26414489746094,7688026
2013-06-20,194.18182373046875,194.18182373046875,188.49090576171875,190.20909118652344,167.76150512695312,26143441
2013-06-21,188.39999389648438,190.90908813476562,186.57272338867188,189.9727325439453,167.5530548095703,22564300
2013-06-24,188.4545440673828,191.63636779785156,187.13636779785156,190.75454711914062,168.24261474609375,22071538
2013-06-25,191.81817626953125,192.09091186523438,186.9363555908203,187.79090881347656,165.62869262695312,28836703
2013-06-26,189.05455017089844,190.3272705078125,185.69090270996094,186.57272338867188,164.55429077148438,22165990
2013-06-27,189.27272033691406,189.81817626953125,186.39999389648438,187.3727264404297,165.25987243652344,34649395
2013-06-28,190.5454559326172,195.66363525390625,189.81817626953125,194.68182373046875,171.7064208984375,26626495
2013-07-01,193.20909118652344,195.24545288085938,192.5454559326172,194.16363525390625,171.2493438720703,11799568
2013-07-02,194.654541015625,197.09091186523438,194.3000030517578,196.1999969482422,173.04537963867188,15842376
2013-07-03,193.0181884765625,194.8545379638672,192.03636169433594,193.4545440673828,170.62396240234375,18527223
2013-07-04,193.4545440673828,194.50909423828125,190.2181854248047,193.39999389648438,170.5758514404297,16176704
2013-07-05,195.27272033691406,195.81817626953125,190.73635864257812,191.19090270996094,168.62744140625,15904383
2013-07-08,188.09091186523438,188.8909149169922,185.654541015625,186.89999389648438,164.8429412841797,19362282
2013-07-09,188.90908813476562,189.4545440673828,186.4727325439453,188.06362915039062,165.86923217773438,21259342
2013-07-10,188.53636169433594,190.90908813476562,188.18182373046875,188.8272705078125,166.54275512695312,11910833
2013-07-11,192.22726440429688,195.20909118652344,190.89999389648438,192.3545379638672,169.65374755859375,11951973
2013-07-12,194.1999969482422,194.27272033691406,191.18182373046875,192.8000030517578,170.046630859375,10987867
2013-07-15,192.0,193.5272674560547,191.0181884765625,192.91818237304688,170.15086364746094,10010192
2013-07-16,188.18182373046875,188.36363220214844,181.29090881347656,182.44544982910156,160.91409301757812,35235590
2013-07-17,183.4363555908203,183.9363555908203,176.0272674560547,178.22726440429688,157.1937255859375,33010593
2013-07-18,178.18182373046875,180.2818145751953,173.345458984375,178.99090576171875,157.86724853515625,40802025
2013-07-19,178.90908813476562,179.76364135742188,173.50909423828125,174.41818237304688,153.83416748046875,29801794
2013-07-22,174.5454559326172,177.7181854248047,173.8909149169922,177.1727294921875,156.2636260986328,14668846
2013-07-23,180.0,180.75454711914062,178.68182373046875,179.9363555908203,158.7010955810547,19862078
2013-07-24,176.72726440429688,176.72726440429688,171.40908813476562,173.05455017089844,152.63145446777344,25522145
2013-07-25,171.09091186523438,173.08181762695312,168.6999969482422,169.9727325439453,149.91334533691406,29546368
2013-07-26,171.64544677734375,173.03636169433594,167.154541015625,169.3727264404297,149.3841552734375,24788945
2013-07-29,169.2181854248047,171.07272338867188,167.83636474609375,168.83636474609375,148.91110229492188,17053421
2013-07-30,169.31817626953125,171.6999969482422,167.81817626953125,168.3727264404297,148.50216674804688,23377365
2013-07-31,168.18182373046875,168.18182373046875,162.1999969482422,165.2818145751953,145.7760009765625,42761911
2013-08-01,168.5454559326172,168.5454559326172,162.18182373046875,166.2181854248047,146.60189819335938,29563572
2013-08-02,166.90908813476562,167.24545288085938,160.76364135742188,161.29090881347656,142.25608825683594,32469283
2013-08-05,161.99090576171875,165.36363220214844,157.79090881347656,164.08181762695312,144.71763610839844,13765306
2013-08-06,162.90908813476562,162.90908813476562,156.83636474609375,157.5181884765625,138.92861938476562,24008127
2013-08-07,157.81817626953125,159.94544982910156,156.4545440673828,157.86363220214844,139.2332763671875,24653909
2013-08-08,158.18182373046875,160.77272033691406,156.77272033691406,159.10000610351562,140.32376098632812,23881990
2013-08-12,160.81817626953125,162.06362915039062,156.654541015625,157.64544677734375,139.04087829589844,31439567
2013-08-13,156.0181884765625,163.20909118652344,154.74545288085938,162.2818145751953,143.13006591796875,22996369
2013-08-14,162.72726440429688,166.1727294921875,161.19090270996094,164.7181854248047,145.27891540527344,24325284
2013-08-16,162.5454559326172,162.9818115234375,155.63636779785156,156.1090850830078,137.6858367919922,34698262
2013-08-19,156.654541015625,156.654541015625,147.27272033691406,148.24545288085938,130.7501983642578,32644062
2013-08-20,144.89999389648438,151.79090881347656,143.4363555908203,150.9818115234375,133.1636505126953,36937593
2013-08-21,157.8727264404297,160.00909423828125,146.13636779785156,150.8272705078125,133.02732849121094,63672988
2013-08-22,150.36363220214844,151.91818237304688,145.81817626953125,151.1090850830078,133.2759246826172,41854169
2013-08-23,152.0,157.4545440673828,149.345458984375,155.10000610351562,136.7958221435547,43210046
2013-08-26,155.00909423828125,156.0454559326172,149.29090881347656,150.99090576171875,133.17166137695312,36175271
2013-08-27,148.8909149169922,149.81817626953125,145.4545440673828,145.92727661132812,128.70562744140625,39921134
2013-08-28,144.0,147.0272674560547,137.61817932128906,144.79090881347656,127.70335388183594,43588979
2013-08-29,148.07272338867188,148.72726440429688,144.1090850830078,146.76364135742188,129.4432830810547,30345694
2013-08-30,147.42727661132812,150.4363555908203,144.81817626953125,146.13636779785156,128.89004516601562,81385683
2013-09-02,148.0181884765625,151.39999389648438,147.1090850830078,150.29090881347656,132.5542755126953,25276520
2013-09-03,151.63636779785156,151.63636779785156,141.19090270996094,142.46363830566406,125.6507339477539,31504698
2013-09-04,142.4727325439453,149.5181884765625,141.81817626953125,148.68182373046875,131.13510131835938,31392993
2013-09-05,157.63636779785156,165.00909423828125,157.16363525390625,162.49090576171875,143.3144989013672,48903976
2013-09-06,163.94544982910156,175.23635864257812,163.94544982910156,174.25454711914062,153.6898651123047,57729875
2013-09-10,175.09091186523438,178.5454559326172,174.73635864257812,176.29090881347656,155.48583984375,38762086
2013-09-11,175.4545440673828,177.8000030517578,172.39999389648438,176.31817626953125,155.5099334716797,20022057
2013-09-12,174.345458984375,174.36363220214844,170.9545440673828,172.94544982910156,152.53521728515625,25472507
2013-09-13,170.90908813476562,174.5272674560547,169.50909423828125,171.26364135742188,151.05191040039062,21111519
2013-09-16,176.36363220214844,179.81817626953125,172.90908813476562,176.3545379638672,155.54202270507812,28962010
2013-09-17,175.4545440673828,177.23635864257812,173.50909423828125,174.99090576171875,154.33929443359375,17370347
2013-09-18,175.9818115234375,177.41818237304688,174.9727325439453,176.92727661132812,156.04714965820312,16914892
2013-09-19,186.5454559326172,193.5181884765625,186.5454559326172,188.40908813476562,166.17391967773438,49554114
2013-09-20,187.72726440429688,188.36363220214844,174.58181762695312,179.5,158.31625366210938,30961557
2013-09-23,174.72726440429688,177.1727294921875,169.56362915039062,171.50909423828125,151.26841735839844,21412435
2013-09-24,169.49090576171875,174.29090881347656,169.49090576171875,171.79090881347656,151.51693725585938,13807678
2013-09-25,172.18182373046875,173.63636779785156,166.92727661132812,170.03636169433594,149.969482421875,16844844
2013-09-26,170.345458984375,173.96363830566406,169.845458984375,172.0181884765625,151.7174072265625,17722391
2013-09-27,172.4363555908203,172.4545440673828,166.42727661132812,167.8727264404297,148.0611572265625,16665368
2013-09-30,164.8727264404297,166.63636779785156,159.8545379638672,160.66363525390625,141.70285034179688,18900326
2013-10-01,161.80909729003906,166.36363220214844,160.72726440429688,165.59091186523438,146.04864501953125,21525163
2013-10-03,167.09091186523438,170.9545440673828,164.58181762695312,170.5181884765625,150.39442443847656,23232891
2013-10-04,169.4545440673828,171.6727294921875,167.29090881347656,169.1999969482422,149.23179626464844,13725492
2013-10-07,167.14544677734375,167.27272033691406,162.36363220214844,166.58181762695312,146.922607421875,17777111
2013-10-08,172.1999969482422,173.16363525390625,169.5181884765625,170.38182067871094,150.274169921875,16082632
2013-10-09,167.4545440673828,173.63636779785156,165.09091186523438,172.8000030517578,152.40695190429688,24777016
2013-10-10,171.63636779785156,174.00909423828125,169.86363220214844,172.3727264404297,152.03009033203125,15558823
2013-10-11,174.72726440429688,182.14544677734375,172.90908813476562,181.2818145751953,159.88778686523438,28277942
2013-10-14,180.38182067871094,182.70909118652344,179.3727264404297,181.3000030517578,159.90382385253906,15013905
2013-10-15,182.2181854248047,182.7181854248047,176.56362915039062,177.19090270996094,156.27967834472656,10947931
2013-10-17,177.40908813476562,179.20909118652344,174.16363525390625,175.4363555908203,154.73219299316406,23994982
2013-10-18,176.72726440429688,184.25454711914062,176.72726440429688,183.42727661132812,161.780029296875,24448578
2013-10-21,183.63636779785156,186.4818115234375,182.4545440673828,183.68182373046875,162.00454711914062,14406821
2013-10-22,181.4545440673828,186.72726440429688,181.4545440673828,183.66363525390625,161.98849487304688,17948997
2013-10-23,184.0,186.90908813476562,182.77272033691406,186.5,164.49014282226562,16787435
2013-10-24,185.63636779785156,190.50909423828125,184.06362915039062,185.61817932128906,163.71238708496094,17110005
2013-10-25,186.4363555908203,188.72726440429688,182.94544982910156,185.8545379638672,163.92088317871094,35171977
2013-10-28,186.18182373046875,189.25454711914062,183.4545440673828,184.5454559326172,162.7662811279297,18652799
2013-10-29,185.6272735595703,196.25454711914062,182.3909149169922,195.3909149169922,172.33180236816406,29328299
2013-10-30,196.72726440429688,201.25454711914062,196.25454711914062,199.81817626953125,176.23660278320312,28588340
2013-10-31,198.74545288085938,205.4545440673828,197.75454711914062,203.80909729003906,179.75650024414062,31071430
2013-11-01,203.60000610351562,207.27272033691406,201.3000030517578,206.08181762695312,181.76100158691406,18527624
2013-11-05,202.9727325439453,206.50909423828125,198.53636169433594,199.27272033691406,175.7554931640625,21797308
2013-11-06,200.0,200.0,195.73635864257812,196.4363555908203,173.25387573242188,15238751
2013-11-07,197.36363220214844,198.5454559326172,190.72726440429688,191.1727294921875,168.6114501953125,20711839
2013-11-08,190.5272674560547,192.29090881347656,189.27272033691406,190.8909149169922,168.36288452148438,14738262
2013-11-11,188.73635864257812,191.41818237304688,186.41818237304688,188.58181762695312,166.32626342773438,14205246
2013-11-12,188.72726440429688,189.63636779785156,183.29090881347656,184.13636779785156,162.40548706054688,17580420
2013-11-13,181.70909118652344,185.9818115234375,181.03636169433594,184.5272674560547,162.75022888183594,19424333
2013-11-14,186.7181854248047,194.154541015625,186.7181854248047,191.29090881347656,168.7156219482422,18201832
2013-11-18,193.27272033691406,197.7818145751953,192.56362915039062,195.20909118652344,172.1714324951172,18228419
2013-11-19,195.94544982910156,198.1272735595703,194.5454559326172,197.27272033691406,173.9915008544922,17385560
2013-11-20,195.81817626953125,195.81817626953125,189.29090881347656,190.75454711914062,168.24261474609375,12389960
2013-11-21,189.07272338867188,189.3000030517578,185.81817626953125,187.31817626953125,165.21177673339844,13863921
2013-11-22,189.09091186523438,189.76364135742188,183.9727325439453,185.55455017089844,163.65626525878906,17010537
2013-11-25,188.27272033691406,196.1727294921875,187.6999969482422,195.38182067871094,172.32379150390625,20881300
2013-11-26,193.81817626953125,197.18182373046875,188.88182067871094,189.77272033691406,167.37664794921875,20095630
2013-11-27,192.18182373046875,192.27272033691406,188.5181884765625,189.57272338867188,167.2002410888672,14816301
2013-11-28,192.23635864257812,193.56362915039062,187.3545379638672,188.74545288085938,166.47059631347656,21809337
2013-11-29,190.0,195.08181762695312,189.81817626953125,194.3000030517578,171.36964416503906,12891444
2013-12-02,194.61817932128906,200.0,194.61817932128906,197.8727264404297,174.52072143554688,15862258
2013-12-03,197.42727661132812,199.94544982910156,196.19090270996094,197.345458984375,174.05567932128906,13775069
2013-12-04,196.07272338867188,196.07272338867188,192.77272033691406,193.86363220214844,170.98472595214844,16082533
2013-12-05,201.5454559326172,207.36363220214844,201.5454559326172,206.5181884765625,182.14588928222656,43417099
2013-12-06,206.4363555908203,208.654541015625,204.16363525390625,207.9818115234375,183.436767578125,18361233
2013-12-09,218.18182373046875,219.38182067871094,216.56362915039062,218.49090576171875,192.7056427001953,33902616
2013-12-10,218.18182373046875,218.74545288085938,209.7818145751953,210.6090850830078,185.7539825439453,27365360
2013-12-11,208.72726440429688,213.23635864257812,207.46363830566406,210.6090850830078,185.7539825439453,16227854
2013-12-12,210.00909423828125,210.18182373046875,205.14544677734375,205.92727661132812,181.6247100830078,14555046
2013-12-13,202.72726440429688,202.72726440429688,196.36363220214844,197.27272033691406,173.9915008544922,25356595
2013-12-16,198.0,200.7181854248047,197.27272033691406,199.55455017089844,176.00405883789062,11417488
2013-12-17,201.81817626953125,203.90908813476562,198.20909118652344,199.69090270996094,176.12432861328125,13249758
2013-12-18,197.8909149169922,205.94544982910156,196.64544677734375,199.23635864257812,175.72337341308594,40179903
2013-12-19,201.81817626953125,202.16363525390625,192.42727661132812,193.36363220214844,170.5437469482422,21106184
2013-12-20,194.5454559326172,198.29090881347656,193.8000030517578,197.76364135742188,174.42449951171875,15528089
2013-12-23,197.63636779785156,201.25454711914062,197.63636779785156,199.64544677734375,176.08424377441406,11206459
2013-12-24,200.0,201.8000030517578,197.8727264404297,199.79090881347656,176.21253967285156,9597725
2013-12-26,199.09091186523438,201.0454559326172,198.6090850830078,199.9363555908203,176.34080505371094,14374063
2013-12-27,201.4545440673828,202.50909423828125,200.4363555908203,201.86363220214844,178.04061889648438,7796519
2013-12-30,202.72726440429688,204.5272674560547,198.76364135742188,199.39999389648438,175.86773681640625,7419764
2013-12-31,200.1999969482422,201.60000610351562,198.91818237304688,199.77272033691406,176.19647216796875,4356632
2014-01-01,200.16363525390625,201.10000610351562,198.5454559326172,199.58181762695312,176.02810668945312,3102869
2014-01-02,199.3000030517578,203.27272033691406,194.56362915039062,195.56362915039062,172.484130859375,11321513
2014-01-03,194.18182373046875,195.4545440673828,190.0,193.96363830566406,171.07293701171875,15567502
2014-01-06,193.81817626953125,194.36363220214844,188.19090270996094,189.23635864257812,166.90354919433594,14802265
2014-01-07,190.00909423828125,192.58181762695312,186.154541015625,190.90908813476562,168.37889099121094,18566515
2014-01-08,191.63636779785156,193.42727661132812,189.69090270996094,191.69090270996094,169.0684356689453,18955475
2014-01-09,193.60000610351562,193.74545288085938,189.5,191.06362915039062,168.5151824951172,19238686
2014-01-10,190.42727661132812,191.74545288085938,185.20909118652344,186.27272033691406,164.2896728515625,21835286
2014-01-13,187.29090881347656,192.92727661132812,187.29090881347656,191.8000030517578,169.16465759277344,17981914
2014-01-14,191.27272033691406,192.90908813476562,187.81817626953125,188.44544982910156,166.20599365234375,16934159
2014-01-15,190.0,194.3272705078125,189.61817932128906,192.42727661132812,169.71791076660156,18898968
2014-01-16,193.90908813476562,193.90908813476562,190.73635864257812,192.5272674560547,169.80609130859375,8986741
2014-01-17,191.5272674560547,193.07272338867188,187.46363830566406,188.10000610351562,165.9013214111328,9672228
2014-01-20,188.09091186523438,190.5454559326172,186.90908813476562,189.81817626953125,167.41673278808594,10617040
2014-01-21,191.4545440673828,196.36363220214844,190.69090270996094,196.00909423828125,172.8770294189453,14897789
2014-01-22,196.39999389648438,198.36363220214844,194.39999389648438,197.80909729003906,174.46461486816406,12788578
2014-01-23,198.36363220214844,198.36363220214844,194.92727661132812,196.26364135742188,173.1015167236328,10274170
2014-01-24,193.4727325439453,195.27272033691406,191.38182067871094,192.39999389648438,169.69383239746094,10283619
2014-01-27,188.8727264404297,188.9545440673828,183.13636779785156,183.60000610351562,161.9324188232422,27904404
2014-01-28,183.76364135742188,187.07272338867188,177.9545440673828,185.20909118652344,163.3515625,26612800
2014-01-29,187.60000610351562,188.7818145751953,181.0181884765625,182.07272338867188,160.5853271484375,26522925
2014-01-30,179.42727661132812,180.41818237304688,175.18182373046875,177.19090270996094,156.27967834472656,27447838
2014-01-31,179.0,180.61817932128906,176.6272735595703,179.58181762695312,158.38841247558594,14484481
2014-02-03,178.36363220214844,178.5454559326172,173.70909118652344,175.18182373046875,154.50772094726562,19562653
2014-02-04,172.6999969482422,176.90908813476562,171.56362915039062,176.11817932128906,155.33351135253906,16988900
2014-02-05,177.26364135742188,177.9363555908203,173.68182373046875,175.68182373046875,154.94866943359375,16441700
2014-02-06,176.36363220214844,177.16363525390625,172.00909423828125,174.19090270996094,153.63372802734375,22979121
2014-02-07,176.36363220214844,176.72726440429688,172.81817626953125,174.6272735595703,154.01858520507812,15640619
2014-02-10,175.11817932128906,175.96363830566406,173.86363220214844,174.64544677734375,154.0346221923828,8923442
2014-02-11,175.4363555908203,177.0,174.90908813476562,176.154541015625,155.36561584472656,11240361
2014-02-12,177.68182373046875,182.13636779785156,177.68182373046875,181.6727294921875,160.23257446289062,21465790
2014-02-13,181.90908813476562,183.4545440673828,178.18182373046875,178.83636474609375,157.73092651367188,24636953
2014-02-14,179.27272033691406,180.23635864257812,176.39999389648438,179.7181854248047,158.50869750976562,15133266
2014-02-17,180.18182373046875,184.33636474609375,179.81817626953125,183.4818115234375,161.82810974121094,14271416
2014-02-18,184.0,189.7818145751953,182.60000610351562,188.69090270996094,166.42247009277344,19122130
2014-02-19,188.345458984375,189.59091186523438,186.8272705078125,187.4363555908203,165.3159942626953,11779856
2014-02-20,185.07272338867188,185.4545440673828,182.90908813476562,183.24545288085938,161.6196746826172,10389857
2014-02-21,183.8272705078125,187.79090881347656,183.8272705078125,186.41818237304688,164.41798400878906,8404451
2014-02-24,185.4727325439453,189.5454559326172,185.1272735595703,188.39999389648438,166.16592407226562,10661106
2014-02-25,189.7818145751953,190.5454559326172,186.3727264404297,187.4727325439453,165.34808349609375,15457821
2014-02-26,187.4727325439453,189.06362915039062,186.92727661132812,188.44544982910156,166.20599365234375,10073030
2014-02-28,190.0,190.6999969482422,187.4545440673828,189.79090881347656,167.3926544189453,15521473
2014-03-03,188.58181762695312,191.09091186523438,185.70909118652344,187.23635864257812,165.1396026611328,18154565
2014-03-04,187.63636779785156,194.90908813476562,187.63636779785156,194.38182067871094,171.44178771972656,15723317
2014-03-05,195.4545440673828,200.4545440673828,193.76364135742188,199.8909149169922,176.3007354736328,21977021
2014-03-06,200.8545379638672,207.42727661132812,200.6090850830078,206.1727294921875,181.8411865234375,23331583
2014-03-07,208.19090270996094,223.63636779785156,207.1272735595703,218.5272674560547,192.73770141601562,45170196
2014-03-10,215.27272033691406,220.80909729003906,214.9545440673828,217.0181884765625,191.40672302246094,42221157
2014-03-11,217.9545440673828,224.06362915039062,216.4363555908203,217.845458984375,192.1363525390625,44639886
2014-03-12,217.09091186523438,222.36363220214844,216.0,220.3000030517578,194.30123901367188,21739498
2014-03-13,220.72726440429688,225.72726440429688,220.72726440429688,221.81817626953125,195.64024353027344,17975842
2014-03-14,217.50909423828125,221.73635864257812,216.0,220.90908813476562,194.8384246826172,24014875
2014-03-18,220.90908813476562,223.81817626953125,217.9545440673828,219.0,193.15463256835938,19604816
2014-03-19,220.18182373046875,222.4727325439453,218.72726440429688,219.99090576171875,194.0286102294922,18888683
2014-03-20,219.72726440429688,221.7818145751953,217.66363525390625,218.31817626953125,192.55325317382812,16807334
2014-03-21,220.0,220.72726440429688,216.60000610351562,218.10000610351562,192.36087036132812,19290540
2014-03-24,218.90908813476562,227.07272338867188,218.90908813476562,225.8545379638672,199.20022583007812,20422748
2014-03-25,225.09091186523438,228.89999389648438,224.36363220214844,227.73635864257812,200.85997009277344,16143154
2014-03-26,229.69090270996094,230.6727294921875,227.56362915039062,228.4545440673828,201.493408203125,13291063
2014-03-27,229.1090850830078,232.0,226.56362915039062,228.90908813476562,201.8943328857422,35664090
2014-03-28,230.72726440429688,231.09091186523438,226.90908813476562,228.94544982910156,201.92637634277344,11252411
2014-03-31,231.4545440673828,231.4545440673828,225.5454559326172,226.3727264404297,199.6572723388672,13578647
2014-04-01,227.69090270996094,228.77272033691406,221.56362915039062,222.53636169433594,196.273681640625,23417124
2014-04-02,223.66363525390625,227.69090270996094,223.66363525390625,226.00909423828125,199.3365478515625,21486437
2014-04-03,226.3545379638672,226.49090576171875,222.73635864257812,224.31817626953125,197.84521484375,27446622
2014-04-04,223.63636779785156,226.345458984375,220.9545440673828,223.7181854248047,197.3160400390625,13921022
2014-04-07,224.05455017089844,224.66363525390625,218.61817932128906,219.845458984375,193.90032958984375,21844784
2014-04-09,222.4545440673828,229.72726440429688,220.36363220214844,229.05455017089844,202.02259826660156,25150895
2014-04-10,227.4545440673828,230.88182067871094,224.90908813476562,226.79090881347656,200.02610778808594,21686857
2014-04-11,224.5454559326172,225.7818145751953,223.03636169433594,224.73635864257812,198.2140350341797,16585882
2014-04-15,225.18182373046875,225.6999969482422,220.9818115234375,221.7181854248047,195.5520477294922,12426375
2014-04-16,220.4727325439453,224.90908813476562,220.4727325439453,222.2818145751953,196.0491943359375,10880776
2014-04-17,223.654541015625,231.5,223.154541015625,229.6090850830078,202.51168823242188,15660562
2014-04-21,230.72726440429688,234.8909149169922,228.6090850830078,233.09091186523438,205.58261108398438,17192499
2014-04-22,232.64544677734375,236.1090850830078,230.90908813476562,234.5272674560547,206.84942626953125,10952617
2014-04-23,234.3909149169922,237.27272033691406,232.9818115234375,236.2818145751953,208.3969268798828,28399723
2014-04-24,236.2818145751953,236.2818145751953,236.2818145751953,236.2818145751953,208.3969268798828,0
2014-04-25,237.1727294921875,239.72726440429688,228.42727661132812,231.0,203.7384796142578,26271410
2014-04-28,231.81817626953125,233.4545440673828,227.4818115234375,231.90908813476562,204.54026794433594,19357426
2014-04-29,232.0,232.63636779785156,227.38182067871094,229.60000610351562,202.50367736816406,12507649
2014-04-30,230.63636779785156,232.53636169433594,224.5454559326172,226.07272338867188,199.3927001953125,19888929
2014-05-02,227.27272033691406,229.8545379638672,226.73635864257812,227.70909118652344,200.83592224121094,9145994
2014-05-05,226.59091186523438,232.18182373046875,225.09091186523438,227.7181854248047,200.8439483642578,14052241
2014-05-06,229.8545379638672,232.72726440429688,229.8545379638672,231.92727661132812,204.55628967285156,7045379
2014-05-07,232.0,232.18182373046875,228.49090576171875,231.0272674560547,203.76251220703125,28329075
2014-05-08,231.8000030517578,235.7818145751953,230.22726440429688,234.36363220214844,206.70513916015625,16439945
2014-05-09,233.66363525390625,252.8909149169922,233.09091186523438,250.654541015625,221.07345581054688,34424511
2014-05-12,251.2818145751953,257.14544677734375,247.3000030517578,254.30909729003906,224.29673767089844,28438118
2014-05-13,257.81817626953125,259.6363525390625,253.36363220214844,254.69090270996094,224.6334991455078,22394201
2014-05-14,252.18182373046875,257.0181884765625,250.39999389648438,256.2545471191406,226.01260375976562,20961468
2014-05-15,256.2545471191406,256.345458984375,251.845458984375,253.654541015625,223.71939086914062,22401164
2014-05-16,263.6363525390625,289.6727294921875,257.7636413574219,266.4181823730469,234.9767608642578,64509505
2014-05-19,269.2727355957031,271.5545349121094,262.7727355957031,266.9818115234375,235.47389221191406,42620820
2014-05-20,269.0818176269531,270.0,261.9090881347656,263.6181945800781,232.50721740722656,22394427
2014-05-21,264.5454406738281,264.8999938964844,258.3818054199219,261.9181823730469,231.0078582763672,19602885
2014-05-22,262.20001220703125,270.0,262.20001220703125,263.9090881347656,232.7637939453125,17050280
2014-05-23,265.4818115234375,267.2272644042969,262.7272644042969,265.6000061035156,234.25515747070312,18774596
2014-05-26,265.0909118652344,272.3818054199219,262.7272644042969,264.463623046875,233.2528839111328,22024612
2014-05-27,262.7272644042969,264.654541015625,259.5545349121094,263.1091003417969,232.05819702148438,10500330
2014-05-28,263.64544677734375,267.0545349121094,262.0545349121094,264.7636413574219,233.51747131347656,13082932
2014-05-29,265.0909118652344,267.18182373046875,259.4181823730469,261.2636413574219,230.43051147460938,24559144
2014-05-30,261.9090881347656,263.345458984375,255.40908813476562,257.8272705078125,227.3997344970703,17143027
2014-06-02,256.5909118652344,267.2727355957031,256.3818054199219,266.2181701660156,234.80030822753906,15135730
2014-06-03,265.85455322265625,268.6727294921875,261.8272705078125,265.154541015625,233.86224365234375,19736579
2014-06-04,265.4363708496094,270.2818298339844,262.5454406738281,267.16363525390625,239.4100341796875,12880208
2014-06-05,263.0909118652344,267.4545593261719,261.33636474609375,266.02728271484375,242.18251037597656,21069081
2014-06-06,267.7454528808594,273.33636474609375,265.4545593261719,270.2363586425781,246.0143280029297,21390919
2014-06-09,270.2090759277344,274.85455322265625,269.7272644042969,271.30908203125,246.99087524414062,21202940
2014-06-10,271.3636474609375,271.3636474609375,268.0,269.31817626953125,245.1784210205078,10364431
2014-06-11,268.7272644042969,273.1091003417969,265.4545593261719,267.2545471191406,243.29977416992188,12749231
2014-06-12,267.2727355957031,268.0,263.29998779296875,265.345458984375,241.56182861328125,11788678
2014-06-13,265.87274169921875,268.9090881347656,258.47271728515625,259.70001220703125,236.42237854003906,16782672
2014-06-16,258.83636474609375,259.81817626953125,254.72726440429688,257.0818176269531,234.0388641357422,13089175
2014-06-17,257.0909118652344,263.97271728515625,255.81817626953125,263.5454406738281,239.9231414794922,15687243
2014-06-18,262.8818054199219,265.0454406738281,256.7727355957031,258.4545593261719,235.28857421875,13210807
2014-06-19,260.4363708496094,261.00909423828125,254.0454559326172,256.68182373046875,233.67474365234375,16235054
2014-06-20,257.2727355957031,259.0909118652344,253.18182373046875,253.9727325439453,231.20846557617188,16995341
2014-06-23,254.5454559326172,258.0909118652344,254.08181762695312,257.12725830078125,234.08023071289062,11711777
2014-06-24,259.2727355957031,262.8908996582031,257.5818176269531,261.69091796875,238.23484802246094,12547546
2014-06-25,260.7272644042969,260.7272644042969,257.69091796875,258.2727355957031,235.123046875,6914721
2014-06-26,259.2727355957031,260.20001220703125,254.5454559326172,255.0272674560547,232.16847229003906,14728395
2014-06-27,255.4545440673828,256.3999938964844,250.27272033691406,251.75454711914062,229.1891326904297,14970114
2014-06-30,253.09091186523438,260.12725830078125,253.09091186523438,257.845458984375,234.73406982421875,13310649
2014-07-01,258.2818298339844,263.9181823730469,258.2818298339844,261.463623046875,238.0279541015625,15801005
2014-07-02,264.5454406738281,265.6363525390625,263.3636474609375,264.0,240.33694458007812,13500459
2014-07-03,264.12725830078125,266.3636474609375,263.6363525390625,264.37274169921875,240.67626953125,13249676
2014-07-04,264.5818176269531,266.7272644042969,260.9090881347656,265.97271728515625,242.13287353515625,7890861
2014-07-07,267.0727233886719,267.0727233886719,262.2272644042969,263.8818054199219,240.22935485839844,10595145
2014-07-08,266.5181884765625,266.5181884765625,254.29090881347656,256.5818176269531,233.58367919921875,11441408
2014-07-09,256.5636291503906,258.9818115234375,253.654541015625,255.10000610351562,232.2346954345703,15815585
2014-07-10,255.49090576171875,264.87274169921875,249.3909149169922,252.5454559326172,229.9091339111328,21087066
2014-07-11,252.0,255.5272674560547,245.63636779785156,246.654541015625,224.54620361328125,12540753
2014-07-14,249.9818115234375,249.9818115234375,242.41818237304688,244.40908813476562,222.5020294189453,17222782
2014-07-15,247.09091186523438,254.8727264404297,246.44544982910156,253.56362915039062,230.8360137939453,20701505
2014-07-16,256.845458984375,266.963623046875,256.79998779296875,265.6091003417969,241.8018341064453,34666637
2014-07-17,265.345458984375,265.345458984375,262.036376953125,263.7454528808594,240.105224609375,13358004
2014-07-18,260.9090881347656,270.4363708496094,260.9090881347656,269.1727294921875,245.04605102539062,22105369
2014-07-21,270.5454406738281,272.1181945800781,268.37274169921875,269.5636291503906,245.40191650390625,10873830
2014-07-22,270.463623046875,270.8908996582031,266.68182373046875,269.68182373046875,245.509521484375,9693398
2014-07-23,272.1181945800781,274.9818115234375,271.12725830078125,273.81817626953125,249.27511596679688,22595353
2014-07-24,273.6181945800781,274.3272705078125,270.9181823730469,273.8908996582031,249.34130859375,18655884
2014-07-25,272.963623046875,273.70001220703125,267.1727294921875,268.29998779296875,244.25152587890625,11547481
2014-07-28,269.81817626953125,269.8908996582031,262.2909240722656,263.81817626953125,240.1714324951172,7511350
2014-07-30,264.52728271484375,272.18182373046875,262.7272644042969,270.62725830078125,246.3701934814453,16305135
2014-07-31,271.7727355957031,273.6363525390625,266.5818176269531,267.5,243.5232391357422,21827960
2014-08-01,265.87274169921875,273.5454406738281,265.1363525390625,268.29998779296875,244.25152587890625,25283104
2014-08-04,271.2909240722656,272.9090881347656,269.20001220703125,271.16363525390625,246.8585205078125,11518006
2014-08-05,270.9272766113281,272.50909423828125,266.5636291503906,270.2818298339844,246.05572509765625,10886089
2014-08-06,269.0727233886719,270.1363525390625,262.2727355957031,263.1091003417969,239.52593994140625,11961031
2014-08-07,264.3636474609375,266.87274169921875,262.0,262.70001220703125,239.15347290039062,10130070
2014-08-08,260.0,262.0636291503906,256.69091796875,261.29998779296875,237.87896728515625,14898592
2014-08-11,262.8999938964844,264.16363525390625,260.7454528808594,261.9818115234375,238.49966430664062,7812183
2014-08-12,264.64544677734375,266.7090759277344,261.83636474609375,266.0545349121094,242.20733642578125,7573830
2014-08-13,264.5818176269531,266.3636474609375,262.5454406738281,264.036376953125,240.37008666992188,9495711
2014-08-14,265.12725830078125,270.83636474609375,265.12725830078125,269.02728271484375,244.9136199951172,13636485
2014-08-18,270.2727355957031,279.4545593261719,269.4272766113281,278.30908203125,253.36346435546875,21247732
2014-08-19,280.0,283.5,277.5181884765625,280.52728271484375,255.3828887939453,18915512
2014-08-20,280.9090881347656,281.9181823730469,278.5454406738281,280.5,255.35800170898438,9462876
2014-08-21,280.0,284.3272705078125,278.64544677734375,280.8999938964844,255.72215270996094,15249839
2014-08-22,280.9272766113281,282.8636474609375,279.3908996582031,279.9181823730469,254.828369140625,13225470
2014-08-25,280.4545593261719,282.18182373046875,274.2181701660156,275.3272705078125,250.64889526367188,6260974
2014-08-26,270.0,275.8999938964844,269.47271728515625,274.19091796875,249.61444091796875,9349499
2014-08-27,278.7272644042969,281.6363525390625,276.7818298339844,280.0545349121094,254.9524383544922,12302625
2014-08-28,280.5454406738281,284.3636474609375,280.5454406738281,283.0545349121094,257.68353271484375,22862356
2014-09-01,283.2727355957031,291.4181823730469,283.2727355957031,290.6000061035156,264.552734375,14692249
2014-09-02,290.8908996582031,294.33636474609375,288.7272644042969,289.2909240722656,263.3609924316406,12260539
2014-09-03,290.7272644042969,291.154541015625,286.0909118652344,287.4181823730469,261.6560974121094,9697814
2014-09-04,287.7636413574219,288.19091796875,280.4181823730469,285.7545471191406,260.1415710449219,15945864
2014-09-05,285.7545471191406,287.37274169921875,279.4454650878906,281.2818298339844,256.0697326660156,12019744
2014-09-08,284.0909118652344,285.80908203125,281.6181945800781,285.0545349121094,259.5043029785156,8527112
2014-09-09,284.14544677734375,284.14544677734375,279.9090881347656,281.0454406738281,255.85455322265625,8552346
2014-09-10,284.3636474609375,286.87274169921875,281.2909240722656,285.47271728515625,259.88507080078125,14187943
2014-09-11,286.7272644042969,288.18182373046875,283.9272766113281,284.70001220703125,259.18157958984375,9666635
2014-09-12,286.18182373046875,286.18182373046875,283.1091003417969,284.4363708496094,258.94158935546875,6356713
2014-09-15,283.00909423828125,283.8999938964844,279.7454528808594,282.4272766113281,257.1125793457031,7465540
2014-09-16,282.0,283.1181945800781,276.66363525390625,277.4090881347656,252.54408264160156,7520914
2014-09-17,278.5818176269531,280.6727294921875,277.2727355957031,278.1363525390625,253.20623779296875,10495633
2014-09-18,277.2727355957031,284.9090881347656,276.81817626953125,284.5454406738281,259.04083251953125,6706084
2014-09-19,285.4363708496094,286.6363525390625,283.0,285.85455322265625,260.232666015625,10378769
2014-09-22,283.6363525390625,289.845458984375,282.97271728515625,287.0636291503906,261.33331298828125,10506210
2014-09-23,287.0909118652344,289.4181823730469,278.81817626953125,279.7272644042969,254.65455627441406,21190009
2014-09-24,279.81817626953125,281.81817626953125,272.3908996582031,275.7090759277344,250.9965362548828,17279366
2014-09-25,274.7272644042969,276.29998779296875,264.0909118652344,266.4181823730469,242.5384063720703,30332934
2014-09-26,266.5454406738281,269.50909423828125,260.9090881347656,268.7181701660156,244.63223266601562,18873354
2014-09-29,268.963623046875,269.0909118652344,264.1727294921875,265.18182373046875,241.412841796875,7073148
2014-09-30,264.5454406738281,266.8908996582031,259.5454406738281,260.64544677734375,237.28309631347656,13333391
2014-10-01,262.3636474609375,262.3636474609375,258.0,259.7909240722656,236.50515747070312,10776667
2014-10-07,257.2727355957031,264.81817626953125,257.2727355957031,259.9363708496094,236.63755798339844,18449612
2014-10-08,259.5636291503906,264.4818115234375,259.4545593261719,263.37274169921875,239.7659149169922,10532802
2014-10-09,264.5454406738281,271.7818298339844,264.5454406738281,270.6181945800781,246.3619842529297,12238358
2014-10-10,267.4545593261719,269.5454406738281,264.2545471191406,265.2636413574219,241.48731994628906,9018405
2014-10-13,263.0909118652344,269.3272705078125,261.2363586425781,268.7090759277344,244.62393188476562,9459494
2014-10-14,269.9818115234375,270.4090881347656,263.87274169921875,268.7363586425781,244.6487579345703,11288403
2014-10-15,268.7363586425781,268.7363586425781,268.7363586425781,268.7363586425781,244.6487579345703,0
2014-10-16,267.6363525390625,271.654541015625,263.9363708496094,265.5545349121094,241.7521209716797,15670605
2014-10-17,267.5909118652344,274.7909240722656,267.2727355957031,273.6727294921875,249.14271545410156,14839423
2014-10-20,281.6091003417969,281.6091003417969,277.4181823730469,279.4363708496094,254.38970947265625,13952152
2014-10-21,280.0,288.4363708496094,280.0,287.654541015625,261.87127685546875,15513168
2014-10-22,289.4545593261719,289.79998779296875,284.0636291503906,285.6363525390625,260.0340270996094,8615480
2014-10-27,287.70001220703125,288.7272644042969,285.036376953125,286.00909423828125,260.37335205078125,11126714
2014-10-28,287.2727355957031,292.345458984375,287.2727355957031,291.1363525390625,265.041015625,10254244
2014-10-29,293.2636413574219,293.2636413574219,290.12725830078125,291.97271728515625,265.8024597167969,10474618
2014-10-30,290.9272766113281,295.6000061035156,288.0,293.463623046875,267.15966796875,26322631
2014-10-31,292.963623046875,296.9454650878906,290.81817626953125,295.7545471191406,269.2452392578125,21065660
2014-11-03,295.6363525390625,300.0,293.154541015625,299.2181701660156,272.3984069824219,13022333
2014-11-05,301.0,305.4545593261719,299.31817626953125,303.8818054199219,276.64398193359375,16438026
2014-11-07,305.18182373046875,307.5909118652344,302.1091003417969,306.30908203125,278.85382080078125,9347464
2014-11-10,305.5818176269531,305.7181701660156,302.4454650878906,303.0909118652344,275.9240417480469,8030726
2014-11-11,302.0,307.4545593261719,301.31817626953125,306.463623046875,278.99444580078125,11662277
2014-11-12,307.85455322265625,311.80908203125,307.85455322265625,310.536376953125,282.7021484375,10523271
2014-11-13,310.5818176269531,312.0,306.6363525390625,307.7272644042969,280.14483642578125,15610947
2014-11-14,306.5454406738281,308.9090881347656,306.3999938964844,307.69091796875,280.1116943359375,10524866
2014-11-17,306.7272644042969,306.7272644042969,302.18182373046875,304.33636474609375,277.057861328125,13396053
2014-11-18,304.7272644042969,306.81817626953125,303.9272766113281,305.6727294921875,278.2744140625,11248880
2014-11-19,306.1000061035156,309.81817626953125,304.0,305.9818115234375,278.5557861328125,14558984
2014-11-20,306.4545593261719,307.97271728515625,304.4545593261719,306.8999938964844,279.3916931152344,8960451
2014-11-21,307.4545593261719,316.14544677734375,304.9090881347656,314.6727294921875,286.46771240234375,17794084
2014-11-24,316.3636474609375,323.4545593261719,316.3636474609375,322.4181823730469,293.51898193359375,13578185
2014-11-25,321.2818298339844,321.4454650878906,313.31817626953125,315.8636474609375,287.5519104003906,17101408
2014-11-26,312.6363525390625,315.2909240722656,310.18182373046875,310.9818115234375,283.1076354980469,15505330
2014-11-27,311.7090759277344,315.4181823730469,310.0,313.30908203125,285.22637939453125,15438511
2014-11-28,313.6363525390625,323.0909118652344,313.6363525390625,318.9818115234375,290.39056396484375,16467154
2014-12-01,321.0909118652344,322.87274169921875,318.3636474609375,319.66363525390625,291.0113525390625,17857713
2014-12-02,318.85455322265625,322.7636413574219,315.463623046875,321.9090881347656,293.0555419921875,14228054
2014-12-03,320.9272766113281,326.9363708496094,320.02728271484375,326.20001220703125,296.96185302734375,12067709
2014-12-04,329.5454406738281,332.7727355957031,325.7727355957031,329.2727355957031,299.75909423828125,13537613
2014-12-05,330.7272644042969,331.7727355957031,325.81817626953125,327.0909118652344,297.7728576660156,8548679
2014-12-08,328.0909118652344,329.0909118652344,320.5454406738281,321.6363525390625,292.80712890625,6475662
2014-12-09,322.7272644042969,325.4090881347656,317.4545593261719,318.5454406738281,289.99334716796875,8119718
2014-12-10,314.18182373046875,322.5454406738281,314.18182373046875,320.0454406738281,291.3588562011719,11679797
2014-12-11,319.7272644042969,321.0454406738281,312.9545593261719,316.31817626953125,287.9656982421875,8902775
2014-12-12,315.9090881347656,319.0454406738281,313.2727355957031,314.81817626953125,286.6001892089844,7508487
2014-12-15,311.6363525390625,317.2727355957031,311.0454406738281,313.8636474609375,285.731201171875,7925545
2014-12-16,310.7727355957031,311.3636474609375,299.31817626953125,300.6363525390625,273.6894836425781,16369716
2014-12-17,299.5454406738281,307.5909118652344,290.18182373046875,302.1363525390625,275.0550537109375,25141233
2014-12-18,310.8636474609375,315.4545593261719,308.5,314.31817626953125,286.14501953125,10631579
2014-12-19,317.2727355957031,325.0,315.2272644042969,323.6363525390625,294.6279602050781,25004771
2014-12-22,323.18182373046875,327.8636474609375,319.1363525390625,326.5454406738281,297.27630615234375,9977669
2014-12-23,325.2727355957031,329.0,319.31817626953125,320.9090881347656,292.1451110839844,8114147
2014-12-24,320.31817626953125,324.4545593261719,319.0,321.0,292.2279052734375,13035476
2014-12-26,321.9545593261719,324.2727355957031,316.4545593261719,319.0454406738281,290.44854736328125,3566406
2014-12-29,318.18182373046875,322.4545593261719,316.7272644042969,317.4090881347656,288.9588317871094,4125797
2014-12-30,320.0,320.0,315.68182373046875,318.4090881347656,289.86920166015625,6246150
2014-12-31,318.2727355957031,322.5454406738281,318.2727355957031,321.0,292.2279052734375,5069990
2015-01-01,320.6363525390625,321.31817626953125,318.3636474609375,320.2727355957031,291.5658264160156,2583280
2015-01-02,320.0,330.4545593261719,320.0,329.3636474609375,299.8418884277344,8272990
2015-01-05,332.0909118652344,334.0,328.6363525390625,330.0454406738281,300.4625549316406,10316090
2015-01-06,326.7272644042969,327.18182373046875,314.7272644042969,316.0454406738281,287.7174377441406,13282427
2015-01-07,314.18182373046875,314.7727355957031,304.9545593261719,307.5,279.9379577636719,21254332
2015-01-08,313.6363525390625,316.81817626953125,310.18182373046875,315.8636474609375,287.5519104003906,12558144
2015-01-09,318.1363525390625,318.5454406738281,306.4545593261719,310.7727355957031,282.9173278808594,15701030
2015-01-12,311.5909118652344,316.0,307.9090881347656,315.0454406738281,286.8070373535156,8304115
2015-01-13,317.2727355957031,317.2727355957031,308.8636474609375,309.9090881347656,282.1310729980469,13100848
2015-01-14,308.4090881347656,310.7272644042969,302.7272644042969,306.2727355957031,278.8206481933594,13127934
2015-01-15,320.1363525390625,323.6363525390625,315.9545593261719,320.7727355957031,292.02099609375,16662989
2015-01-16,320.7727355957031,322.3636474609375,315.8636474609375,321.68182373046875,292.8486022949219,14726646
2015-01-19,323.18182373046875,328.9090881347656,321.3636474609375,328.0,298.6004333496094,10277015
2015-01-20,327.0,335.68182373046875,327.0,334.31817626953125,304.352294921875,11477610
2015-01-21,333.18182373046875,337.2272644042969,331.9545593261719,334.9545593261719,304.9316711425781,12457852
2015-01-22,335.3636474609375,338.4545593261719,331.4545593261719,336.18182373046875,306.0489196777344,9320935
2015-01-23,340.81817626953125,341.3636474609375,335.18182373046875,337.0,306.7937927246094,13525550
2015-01-27,340.4545593261719,349.81817626953125,338.81817626953125,348.6363525390625,317.38714599609375,13932787
2015-01-28,348.1363525390625,357.6363525390625,346.9090881347656,349.1363525390625,317.8423156738281,14787690
2015-01-29,345.5454406738281,348.9090881347656,341.4090881347656,345.7272644042969,314.7387390136719,22085259
2015-01-30,346.7727355957031,347.2727355957031,322.4090881347656,327.9090881347656,298.5176696777344,31372235
2015-02-02,327.5454406738281,327.9090881347656,318.18182373046875,319.8636474609375,291.193359375,37165959
2015-02-03,320.0,324.3636474609375,313.7272644042969,315.0909118652344,286.84844970703125,25975650
2015-02-04,314.5909118652344,315.68182373046875,309.31817626953125,313.31817626953125,285.234619140625,15639435
2015-02-05,309.9090881347656,313.9090881347656,302.5,305.0909118652344,277.7447814941406,18771838
2015-02-06,305.4545593261719,309.0909118652344,297.9090881347656,299.4090881347656,272.57220458984375,17811770
2015-02-09,297.7272644042969,297.7272644042969,289.5454406738281,290.9545593261719,264.8754577636719,15330887
2015-02-10,289.5454406738281,304.5454406738281,287.6363525390625,300.9545593261719,273.9791564941406,31301276
2015-02-11,303.7272644042969,309.0454406738281,303.5909118652344,304.2727355957031,276.99993896484375,13732188
2015-02-12,307.4545593261719,310.31817626953125,300.0,308.31817626953125,280.68280029296875,14372362
2015-02-13,312.7272644042969,314.4545593261719,309.2727355957031,312.5909118652344,284.572509765625,9926537
2015-02-16,315.4090881347656,315.4090881347656,305.81817626953125,307.31817626953125,279.77239990234375,11084024
2015-02-18,308.81817626953125,312.7272644042969,308.81817626953125,311.2727355957031,283.37249755859375,8830098
2015-02-19,309.18182373046875,312.5909118652344,302.0454406738281,307.7727355957031,280.1861877441406,10326464
2015-02-20,304.5454406738281,305.2727355957031,298.6363525390625,300.8636474609375,273.8963928222656,17197010
2015-02-23,302.7272644042969,304.0909118652344,297.2727355957031,299.0909118652344,272.2825927734375,12236793
2015-02-24,299.5454406738281,301.2727355957031,295.0,296.4090881347656,269.8410949707031,12177664
2015-02-25,297.81817626953125,300.9090881347656,292.0454406738281,293.18182373046875,266.90313720703125,18029910
2015-02-26,295.18182373046875,295.8636474609375,291.0454406738281,292.0909118652344,265.9100036621094,18356309
2015-02-27,295.0909118652344,306.4090881347656,293.6363525390625,304.7727355957031,277.455078125,17157486
2015-03-02,318.9545593261719,319.9545593261719,309.5909118652344,317.31817626953125,288.8760681152344,16237130
2015-03-03,316.3636474609375,317.7272644042969,312.81817626953125,316.9545593261719,288.5450134277344,16309976
2015-03-04,327.2727355957031,329.0909118652344,314.5909118652344,317.5909118652344,289.1243896484375,27007377
2015-03-05,314.9090881347656,318.0909118652344,309.18182373046875,316.1363525390625,287.8002014160156,12677758
2015-03-09,310.9090881347656,311.7727355957031,301.5909118652344,302.5454406738281,275.4274597167969,13711772
2015-03-10,302.4545593261719,307.0909118652344,300.31817626953125,303.31817626953125,276.1309814453125,15690129
2015-03-11,303.2727355957031,306.31817626953125,299.0909118652344,302.4090881347656,275.30328369140625,11762499
2015-03-12,306.8636474609375,308.81817626953125,304.2272644042969,307.4545593261719,279.8965759277344,12265104
2015-03-13,313.6363525390625,314.5454406738281,299.0909118652344,300.18182373046875,273.2757263183594,14368069
2015-03-16,299.5454406738281,302.7272644042969,296.0454406738281,301.31817626953125,274.3102111816406,12496540
2015-03-17,301.81817626953125,305.9090881347656,300.1363525390625,304.4090881347656,277.12408447265625,11214858
2015-03-18,302.81817626953125,305.9545593261719,300.9545593261719,304.3636474609375,277.0826416015625,9603665
2015-03-19,308.6363525390625,310.3636474609375,298.5,300.18182373046875,273.2757263183594,15488184
2015-03-20,299.0,299.31817626953125,287.9090881347656,289.6363525390625,263.6754455566406,23389273
2015-03-23,292.7727355957031,293.0909118652344,284.0454406738281,285.2727355957031,259.70294189453125,11517028
2015-03-24,282.2727355957031,287.8636474609375,281.31817626953125,283.5454406738281,258.1304626464844,18209548
2015-03-25,283.6363525390625,290.0,282.81817626953125,288.0909118652344,262.26849365234375,15109255
2015-03-26,282.7272644042969,285.18182373046875,275.0909118652344,279.9545593261719,254.86151123046875,34971712
2015-03-27,284.5454406738281,287.4545593261719,280.2272644042969,285.9545593261719,260.3236389160156,17383920
2015-03-30,287.5454406738281,290.4545593261719,284.8636474609375,289.7272644042969,263.7582092285156,14140124
2015-03-31,289.9090881347656,293.4090881347656,285.2727355957031,286.81817626953125,261.1098327636719,14317689
2015-04-01,286.3636474609375,294.9090881347656,285.5,293.7727355957031,267.4410705566406,9190830
2015-04-06,295.8636474609375,295.8636474609375,290.31817626953125,292.0454406738281,265.8686218261719,10512775
2015-04-07,293.5909118652344,294.0454406738281,286.3636474609375,288.5454406738281,262.68231201171875,9849292
2015-04-08,289.9090881347656,290.6363525390625,285.9545593261719,286.4545593261719,260.77886962890625,9158573
2015-04-09,289.0909118652344,292.6363525390625,288.0909118652344,291.4545593261719,265.3306884765625,13516230
2015-04-10,290.4545593261719,292.4090881347656,288.3636474609375,289.3636474609375,263.4271545410156,9053218
2015-04-13,290.81817626953125,290.81817626953125,287.2727355957031,288.0909118652344,262.26849365234375,8810668
2015-04-15,289.4090881347656,293.0,284.5909118652344,286.3636474609375,260.6960754394531,11297754
2015-04-16,287.18182373046875,287.2727355957031,281.9545593261719,284.0909118652344,258.6270446777344,9682703
2015-04-17,285.5,286.31817626953125,280.2272644042969,281.9090881347656,256.640869140625,11639567
2015-04-20,284.4545593261719,288.7272644042969,280.2727355957031,282.8636474609375,257.5097351074219,11663690
2015-04-21,282.7272644042969,287.81817626953125,281.7727355957031,282.5909118652344,257.26153564453125,9953639
2015-04-22,284.7727355957031,286.3636474609375,275.81817626953125,284.5,258.99951171875,12256206
2015-04-23,285.68182373046875,287.18182373046875,281.5909118652344,283.5,258.0891418457031,10352840
2015-04-24,284.0454406738281,284.1363525390625,279.18182373046875,280.2272644042969,255.10975646972656,13482295
2015-04-27,282.4545593261719,284.0454406738281,269.7272644042969,274.81817626953125,250.1854705810547,24819034
2015-04-28,277.81817626953125,298.7272644042969,277.81817626953125,297.1363525390625,270.50323486328125,37447522
2015-04-29,298.0,304.3636474609375,295.5454406738281,300.1363525390625,273.2342834472656,24501414
2015-04-30,300.9090881347656,303.2727355957031,295.6363525390625,301.0454406738281,274.0618896484375,20787994
2015-05-04,302.5,306.2727355957031,296.5454406738281,299.3636474609375,272.5308532714844,11308400
2015-05-05,299.3636474609375,300.81817626953125,297.3636474609375,298.5909118652344,271.8273620605469,10109107
2015-05-06,297.18182373046875,307.2727355957031,281.9545593261719,283.7727355957031,258.3373718261719,19967506
2015-05-07,283.81817626953125,284.5454406738281,273.2727355957031,276.9090881347656,252.08900451660156,16086181
2015-05-08,281.81817626953125,289.9090881347656,281.81817626953125,288.18182373046875,262.3513488769531,15672276
2015-05-11,290.9545593261719,296.18182373046875,290.0909118652344,294.0909118652344,267.7306823730469,9605442
2015-05-12,294.1363525390625,294.5454406738281,279.0909118652344,280.18182373046875,255.06837463378906,13692241
2015-05-13,284.68182373046875,290.1363525390625,278.6363525390625,288.7727355957031,262.8892517089844,15431501
2015-05-14,288.81817626953125,289.0454406738281,282.9545593261719,286.31817626953125,260.6546936035156,11672149
2015-05-15,286.6363525390625,287.68182373046875,282.31817626953125,283.9545593261719,258.5029296875,12014773
2015-05-18,286.3636474609375,288.0909118652344,284.4545593261719,287.5,261.7305908203125,7629436
2015-05-19,285.4090881347656,289.9090881347656,283.6363525390625,286.68182373046875,260.98577880859375,9064851
2015-05-20,287.5,291.81817626953125,287.5,289.7727355957031,263.7996520996094,7555070
2015-05-21,291.0909118652344,291.6363525390625,284.2727355957031,285.0454406738281,259.4960021972656,11132704
2015-05-22,286.3636474609375,289.2272644042969,283.4090881347656,285.0909118652344,259.5374450683594,8944914
2015-05-25,283.6363525390625,285.5454406738281,282.68182373046875,283.7727355957031,258.3373718261719,5481212
2015-05-26,283.6363525390625,284.5454406738281,280.5909118652344,281.5454406738281,256.30975341796875,5505501
2015-05-27,283.4545593261719,286.18182373046875,279.5454406738281,284.68182373046875,259.1650085449219,12557150
2015-05-28,285.68182373046875,287.2727355957031,283.18182373046875,285.9090881347656,260.2822265625,11520281
2015-05-29,288.2727355957031,289.9090881347656,286.18182373046875,288.4090881347656,262.55816650390625,22664703
2015-06-01,288.18182373046875,290.0,287.2727355957031,287.68182373046875,261.8961181640625,7621775
2015-06-02,288.18182373046875,288.6363525390625,275.4545593261719,276.81817626953125,252.00621032714844,13982208
2015-06-03,276.5909118652344,276.5909118652344,264.3636474609375,268.8636474609375,244.7646484375,22831293
2015-06-04,265.2727355957031,266.18182373046875,259.5,263.7272644042969,244.2174530029297,20759124
2015-06-05,264.7272644042969,265.81817626953125,257.2727355957031,258.2727355957031,239.16639709472656,23735127
2015-06-08,259.68182373046875,259.68182373046875,254.86363220214844,257.4090881347656,238.36666870117188,21145729
2015-06-09,257.18182373046875,261.6363525390625,256.4090881347656,261.0,241.6919403076172,19411474
2015-06-10,260.9090881347656,267.5909118652344,260.6363525390625,265.9090881347656,246.23789978027344,17487792
2015-06-11,269.0909118652344,270.18182373046875,260.4545593261719,262.2727355957031,242.8704833984375,21760535
2015-06-12,263.18182373046875,270.0,261.0454406738281,269.0454406738281,249.1422119140625,20748570
2015-06-15,268.18182373046875,273.0454406738281,266.5454406738281,272.0,251.87814331054688,17020704
2015-06-16,270.0454406738281,275.4545593261719,267.18182373046875,274.5909118652344,254.27743530273438,15828124
2015-06-17,276.5909118652344,276.6363525390625,272.7727355957031,273.9545593261719,253.68814086914062,16849471
2015-06-18,276.8636474609375,277.9090881347656,274.8636474609375,275.7727355957031,255.37184143066406,15455462
2015-06-19,273.0909118652344,278.18182373046875,273.0909118652344,276.8636474609375,256.38201904296875,9060393
2015-06-22,278.5454406738281,287.18182373046875,278.2272644042969,286.4090881347656,265.2213134765625,17123638
2015-06-23,286.31817626953125,288.0,283.6363525390625,285.0,263.9164123535156,13093667
2015-06-24,285.18182373046875,291.2727355957031,284.2272644042969,288.8636474609375,267.4942932128906,14984900
2015-06-25,287.5909118652344,290.5909118652344,284.7272644042969,286.18182373046875,265.0108642578125,18385230
2015-06-26,286.3636474609375,286.4090881347656,280.5,283.3636474609375,262.40118408203125,11342004
2015-06-29,274.5454406738281,284.5454406738281,272.8636474609375,282.9090881347656,261.98028564453125,11605396
2015-06-30,281.8636474609375,285.0909118652344,276.4090881347656,280.0,259.286376953125,15125139
2015-07-01,280.6363525390625,285.0,280.6363525390625,283.81817626953125,262.82208251953125,15481941
2015-07-02,285.7272644042969,286.7727355957031,282.81817626953125,284.5454406738281,263.4955749511719,9252723
2015-07-03,283.4090881347656,286.81817626953125,282.6363525390625,285.9545593261719,264.8004150390625,5716323
2015-07-06,281.0,287.9545593261719,277.5,286.5,265.3055725097656,8562220
2015-07-07,285.4545593261719,289.0909118652344,283.2272644042969,284.18182373046875,263.1588439941406,10617091
2015-07-08,280.3636474609375,283.2727355957031,278.4545593261719,279.5909118652344,258.9075622558594,13252578
2015-07-09,279.0909118652344,282.68182373046875,277.9090881347656,281.3636474609375,260.5491027832031,6959346
2015-07-10,284.0909118652344,286.2727355957031,282.0454406738281,284.68182373046875,263.6218566894531,10664155
2015-07-13,285.9090881347656,288.3636474609375,284.3636474609375,287.6363525390625,266.3578186035156,8964077
2015-07-14,288.18182373046875,288.2727355957031,283.68182373046875,284.9545593261719,263.8744812011719,8304877
2015-07-15,285.3636474609375,287.2727355957031,284.8636474609375,286.0454406738281,264.8846130371094,7378092
2015-07-16,286.1363525390625,289.31817626953125,285.81817626953125,288.2727355957031,266.9471130371094,13466904
2015-07-17,289.0909118652344,291.81817626953125,287.7727355957031,288.5909118652344,267.2417297363281,9339699
2015-07-20,289.9545593261719,290.7272644042969,283.7272644042969,287.0909118652344,265.8527526855469,9420104
2015-07-21,288.6363525390625,288.6363525390625,282.18182373046875,283.1363525390625,262.190673828125,10702263
2015-07-22,282.5454406738281,288.81817626953125,281.6363525390625,288.0,266.694580078125,11141670
2015-07-23,288.0454406738281,288.81817626953125,283.8636474609375,284.4545593261719,263.411376953125,15214876
2015-07-24,283.4545593261719,283.4545593261719,272.0909118652344,273.2727355957031,253.05673217773438,21177605
2015-07-27,272.5909118652344,272.5909118652344,263.7272644042969,264.6363525390625,245.05929565429688,11212545
2015-07-28,265.18182373046875,268.5,257.0,259.0909118652344,239.92408752441406,25395273
2015-07-29,261.3636474609375,263.5454406738281,258.2272644042969,262.9545593261719,243.5019073486328,13165836
2015-07-30,263.6363525390625,266.9545593261719,261.3636474609375,264.5454406738281,244.97506713867188,13705803
2015-07-31,267.68182373046875,280.81817626953125,267.3636474609375,274.9090881347656,254.57205200195312,38967790
2015-08-03,276.7727355957031,285.4545593261719,276.5454406738281,284.4545593261719,263.411376953125,28709585
2015-08-04,285.0,286.5909118652344,279.1363525390625,285.5,264.3795166015625,16797983
2015-08-05,286.1363525390625,290.7272644042969,280.9090881347656,283.0454406738281,262.10650634765625,13798462
2015-08-06,284.31817626953125,284.4090881347656,279.5,282.7727355957031,261.85394287109375,12210084
2015-08-07,281.7272644042969,284.1363525390625,280.4090881347656,281.9545593261719,261.09625244140625,6215341
2015-08-10,281.81817626953125,285.4545593261719,279.2272644042969,281.4545593261719,260.63336181640625,7698226
2015-08-11,281.7272644042969,281.7272644042969,273.4090881347656,274.7727355957031,254.44580078125,10431195
2015-08-12,272.7272644042969,272.8636474609375,263.7272644042969,265.1363525390625,245.5222930908203,10292540
2015-08-13,268.4090881347656,271.5454406738281,264.4090881347656,265.3636474609375,245.7327880859375,13754705
2015-08-14,267.5,276.18182373046875,265.5,275.0909118652344,254.7404022216797,9669851
2015-08-17,274.5,277.0,269.8636474609375,275.3636474609375,254.99298095703125,8331141
2015-08-18,275.4545593261719,276.5454406738281,270.6363525390625,273.7272644042969,253.47769165039062,5936462
2015-08-19,273.68182373046875,277.6363525390625,273.18182373046875,276.81817626953125,256.3399658203125,8754270
2015-08-20,272.9545593261719,278.8636474609375,268.9545593261719,271.1363525390625,251.07843017578125,15936951
2015-08-21,267.0454406738281,270.81817626953125,262.3636474609375,269.5454406738281,249.60519409179688,13769807
2015-08-24,256.7272644042969,258.9545593261719,243.18182373046875,245.40908813476562,227.25440979003906,33312582
2015-08-25,251.40908813476562,258.5454406738281,242.86363220214844,257.7272644042969,238.66131591796875,26553623
2015-08-26,254.5,256.5909118652344,250.63636779785156,252.77272033691406,234.0732879638672,16189880
2015-08-27,257.0454406738281,258.6363525390625,254.72726440429688,256.7727355957031,237.77740478515625,27884874
2015-08-28,259.1363525390625,263.0,256.0454406738281,257.9090881347656,238.8296661376953,14365759
2015-08-31,257.18182373046875,258.5,251.22726440429688,252.63636779785156,233.94703674316406,15079961
2015-09-01,250.0,253.13636779785156,243.90908813476562,246.31817626953125,228.0962371826172,17342438
2015-09-02,250.90908813476562,251.59091186523438,239.18182373046875,240.77272033691406,222.96099853515625,18825908
2015-09-03,244.22726440429688,245.27272033691406,237.90908813476562,242.59091186523438,224.64471435546875,16509187
2015-09-04,240.81817626953125,241.0,231.5,234.31817626953125,216.9839630126953,21605844
2015-09-07,236.40908813476562,237.5,225.18182373046875,226.4545440673828,209.70205688476562,21698736
2015-09-08,228.90908813476562,238.4545440673828,226.5454559326172,237.09091186523438,219.55157470703125,18300349
2015-09-09,243.59091186523438,244.5454559326172,238.77272033691406,240.5,222.7084503173828,24478703
2015-09-10,236.36363220214844,245.4545440673828,232.9545440673828,243.09091186523438,225.10772705078125,13718266
2015-09-11,243.0454559326172,245.36363220214844,240.36363220214844,243.22726440429688,225.23399353027344,14872838
2015-09-14,242.0454559326172,248.4545440673828,239.18182373046875,247.63636779785156,229.31690979003906,13300446
2015-09-15,248.18182373046875,248.18182373046875,242.5454559326172,244.09091186523438,226.0337371826172,14825729
2015-09-16,247.72726440429688,249.0454559326172,244.59091186523438,248.0454559326172,229.69570922851562,13377086
2015-09-18,252.9545440673828,259.4090881347656,249.81817626953125,252.59091186523438,233.9049072265625,21286324
2015-09-21,247.18182373046875,254.86363220214844,246.36363220214844,253.90908813476562,235.12559509277344,11510079
2015-09-22,252.72726440429688,254.86363220214844,244.63636779785156,245.9545440673828,227.75949096679688,14741229
2015-09-23,242.68182373046875,250.0,240.13636779785156,248.5,230.1166534423828,12489166
2015-09-24,246.72726440429688,248.72726440429688,242.72726440429688,243.90908813476562,225.8653564453125,10557228
2015-09-28,247.27272033691406,247.90908813476562,242.22726440429688,243.72726440429688,225.6969757080078,8561999
2015-09-29,239.72726440429688,247.86363220214844,233.0454559326172,244.5454559326172,226.4546356201172,29415623
2015-09-30,246.63636779785156,247.5454559326172,241.5454559326172,245.77272033691406,227.5911407470703,13700514
2015-10-01,248.59091186523438,248.59091186523438,241.86363220214844,242.81817626953125,224.8551483154297,7677876
2015-10-05,247.63636779785156,256.3636474609375,247.63636779785156,255.40908813476562,236.51461791992188,13756761
2015-10-06,258.18182373046875,258.9545593261719,254.5454559326172,257.0454406738281,238.02993774414062,10497246
2015-10-07,255.36363220214844,258.0,252.0,257.2727355957031,238.24038696289062,7765703
2015-10-08,256.7272644042969,256.7272644042969,251.9545440673828,253.13636779785156,234.41001892089844,6649535
2015-10-09,255.90908813476562,261.7272644042969,255.0454559326172,260.0909118652344,240.85009765625,11102562
2015-10-12,261.5454406738281,265.0,259.31817626953125,261.4545593261719,242.11288452148438,7892259
2015-10-13,259.9090881347656,263.3636474609375,258.6363525390625,261.31817626953125,241.98658752441406,6102034
2015-10-14,257.68182373046875,259.2727355957031,256.31817626953125,257.18182373046875,238.15621948242188,5325426
2015-10-15,258.18182373046875,260.9090881347656,257.8636474609375,260.31817626953125,241.06053161621094,6759388
2015-10-16,260.4545593261719,266.0909118652344,256.8636474609375,263.1363525390625,243.6702423095703,8890588
2015-10-19,263.0909118652344,263.5454406738281,259.6363525390625,261.0909118652344,241.7761688232422,5806930
2015-10-20,260.4545593261719,263.18182373046875,258.4545593261719,260.18182373046875,240.93431091308594,8710318
2015-10-21,259.5909118652344,261.68182373046875,253.4545440673828,257.0,237.98782348632812,5616168
2015-10-23,259.9545593261719,262.7272644042969,258.7727355957031,260.2272644042969,240.9763641357422,8208290
2015-10-26,261.5909118652344,263.4090881347656,257.9545593261719,259.4090881347656,240.21871948242188,6085533
2015-10-27,258.18182373046875,259.9090881347656,256.4545593261719,257.9090881347656,238.8296661376953,6090339
2015-10-28,254.5454559326172,255.18182373046875,244.63636779785156,246.5454559326172,228.3067169189453,15503186
2015-10-29,247.5454559326172,249.36363220214844,245.77272033691406,246.77272033691406,228.5171356201172,9035266
2015-10-30,247.5,254.22726440429688,245.90908813476562,251.81817626953125,233.18934631347656,27623495
2015-11-02,251.81817626953125,255.72726440429688,250.63636779785156,254.13636779785156,235.33604431152344,11398428
2015-11-03,254.90908813476562,257.0,252.90908813476562,254.0454559326172,235.25186157226562,9079788
2015-11-04,255.40908813476562,255.40908813476562,247.72726440429688,248.5,230.1166534423828,7389933
2015-11-05,247.27272033691406,248.63636779785156,244.31817626953125,245.5,227.3385772705078,11422504
2015-11-06,245.36363220214844,245.36363220214844,240.68182373046875,242.81817626953125,224.8551483154297,12121540
2015-11-09,235.72726440429688,240.90908813476562,232.72726440429688,239.22726440429688,221.52987670898438,13448248
2015-11-10,237.72726440429688,242.18182373046875,236.77272033691406,238.90908813476562,221.23524475097656,8652695
2015-11-13,236.68182373046875,239.09091186523438,235.4545440673828,237.9545440673828,220.35130310058594,10160904
2015-11-16,237.27272033691406,243.9545440673828,236.0,242.9545440673828,224.98143005371094,8992376
2015-11-17,247.0,247.59091186523438,240.9545440673828,243.5,225.48655700683594,17959700
2015-11-18,242.72726440429688,243.86363220214844,235.90908813476562,236.77272033691406,219.2569122314453,9500657
2015-11-19,239.09091186523438,243.63636779785156,238.72726440429688,242.18182373046875,224.26588439941406,9618626
2015-11-20,240.5454559326172,245.68182373046875,239.5454559326172,240.86363220214844,223.04519653320312,9819811
2015-11-23,241.81817626953125,243.40908813476562,233.90908813476562,241.77272033691406,223.8870391845703,12735592
2015-11-24,239.40908813476562,241.27272033691406,236.0454559326172,239.40908813476562,221.69827270507812,11775700
2015-11-26,239.31817626953125,243.36363220214844,239.31817626953125,240.0,222.2454833984375,13255344
2015-11-27,241.59091186523438,246.36363220214844,240.36363220214844,245.5,227.3385772705078,11608418
2015-11-30,243.81817626953125,252.27272033691406,243.81817626953125,248.68182373046875,230.2850341796875,16528998
2015-12-01,250.0454559326172,251.59091186523438,248.4545440673828,249.0,230.57965087890625,6603705
2015-12-02,249.59091186523438,250.36363220214844,244.13636779785156,245.81817626953125,227.63319396972656,7161062
2015-12-03,244.22726440429688,245.5,241.0,241.63636779785156,223.76077270507812,8549273
2015-12-04,239.13636779785156,240.0,237.09091186523438,237.68182373046875,220.0987548828125,9085607
2015-12-07,240.27272033691406,240.5,237.81817626953125,239.13636779785156,221.4457244873047,5522740
2015-12-08,237.9545440673828,238.63636779785156,236.0454559326172,237.68182373046875,220.0987548828125,11624224
2015-12-09,237.09091186523438,238.13636779785156,234.90908813476562,235.86363220214844,218.41510009765625,8129762
2015-12-10,237.13636779785156,238.09091186523438,232.72726440429688,235.40908813476562,217.99415588378906,11053207
2015-12-11,236.86363220214844,237.36363220214844,224.68182373046875,226.63636779785156,209.8704376220703,18851171
2015-12-14,224.81817626953125,229.0454559326172,222.72726440429688,226.36363220214844,209.61788940429688,13279719
2015-12-15,225.36363220214844,225.36363220214844,220.9545440673828,224.0,207.42910766601562,13675557
2015-12-16,224.77272033691406,230.4545440673828,221.5,229.13636779785156,212.1854705810547,18885293
2015-12-17,230.86363220214844,232.09091186523438,227.36363220214844,230.13636779785156,213.11151123046875,17692297
2015-12-18,229.18182373046875,230.0,227.13636779785156,227.36363220214844,210.54388427734375,14450734
2015-12-21,227.36363220214844,235.90908813476562,227.27272033691406,234.72726440429688,217.36276245117188,14307700
2015-12-22,233.18182373046875,239.5454559326172,233.13636779785156,235.9545440673828,218.499267578125,21342967
2015-12-23,236.0,239.0454559326172,235.5454559326172,238.0454559326172,220.43548583984375,11533960
2015-12-24,239.09091186523438,239.63636779785156,233.90908813476562,234.5,217.15231323242188,6097366
2015-12-28,236.40908813476562,240.90908813476562,236.36363220214844,240.0454559326172,222.2875518798828,12041784
2015-12-29,240.0,242.27272033691406,237.72726440429688,240.68182373046875,222.87684631347656,9054719
2015-12-30,239.31817626953125,240.40908813476562,237.9545440673828,238.5,220.8563995361328,10025565
2015-12-31,238.27272033691406,239.86363220214844,236.5,237.59091186523438,220.01458740234375,8546444
2016-01-01,237.5454559326172,239.63636779785156,234.5454559326172,239.09091186523438,221.40362548828125,5998096
2016-01-04,237.27272033691406,237.59091186523438,231.5,232.31817626953125,215.13192749023438,9435792
2016-01-05,232.9545440673828,234.09091186523438,228.81817626953125,233.36363220214844,216.1000213623047,8966977
2016-01-06,232.18182373046875,233.40908813476562,226.5454559326172,227.36363220214844,210.54388427734375,17416181
2016-01-07,224.0,225.18182373046875,221.0,224.31817626953125,207.72372436523438,18240712
2016-01-08,222.27272033691406,225.27272033691406,221.31817626953125,222.77272033691406,206.29261779785156,14404391
2016-01-11,219.90908813476562,221.72726440429688,216.40908813476562,217.68182373046875,201.57833862304688,14208668
2016-01-12,219.09091186523438,219.86363220214844,214.18182373046875,215.22726440429688,199.30535888671875,11895899
2016-01-13,216.18182373046875,220.81817626953125,210.09091186523438,217.72726440429688,201.6204071044922,18215710
2016-01-14,212.90908813476562,218.0,210.72726440429688,214.31817626953125,198.46351623535156,14600781
2016-01-15,214.18182373046875,214.81817626953125,201.59091186523438,204.0454559326172,188.95071411132812,22333902
2016-01-18,203.81817626953125,207.90908813476562,198.0,202.81817626953125,187.81423950195312,30239009
2016-01-19,204.22726440429688,210.22726440429688,204.22726440429688,207.9545440673828,192.5706329345703,16222439
2016-01-20,204.4545440673828,207.18182373046875,200.09091186523438,204.0,188.90866088867188,14353478
2016-01-21,207.72726440429688,212.27272033691406,203.81817626953125,205.72726440429688,190.50811767578125,15665863
2016-01-22,211.4545440673828,213.5454559326172,208.90908813476562,211.59091186523438,195.93798828125,15148522
2016-01-25,214.5,216.81817626953125,212.90908813476562,214.59091186523438,198.71607971191406,17137268
2016-01-27,216.36363220214844,217.5454559326172,213.36363220214844,215.72726440429688,199.76834106445312,12155561
2016-01-28,216.86363220214844,217.77272033691406,210.22726440429688,212.0,196.31683349609375,24258166
2016-01-29,199.09091186523438,213.0,199.09091186523438,209.22726440429688,193.74920654296875,47755494
2016-02-01,206.36363220214844,206.68182373046875,196.27272033691406,197.4545440673828,182.84738159179688,40395715
2016-02-02,198.18182373046875,199.72726440429688,190.63636779785156,191.27272033691406,177.12289428710938,31821419
2016-02-03,188.18182373046875,189.81817626953125,184.13636779785156,185.5,171.7772216796875,23592288
2016-02-04,187.63636779785156,187.63636779785156,182.27272033691406,185.40908813476562,171.6930389404297,30869158
2016-02-05,186.81817626953125,191.81817626953125,185.09091186523438,190.36363220214844,176.2810516357422,36189377
2016-02-08,191.81817626953125,195.90908813476562,187.40908813476562,189.59091186523438,175.56552124023438,19366081
2016-02-09,185.4545440673828,192.27272033691406,182.5,190.36363220214844,176.2810516357422,20906682
2016-02-10,184.63636779785156,190.4545440673828,183.63636779785156,188.40908813476562,174.47108459472656,22742128
2016-02-11,185.22726440429688,188.13636779785156,180.0,181.13636779785156,167.73638916015625,31817116
2016-02-12,178.72726440429688,180.36363220214844,173.18182373046875,175.9545440673828,162.9379119873047,41775526
2016-02-15,176.27272033691406,188.4545440673828,176.27272033691406,185.0,171.31419372558594,34130349
2016-02-16,188.18182373046875,188.18182373046875,177.72726440429688,178.72726440429688,165.5054931640625,20895952
2016-02-17,178.63636779785156,179.22726440429688,171.68182373046875,173.40908813476562,160.58078002929688,28792115
2016-02-18,175.90908813476562,180.90908813476562,175.63636779785156,178.31817626953125,165.12667846679688,32260277
2016-02-19,178.0,183.13636779785156,177.5,180.72726440429688,167.35755920410156,17617480
2016-02-22,179.5454559326172,183.0,178.59091186523438,180.40908813476562,167.06289672851562,17567788
2016-02-23,181.27272033691406,181.27272033691406,172.9545440673828,174.5454559326172,161.633056640625,20001984
2016-02-24,171.81817626953125,173.81817626953125,168.9545440673828,170.0,157.42385864257812,20654961
2016-02-25,170.63636779785156,171.81817626953125,165.0454559326172,166.36363220214844,154.0565185546875,38340699
2016-02-26,167.5454559326172,169.0454559326172,164.31817626953125,168.0,155.5718231201172,24687792
2016-02-29,168.0,178.09091186523438,165.18182373046875,172.77272033691406,159.99147033691406,43510436
2016-03-01,177.5,187.68182373046875,177.5,186.31817626953125,172.5348663330078,27223692
2016-03-02,192.4545440673828,201.27272033691406,191.90908813476562,200.0,185.2045440673828,40766551
2016-03-03,198.72726440429688,200.27272033691406,194.72726440429688,198.18182373046875,183.5208740234375,22903720
2016-03-04,201.59091186523438,204.0,199.13636779785156,200.4545440673828,185.62545776367188,24493722
2016-03-08,199.9545440673828,199.9545440673828,194.81817626953125,197.13636779785156,182.5527801513672,18883002
2016-03-09,193.4545440673828,198.09091186523438,190.9545440673828,196.68182373046875,182.1318359375,17300650
2016-03-10,198.18182373046875,198.9545440673828,195.09091186523438,195.90908813476562,181.416259765625,13551255
2016-03-11,193.9545440673828,198.68182373046875,193.27272033691406,194.40908813476562,180.02725219726562,14879621
2016-03-14,199.09091186523438,202.5454559326172,198.77272033691406,201.5,186.5935821533203,16726756
2016-03-15,202.5454559326172,204.40908813476562,200.4545440673828,201.22726440429688,186.34103393554688,13475557
2016-03-16,199.90908813476562,206.72726440429688,198.68182373046875,205.81817626953125,190.59226989746094,17144832
2016-03-17,209.09091186523438,214.77272033691406,204.5,207.0454559326172,191.7288055419922,32391146
2016-03-18,207.4545440673828,210.40908813476562,205.59091186523438,209.27272033691406,193.7913055419922,18370981
2016-03-21,210.5,214.18182373046875,210.40908813476562,213.5,197.70584106445312,14818419
2016-03-22,213.27272033691406,213.27272033691406,209.63636779785156,212.36363220214844,196.65353393554688,12269251
2016-03-23,210.40908813476562,213.63636779785156,209.81817626953125,212.90908813476562,197.15866088867188,16987529
2016-03-28,212.72726440429688,212.72726440429688,203.5454559326172,204.9545440673828,189.7925567626953,20214214
2016-03-29,203.0,206.31817626953125,202.18182373046875,203.09091186523438,188.0668182373047,20447782
2016-03-30,207.72726440429688,217.27272033691406,206.18182373046875,215.90908813476562,199.93673706054688,23016348
2016-03-31,216.5454559326172,219.40908813476562,212.4545440673828,215.13636779785156,199.22116088867188,30614104
2016-04-01,214.5454559326172,217.68182373046875,211.5454559326172,216.63636779785156,200.61016845703125,15677352
2016-04-04,218.40908813476562,219.13636779785156,213.31817626953125,217.0454559326172,200.989013671875,16716587
2016-04-05,214.90908813476562,215.90908813476562,204.5454559326172,205.09091186523438,189.9188690185547,26547328
2016-04-06,206.63636779785156,207.27272033691406,200.09091186523438,202.31817626953125,187.35122680664062,19185947
2016-04-07,202.5454559326172,203.86363220214844,199.22726440429688,200.27272033691406,185.4570770263672,17724531
2016-04-08,200.5,203.4545440673828,199.59091186523438,201.13636779785156,186.25682067871094,9986871
2016-04-11,202.0,204.72726440429688,199.18182373046875,204.27272033691406,189.16119384765625,19813955
2016-04-12,203.90908813476562,209.90908813476562,203.4545440673828,207.9545440673828,192.5706329345703,20594261
2016-04-13,211.90908813476562,222.0,211.86363220214844,218.77272033691406,202.58851623535156,26283492
2016-04-18,221.36363220214844,221.77272033691406,213.27272033691406,215.59091186523438,199.64210510253906,17531597
2016-04-20,217.36363220214844,217.81817626953125,212.81817626953125,216.40908813476562,200.3997344970703,18650423
2016-04-21,223.86363220214844,234.36363220214844,223.86363220214844,230.0454559326172,213.02731323242188,36699098
2016-04-22,232.9545440673828,233.63636779785156,227.4545440673828,229.09091186523438,212.1433868408203,25884500
2016-04-25,230.09091186523438,232.13636779785156,228.31817626953125,229.9545440673828,212.94313049316406,18121694
2016-04-26,228.0454559326172,231.5454559326172,224.09091186523438,230.9545440673828,213.86915588378906,30185498
2016-04-27,228.09091186523438,228.18182373046875,221.13636779785156,222.36363220214844,205.9137725830078,36932788
2016-04-28,223.09091186523438,225.4545440673828,217.27272033691406,218.27272033691406,202.12550354003906,41386507
2016-04-29,218.86363220214844,222.18182373046875,210.27272033691406,215.40908813476562,199.47369384765625,71191415
2016-05-02,206.63636779785156,209.5454559326172,204.90908813476562,206.13636779785156,190.88694763183594,36440547
2016-05-03,205.22726440429688,209.09091186523438,200.0,201.0,186.13058471679688,29305611
2016-05-04,198.59091186523438,200.72726440429688,194.0454559326172,194.9545440673828,180.5323486328125,36781786
2016-05-05,194.81817626953125,199.90908813476562,194.31817626953125,195.13636779785156,180.70074462890625,27512684
2016-05-06,194.5454559326172,200.22726440429688,193.81817626953125,198.72726440429688,184.02597045898438,22266141
2016-05-09,199.63636779785156,205.4545440673828,199.18182373046875,204.81817626953125,189.66629028320312,19006901
2016-05-10,204.90908813476562,206.81817626953125,202.36363220214844,205.0,189.83465576171875,22357177
2016-05-11,200.0,205.9545440673828,198.81817626953125,203.59091186523438,188.52980041503906,32481385
2016-05-12,207.72726440429688,211.72726440429688,207.5,210.72726440429688,195.1382293701172,23932051
2016-05-13,209.5,209.5,203.09091186523438,205.90908813476562,190.67652893066406,23963285
2016-05-16,207.0,207.0,197.90908813476562,203.40908813476562,188.36143493652344,21535308
2016-05-17,204.86363220214844,206.81817626953125,202.0454559326172,205.40908813476562,190.21348571777344,18859442
2016-05-18,202.72726440429688,206.77272033691406,201.63636779785156,205.86363220214844,190.6343994140625,17541869
2016-05-19,205.86363220214844,207.72726440429688,203.81817626953125,205.0454559326172,189.87673950195312,16422069
2016-05-20,205.0,205.72726440429688,199.63636779785156,200.09091186523438,185.2887420654297,14666521
2016-05-23,201.90908813476562,203.5454559326172,200.31817626953125,201.0,186.13058471679688,14239474
2016-05-24,202.36363220214844,204.72726440429688,201.4545440673828,204.13636779785156,189.034912109375,10907585
2016-05-25,206.31817626953125,214.18182373046875,206.0,213.63636779785156,197.83213806152344,20767970
2016-05-26,214.4545440673828,220.90908813476562,211.81817626953125,219.22726440429688,203.0094451904297,33650773
2016-05-27,217.27272033691406,225.63636779785156,216.4545440673828,221.0454559326172,204.693115234375,26582685
2016-05-30,221.13636779785156,224.18182373046875,217.09091186523438,222.27272033691406,205.82958984375,15860236
2016-05-31,225.86363220214844,226.36363220214844,219.36363220214844,222.40908813476562,205.95587158203125,18249239
2016-06-01,221.72726440429688,223.13636779785156,217.36363220214844,218.22726440429688,202.08340454101562,11862710
2016-06-02,217.36363220214844,220.36363220214844,216.0,219.40908813476562,203.17782592773438,15349530
2016-06-03,220.81817626953125,224.0,220.0,221.59091186523438,205.19822692871094,16566716
2016-06-06,221.27272033691406,223.63636779785156,220.0,221.36363220214844,204.9877166748047,11592082
2016-06-07,223.18182373046875,231.68182373046875,222.4545440673828,231.0,213.91127014160156,25311345
2016-06-08,232.0,237.4545440673828,229.81817626953125,234.22726440429688,216.89976501464844,25139392
2016-06-09,233.63636779785156,235.68182373046875,230.18182373046875,231.40908813476562,214.29010009765625,13787240
2016-06-10,230.0,234.22726440429688,228.63636779785156,229.63636779785156,212.6484832763672,13236448
2016-06-13,225.81817626953125,225.81817626953125,220.40908813476562,221.59091186523438,205.19822692871094,14297870
2016-06-14,224.5454559326172,224.9545440673828,222.09091186523438,222.68182373046875,206.20843505859375,11988708
2016-06-15,223.18182373046875,226.5454559326172,219.63636779785156,225.40908813476562,208.73394775390625,15761615
2016-06-16,221.5454559326172,221.5454559326172,216.40908813476562,217.31817626953125,205.38319396972656,17042021
2016-06-17,219.5,220.18182373046875,213.77272033691406,216.77272033691406,204.86770629882812,15150943
2016-06-20,212.40908813476562,217.68182373046875,212.40908813476562,216.4545440673828,204.56703186035156,17780316
2016-06-21,218.40908813476562,219.09091186523438,214.77272033691406,216.22726440429688,204.35220336914062,12191664
2016-06-22,215.5454559326172,220.31817626953125,214.36363220214844,217.27272033691406,205.34024047851562,13478056
2016-06-23,217.31817626953125,219.5,214.59091186523438,219.0,206.97268676757812,7979235
2016-06-24,208.18182373046875,211.72726440429688,201.0,209.9545440673828,198.42396545410156,33755632
2016-06-27,208.4545440673828,213.09091186523438,208.4545440673828,211.5454559326172,199.92750549316406,13172968
2016-06-28,209.63636779785156,212.90908813476562,209.09091186523438,211.9545440673828,200.31411743164062,11302737
2016-06-29,214.4545440673828,216.63636779785156,212.9545440673828,215.13636779785156,203.3212127685547,7959976
2016-06-30,217.72726440429688,220.72726440429688,217.5454559326172,218.68182373046875,206.67196655273438,16851065
2016-07-01,219.72726440429688,220.59091186523438,217.77272033691406,218.5,206.5001220703125,9108853
2016-07-04,221.0,226.31817626953125,219.90908813476562,225.59091186523438,213.20159912109375,10389222
2016-07-05,228.0,228.27272033691406,222.31817626953125,222.81817626953125,210.58114624023438,10375132
2016-07-07,222.72726440429688,224.59091186523438,221.81817626953125,222.59091186523438,210.36636352539062,8365966
2016-07-08,222.27272033691406,222.27272033691406,217.77272033691406,219.9545440673828,207.87477111816406,7658211
2016-07-11,224.18182373046875,227.90908813476562,224.18182373046875,227.13636779785156,214.66217041015625,9682385
2016-07-12,228.72726440429688,238.36363220214844,227.9545440673828,237.90908813476562,224.84326171875,28558549
2016-07-13,240.22726440429688,243.36363220214844,235.5454559326172,237.40908813476562,224.3707275390625,28248930
2016-07-14,237.27272033691406,245.09091186523438,236.0454559326172,244.18182373046875,230.77149963378906,14269365
2016-07-15,245.0,245.31817626953125,239.4545440673828,241.59091186523438,228.32290649414062,11510449
2016-07-18,241.63636779785156,246.59091186523438,238.68182373046875,239.4545440673828,226.30384826660156,14310274
2016-07-19,240.90908813476562,245.90908813476562,239.31817626953125,244.68182373046875,231.2440643310547,14880049
2016-07-20,242.72726440429688,243.81817626953125,241.31817626953125,243.18182373046875,229.82643127441406,7892214
2016-07-21,242.63636779785156,244.5454559326172,237.5454559326172,238.09091186523438,225.01512145996094,12060367
2016-07-22,238.5,240.36363220214844,235.31817626953125,239.5,226.34678649902344,8537587
2016-07-25,238.09091186523438,246.31817626953125,237.0454559326172,244.22726440429688,230.814453125,11311554
2016-07-26,244.0454559326172,245.0,236.4545440673828,237.86363220214844,224.80032348632812,11896758
2016-07-27,238.90908813476562,248.90908813476562,238.90908813476562,246.0,232.48983764648438,26003949
2016-07-28,246.27272033691406,249.09091186523438,245.86363220214844,247.27272033691406,233.69264221191406,9781546
2016-07-29,245.5,246.68182373046875,238.22726440429688,239.0,225.87428283691406,21115025
2016-08-01,232.63636779785156,237.5454559326172,225.63636779785156,226.81817626953125,214.36148071289062,42583051
2016-08-02,226.77272033691406,226.77272033691406,222.72726440429688,223.0,210.7529754638672,20758831
2016-08-03,222.4545440673828,224.77272033691406,218.68182373046875,220.09091186523438,208.00363159179688,17910406
2016-08-04,222.59091186523438,222.77272033691406,215.13636779785156,218.5,206.5001220703125,29931529
2016-08-05,221.90908813476562,226.0454559326172,221.90908813476562,223.59091186523438,211.31146240234375,16307350
2016-08-08,223.72726440429688,225.18182373046875,222.31817626953125,222.9545440673828,210.71002197265625,11906856
2016-08-09,223.09091186523438,225.90908813476562,222.27272033691406,223.0454559326172,210.7959442138672,12642014
2016-08-10,223.63636779785156,224.13636779785156,216.5,217.59091186523438,205.64097595214844,12527824
2016-08-11,218.18182373046875,221.22726440429688,215.9545440673828,220.63636779785156,208.5191650390625,9477854
2016-08-12,221.36363220214844,225.09091186523438,219.27272033691406,223.59091186523438,211.31146240234375,11727486
2016-08-16,223.63636779785156,226.77272033691406,221.68182373046875,225.9545440673828,213.54525756835938,13111524
2016-08-17,225.5454559326172,228.72726440429688,222.90908813476562,225.09091186523438,212.72906494140625,12875115
2016-08-18,225.31817626953125,230.72726440429688,225.22726440429688,229.90908813476562,217.28262329101562,20725328
2016-08-19,230.0,232.4545440673828,228.68182373046875,230.81817626953125,218.14178466796875,14519513
2016-08-22,231.13636779785156,231.77272033691406,226.09091186523438,229.31817626953125,216.72418212890625,9076842
2016-08-23,227.68182373046875,229.09091186523438,226.13636779785156,227.4545440673828,214.962890625,10995821
2016-08-24,227.4545440673828,228.81817626953125,225.31817626953125,225.86363220214844,213.45933532714844,9228359
2016-08-25,225.40908813476562,227.4545440673828,223.72726440429688,224.5,212.17062377929688,14901359
2016-08-26,225.63636779785156,226.18182373046875,221.09091186523438,223.0,210.7529754638672,11490424
2016-08-29,222.72726440429688,229.68182373046875,222.36363220214844,227.72726440429688,215.2206268310547,9206563
2016-08-30,229.09091186523438,233.5454559326172,229.09091186523438,232.9545440673828,220.1608123779297,15251016
2016-08-31,233.72726440429688,237.13636779785156,233.63636779785156,234.5454559326172,221.66436767578125,16906022
2016-09-01,235.22726440429688,240.0,235.22726440429688,237.22726440429688,224.1988983154297,18098850
2016-09-02,238.63636779785156,240.27272033691406,236.59091186523438,237.5454559326172,224.49961853027344,8034006
2016-09-06,238.81817626953125,249.0,238.81817626953125,247.90908813476562,234.29408264160156,23274042
2016-09-07,249.09091186523438,257.9545593261719,247.40908813476562,252.86363220214844,238.97650146484375,35379184
2016-09-08,253.27272033691406,255.18182373046875,250.5,251.22726440429688,237.43002319335938,13116475
2016-09-09,249.59091186523438,250.90908813476562,245.5454559326172,249.18182373046875,235.49691772460938,16649877
2016-09-12,242.72726440429688,244.9545440673828,238.81817626953125,243.81817626953125,230.42784118652344,20617372
2016-09-14,242.4545440673828,248.90908813476562,242.13636779785156,246.77272033691406,233.22010803222656,16807794
2016-09-15,247.0,248.86363220214844,243.81817626953125,246.0,232.48983764648438,12135372
2016-09-16,247.0454559326172,250.5454559326172,242.09091186523438,243.0454559326172,229.6975555419922,32955498
2016-09-19,243.63636779785156,247.63636779785156,243.4545440673828,246.90908813476562,233.34901428222656,15144399
2016-09-20,247.18182373046875,249.27272033691406,244.86363220214844,247.36363220214844,233.77857971191406,11030397
2016-09-21,248.0,248.18182373046875,242.68182373046875,245.36363220214844,231.88841247558594,12736748
2016-09-22,250.90908813476562,252.63636779785156,247.5454559326172,250.4545440673828,236.6997528076172,14886284
2016-09-23,250.72726440429688,250.77272033691406,245.36363220214844,246.59091186523438,233.0482940673828,17977571
2016-09-26,244.09091186523438,244.27272033691406,238.0,238.68182373046875,225.5735626220703,15868805
2016-09-27,239.59091186523438,240.27272033691406,235.4545440673828,236.36363220214844,223.38270568847656,17356843
2016-09-28,236.72726440429688,238.59091186523438,235.5,237.0454559326172,224.0270538330078,17881785
2016-09-29,239.09091186523438,239.5454559326172,221.18182373046875,227.59091186523438,215.09176635742188,48140661
2016-09-30,225.5,230.27272033691406,224.5,229.22726440429688,216.63827514648438,15104920
2016-10-03,228.18182373046875,233.5454559326172,227.36363220214844,232.86363220214844,220.07492065429688,18062317
2016-10-04,233.5,236.31817626953125,231.72726440429688,234.72726440429688,221.836181640625,16201324
2016-10-05,236.31817626953125,236.90908813476562,231.4545440673828,232.22726440429688,219.4735107421875,16039581
2016-10-06,233.63636779785156,233.68182373046875,226.5454559326172,228.40908813476562,215.864990234375,13854468
2016-10-07,228.09091186523438,230.81817626953125,225.63636779785156,227.81817626953125,215.30653381347656,10506728
2016-10-10,229.0,230.18182373046875,226.5,227.36363220214844,214.87696838378906,6611211
2016-10-13,225.27272033691406,225.81817626953125,217.36363220214844,219.22726440429688,207.1874542236328,20736801
2016-10-14,219.27272033691406,220.90908813476562,217.90908813476562,219.77272033691406,207.7029571533203,10761830
2016-10-17,223.63636779785156,236.27272033691406,223.22726440429688,235.22726440429688,222.3087615966797,69082439
2016-10-18,235.9545440673828,246.72726440429688,235.90908813476562,245.77272033691406,232.27505493164062,41861705
2016-10-19,246.68182373046875,247.0,239.31817626953125,240.9545440673828,227.7214813232422,19968759
2016-10-20,242.86363220214844,253.5454559326172,242.86363220214844,252.36363220214844,238.50399780273438,36280178
2016-10-21,251.13636779785156,254.59091186523438,249.18182373046875,252.18182373046875,238.33216857910156,26362877
2016-10-24,253.77272033691406,260.4090881347656,253.77272033691406,258.68182373046875,244.4751739501953,22219428
2016-10-25,262.9090881347656,265.0909118652344,258.7272644042969,262.9545593261719,248.51327514648438,25090671
2016-10-26,258.5909118652344,258.5909118652344,251.81817626953125,253.09091186523438,239.19131469726562,30017739
2016-10-27,252.18182373046875,259.0909118652344,250.0,258.4545593261719,244.26040649414062,19868027
2016-10-28,256.3636474609375,256.81817626953125,250.5,251.68182373046875,237.85960388183594,18314125
2016-11-01,254.0454559326172,254.31817626953125,249.5454559326172,250.31817626953125,236.57086181640625,11675305
2016-11-02,245.4545440673828,248.40908813476562,244.31817626953125,247.18182373046875,233.60675048828125,15140657
2016-11-03,247.27272033691406,251.27272033691406,244.0,245.22726440429688,231.75955200195312,12484687
2016-11-04,247.18182373046875,247.72726440429688,241.22726440429688,245.27272033691406,231.80252075195312,16361493
2016-11-07,250.72726440429688,255.63636779785156,247.72726440429688,253.36363220214844,239.44908142089844,18741014
2016-11-08,259.81817626953125,261.31817626953125,252.9545440673828,257.4545593261719,243.31532287597656,35153751
2016-11-09,231.72726440429688,258.8636474609375,222.72726440429688,255.86363220214844,241.81178283691406,51055067
2016-11-10,262.2727355957031,271.2727355957031,260.6363525390625,266.0,251.39144897460938,29137485
2016-11-11,261.1363525390625,267.5,249.5454559326172,251.27272033691406,237.47299194335938,33036653
2016-11-15,251.81817626953125,255.27272033691406,241.9545440673828,245.22726440429688,231.75955200195312,37961485
2016-11-16,251.4545440673828,252.90908813476562,240.18182373046875,242.0,228.70950317382812,26473183
2016-11-17,243.59091186523438,246.0454559326172,240.0,243.31817626953125,229.95529174804688,14654093
2016-11-18,244.0454559326172,244.5454559326172,238.4545440673828,240.5454559326172,227.33486938476562,9983933
2016-11-21,242.0,242.72726440429688,231.68182373046875,237.4545440673828,224.41371154785156,21625818
2016-11-22,240.90908813476562,242.36363220214844,235.72726440429688,238.81817626953125,225.7024383544922,23906788
2016-11-23,240.09091186523438,241.68182373046875,236.81817626953125,240.86363220214844,227.63555908203125,17154845
2016-11-24,239.81817626953125,239.81817626953125,234.5454559326172,235.72726440429688,222.78128051757812,22563160
2016-11-25,238.5454559326172,238.5454559326172,233.68182373046875,236.4545440673828,223.4686279296875,16611698
2016-11-28,233.31817626953125,233.31817626953125,230.4545440673828,232.09091186523438,219.34461975097656,32939718
2016-11-29,232.27272033691406,235.81817626953125,231.18182373046875,232.22726440429688,219.4735107421875,32329662
2016-11-30,234.0454559326172,242.27272033691406,232.68182373046875,241.40908813476562,228.15106201171875,20731093
2016-12-01,242.0454559326172,243.63636779785156,234.31817626953125,235.59091186523438,222.6524200439453,15792045
2016-12-02,234.5454559326172,240.5454559326172,232.59091186523438,235.90908813476562,222.953125,12275345
2016-12-05,236.0,237.63636779785156,234.36363220214844,237.13636779785156,224.11300659179688,8305074
2016-12-06,238.40908813476562,238.77272033691406,235.9545440673828,237.27272033691406,224.24185180664062,8335181
2016-12-07,238.90908813476562,240.36363220214844,228.18182373046875,235.18182373046875,222.26577758789062,13635680
2016-12-08,236.86363220214844,239.4545440673828,234.90908813476562,238.86363220214844,225.7454071044922,11336250
2016-12-09,239.9545440673828,245.27272033691406,239.09091186523438,244.0454559326172,230.64263916015625,17533272
2016-12-12,243.18182373046875,243.90908813476562,239.86363220214844,240.77272033691406,227.54962158203125,7515935
2016-12-13,239.4545440673828,241.22726440429688,238.63636779785156,240.36363220214844,227.1630096435547,10265621
2016-12-14,240.4545440673828,240.63636779785156,236.36363220214844,236.86363220214844,223.85525512695312,14369017
2016-12-15,235.18182373046875,237.90908813476562,234.31817626953125,236.63636779785156,223.64044189453125,24089601
2016-12-16,236.36363220214844,236.36363220214844,231.68182373046875,232.36363220214844,219.60235595703125,24984316
2016-12-19,232.18182373046875,235.40908813476562,231.59091186523438,233.72726440429688,220.89108276367188,7417692
2016-12-20,233.36363220214844,233.36363220214844,227.5,228.72726440429688,216.1656951904297,11590031
2016-12-21,230.0,232.13636779785156,228.36363220214844,230.22726440429688,217.5833740234375,7685724
2016-12-22,229.72726440429688,231.63636779785156,227.86363220214844,229.9545440673828,217.32557678222656,8951470
2016-12-23,229.9545440673828,231.59091186523438,227.40908813476562,228.9545440673828,216.38050842285156,6932571
2016-12-26,229.31817626953125,229.5,224.63636779785156,225.59091186523438,213.20159912109375,6767153
2016-12-27,226.36363220214844,231.22726440429688,224.27272033691406,230.5,217.84112548828125,9094498
2016-12-28,230.90908813476562,231.63636779785156,228.22726440429688,228.86363220214844,216.29458618164062,9176829
2016-12-29,229.18182373046875,230.0,227.31817626953125,228.27272033691406,215.73611450195312,6379633
2016-12-30,229.09091186523438,234.09091186523438,228.5,232.09091186523438,219.34461975097656,11565801
2017-01-02,233.0,233.0,225.5454559326172,229.0454559326172,216.46640014648438,10404350
2017-01-03,229.18182373046875,232.18182373046875,226.63636779785156,231.27272033691406,218.57135009765625,10236706
2017-01-04,231.13636779785156,232.5,227.63636779785156,228.27272033691406,215.73611450195312,6901181
2017-01-05,230.18182373046875,235.0,229.27272033691406,233.86363220214844,221.02000427246094,13830668
2017-01-06,234.77272033691406,237.63636779785156,233.81817626953125,234.68182373046875,221.79324340820312,9055143
2017-01-09,234.4545440673828,236.22726440429688,232.72726440429688,235.18182373046875,222.26577758789062,7875294
2017-01-10,236.36363220214844,238.09091186523438,234.81817626953125,236.5454559326172,223.55453491210938,14784040
2017-01-11,238.63636779785156,243.72726440429688,237.81817626953125,240.63636779785156,227.42079162597656,19565679
2017-01-12,242.36363220214844,245.0,241.31817626953125,243.9545440673828,230.5567169189453,11711279
2017-01-13,245.4545440673828,245.4545440673828,240.72726440429688,243.68182373046875,230.29896545410156,7810375
2017-01-16,243.09091186523438,246.22726440429688,240.72726440429688,244.81817626953125,231.3729248046875,8863676
2017-01-17,245.0,246.81817626953125,241.36363220214844,244.0,230.5996856689453,6968061
2017-01-18,243.09091186523438,247.36363220214844,242.5,244.0454559326172,230.64263916015625,10085606
2017-01-19,244.36363220214844,246.09091186523438,242.0,245.18182373046875,231.71658325195312,8605687
2017-01-20,242.72726440429688,243.59091186523438,238.68182373046875,239.5,226.34678649902344,12207059
2017-01-23,238.0,238.0,231.9545440673828,234.13636779785156,221.2777557373047,43793368
2017-01-24,235.0454559326172,235.0454559326172,232.40908813476562,233.77272033691406,220.93406677246094,26520047
2017-01-25,235.4545440673828,237.09091186523438,232.36363220214844,236.31817626953125,223.33975219726562,41078083
2017-01-27,239.13636779785156,249.09091186523438,237.0,247.27272033691406,233.69264221191406,89433645
2017-01-30,248.18182373046875,250.5454559326172,245.18182373046875,246.18182373046875,232.66165161132812,17037472
2017-01-31,244.36363220214844,249.09091186523438,242.22726440429688,244.5,231.0722198486328,20535165
2017-02-01,241.68182373046875,257.7272644042969,238.90908813476562,255.4545440673828,241.42514038085938,44647342
2017-02-02,256.3636474609375,261.3636474609375,255.0454559326172,259.81817626953125,245.54916381835938,28910922
2017-02-03,259.0454406738281,259.0454406738281,253.4545440673828,255.9545440673828,241.897705078125,20058936
2017-02-06,257.7727355957031,265.68182373046875,257.7727355957031,263.9090881347656,249.41537475585938,22521926
2017-02-07,261.81817626953125,266.0909118652344,259.3636474609375,261.9090881347656,247.5252227783203,12829302
2017-02-08,261.81817626953125,262.2727355957031,257.0,259.81817626953125,245.54916381835938,16662978
2017-02-09,260.5454406738281,262.5,253.27272033691406,259.0909118652344,244.86181640625,16631183
2017-02-10,259.6363525390625,260.1363525390625,254.63636779785156,256.0,241.94064331054688,16771421
2017-02-13,256.81817626953125,258.2727355957031,254.13636779785156,256.0454406738281,241.9835968017578,13144434
2017-02-14,257.2727355957031,259.9090881347656,255.72726440429688,258.7727355957031,244.56112670898438,12889195
2017-02-15,259.2727355957031,260.3636474609375,253.27272033691406,255.22726440429688,241.2103729248047,14420745
2017-02-16,255.72726440429688,255.86363220214844,248.0454559326172,253.4545440673828,239.5349884033203,20257845
2017-02-17,254.27272033691406,260.0909118652344,250.77272033691406,257.2727355957031,243.14346313476562,28496342
2017-02-20,257.31817626953125,260.1363525390625,255.5454559326172,256.68182373046875,242.5850067138672,9947581
2017-02-21,257.2727355957031,259.81817626953125,255.63636779785156,258.9090881347656,244.68995666503906,11288626
2017-02-22,261.7272644042969,261.7272644042969,255.59091186523438,260.1363525390625,245.84983825683594,30787289
2017-02-23,258.81817626953125,262.5,256.4090881347656,258.6363525390625,244.4322052001953,25499159
2017-02-27,259.0909118652344,259.5909118652344,251.90908813476562,253.5,239.57794189453125,15037984
2017-02-28,253.59091186523438,254.63636779785156,250.63636779785156,251.22726440429688,237.43002319335938,18179839
2017-03-01,252.36363220214844,255.40908813476562,252.0454559326172,253.72726440429688,239.79270935058594,19983162
2017-03-02,256.4090881347656,258.6363525390625,251.81817626953125,253.31817626953125,239.40609741210938,20040929
2017-03-03,253.27272033691406,253.5454559326172,250.0454559326172,250.86363220214844,237.08636474609375,9256168
2017-03-06,250.86363220214844,253.9545440673828,250.4545440673828,251.59091186523438,237.773681640625,12565060
2017-03-07,251.81817626953125,253.86363220214844,250.0,250.90908813476562,237.1293182373047,9116307
2017-03-08,251.09091186523438,251.40908813476562,247.36363220214844,249.4545440673828,235.75466918945312,12969749
2017-03-09,249.09091186523438,250.86363220214844,247.81817626953125,248.63636779785156,234.98143005371094,11647809
2017-03-10,250.13636779785156,251.36363220214844,244.90908813476562,245.9545440673828,232.44686889648438,15749231
2017-03-14,255.5454559326172,262.0,255.5454559326172,261.1363525390625,246.79489135742188,43486006
2017-03-15,259.9090881347656,260.9090881347656,258.2727355957031,259.2272644042969,244.99066162109375,13414846
2017-03-16,260.5,261.31817626953125,256.7727355957031,258.6363525390625,244.4322052001953,10712223
2017-03-17,260.0909118652344,260.6363525390625,254.22726440429688,255.09091186523438,241.08148193359375,25016303
2017-03-20,254.27272033691406,254.27272033691406,249.09091186523438,250.0454559326172,236.3131103515625,12153226
2017-03-21,250.90908813476562,251.63636779785156,246.4545440673828,247.31817626953125,233.7356414794922,16304076
2017-03-22,243.5454559326172,244.31817626953125,240.4545440673828,240.90908813476562,227.6785125732422,24534011
2017-03-23,242.27272033691406,243.86363220214844,240.72726440429688,242.68182373046875,229.35391235351562,13209523
2017-03-24,245.13636779785156,251.68182373046875,245.13636779785156,249.77272033691406,236.05535888671875,19227304
2017-03-27,254.5454559326172,254.5454559326172,247.4545440673828,248.31817626953125,234.6807098388672,12341637
2017-03-28,251.81817626953125,252.31817626953125,250.09091186523438,251.81817626953125,237.9884796142578,13884032
2017-03-29,253.59091186523438,257.0909118652344,251.5,256.5454406738281,242.4561309814453,18910842
2017-03-30,255.68182373046875,257.5,254.31817626953125,255.77272033691406,241.72584533691406,16543030
2017-03-31,254.86363220214844,257.18182373046875,250.63636779785156,251.68182373046875,237.85960388183594,19741901
2017-04-03,253.4545440673828,261.2727355957031,251.68182373046875,260.6363525390625,246.32237243652344,20449617
2017-04-05,260.4545593261719,260.4545593261719,257.18182373046875,258.9545593261719,244.7329559326172,10569529
2017-04-06,256.2727355957031,257.9090881347656,253.86363220214844,255.31817626953125,241.2962646484375,17014957
2017-04-07,254.63636779785156,257.2727355957031,250.68182373046875,252.13636779785156,238.28919982910156,18994042
2017-04-10,253.09091186523438,253.63636779785156,251.0,252.40908813476562,238.5469512939453,10395338
2017-04-11,253.0,258.4090881347656,251.59091186523438,257.8636474609375,243.70193481445312,13734771
2017-04-12,258.0,259.9545593261719,252.86363220214844,255.27272033691406,241.25331115722656,18252914
2017-04-13,254.81817626953125,259.81817626953125,254.0,257.0909118652344,242.97164916992188,15178825
2017-04-17,257.2727355957031,259.7272644042969,255.0,256.7272644042969,242.62794494628906,8250861
2017-04-18,257.6363525390625,265.0909118652344,256.8636474609375,257.6363525390625,243.48712158203125,19072022
2017-04-19,257.6363525390625,259.0909118652344,253.5,255.0454559326172,241.03851318359375,15189575
2017-04-20,249.9545440673828,251.13636779785156,247.09091186523438,247.9545440673828,234.33705139160156,31912290
2017-04-21,247.86363220214844,248.90908813476562,242.72726440429688,244.68182373046875,231.2440643310547,18165879
2017-04-24,245.27272033691406,246.68182373046875,241.09091186523438,244.22726440429688,230.814453125,24418208
2017-04-25,247.27272033691406,248.4545440673828,245.4545440673828,247.72726440429688,234.1222381591797,13685114
2017-04-26,249.09091186523438,252.68182373046875,248.18182373046875,251.72726440429688,237.90255737304688,15205419
2017-04-27,251.77272033691406,251.86363220214844,248.5,249.22726440429688,235.5398712158203,14909618
2017-04-28,248.63636779785156,254.0,248.09091186523438,253.18182373046875,239.2772674560547,9367499
2017-05-02,254.72726440429688,255.31817626953125,250.0,250.5454559326172,236.78565979003906,16780204
2017-05-03,250.81817626953125,251.86363220214844,246.59091186523438,247.9545440673828,234.33705139160156,24205196
2017-05-04,265.0909118652344,272.5,258.0454406738281,270.7272644042969,255.85906982421875,122120948
2017-05-05,272.7272644042969,274.31817626953125,267.68182373046875,271.4090881347656,256.5034484863281,48189321
2017-05-08,272.7272644042969,280.1363525390625,272.7272644042969,275.4090881347656,260.2838134765625,30347849
2017-05-09,276.6363525390625,277.5909118652344,271.2727355957031,273.2727355957031,258.2647399902344,15194182
2017-05-10,273.7272644042969,275.1363525390625,270.31817626953125,271.5,256.5893859863281,15054831
2017-05-11,274.2727355957031,275.0,272.31817626953125,272.9090881347656,257.92108154296875,10261128
2017-05-12,272.7272644042969,273.2272644042969,266.6363525390625,269.5909118652344,254.78515625,16605029
2017-05-15,272.2727355957031,275.9090881347656,271.0909118652344,274.3636474609375,259.2957763671875,17095696
2017-05-16,275.31817626953125,278.0909118652344,273.68182373046875,275.1363525390625,260.0260314941406,19569431
2017-05-17,277.81817626953125,282.0,276.81817626953125,281.5909118652344,266.12615966796875,23363685
2017-05-18,277.0,284.4090881347656,277.0,279.9545593261719,264.5796203613281,27753950
2017-05-19,279.9090881347656,284.0,276.0909118652344,279.1363525390625,263.8063659667969,16728969
2017-05-22,281.4090881347656,283.2272644042969,274.7272644042969,276.2272644042969,261.0570373535156,14850717
2017-05-23,275.5909118652344,281.5909118652344,275.2727355957031,278.2272644042969,262.94720458984375,29771017
2017-05-24,278.9090881347656,281.5,275.7272644042969,278.81817626953125,263.50567626953125,20506719
2017-05-25,278.5,290.7727355957031,278.18182373046875,288.81817626953125,272.9564514160156,41775676
2017-05-26,288.18182373046875,293.6363525390625,286.8636474609375,292.31817626953125,276.2642517089844,21336089
2017-05-29,290.2272644042969,291.2727355957031,285.2727355957031,286.2727355957031,270.5508117675781,11266657
2017-05-30,286.2272644042969,295.0,285.8636474609375,292.18182373046875,276.1353759765625,15573191
2017-05-31,293.6363525390625,297.6363525390625,289.68182373046875,296.7727355957031,280.4741516113281,128437479
2017-06-01,295.9090881347656,296.0454406738281,287.9545593261719,291.0,275.01849365234375,19883562
2017-06-02,292.7272644042969,293.5909118652344,286.9545593261719,289.2272644042969,273.34307861328125,13469524
2017-06-05,289.5454406738281,292.4090881347656,289.2272644042969,290.68182373046875,274.7177734375,9831353
2017-06-06,291.4090881347656,291.8636474609375,288.81817626953125,289.9545593261719,274.03045654296875,10757211
2017-06-07,291.8636474609375,296.31817626953125,291.5909118652344,295.18182373046875,278.97064208984375,15076040
2017-06-08,296.2727355957031,297.2727355957031,290.4545593261719,291.0909118652344,275.1044006347656,20130322
2017-06-09,289.9545593261719,293.7272644042969,287.3636474609375,292.8636474609375,276.7797546386719,10190305
2017-06-12,290.9090881347656,291.5454406738281,286.2272644042969,287.0454406738281,271.28106689453125,10376913
2017-06-13,286.4090881347656,289.7272644042969,285.3636474609375,286.2272644042969,270.50787353515625,9305516
2017-06-14,290.0909118652344,293.0909118652344,286.7272644042969,290.0454406738281,274.11639404296875,22264301
2017-06-15,290.0,290.3636474609375,287.0,287.9545593261719,272.1402587890625,11206355
2017-06-16,289.5,290.2272644042969,286.9545593261719,287.7272644042969,271.9255065917969,23228635
2017-06-19,289.0909118652344,292.4545593261719,288.2272644042969,291.4545593261719,275.4480895996094,10719809
2017-06-20,290.75,295.3999938964844,288.0,292.45001220703125,278.56103515625,16849368
2017-06-21,292.0,292.6499938964844,289.54998779296875,291.1000061035156,277.275146484375,7142413
2017-06-22,291.5,293.3500061035156,288.25,289.6000061035156,275.84637451171875,9180870
2017-06-23,289.54998779296875,293.54998779296875,284.6000061035156,291.8500061035156,277.9895324707031,14937649
2017-06-27,293.0,293.1000061035156,283.45001220703125,287.8999938964844,274.22711181640625,18053262
2017-06-28,288.75,293.29998779296875,288.75,290.3500061035156,276.5607604980469,17157094
2017-06-29,291.5,296.8999938964844,290.1000061035156,293.25,279.322998046875,34774280
2017-06-30,292.0,292.0,287.5,290.1499938964844,276.3702392578125,12435467
2017-07-03,291.3999938964844,292.25,288.75,290.04998779296875,276.2749938964844,6106230
2017-07-04,292.3999938964844,292.79998779296875,288.6000061035156,289.5,275.7511291503906,8335899
2017-07-05,290.0,293.75,288.5,292.8500061035156,278.9420166015625,6958589
2017-07-06,294.0,295.1000061035156,292.3500061035156,293.75,279.79931640625,9967582
2017-07-07,293.5,293.5,289.20001220703125,289.70001220703125,275.9416198730469,8477468
2017-07-10,291.0,293.25,290.0,291.45001220703125,277.6085205078125,1114874
2017-07-11,292.54998779296875,292.95001220703125,288.70001220703125,289.6499938964844,275.89398193359375,10893055
2017-07-12,289.70001220703125,294.6000061035156,288.6000061035156,292.3500061035156,278.46575927734375,8091465
2017-07-13,295.6000061035156,299.5,295.04998779296875,297.8999938964844,283.75213623046875,13747313
2017-07-14,299.3999938964844,299.3999938964844,294.5,298.25,284.0855712890625,6196683
2017-07-17,300.0,304.54998779296875,298.79998779296875,303.5,289.0862121582031,12506474
2017-07-18,301.75,306.0,301.5,303.8999938964844,289.4671936035156,11772154
2017-07-19,303.0,304.8999938964844,301.3999938964844,302.25,287.8956298828125,10780451
2017-07-20,302.0,303.8500061035156,299.75,300.6000061035156,286.323974609375,8458004
2017-07-21,299.5,303.8999938964844,296.20001220703125,302.04998779296875,287.7051086425781,9705981
2017-07-24,302.20001220703125,306.6000061035156,301.6000061035156,303.04998779296875,288.6575927734375,15604131
2017-07-25,306.79998779296875,306.79998779296875,301.79998779296875,304.1499938964844,289.7053527832031,18129742
2017-07-26,306.79998779296875,311.0,304.54998779296875,310.3500061035156,295.6109313964844,26050717
2017-07-27,314.45001220703125,314.45001220703125,305.3500061035156,307.20001220703125,292.6105041503906,28535869
2017-07-28,304.0,304.0,293.8500061035156,296.1499938964844,282.0853271484375,30571846
2017-07-31,298.8500061035156,306.45001220703125,296.25,302.6000061035156,288.22900390625,21526493
2017-08-01,303.8999938964844,305.20001220703125,301.3999938964844,302.6000061035156,288.22900390625,10722862
2017-08-02,302.20001220703125,304.45001220703125,299.70001220703125,301.8500061035156,287.51458740234375,8348096
2017-08-03,301.3500061035156,301.5,294.54998779296875,295.70001220703125,281.6566467285156,14389817
2017-08-04,295.0,297.5,293.8999938964844,296.25,282.1805114746094,10099985
2017-08-07,297.25,303.0,296.70001220703125,300.1499938964844,285.89532470703125,11870705
2017-08-08,299.79998779296875,301.54998779296875,293.8500061035156,295.5,281.4661865234375,10288608
2017-08-09,294.3999938964844,294.3999938964844,289.8500061035156,290.6000061035156,276.7988586425781,12959158
2017-08-10,289.0,293.3999938964844,261.54998779296875,288.75,275.0367431640625,17225844
2017-08-11,283.95001220703125,289.6499938964844,280.29998779296875,286.95001220703125,273.322265625,17211539
2017-08-14,287.54998779296875,292.8500061035156,287.54998779296875,291.79998779296875,277.94189453125,8428420
2017-08-16,291.70001220703125,295.79998779296875,287.29998779296875,294.95001220703125,280.94232177734375,8605873
2017-08-17,297.8500061035156,297.8500061035156,291.29998779296875,293.1499938964844,279.227783203125,8168684
2017-08-18,292.0,294.3500061035156,290.79998779296875,293.1499938964844,279.227783203125,6700778
2017-08-21,295.25,299.75,292.25,293.5,279.5611267089844,10623264
2017-08-22,297.0,297.3500061035156,292.1499938964844,293.95001220703125,279.9897766113281,7549155
2017-08-23,296.0,299.20001220703125,295.29998779296875,298.6000061035156,284.41900634765625,9142592
2017-08-24,300.0,300.1499938964844,296.6499938964844,297.70001220703125,283.56170654296875,12766567
2017-08-28,299.70001220703125,302.25,298.1000061035156,300.8999938964844,286.6097412109375,8827300
2017-08-29,300.0,302.79998779296875,298.1000061035156,299.5,285.27618408203125,12737088
2017-08-30,301.79998779296875,302.29998779296875,299.3999938964844,300.29998779296875,286.0382080078125,8552010
2017-08-31,300.8999938964844,300.8999938964844,297.0,298.04998779296875,283.8950500488281,14865124
2017-09-01,299.70001220703125,299.70001220703125,297.1499938964844,298.29998779296875,284.1331787109375,7472688
2017-09-04,299.8999938964844,300.0,294.5,297.1000061035156,282.9902038574219,6244661
2017-09-05,296.70001220703125,299.0,296.70001220703125,297.6000061035156,283.4664306640625,7683590
2017-09-06,294.8999938964844,296.0,294.29998779296875,295.3500061035156,281.3233642578125,4854030
2017-09-07,295.54998779296875,298.5,292.1000061035156,292.6499938964844,278.7514953613281,15630577
2017-09-08,294.79998779296875,294.79998779296875,290.04998779296875,292.0,278.1324157714844,8077662
2017-09-11,293.0,293.70001220703125,289.04998779296875,290.79998779296875,276.9894104003906,7639794
2017-09-12,292.6499938964844,293.3999938964844,290.5,291.20001220703125,277.37042236328125,8497603
2017-09-13,292.1000061035156,293.25,291.20001220703125,292.0,278.1324157714844,8297426
2017-09-14,291.70001220703125,295.6000061035156,291.70001220703125,293.70001220703125,279.7516784667969,12267908
2017-09-15,294.45001220703125,295.54998779296875,290.95001220703125,291.6000061035156,277.75140380859375,22632513
2017-09-18,293.8999938964844,294.3999938964844,292.1499938964844,293.0,279.0849304199219,11181986
2017-09-19,291.8999938964844,295.5,289.6000061035156,294.6499938964844,280.6565246582031,7558625
2017-09-20,292.0,292.8500061035156,289.6000061035156,290.54998779296875,276.7512512207031,14617079
2017-09-21,289.45001220703125,290.3999938964844,283.6499938964844,284.95001220703125,271.417236328125,14496834
2017-09-22,283.6000061035156,283.95001220703125,275.75,277.1000061035156,263.9400329589844,23451953
2017-09-25,278.95001220703125,280.70001220703125,275.54998779296875,279.5,266.22601318359375,13358067
2017-09-26,279.5,284.0,276.75,282.75,269.3216857910156,11325047
2017-09-27,284.75,284.75,275.3999938964844,276.3999938964844,263.27325439453125,17853590
2017-09-28,275.95001220703125,277.79998779296875,269.1499938964844,275.95001220703125,262.8446350097656,32223724
2017-09-29,277.45001220703125,281.6499938964844,275.75,276.6000061035156,263.46380615234375,9980756
2017-10-03,279.5,280.70001220703125,275.1499938964844,278.3999938964844,265.1782531738281,6752832
2017-10-04,279.25,279.3999938964844,275.1000061035156,276.1000061035156,262.9875183105469,7417758
2017-10-05,276.0,277.3999938964844,271.1000061035156,271.79998779296875,258.8916931152344,10975305
2017-10-06,272.1499938964844,274.45001220703125,270.54998779296875,271.95001220703125,259.03466796875,25447787
2017-10-09,273.3500061035156,276.29998779296875,271.25,271.75,258.8441162109375,20478222
2017-10-10,271.8500061035156,273.0,269.1499938964844,269.79998779296875,256.9867248535156,18594444
2017-10-11,271.1000061035156,272.0,266.20001220703125,267.6000061035156,254.89120483398438,12687990
2017-10-12,267.6000061035156,267.95001220703125,264.04998779296875,267.54998779296875,254.8435821533203,11831125
2017-10-13,267.6000061035156,274.6499938964844,267.6000061035156,271.29998779296875,258.4154357910156,14402254
2017-10-16,274.6000061035156,276.0,270.3500061035156,274.25,261.225341796875,12848154
2017-10-17,274.75,276.54998779296875,273.20001220703125,273.8999938964844,260.8919982910156,9183764
2017-10-18,268.3999938964844,268.3999938964844,262.25,263.1499938964844,250.6525421142578,30669948
2017-10-19,259.6000061035156,261.0,256.6000061035156,257.8500061035156,245.60423278808594,3822821
2017-10-23,258.3500061035156,264.45001220703125,256.5,262.54998779296875,250.08102416992188,22939775
2017-10-24,263.25,268.1499938964844,255.0,266.54998779296875,253.89105224609375,15126641
2017-10-25,293.20001220703125,310.79998779296875,284.3500061035156,305.70001220703125,291.1817626953125,123615362
2017-10-26,299.79998779296875,314.6499938964844,295.0,299.25,285.0380554199219,43256025
2017-10-27,291.8999938964844,305.45001220703125,285.5,301.1499938964844,286.8478088378906,36889009
2017-10-30,298.6000061035156,308.45001220703125,295.25,300.54998779296875,286.27630615234375,38047961
2017-10-31,300.25,303.25,298.29998779296875,300.1000061035156,285.84771728515625,19050731
2017-11-01,303.0,318.95001220703125,302.3999938964844,313.3999938964844,298.51605224609375,38829935
2017-11-02,313.45001220703125,320.3999938964844,311.3999938964844,316.6499938964844,301.6116943359375,27736221
2017-11-03,317.79998779296875,318.6499938964844,314.04998779296875,315.8999938964844,300.8973693847656,14258432
2017-11-06,314.79998779296875,320.25,311.6499938964844,316.1000061035156,301.08782958984375,16349376
2017-11-07,317.1000061035156,317.95001220703125,309.3500061035156,312.45001220703125,297.6111755371094,12752869
2017-11-08,312.0,314.0,303.8999938964844,305.5,290.9912414550781,11942186
2017-11-09,306.79998779296875,314.79998779296875,306.79998779296875,311.29998779296875,296.51580810546875,12716330
2017-11-10,312.5,324.20001220703125,311.04998779296875,318.5,303.3738708496094,21000915
2017-11-13,317.0,321.79998779296875,313.0,314.25,299.3257141113281,13679015
2017-11-14,313.29998779296875,317.1000061035156,309.79998779296875,314.1000061035156,299.1828308105469,12362405
2017-11-15,312.95001220703125,319.6000061035156,312.6499938964844,315.5,300.5163269042969,14408468
2017-11-16,316.1499938964844,320.0,316.0,318.95001220703125,303.802490234375,8983382
2017-11-17,324.0,332.3500061035156,323.79998779296875,325.1000061035156,309.660400390625,20440466
2017-11-20,323.3500061035156,323.8999938964844,317.20001220703125,318.54998779296875,303.42144775390625,13606336
2017-11-21,318.75,322.20001220703125,317.54998779296875,319.8999938964844,304.70733642578125,13102056
2017-11-22,319.3999938964844,322.1000061035156,318.04998779296875,318.8999938964844,303.7548828125,9342622
2017-11-23,319.75,320.5,315.20001220703125,319.45001220703125,304.27874755859375,9998609
2017-11-24,319.8999938964844,321.04998779296875,315.95001220703125,317.20001220703125,302.1356506347656,7867381
2017-11-27,315.04998779296875,318.6000061035156,313.5,317.0,301.9451599121094,9334428
2017-11-28,313.1000061035156,315.3500061035156,311.75,313.20001220703125,298.3255920410156,13929413
2017-11-29,312.6000061035156,316.29998779296875,312.29998779296875,314.8500061035156,299.897216796875,12384876
2017-11-30,314.95001220703125,315.79998779296875,306.25,307.54998779296875,292.94390869140625,23832543
2017-12-01,309.70001220703125,309.95001220703125,304.3999938964844,305.25,290.75311279296875,6602231
2017-12-04,307.25,307.5,302.29998779296875,304.25,289.8006591796875,8763567
2017-12-05,304.79998779296875,307.6000061035156,303.70001220703125,305.25,290.75311279296875,8219441
2017-12-06,303.79998779296875,305.0,298.1499938964844,299.5,285.27618408203125,6751957
2017-12-07,301.5,306.75,300.20001220703125,305.79998779296875,291.2769775390625,7414305
2017-12-08,307.25,311.8999938964844,307.0,310.75,295.9919128417969,10732806
2017-12-11,311.0,312.25,308.25,311.45001220703125,296.65869140625,6829121
2017-12-12,312.04998779296875,312.3500061035156,306.29998779296875,307.6000061035156,292.99151611328125,11995276
2017-12-13,308.0,308.3999938964844,300.20001220703125,302.95001220703125,288.5623474121094,14805881
2017-12-14,303.8500061035156,306.0,301.3500061035156,304.3500061035156,289.8958740234375,11140346
2017-12-15,310.3999938964844,310.70001220703125,302.54998779296875,303.1499938964844,288.7528991699219,23227021
2017-12-18,298.0,312.29998779296875,287.0,308.8999938964844,294.22979736328125,16300443
2017-12-19,309.20001220703125,314.79998779296875,308.5,313.70001220703125,298.8018798828125,13135113
2017-12-20,314.1000061035156,317.8500061035156,311.5,315.79998779296875,300.8020935058594,14003657
2017-12-21,315.3999938964844,316.54998779296875,312.1000061035156,315.45001220703125,300.46875,9705688
2017-12-22,315.0,319.20001220703125,313.79998779296875,316.6000061035156,301.5640869140625,7628532
2017-12-26,316.25,319.0,313.20001220703125,318.1499938964844,303.04046630859375,7632721
2017-12-27,315.95001220703125,317.8999938964844,312.1000061035156,312.79998779296875,297.944580078125,6354635
2017-12-28,312.79998779296875,319.20001220703125,310.5,315.29998779296875,300.3258361816406,22689602
2017-12-29,313.8999938964844,315.75,312.5,314.0,299.0875549316406,9637881
2018-01-01,314.0,314.0,309.1000061035156,310.29998779296875,295.56329345703125,7739502
2018-01-02,310.95001220703125,311.70001220703125,307.5,309.70001220703125,294.9918212890625,7046560
2018-01-03,312.5,316.3500061035156,312.5,315.0,300.0401306152344,8898342
2018-01-04,314.95001220703125,315.6499938964844,311.5,314.70001220703125,299.75433349609375,6385367
2018-01-05,314.45001220703125,315.1499938964844,311.6000061035156,312.8999938964844,298.0398254394531,6366054
2018-01-08,313.5,318.20001220703125,312.6000061035156,314.1499938964844,299.23046875,7329648
2018-01-09,314.79998779296875,315.79998779296875,310.75,312.6000061035156,297.75408935546875,9190909
2018-01-10,312.54998779296875,312.95001220703125,310.54998779296875,312.0,297.1825256347656,6736971
2018-01-11,312.5,312.5,308.54998779296875,309.5,294.80126953125,8366713
2018-01-12,309.6000061035156,318.79998779296875,309.6000061035156,317.70001220703125,302.61181640625,11699345
2018-01-15,320.79998779296875,330.70001220703125,320.25,329.29998779296875,313.66094970703125,30242005
2018-01-16,329.75,340.75,326.54998779296875,334.1000061035156,318.2330322265625,26707100
2018-01-17,334.04998779296875,344.20001220703125,334.04998779296875,343.25,326.94842529296875,43305353
2018-01-18,350.0,353.20001220703125,343.0,346.1499938964844,329.7107238769531,31504669
2018-01-19,347.45001220703125,355.0,340.79998779296875,353.6000061035156,336.8069152832031,18812611
2018-01-22,352.3999938964844,352.8999938964844,344.79998779296875,351.5,334.806640625,15269782
2018-01-23,350.45001220703125,364.45001220703125,350.45001220703125,362.29998779296875,345.0937194824219,22485663
2018-01-24,357.75,359.20001220703125,351.79998779296875,352.75,335.997314453125,12815095
2018-01-25,352.5,364.79998779296875,350.70001220703125,360.79998779296875,343.6649475097656,30183655
2018-01-29,360.0,365.70001220703125,355.6000061035156,357.6499938964844,340.6645812988281,17855095
2018-01-30,356.79998779296875,356.79998779296875,350.5,353.25,336.4735107421875,13358981
2018-01-31,348.8500061035156,353.95001220703125,343.6000061035156,352.95001220703125,336.187744140625,22638319
2018-02-01,347.54998779296875,355.8999938964844,343.79998779296875,346.20001220703125,329.7583312988281,29472295
2018-02-02,342.54998779296875,343.70001220703125,333.70001220703125,335.1000061035156,319.1855163574219,16957983
2018-02-05,327.6000061035156,334.25,327.04998779296875,329.70001220703125,314.0419616699219,17339547
2018-02-06,315.25,337.95001220703125,313.0,330.70001220703125,314.9945068359375,18491736
2018-02-07,335.3500061035156,336.3999938964844,329.8999938964844,332.54998779296875,316.756591796875,11819190
2018-02-08,332.54998779296875,338.3999938964844,329.5,333.8500061035156,317.9949035644531,10294899
2018-02-09,325.0,328.6499938964844,322.6499938964844,326.75,311.2320251464844,9493398
2018-02-12,328.8500061035156,329.20001220703125,323.25,326.25,310.75579833984375,8356351
2018-02-14,327.0,327.0,316.54998779296875,318.95001220703125,303.802490234375,15189066
2018-02-15,322.1499938964844,331.79998779296875,322.1499938964844,328.6499938964844,313.0417785644531,23779772
2018-02-16,330.3500061035156,334.0,318.79998779296875,321.04998779296875,305.8027648925781,17585994
2018-02-19,329.5,329.6000061035156,315.20001220703125,319.75,304.56451416015625,19044107
2018-02-20,320.5,324.20001220703125,316.29998779296875,317.25,302.1832275390625,16030558
2018-02-21,319.0,320.70001220703125,315.70001220703125,319.20001220703125,304.0406494140625,9974873
2018-02-22,317.0,319.29998779296875,313.95001220703125,318.3500061035156,303.23101806640625,25530698
2018-02-23,319.04998779296875,324.04998779296875,318.3500061035156,322.75,307.4219970703125,7949765
2018-02-26,325.0,327.79998779296875,323.1499938964844,327.04998779296875,311.517822265625,7133735
2018-02-27,327.0,327.04998779296875,319.6499938964844,322.1499938964844,306.85052490234375,9623651
2018-02-28,315.1499938964844,317.0,311.1000061035156,313.25,298.37322998046875,17481687
2018-03-01,312.6499938964844,314.0,304.25,304.95001220703125,290.4673767089844,18986889
2018-03-05,304.45001220703125,306.5,299.29998779296875,303.3500061035156,288.9433288574219,14456193
2018-03-06,307.3999938964844,307.70001220703125,294.20001220703125,295.04998779296875,281.03753662109375,18951451
2018-03-07,293.29998779296875,293.79998779296875,285.3500061035156,286.70001220703125,273.0841369628906,31472773
2018-03-08,290.25,298.0,289.25,296.95001220703125,282.8473205566406,21413552
2018-03-09,299.0,299.5,290.70001220703125,292.70001220703125,278.7991638183594,12489587
2018-03-12,295.6000061035156,301.8999938964844,293.75,300.6499938964844,286.37158203125,12163952
2018-03-13,300.1000061035156,307.0,299.6000061035156,304.3500061035156,289.8958740234375,15966647
2018-03-14,303.1499938964844,307.45001220703125,297.79998779296875,306.04998779296875,291.5151672363281,12964285
2018-03-15,305.75,305.75,300.3999938964844,301.45001220703125,287.13360595703125,13282019
2018-03-16,301.25,301.8500061035156,297.3999938964844,298.1000061035156,283.9427185058594,28835112
2018-03-19,298.1000061035156,300.0,291.25,294.54998779296875,280.5612487792969,13601784
2018-03-20,293.0,297.20001220703125,290.25,292.0,278.1324157714844,10880002
2018-03-21,295.0,295.04998779296875,287.3500061035156,289.20001220703125,275.46539306640625,13618228
2018-03-22,289.5,289.6499938964844,280.8999938964844,283.25,269.7979736328125,24593489
2018-03-23,277.1000061035156,277.8500061035156,273.54998779296875,275.54998779296875,262.4635925292969,31922568
2018-03-26,276.1000061035156,283.1499938964844,275.95001220703125,281.6499938964844,268.27392578125,24618534
2018-03-27,284.5,287.29998779296875,281.3999938964844,283.8999938964844,270.41705322265625,22377328
2018-03-28,283.0,283.29998779296875,277.1000061035156,278.3500061035156,265.1306457519531,27172599
2018-04-02,273.0,273.8500061035156,258.79998779296875,261.8500061035156,249.41427612304688,73359584
2018-04-03,261.3999938964844,271.5,261.3999938964844,270.04998779296875,257.2248229980469,40773239
2018-04-04,267.25,273.29998779296875,265.5,268.6499938964844,255.8913116455078,33486876
2018-04-05,267.79998779296875,280.0,267.70001220703125,278.6499938964844,265.4164123535156,26759108
2018-04-06,278.3999938964844,282.95001220703125,277.0,280.6499938964844,267.3214416503906,31577015
2018-04-09,277.75,283.45001220703125,274.3500061035156,280.8500061035156,267.511962890625,31712527
2018-04-10,279.45001220703125,294.45001220703125,279.04998779296875,288.79998779296875,275.0843505859375,44741783
2018-04-11,287.75,287.8999938964844,282.3500061035156,284.54998779296875,271.03619384765625,16811454
2018-04-12,285.29998779296875,289.8999938964844,283.54998779296875,286.75,273.1316833496094,22954325
2018-04-13,288.0,291.1000061035156,285.79998779296875,288.25,274.5604248046875,17497198
2018-04-16,285.0,288.95001220703125,284.1000061035156,287.6000061035156,273.9413757324219,16874313
2018-04-17,287.6000061035156,293.25,286.79998779296875,291.75,277.8942565917969,15406113
2018-04-18,293.70001220703125,294.8999938964844,289.0,290.04998779296875,276.2749938964844,20755245
2018-04-19,291.0,291.0,287.29998779296875,289.6000061035156,275.84637451171875,17282341
2018-04-20,289.25,290.1499938964844,279.70001220703125,282.1499938964844,268.75018310546875,19745690
2018-04-23,280.0,282.79998779296875,275.25,279.3999938964844,266.1307678222656,11620499
2018-04-24,279.3500061035156,286.6000061035156,279.3500061035156,284.1000061035156,270.6075744628906,15412234
2018-04-25,284.04998779296875,285.6499938964844,276.8500061035156,278.8999938964844,265.6545715332031,7961352
2018-04-26,279.79998779296875,280.3999938964844,275.3500061035156,278.8500061035156,265.6069030761719,14112673
2018-04-27,277.3999938964844,291.70001220703125,276.0,287.8999938964844,274.22711181640625,16488361
2018-04-30,288.95001220703125,291.0,282.29998779296875,284.20001220703125,270.702880859375,9737559
2018-05-02,283.6499938964844,283.75,275.54998779296875,276.8999938964844,263.74951171875,14211445
2018-05-03,277.29998779296875,283.6499938964844,277.29998779296875,281.8999938964844,268.5120849609375,14724116
2018-05-04,280.45001220703125,285.6000061035156,278.3500061035156,282.8500061035156,269.4169921875,11861951
2018-05-07,284.0,293.0,282.8500061035156,289.79998779296875,276.036865234375,19673100
2018-05-08,302.0,314.5,300.0,309.29998779296875,294.61083984375,87176185
2018-05-09,305.0,309.79998779296875,304.25,306.79998779296875,292.2294921875,20140490
2018-05-10,308.45001220703125,312.8999938964844,305.70001220703125,306.8500061035156,292.2771301269531,16239386
2018-05-11,307.95001220703125,311.8500061035156,307.54998779296875,310.95001220703125,296.18243408203125,16671145
2018-05-14,310.0,311.0,305.1499938964844,310.1000061035156,295.372802734375,10425585
2018-05-15,310.70001220703125,317.5,305.04998779296875,308.25,293.6106872558594,16400700
2018-05-16,303.8999938964844,304.8999938964844,295.29998779296875,297.25,283.1330871582031,25515791
2018-05-17,299.0,299.95001220703125,294.04998779296875,296.0,281.94244384765625,10668400
2018-05-18,294.1499938964844,295.29998779296875,284.6000061035156,286.1000061035156,272.5126037597656,17469524
2018-05-21,289.5,293.0,287.75,289.29998779296875,275.56060791015625,23155638
2018-05-22,289.5,293.8500061035156,286.8500061035156,290.29998779296875,276.5131530761719,11284988
2018-05-23,288.8500061035156,298.3999938964844,288.79998779296875,292.04998779296875,278.1800231933594,15887229
2018-05-24,293.70001220703125,299.0,291.20001220703125,297.70001220703125,283.56170654296875,11489424
2018-05-25,298.3999938964844,300.95001220703125,294.6000061035156,295.6499938964844,281.6090393066406,13541580
2018-05-28,293.75,302.29998779296875,293.3500061035156,299.25,285.0380554199219,19063427
2018-05-29,298.75,298.75,288.29998779296875,289.8999938964844,276.1321716308594,12969969
2018-05-30,285.8999938964844,288.1499938964844,282.75,284.8999938964844,271.3695983886719,25142319
2018-05-31,285.0,288.95001220703125,279.29998779296875,285.79998779296875,272.226806640625,23698686
2018-06-01,295.0,299.95001220703125,286.8500061035156,289.29998779296875,275.56060791015625,29675949
2018-06-04,293.29998779296875,293.29998779296875,285.54998779296875,286.75,273.1316833496094,17188567
2018-06-05,288.0,288.0,283.1000061035156,284.1000061035156,270.6075744628906,12376050
2018-06-06,285.70001220703125,286.8999938964844,281.1000061035156,283.8999938964844,270.41705322265625,16873633
2018-06-07,287.5,293.04998779296875,287.1499938964844,290.8999938964844,277.0846252441406,20297969
2018-06-08,290.1000061035156,290.8999938964844,285.5,288.25,274.5604248046875,11340014
2018-06-11,285.3999938964844,290.3500061035156,283.20001220703125,286.3999938964844,272.79840087890625,16876061
2018-06-12,288.54998779296875,289.1499938964844,285.25,287.3999938964844,273.7508239746094,14257648
2018-06-13,289.0,292.8999938964844,286.3999938964844,290.75,276.9417419433594,10927770
2018-06-14,290.8500061035156,290.8500061035156,284.1000061035156,284.75,271.2267150878906,11400592
2018-06-15,287.20001220703125,288.5,280.0,282.5,269.08355712890625,47186222
2018-06-18,284.0,294.20001220703125,283.3999938964844,293.0,279.0849304199219,27792317
2018-06-19,295.5,295.5,288.3500061035156,292.79998779296875,278.8943786621094,27176748
2018-06-20,292.6000061035156,294.6000061035156,291.0,293.20001220703125,279.275390625,20364143
2018-06-21,294.79998779296875,300.3500061035156,294.54998779296875,297.95001220703125,283.7998352050781,30192796
2018-06-22,298.20001220703125,302.70001220703125,295.6499938964844,300.6499938964844,286.37158203125,17490606
2018-06-25,299.79998779296875,300.5,288.79998779296875,289.70001220703125,275.9416198730469,15461874
2018-06-26,287.54998779296875,289.1000061035156,284.70001220703125,288.1000061035156,274.4176330566406,11614686
2018-06-27,287.8999938964844,287.8999938964844,274.0,279.04998779296875,265.7973937988281,25318055
2018-06-28,278.0,278.3999938964844,269.79998779296875,271.3999938964844,258.5107421875,34197884
2018-06-29,272.0,276.0,269.6000061035156,275.3999938964844,262.3207702636719,20930477
2018-07-02,274.0,279.8999938964844,271.0,277.3999938964844,264.2257995605469,69733139
2018-07-03,275.8999938964844,276.79998779296875,272.20001220703125,272.8999938964844,259.9394836425781,14020388
2018-07-04,274.20001220703125,274.8500061035156,271.0,273.25,260.27288818359375,8233522
2018-07-05,273.0,275.5,270.75,271.54998779296875,258.65362548828125,7505990
2018-07-06,271.1000061035156,271.95001220703125,267.04998779296875,270.04998779296875,257.2248229980469,26025797
2018-07-09,273.8999938964844,274.70001220703125,270.0,271.20001220703125,258.3201904296875,18374471
2018-07-10,272.0,275.95001220703125,271.8999938964844,273.3999938964844,260.41571044921875,14450561
2018-07-11,274.54998779296875,274.8999938964844,267.5,268.75,255.98660278320312,12717543
2018-07-12,270.3999938964844,273.70001220703125,269.04998779296875,272.29998779296875,259.36798095703125,15837704
2018-07-13,273.0,273.29998779296875,266.04998779296875,267.75,255.03408813476562,19159840
2018-07-16,265.29998779296875,266.6000061035156,256.5,259.25,246.937744140625,29794402
2018-07-17,260.25,267.5,260.0,266.45001220703125,253.7958221435547,15128995
2018-07-18,266.0,267.3500061035156,261.0,262.70001220703125,250.2239227294922,22908592
2018-07-19,263.95001220703125,264.3500061035156,259.3999938964844,261.20001220703125,248.795166015625,15145144
2018-07-20,261.79998779296875,267.70001220703125,261.79998779296875,265.79998779296875,253.17669677734375,13794388
2018-07-23,265.3500061035156,276.29998779296875,265.3500061035156,275.54998779296875,262.4635925292969,16917863
2018-07-24,273.6499938964844,277.8999938964844,273.3500061035156,274.3500061035156,261.32061767578125,12012225
2018-07-25,273.0,276.6000061035156,272.25,274.6499938964844,261.6063232421875,17947377
2018-07-26,275.0,286.5,273.25,285.6499938964844,272.08392333984375,36630780
2018-07-27,284.8999938964844,295.1499938964844,282.20001220703125,293.20001220703125,279.275390625,30926969
2018-07-30,300.0,308.45001220703125,294.25,307.3500061035156,292.7533874511719,56119080
2018-07-31,304.29998779296875,308.5,302.20001220703125,304.25,289.8006591796875,20824059
2018-08-01,302.6000061035156,305.6499938964844,296.79998779296875,299.29998779296875,285.0857238769531,15581508
2018-08-02,295.0,300.75,294.1000061035156,298.54998779296875,284.37127685546875,14089168
2018-08-03,300.0,306.75,297.54998779296875,305.0,290.5149841308594,14478297
2018-08-06,306.95001220703125,318.0,306.79998779296875,315.1000061035156,300.13531494140625,25849864
2018-08-07,313.95001220703125,318.1499938964844,310.3999938964844,313.1499938964844,298.2779541015625,20751115
2018-08-08,313.0,320.0,308.25,318.70001220703125,303.56439208984375,17916047
2018-08-09,320.25,345.8500061035156,320.25,333.0,317.18524169921875,76423347
2018-08-10,334.04998779296875,340.29998779296875,325.3500061035156,328.6000061035156,312.99420166015625,36321097
2018-08-13,324.0,327.45001220703125,322.0,324.8999938964844,309.46990966796875,15332907
2018-08-14,324.70001220703125,333.5,324.70001220703125,332.45001220703125,316.661376953125,15314006
2018-08-16,329.54998779296875,339.20001220703125,328.75,334.29998779296875,318.4234924316406,37463597
2018-08-17,336.79998779296875,342.20001220703125,335.8500061035156,340.0,323.8528137207031,24090696
2018-08-20,340.0,342.45001220703125,336.70001220703125,338.45001220703125,322.37640380859375,13032778
2018-08-21,338.29998779296875,341.8500061035156,334.04998779296875,338.8500061035156,322.75738525390625,16009673
2018-08-23,336.54998779296875,338.70001220703125,334.75,337.20001220703125,321.185791015625,18867868
2018-08-24,334.3999938964844,335.5,327.29998779296875,330.1499938964844,315.8757629394531,17805968
2018-08-27,331.0,342.29998779296875,330.95001220703125,339.8999938964844,325.20416259765625,28083933
2018-08-28,342.0,343.5,336.29998779296875,338.8999938964844,324.2474365234375,16427306
2018-08-29,336.3500061035156,342.6499938964844,335.79998779296875,340.6499938964844,325.9217529296875,18868248
2018-08-30,339.20001220703125,345.45001220703125,337.70001220703125,344.3500061035156,329.4617919921875,22349447
2018-08-31,343.0,346.79998779296875,338.5,342.6000061035156,327.7874450683594,19809916
2018-09-03,343.6000061035156,344.0,332.54998779296875,334.1499938964844,319.70281982421875,12859450
2018-09-04,334.79998779296875,336.45001220703125,327.25,328.5,314.29705810546875,15470215
2018-09-05,327.0,331.3500061035156,324.6000061035156,329.6499938964844,315.3973083496094,14548867
2018-09-06,330.0,331.25,325.5,328.6499938964844,314.4405517578125,11322771
2018-09-07,327.45001220703125,336.3999938964844,322.45001220703125,335.1000061035156,320.6117248535156,16435004
2018-09-10,331.79998779296875,335.75,330.3999938964844,332.8999938964844,318.5068054199219,16673909
2018-09-11,333.70001220703125,336.70001220703125,325.1000061035156,326.54998779296875,312.4314270019531,13005562
2018-09-12,327.0,327.04998779296875,318.5,322.8999938964844,308.9391784667969,15263406
2018-09-14,327.20001220703125,332.0,324.1499938964844,328.3500061035156,314.153564453125,10736693
2018-09-17,327.29998779296875,327.5,321.3500061035156,325.70001220703125,311.6181640625,7227361
2018-09-18,324.25,328.04998779296875,317.70001220703125,318.8500061035156,305.0643310546875,14825218
2018-09-19,320.0,324.70001220703125,317.0,320.95001220703125,307.0735168457031,15942065
2018-09-21,323.45001220703125,333.70001220703125,308.3500061035156,317.1000061035156,303.3899230957031,34169460
2018-09-24,316.79998779296875,316.79998779296875,305.54998779296875,308.75,295.4009704589844,24382310
2018-09-25,307.0,313.5,300.04998779296875,311.1000061035156,297.6493835449219,30472132
2018-09-26,315.0,315.29998779296875,305.1000061035156,313.1000061035156,299.5628967285156,23224979
2018-09-27,315.6499938964844,316.0,305.29998779296875,306.6499938964844,293.39178466796875,24888615
2018-09-28,309.1000061035156,311.6000061035156,301.79998779296875,305.54998779296875,292.33929443359375,26289107
2018-10-01,306.29998779296875,315.04998779296875,300.54998779296875,314.0,300.42401123046875,21104376
2018-10-03,311.1000061035156,314.5,302.45001220703125,303.70001220703125,290.5693359375,19105555
2018-10-04,299.0,321.25,294.79998779296875,316.5,302.8158264160156,56268976
2018-10-05,314.6499938964844,321.8500061035156,299.3500061035156,307.29998779296875,294.0136413574219,36131946
2018-10-08,307.29998779296875,314.04998779296875,298.6000061035156,310.8500061035156,297.4101867675781,20488368
2018-10-09,311.45001220703125,311.8999938964844,303.0,306.25,293.0090637207031,14852835
2018-10-10,307.1000061035156,322.95001220703125,304.5,319.8500061035156,306.0210266113281,23972064
2018-10-11,310.0,315.45001220703125,304.0,311.70001220703125,298.2234802246094,21691068
2018-10-12,313.8500061035156,324.25,313.6000061035156,319.3999938964844,305.59051513671875,25930022
2018-10-15,316.8999938964844,317.8999938964844,309.54998779296875,313.3500061035156,299.8020935058594,23756416
2018-10-16,313.75,322.95001220703125,313.75,320.6499938964844,306.7864990234375,18042549
2018-10-17,325.1000061035156,328.1499938964844,311.6499938964844,314.79998779296875,301.1893615722656,20203287
2018-10-19,312.8500061035156,321.5,310.20001220703125,315.45001220703125,301.81134033203125,18322589
2018-10-22,320.20001220703125,329.8500061035156,316.1000061035156,327.1000061035156,312.9576416015625,33593953
2018-10-23,323.0,328.6000061035156,318.3500061035156,322.8500061035156,308.891357421875,21509920
2018-10-24,328.75,330.0,316.25,322.0,308.0780944824219,33104174
2018-10-25,318.5,322.04998779296875,311.79998779296875,319.95001220703125,306.1167297363281,26920180
2018-10-26,319.79998779296875,323.3999938964844,313.0,315.6499938964844,302.00262451171875,22952163
2018-10-29,329.0,352.95001220703125,328.29998779296875,349.3999938964844,334.2934265136719,80069836
2018-10-30,347.45001220703125,353.8500061035156,342.8999938964844,345.70001220703125,330.75347900390625,34460428
2018-10-31,345.5,356.54998779296875,342.29998779296875,355.0,339.6513366699219,31233009
2018-11-01,357.0,358.45001220703125,351.1000061035156,353.70001220703125,338.40753173828125,22157128
2018-11-02,354.0,357.79998779296875,351.70001220703125,354.45001220703125,339.1250915527344,26714413
2018-11-05,351.0,351.8500061035156,348.0,349.6499938964844,334.5326232910156,22873951
2018-11-06,348.70001220703125,358.29998779296875,347.6499938964844,353.1000061035156,337.8334655761719,21349153
2018-11-07,356.75,357.0,354.54998779296875,355.8999938964844,340.51239013671875,2074764
2018-11-09,356.8999938964844,358.1000061035156,352.3999938964844,356.8500061035156,341.4213562011719,15130936
2018-11-12,356.0,358.20001220703125,351.5,352.3500061035156,337.1159362792969,10642857
2018-11-13,347.79998779296875,361.95001220703125,347.79998779296875,360.8999938964844,345.29620361328125,17684864
2018-11-14,365.0,369.8999938964844,361.29998779296875,366.6000061035156,350.74981689453125,31774158
2018-11-15,366.1000061035156,374.8999938964844,362.1000061035156,370.0,354.0027770996094,21967798
2018-11-16,370.1000061035156,375.29998779296875,365.54998779296875,367.54998779296875,351.65869140625,29972926
2018-11-19,368.29998779296875,370.70001220703125,360.75,362.3999938964844,346.73138427734375,16002154
2018-11-20,362.0,365.45001220703125,354.6000061035156,357.8999938964844,342.4259033203125,19591217
2018-11-21,356.3500061035156,360.29998779296875,353.04998779296875,356.75,341.3256530761719,29323882
2018-11-22,357.6499938964844,358.5,351.0,352.04998779296875,336.828857421875,12547369
2018-11-26,354.75,357.8500061035156,350.70001220703125,356.3500061035156,340.9429931640625,20673027
2018-11-27,355.75,356.1000061035156,351.6000061035156,354.6499938964844,339.3164978027344,17933339
2018-11-28,356.95001220703125,361.54998779296875,353.25,359.0,343.4783935546875,18163000
2018-11-29,363.0,366.3999938964844,360.20001220703125,362.20001220703125,346.5400390625,38692771
2018-11-30,365.0,365.0,353.79998779296875,355.1499938964844,339.7948303222656,21893877
2018-12-03,358.8999938964844,358.8999938964844,352.1000061035156,355.5,340.12969970703125,23427270
2018-12-04,353.29998779296875,359.1000061035156,353.29998779296875,357.95001220703125,342.4737854003906,18651442
2018-12-05,355.29998779296875,356.3500061035156,350.45001220703125,351.3999938964844,336.2069396972656,12068267
2018-12-06,348.20001220703125,349.95001220703125,343.3500061035156,347.6499938964844,332.61907958984375,17784829
2018-12-07,349.6000061035156,353.0,345.29998779296875,352.20001220703125,336.9724426269531,14979672
2018-12-10,346.5,349.45001220703125,344.25,346.3500061035156,331.37530517578125,14107881
2018-12-11,337.3999938964844,345.0,336.0,342.79998779296875,327.9787902832031,36885929
2018-12-12,342.79998779296875,351.70001220703125,339.3999938964844,349.95001220703125,334.8196716308594,24740214
2018-12-13,352.8999938964844,354.20001220703125,347.6000061035156,349.54998779296875,334.4369201660156,19129928
2018-12-14,349.20001220703125,354.04998779296875,349.1499938964844,351.8999938964844,336.68536376953125,12104234
2018-12-17,352.29998779296875,360.5,352.29998779296875,358.45001220703125,342.9521789550781,18378122
2018-12-18,356.75,362.8999938964844,354.6000061035156,362.25,346.587890625,15405953
2018-12-19,363.0,369.25,361.0,366.5,350.6540832519531,19442031
2018-12-20,363.04998779296875,365.5,361.1499938964844,362.1499938964844,346.4921569824219,12109613
2018-12-21,361.0,363.5,352.0,354.20001220703125,338.8859558105469,13555416
2018-12-24,353.3999938964844,357.1000061035156,351.5,352.75,337.4986267089844,9025217
2018-12-26,350.6499938964844,356.8999938964844,348.1499938964844,355.8500061035156,340.46453857421875,8695108
2018-12-27,359.5,360.75,354.8999938964844,355.6499938964844,340.2732238769531,10122458
2018-12-28,358.29998779296875,362.79998779296875,358.29998779296875,360.75,345.1527099609375,13004606
2018-12-31,362.79998779296875,363.5,359.5,360.1499938964844,344.5786437988281,7314108
2019-01-01,361.5,364.79998779296875,356.3999938964844,363.75,348.02301025390625,7759872
2019-01-02,361.5,367.8999938964844,360.29998779296875,364.6000061035156,348.8362731933594,18243156
2019-01-03,365.0,367.29998779296875,362.04998779296875,363.25,347.54461669921875,12884409
2019-01-04,361.8500061035156,368.79998779296875,358.04998779296875,365.20001220703125,349.41033935546875,22896026
2019-01-07,367.5,371.0,366.54998779296875,367.70001220703125,351.8022155761719,12719847
2019-01-08,367.79998779296875,381.79998779296875,366.6000061035156,380.1499938964844,363.7139587402344,21501136
2019-01-09,381.6499938964844,383.54998779296875,375.6000061035156,382.25,365.7231750488281,21730142
2019-01-10,380.95001220703125,382.1499938964844,376.04998779296875,379.5,363.0920715332031,14497154
2019-01-11,380.6000061035156,381.20001220703125,375.25,378.54998779296875,362.18310546875,12537973
2019-01-14,378.70001220703125,378.70001220703125,372.70001220703125,373.3500061035156,357.2079772949219,14844029
2019-01-15,373.54998779296875,375.3999938964844,370.6000061035156,372.75,356.6338806152344,12960779
2019-01-16,372.04998779296875,379.75,372.04998779296875,375.29998779296875,359.0736389160156,15106484
2019-01-17,376.0,377.95001220703125,372.79998779296875,374.6000061035156,358.4039001464844,13171721
2019-01-18,374.6000061035156,376.3999938964844,370.3500061035156,372.0,355.91632080078125,12212121
2019-01-21,373.0,376.1499938964844,370.6000061035156,371.70001220703125,355.6292724609375,8908581
2019-01-22,370.54998779296875,372.5,366.1000061035156,369.04998779296875,353.0938415527344,14756076
2019-01-23,368.79998779296875,373.70001220703125,366.45001220703125,367.3999938964844,351.51519775390625,9726450
2019-01-24,366.6000061035156,368.5,361.75,364.79998779296875,349.0275573730469,17521254
2019-01-25,362.3500061035156,364.6499938964844,354.54998779296875,357.20001220703125,341.7562255859375,22978238
2019-01-28,353.20001220703125,354.8999938964844,336.6499938964844,343.54998779296875,328.6963806152344,34362360
2019-01-29,342.95001220703125,350.1000061035156,341.3500061035156,346.8500061035156,331.8536682128906,20738442
2019-01-30,351.0,368.6000061035156,351.0,365.8999938964844,350.08001708984375,39400056
2019-01-31,372.70001220703125,376.6499938964844,354.1000061035156,364.45001220703125,348.6927490234375,85917249
2019-02-01,364.5,364.8999938964844,348.75,354.6499938964844,339.3164978027344,25605469
2019-02-04,351.0,356.8999938964844,346.0,354.54998779296875,339.22076416015625,17039321
2019-02-05,354.6000061035156,356.1000061035156,348.8500061035156,352.6499938964844,337.4029235839844,12197271
2019-02-06,353.6000061035156,361.8999938964844,353.20001220703125,359.29998779296875,343.7654113769531,15396216
2019-02-07,359.1000061035156,361.79998779296875,356.5,358.6499938964844,343.14349365234375,10247434
2019-02-08,356.8999938964844,358.3999938964844,350.75,355.1000061035156,339.74700927734375,9308651
2019-02-11,354.6000061035156,354.70001220703125,349.04998779296875,350.04998779296875,334.91534423828125,9419635
2019-02-12,349.0,352.0,343.25,344.29998779296875,329.4139404296875,14924394
2019-02-14,339.8500061035156,346.8500061035156,336.1499938964844,343.95001220703125,329.0791015625,15172596
2019-02-15,344.04998779296875,347.75,340.6000061035156,342.1499938964844,327.3569030761719,20316848
2019-02-18,342.20001220703125,343.0,337.54998779296875,338.75,324.1039123535156,10601490
2019-02-19,339.1000061035156,350.3999938964844,339.1000061035156,343.25,328.40936279296875,14384763
2019-02-20,345.0,347.6000061035156,342.3500061035156,345.20001220703125,330.2750549316406,9474758
2019-02-21,346.79998779296875,354.95001220703125,346.25,351.29998779296875,336.111328125,18631331
2019-02-22,351.3999938964844,354.1000061035156,351.29998779296875,352.04998779296875,336.828857421875,10997730
2019-02-25,353.04998779296875,357.45001220703125,353.04998779296875,355.6000061035156,340.2253723144531,10344411
2019-02-26,350.0,352.70001220703125,346.6000061035156,348.20001220703125,333.14532470703125,18096382
2019-02-27,351.0,354.70001220703125,343.29998779296875,345.54998779296875,330.6098937988281,17325417
2019-02-28,348.45001220703125,351.75,345.0,350.1499938964844,335.0110168457031,18347113
2019-03-01,352.04998779296875,355.0,350.6499938964844,354.25,338.93377685546875,14190221
2019-03-05,355.0,364.1499938964844,352.79998779296875,363.25,347.54461669921875,17638277
2019-03-06,365.25,372.8500061035156,365.25,371.95001220703125,355.86846923828125,31436190
2019-03-07,371.5,374.0,368.5,370.79998779296875,354.7681884765625,15355303
2019-03-08,369.79998779296875,373.3999938964844,367.6499938964844,370.6000061035156,354.5768737792969,16143455
2019-03-11,371.79998779296875,378.3999938964844,370.0,375.8500061035156,359.599853515625,11449587
2019-03-12,378.0,389.0,377.3500061035156,388.20001220703125,371.4159240722656,37108265
2019-03-13,387.8999938964844,393.25,384.29998779296875,391.8999938964844,374.9559326171875,19574619
2019-03-14,392.0,393.0,386.79998779296875,387.8999938964844,371.1288757324219,13182462
2019-03-15,388.8500061035156,398.25,388.1000061035156,395.29998779296875,378.2089538574219,31466545
2019-03-18,396.25,399.8999938964844,393.5,398.04998779296875,380.84002685546875,21220626
2019-03-19,398.3999938964844,400.95001220703125,393.8999938964844,398.3999938964844,381.17486572265625,11670392
2019-03-20,397.6000061035156,398.1499938964844,392.20001220703125,392.8999938964844,375.9126892089844,14181408
2019-03-22,394.45001220703125,396.29998779296875,390.0,391.79998779296875,374.8602294921875,17409249
2019-03-25,387.95001220703125,387.95001220703125,382.5,383.5,366.9190979003906,12345034
2019-03-26,384.95001220703125,395.5,383.3999938964844,394.1000061035156,377.06085205078125,14063632
2019-03-27,395.3999938964844,398.45001220703125,390.1499938964844,393.20001220703125,376.19976806640625,17950017
2019-03-28,392.75,401.8999938964844,392.75,400.54998779296875,383.2319030761719,23117485
2019-04-01,401.45001220703125,409.54998779296875,395.75,398.25,381.0314025878906,16106604
2019-04-02,400.0,400.0,393.45001220703125,397.1499938964844,379.9789123535156,13010810
2019-04-03,399.0,402.79998779296875,390.6499938964844,392.1000061035156,375.14727783203125,12317200
2019-04-04,394.3999938964844,395.70001220703125,387.29998779296875,388.75,371.9421081542969,14521564
2019-04-05,389.25,392.5,385.6000061035156,390.54998779296875,373.664306640625,10853927
2019-04-08,391.45001220703125,391.45001220703125,385.0,387.1000061035156,370.36346435546875,6305407
2019-04-09,387.3999938964844,398.3500061035156,387.1499938964844,397.1499938964844,379.9789123535156,13206348
2019-04-10,395.54998779296875,398.79998779296875,392.70001220703125,394.20001220703125,377.156494140625,14000018
2019-04-11,394.5,394.5,387.54998779296875,390.04998779296875,373.1858825683594,8704774
2019-04-12,390.6000061035156,395.54998779296875,388.25,394.6000061035156,377.5392150878906,7035256
2019-04-15,394.20001220703125,396.95001220703125,391.79998779296875,392.75,375.7691650390625,9770752
2019-04-16,397.5,408.3999938964844,397.5,407.0,389.403076171875,24487788
2019-04-18,411.0,411.0,402.6000061035156,404.3999938964844,386.9154968261719,18660434
2019-04-22,404.25,404.6000061035156,393.70001220703125,394.5,377.4434814453125,10493872
2019-04-23,396.1000061035156,399.95001220703125,393.6000061035156,396.5,379.3570251464844,10203957
2019-04-24,397.1000061035156,402.6499938964844,393.45001220703125,401.1000061035156,383.7581481933594,11397163
2019-04-25,400.8999938964844,402.3999938964844,394.29998779296875,395.3999938964844,378.3045959472656,16524091
2019-04-26,400.0,408.0,394.25,407.20001220703125,389.59442138671875,14286163
2019-04-30,407.75,409.79998779296875,403.29998779296875,407.5,389.8814697265625,19375553
2019-05-02,403.70001220703125,405.0,394.3999938964844,395.54998779296875,378.4481201171875,16572948
2019-05-03,397.1499938964844,405.20001220703125,394.70001220703125,401.79998779296875,384.4278869628906,24431248
2019-05-06,396.5,404.8999938964844,394.6499938964844,401.29998779296875,383.94952392578125,20751521
2019-05-07,398.0,407.3500061035156,384.29998779296875,386.5,369.7894287109375,41519416
2019-05-08,386.29998779296875,390.0,380.1000061035156,382.20001220703125,365.6753234863281,22509400
2019-05-09,380.95001220703125,385.70001220703125,377.54998779296875,381.3999938964844,364.90985107421875,19739885
2019-05-10,383.5,389.20001220703125,382.25,385.1000061035156,368.4499206542969,18361701
2019-05-13,385.0,385.75,375.25,376.29998779296875,360.0304260253906,13828080
2019-05-14,378.1000061035156,386.75,376.5,380.3999938964844,363.9530944824219,21481226
2019-05-15,382.3500061035156,384.5,375.79998779296875,377.04998779296875,360.74798583984375,16183425
2019-05-16,379.0,385.0,377.54998779296875,382.5,365.96234130859375,13430281
2019-05-17,381.20001220703125,392.0,380.75,389.70001220703125,372.85107421875,19096980
2019-05-20,405.25,414.0,402.0,407.70001220703125,390.07281494140625,33350816
2019-05-21,408.6000061035156,410.79998779296875,397.6000061035156,400.1499938964844,382.8492431640625,18286421
2019-05-22,403.0,408.3999938964844,401.54998779296875,405.3500061035156,387.82440185546875,15370847
2019-05-23,414.0,427.95001220703125,407.3999938964844,410.8500061035156,393.0866394042969,43279956
2019-05-24,415.5,433.54998779296875,412.6499938964844,431.75,413.08294677734375,37708344
2019-05-27,432.25,438.79998779296875,429.6499938964844,435.5,416.6708679199219,23397222
2019-05-28,435.04998779296875,439.20001220703125,428.1000061035156,434.29998779296875,415.5227355957031,23389724
2019-05-29,428.6000061035156,430.45001220703125,422.1000061035156,423.29998779296875,404.998291015625,22132254
2019-05-30,420.8500061035156,428.0,419.6000061035156,426.20001220703125,407.7729187011719,18281037
2019-05-31,427.0,430.20001220703125,414.29998779296875,423.70001220703125,405.38104248046875,24644955
2019-06-03,426.0,426.3999938964844,419.6000061035156,422.8999938964844,404.6156005859375,17125380
2019-06-04,417.70001220703125,422.75,417.5,419.1000061035156,400.97991943359375,14514451
2019-06-06,417.3999938964844,417.8500061035156,410.3500061035156,411.54998779296875,393.75634765625,17762399
2019-06-07,413.5,418.95001220703125,407.8999938964844,416.6000061035156,398.5880432128906,14107696
2019-06-10,418.8999938964844,422.75,413.0,416.1000061035156,398.1096496582031,13074522
2019-06-11,418.45001220703125,423.70001220703125,413.04998779296875,421.3500061035156,403.13262939453125,10939138
2019-06-12,422.0,422.0,414.79998779296875,418.0,399.92742919921875,11136959
2019-06-13,416.70001220703125,422.29998779296875,415.29998779296875,419.6000061035156,401.4582824707031,12164077
2019-06-14,420.29998779296875,422.0,416.1000061035156,417.75,399.6882629394531,8601256
2019-06-17,418.95001220703125,419.70001220703125,413.1499938964844,414.20001220703125,396.2917785644531,9539802
2019-06-18,415.45001220703125,426.04998779296875,415.1000061035156,422.1499938964844,403.8980712890625,17761348
2019-06-19,423.75,426.0,417.3500061035156,419.79998779296875,401.6496276855469,17010384
2019-06-20,419.75,434.6499938964844,419.0,433.3999938964844,414.6616516113281,24315929
2019-06-21,434.20001220703125,435.20001220703125,428.8500061035156,430.79998779296875,412.1740417480469,13909654
2019-06-24,431.45001220703125,433.79998779296875,428.20001220703125,429.45001220703125,410.8824157714844,8545999
2019-06-25,427.8999938964844,434.79998779296875,424.6000061035156,433.6499938964844,414.90081787109375,12964387
2019-06-26,432.5,440.0,432.5,438.6499938964844,419.6846618652344,12261068
2019-06-27,438.0,443.8999938964844,437.6000061035156,440.95001220703125,421.88525390625,18787957
2019-06-28,439.5,440.5,433.6000061035156,437.1000061035156,418.20166015625,13459208
2019-07-01,439.5,442.0,437.70001220703125,439.0,420.01953125,6871979
2019-07-02,439.0,440.0,433.6000061035156,436.75,417.8667907714844,7787303
2019-07-03,437.8999938964844,440.0,434.20001220703125,435.95001220703125,417.1014099121094,10415896
2019-07-04,438.0,441.3999938964844,434.1000061035156,436.20001220703125,417.340576171875,11810688
2019-07-05,436.45001220703125,439.8999938964844,433.20001220703125,436.3500061035156,417.484130859375,12154330
2019-07-08,434.0,435.3500061035156,422.0,425.8999938964844,407.4859313964844,12184946
2019-07-09,426.0,429.79998779296875,424.6499938964844,428.5,409.9734802246094,11679067
2019-07-10,430.0,432.70001220703125,427.20001220703125,430.8999938964844,412.26971435546875,16494282
2019-07-11,432.6499938964844,432.8999938964844,424.79998779296875,426.54998779296875,408.1078186035156,16535185
2019-07-12,427.29998779296875,433.0,424.0,427.04998779296875,408.586181640625,8824728
2019-07-15,428.3999938964844,428.3999938964844,421.6000061035156,422.29998779296875,404.04156494140625,7825336
2019-07-16,421.54998779296875,430.54998779296875,421.54998779296875,424.6000061035156,406.2420959472656,12149205
2019-07-17,424.6000061035156,427.04998779296875,422.5,424.70001220703125,406.33782958984375,10961022
2019-07-18,425.0,425.5,417.5,418.6499938964844,400.5493469238281,10651654
2019-07-19,419.8999938964844,420.3500061035156,408.5,410.29998779296875,392.56036376953125,12260757
2019-07-22,409.75,412.95001220703125,404.25,411.5,394.67041015625,17937246
2019-07-23,412.79998779296875,416.0,409.75,411.95001220703125,395.10205078125,14207080
2019-07-24,411.8500061035156,411.8500061035156,401.70001220703125,408.5,391.7931213378906,16505930
2019-07-25,409.20001220703125,413.8500061035156,405.29998779296875,409.0,392.2726745605469,16852479
2019-07-26,410.25,419.3999938964844,408.54998779296875,415.75,398.7466125488281,17493739
2019-07-29,433.0,435.3500061035156,425.29998779296875,429.3500061035156,411.7904052734375,46754670
2019-07-30,433.0,438.70001220703125,422.75,425.3500061035156,407.9539794921875,23617273
2019-07-31,423.8999938964844,430.20001220703125,421.20001220703125,424.6000061035156,407.2346496582031,22329888
2019-08-01,423.25,426.3500061035156,410.6499938964844,417.04998779296875,399.993408203125,18269866
2019-08-02,413.8999938964844,417.8500061035156,405.5,410.6000061035156,393.8072509765625,30939803
2019-08-05,403.6499938964844,406.6499938964844,395.75,402.6499938964844,386.1823425292969,25033370
2019-08-06,401.0,411.5,400.8999938964844,410.25,393.4715270996094,30665326
2019-08-07,409.29998779296875,415.0,406.29998779296875,408.3999938964844,391.69720458984375,20977349
2019-08-08,411.0,416.6000061035156,404.1499938964844,414.3999938964844,397.4517822265625,19046657
2019-08-09,416.5,422.3999938964844,414.5,420.1499938964844,402.9666442871094,17664017
2019-08-13,417.0,421.70001220703125,409.1499938964844,410.25,393.4715270996094,18389104
2019-08-14,411.8999938964844,422.20001220703125,411.25,417.29998779296875,400.23321533203125,13307755
2019-08-16,417.79998779296875,420.0,412.1000061035156,418.95001220703125,401.81573486328125,15154141
2019-08-19,420.1000061035156,427.8999938964844,420.1000061035156,423.3999938964844,406.083740234375,12304262
2019-08-20,420.79998779296875,423.20001220703125,412.5,416.8999938964844,399.84954833984375,16181488
2019-08-21,416.0,418.70001220703125,410.54998779296875,412.04998779296875,395.1978759765625,12868183
2019-08-22,411.0,412.5,398.0,399.1000061035156,382.777587890625,18182520
2019-08-23,389.0,403.5,385.79998779296875,395.3999938964844,379.2288818359375,26883695
2019-08-26,407.0,414.0,392.8500061035156,411.6499938964844,394.8143005371094,26701988
2019-08-27,412.79998779296875,420.5,411.25,418.6000061035156,401.48004150390625,28793372
2019-08-28,418.0,418.25,409.70001220703125,412.95001220703125,396.06109619140625,12154347
2019-08-29,409.8999938964844,410.79998779296875,399.3500061035156,404.3999938964844,387.86077880859375,30331105
2019-08-30,406.5,412.8500061035156,402.6499938964844,409.6499938964844,392.89605712890625,18314194
2019-09-03,405.04998779296875,406.3999938964844,391.04998779296875,392.1499938964844,376.11175537109375,20194305
2019-09-04,391.0,399.6499938964844,389.8999938964844,397.5,381.2429504394531,18614965
2019-09-05,389.54998779296875,394.0,388.0,389.0,373.0906677246094,25022673
2019-09-06,391.0,394.5,389.20001220703125,391.3500061035156,375.3444519042969,17564286
2019-09-09,393.0,400.3999938964844,389.1000061035156,395.45001220703125,379.2768249511719,18651819
2019-09-11,394.8999938964844,399.0,393.3500061035156,394.6000061035156,378.4615478515625,17463978
2019-09-12,399.6499938964844,407.20001220703125,399.6499938964844,402.70001220703125,386.2303161621094,19577114
2019-09-13,406.79998779296875,414.8999938964844,400.6499938964844,413.3999938964844,396.4927062988281,17775449
2019-09-16,408.5,415.6499938964844,406.75,412.1499938964844,395.2938537597656,17629622
2019-09-17,405.8500061035156,411.8999938964844,398.29998779296875,400.6499938964844,384.2641296386719,20793363
2019-09-18,405.45001220703125,405.45001220703125,396.5,399.3500061035156,383.0173645019531,18477377
2019-09-19,395.70001220703125,395.70001220703125,384.3500061035156,386.6000061035156,370.7887878417969,22647508
2019-09-20,389.0,424.0,386.6499938964844,417.5,400.425048828125,75217723
2019-09-23,435.79998779296875,450.0,428.45001220703125,446.29998779296875,428.047119140625,57490445
2019-09-24,441.5,448.6499938964844,433.3500061035156,440.8999938964844,422.86798095703125,26639931
2019-09-25,439.1000061035156,440.95001220703125,429.6000061035156,434.20001220703125,416.4420471191406,19987241
2019-09-26,439.0,458.6499938964844,438.54998779296875,451.95001220703125,433.4660949707031,40909369
2019-09-27,449.5,451.8500061035156,443.29998779296875,449.20001220703125,430.82855224609375,19432963
2019-09-30,443.29998779296875,445.1499938964844,431.0,433.70001220703125,415.9624938964844,27524660
2019-10-01,436.95001220703125,443.20001220703125,416.70001220703125,424.6000061035156,407.2346496582031,30623906
2019-10-03,424.0,434.6000061035156,422.29998779296875,427.29998779296875,409.8241882324219,23275379
2019-10-04,428.5,429.29998779296875,412.04998779296875,413.8999938964844,396.97222900390625,17952697
2019-10-07,415.1000061035156,423.5,411.5,416.1000061035156,399.0823059082031,21933703
2019-10-09,420.25,438.3999938964844,417.1000061035156,436.70001220703125,418.8397521972656,34533981
2019-10-10,430.0,431.5,420.5,423.70001220703125,406.3714599609375,19074005
2019-10-11,427.95001220703125,433.25,422.1000061035156,428.54998779296875,411.0231018066406,18004922
2019-10-14,430.0,436.3999938964844,426.0,428.8500061035156,411.3108215332031,17211042
2019-10-15,430.0,435.45001220703125,428.20001220703125,431.8500061035156,414.1881103515625,14971985
2019-10-16,434.5,439.5,431.1499938964844,435.29998779296875,417.4969787597656,17833051
2019-10-17,436.0,443.3500061035156,433.70001220703125,440.6000061035156,422.5802917480469,12452421
2019-10-18,437.70001220703125,443.70001220703125,435.25,437.79998779296875,419.8948059082031,15988455
2019-10-22,440.5,458.70001220703125,437.54998779296875,451.1499938964844,432.69879150390625,34966169
2019-10-23,452.0,459.0,448.20001220703125,455.1000061035156,436.48724365234375,25196183
2019-10-24,457.3999938964844,459.0,451.0,454.75,436.1515808105469,23542540
2019-10-25,457.70001220703125,470.6499938964844,454.3999938964844,469.1000061035156,449.9147033691406,34397573
2019-10-27,471.0,473.5,465.0,469.54998779296875,450.34625244140625,8206762
2019-10-29,470.20001220703125,482.0,466.8500061035156,477.3999938964844,457.8752136230469,33686172
2019-10-30,479.0,479.0,470.0,471.1499938964844,451.8808288574219,22396012
2019-10-31,475.0,476.75,461.29998779296875,463.04998779296875,444.11212158203125,21198377
2019-11-01,466.6499938964844,466.95001220703125,460.5,462.25,443.3448181152344,13522994
2019-11-04,463.0,472.29998779296875,463.0,470.5,451.2574157714844,16254715
2019-11-05,472.1000061035156,474.0,466.8999938964844,468.3500061035156,449.1953430175781,14952189
2019-11-06,467.1499938964844,483.8999938964844,464.75,480.70001220703125,461.0402526855469,24922680
2019-11-07,483.0,483.0,475.6499938964844,478.54998779296875,458.97821044921875,18312032
2019-11-08,480.75,496.0,480.29998779296875,489.45001220703125,469.43243408203125,52207121
2019-11-11,488.0,499.0,484.6000061035156,496.79998779296875,476.4817810058594,24766065
2019-11-13,496.79998779296875,497.5,483.29998779296875,485.75,465.8836975097656,24272664
2019-11-14,489.75,499.8500061035156,483.75,498.6499938964844,478.2561340332031,35396276
2019-11-15,497.8500061035156,509.70001220703125,496.0,499.8500061035156,479.40704345703125,42074833
2019-11-18,498.75,504.45001220703125,496.6499938964844,498.3500061035156,477.9684143066406,22910109
2019-11-19,497.95001220703125,502.0,489.8500061035156,493.5,473.3167724609375,27939336
2019-11-20,495.20001220703125,498.0,492.5,495.0,474.7554016113281,22606112
2019-11-21,498.1000061035156,503.79998779296875,491.25,498.25,477.87249755859375,25745594
2019-11-22,501.1000061035156,501.75,492.1499938964844,496.79998779296875,476.4817810058594,18462401
2019-11-25,492.0,500.0,491.54998779296875,497.79998779296875,477.4408874511719,25692878
2019-11-26,501.79998779296875,517.5499877929688,501.0,510.70001220703125,489.81329345703125,286857658
2019-11-27,513.9000244140625,515.8499755859375,504.29998779296875,505.5,484.8260192871094,29866539
2019-11-28,509.54998779296875,520.0,508.0,519.1500244140625,497.9177551269531,35706498
2019-11-29,516.0,516.5,510.29998779296875,512.5999755859375,491.63555908203125,13324549
2019-12-02,513.4500122070312,514.0,507.25,510.8999938964844,490.0050964355469,10130049
2019-12-03,509.75,511.25,504.6499938964844,509.3500061035156,488.5185241699219,12795657
2019-12-04,510.0,531.3499755859375,509.29998779296875,529.25,507.6046142578125,30992538
2019-12-05,532.5499877929688,537.5,526.0499877929688,528.0999755859375,506.5016174316406,32354118
2019-12-06,530.0499877929688,533.5,521.6500244140625,524.7999877929688,503.3366394042969,24868376
2019-12-09,524.0499877929688,529.2999877929688,522.2000122070312,526.5,504.9671325683594,12980877
2019-12-10,526.0499877929688,530.25,524.7000122070312,528.7000122070312,507.0771789550781,12021443
2019-12-11,530.5999755859375,535.2000122070312,527.2000122070312,533.5499877929688,511.72882080078125,13768156
2019-12-12,534.8499755859375,537.0999755859375,529.7999877929688,535.3499755859375,513.455078125,12385216
2019-12-13,537.9000244140625,542.7999877929688,535.7000122070312,537.0499877929688,515.0856323242188,17884861
2019-12-16,539.5,541.4000244140625,536.7000122070312,539.25,517.1957397460938,13070575
2019-12-17,540.9500122070312,543.0,538.75,541.1500244140625,519.0178833007812,11516163
2019-12-18,542.0499877929688,542.9000244140625,535.9500122070312,541.4000244140625,519.2577514648438,12906168
2019-12-19,537.2000122070312,541.2000122070312,533.7000122070312,540.2000122070312,518.1068725585938,12082790
2019-12-20,540.9500122070312,549.5,539.25,546.0999755859375,523.7655029296875,27691592
2019-12-23,547.0,548.8499755859375,537.5999755859375,541.2999877929688,519.1618041992188,11521942
2019-12-24,542.0,543.9500122070312,539.2999877929688,541.0999755859375,518.969970703125,6715007
2019-12-26,541.0999755859375,542.4000244140625,537.6500244140625,538.75,516.7161254882812,7831074
2019-12-27,541.0,550.5,538.3499755859375,549.4000244140625,526.9306640625,11247684
2019-12-30,549.5999755859375,552.2000122070312,542.5999755859375,543.9500122070312,521.7034301757812,13180302
2019-12-31,543.7999877929688,543.7999877929688,538.0,538.9000244140625,516.8599243164062,12491978
2020-01-01,539.9000244140625,542.5,535.7000122070312,536.75,514.7979736328125,7642793
2020-01-02,536.0,541.9000244140625,535.8499755859375,540.5999755859375,518.4904174804688,10264223
2020-01-03,538.0,540.7999877929688,536.25,538.8499755859375,516.81201171875,9594690
2020-01-06,537.25,537.25,523.7999877929688,525.7000122070312,504.1997985839844,12534334
2020-01-07,531.2999877929688,535.5999755859375,521.6500244140625,522.9000244140625,501.514404296875,16101835
2020-01-08,516.0,527.3499755859375,515.0,525.9500122070312,504.43963623046875,16094310
2020-01-09,530.7000122070312,547.4000244140625,530.2999877929688,546.2999877929688,523.9573974609375,18934019
2020-01-10,544.9000244140625,546.5,538.5,540.25,518.15478515625,12335407
2020-01-13,539.4000244140625,546.0499877929688,538.0,538.5999755859375,516.5722045898438,7901800
2020-01-14,536.2000122070312,538.9500122070312,534.1500244140625,537.5999755859375,515.6131591796875,13939440
2020-01-15,535.0999755859375,536.9500122070312,530.6500244140625,535.5999755859375,513.6949462890625,12353176
2020-01-16,533.9000244140625,540.0,533.2000122070312,537.1500244140625,515.1815795898438,11249232
2020-01-17,534.5,538.0,530.5999755859375,532.0499877929688,510.2901916503906,18312609
2020-01-20,533.0,544.0,531.0,534.8499755859375,512.9755249023438,19159996
2020-01-21,532.9500122070312,540.25,530.2000122070312,531.0499877929688,509.3310852050781,13477994
2020-01-22,531.5,534.9500122070312,520.75,522.8499755859375,501.4664001464844,17527408
2020-01-23,521.4000244140625,530.25,517.0499877929688,527.7000122070312,506.1180419921875,17061293
2020-01-24,529.25,537.4000244140625,527.0,533.8499755859375,512.0164794921875,17851868
2020-01-27,538.5,545.0,531.5,537.25,515.2774658203125,38149166
2020-01-28,538.0999755859375,540.5999755859375,524.4500122070312,528.2000122070312,506.59765625,24009224
2020-01-29,531.5499877929688,534.7999877929688,525.2999877929688,526.5999755859375,505.06304931640625,16400827
2020-01-30,527.6500244140625,533.9500122070312,524.1500244140625,532.2000122070312,510.43402099609375,14319317
2020-01-31,530.0,532.75,522.4000244140625,525.6500244140625,504.15191650390625,16292578
2020-02-03,504.0,519.1500244140625,502.0,515.5499877929688,494.4649658203125,22531888
2020-02-04,520.0,534.6500244140625,516.6500244140625,530.7999877929688,509.09124755859375,17781475
2020-02-05,529.0499877929688,540.4000244140625,525.7000122070312,539.0999755859375,517.0518188476562,18782476
2020-02-06,540.3499755859375,547.0,536.25,541.5999755859375,519.4495239257812,15296851
2020-02-07,540.9500122070312,541.75,535.1500244140625,536.4500122070312,514.5101928710938,8297149
2020-02-10,538.6500244140625,542.25,530.5,533.9500122070312,512.1124267578125,12536053
2020-02-11,537.7000122070312,544.7999877929688,537.5,539.75,517.67529296875,11243552
2020-02-12,545.7999877929688,550.7000122070312,542.7000122070312,549.2999877929688,526.8345947265625,14026335
2020-02-13,549.0,549.0,538.0,541.0,518.8740234375,9227235
2020-02-14,541.25,548.6500244140625,536.5499877929688,545.7999877929688,523.4778442382812,14458649
2020-02-17,543.0,545.3499755859375,537.75,541.5999755859375,519.4495239257812,7793293
2020-02-18,541.0,544.4000244140625,536.0,541.2000122070312,519.0659790039062,15918303
2020-02-19,543.5,546.5,540.5,544.7999877929688,522.5186767578125,8704234
2020-02-20,545.5,549.3499755859375,541.7999877929688,547.0,524.6287841796875,13588526
2020-02-24,539.5,541.8499755859375,527.5499877929688,529.8499755859375,508.1802062988281,16940750
2020-02-25,532.4500122070312,538.7999877929688,525.2999877929688,530.9500122070312,509.235107421875,14942960
2020-02-26,526.8499755859375,529.3499755859375,522.2000122070312,523.7000122070312,502.2816162109375,15743918
2020-02-27,522.7999877929688,523.2999877929688,512.6500244140625,515.3499755859375,494.27313232421875,26315054
2020-02-28,501.6000061035156,506.8500061035156,492.20001220703125,497.25,476.91339111328125,32737933
2020-03-02,508.25,520.5499877929688,498.45001220703125,506.1000061035156,485.40142822265625,28642076
2020-03-03,509.8500061035156,519.5,508.5,514.75,493.6976623535156,19661945
2020-03-04,517.5,517.5,497.04998779296875,508.3500061035156,487.5594482421875,21883404
2020-03-05,509.75,511.1499938964844,500.0,504.5,483.8669128417969,16671516
2020-03-06,485.0,496.79998779296875,477.29998779296875,486.3500061035156,466.4591979980469,31024353
2020-03-09,475.0,475.0,442.95001220703125,457.75,439.02886962890625,42027175
2020-03-11,450.0,471.75,449.6000061035156,465.6499938964844,446.6058044433594,31018779
2020-03-12,438.0,445.95001220703125,416.0,425.6499938964844,408.24169921875,50757033
2020-03-13,401.0,464.75,395.20001220703125,447.20001220703125,428.91033935546875,67104335
2020-03-16,424.20001220703125,424.20001220703125,397.45001220703125,402.8999938964844,386.4221496582031,34833637
2020-03-17,407.0,408.45001220703125,364.0,367.25,352.2301940917969,47232699
2020-03-18,369.1000061035156,375.5,342.29998779296875,355.04998779296875,340.52911376953125,61202289
2020-03-19,336.1000061035156,369.6000061035156,323.0,338.54998779296875,324.70391845703125,57985870
2020-03-20,328.0,359.79998779296875,323.0,345.70001220703125,331.5615539550781,88640642
2020-03-23,311.1499938964844,313.70001220703125,280.0,284.0,272.3849182128906,56867949
2020-03-24,295.29998779296875,305.0,268.29998779296875,296.5,284.3736877441406,67895418
2020-03-25,284.0,334.1499938964844,281.6000061035156,316.8999938964844,303.9393615722656,66544138
2020-03-26,322.0,364.3999938964844,314.25,330.25,316.7433776855469,76173940
2020-03-27,355.79998779296875,359.54998779296875,326.0,339.8500061035156,325.9507751464844,72889985
2020-03-30,330.1000061035156,333.8999938964844,311.1000061035156,313.3999938964844,300.5825500488281,36559880
2020-03-31,324.70001220703125,334.8500061035156,316.0,323.75,310.50927734375,46279768
2020-04-01,319.0,323.75,308.1000061035156,311.1499938964844,298.4245300292969,33141186
2020-04-03,309.5,309.5,281.5,286.6499938964844,274.9265441894531,57326314
2020-04-07,308.29998779296875,329.6000061035156,296.8500061035156,326.1000061035156,312.7630920410156,57661076
2020-04-08,322.8500061035156,352.75,315.1000061035156,318.95001220703125,305.90557861328125,73931321
2020-04-09,332.3999938964844,345.0,322.6499938964844,342.70001220703125,328.6842346191406,52431174
2020-04-13,341.04998779296875,345.79998779296875,329.25,330.6499938964844,317.12701416015625,30994190
2020-04-15,342.70001220703125,351.8999938964844,325.0,327.3500061035156,313.9620056152344,49132329
2020-04-16,325.29998779296875,347.79998779296875,319.3500061035156,342.0,328.0128479003906,56494027
2020-04-17,362.0,385.5,349.04998779296875,375.54998779296875,360.190673828125,69006835
2020-04-20,376.0,378.8999938964844,357.0,361.29998779296875,346.5234680175781,55810736
2020-04-21,341.0,346.20001220703125,328.0,331.8500061035156,318.2779846191406,50118175
2020-04-22,326.0,338.0,323.04998779296875,335.95001220703125,322.2102966308594,49115085
2020-04-23,340.25,354.79998779296875,338.0,352.95001220703125,338.5149841308594,45953398
2020-04-24,337.8999938964844,343.25,331.5,334.8500061035156,321.1552429199219,38513206
2020-04-27,339.29998779296875,352.8999938964844,338.0,347.8999938964844,333.6715393066406,38980019
2020-04-28,353.75,362.8500061035156,350.25,359.8500061035156,345.1327819824219,32933194
2020-04-29,353.0,376.5,351.6499938964844,370.45001220703125,355.2992858886719,39341745
2020-04-30,382.0,392.95001220703125,374.1499938964844,380.1499938964844,364.6025695800781,45734705
2020-05-04,359.0,359.0,336.0,338.04998779296875,324.224365234375,38837299
2020-05-05,348.0,348.0,329.54998779296875,330.8500061035156,317.31884765625,45069968
2020-05-06,331.5,345.54998779296875,325.25,341.3999938964844,327.4373779296875,49952812
2020-05-07,337.0,342.8999938964844,333.70001220703125,336.75,322.9775390625,27656346
2020-05-08,344.0,352.5,333.70001220703125,337.70001220703125,323.888671875,42968091
2020-05-11,341.0,343.54998779296875,318.20001220703125,320.1499938964844,307.05645751953125,83665601
2020-05-12,318.29998779296875,324.3999938964844,308.0,321.20001220703125,308.0635070800781,69072308
2020-05-13,343.5,348.3999938964844,332.29998779296875,338.04998779296875,324.224365234375,72816461
2020-05-14,330.0,334.5,325.6499938964844,327.3999938964844,314.0099182128906,33999095
2020-05-15,329.29998779296875,330.54998779296875,318.79998779296875,322.70001220703125,309.5022277832031,31828868
2020-05-18,320.0,320.5,293.25,298.5,286.2919006347656,74034133
2020-05-19,307.04998779296875,311.5,297.1000061035156,300.29998779296875,288.01824951171875,61827491
2020-05-20,299.0,308.25,297.5,305.6499938964844,293.1494445800781,42238419
2020-05-21,306.0,312.79998779296875,302.0,304.3999938964844,291.9505920410156,43075357
2020-05-22,301.0,307.70001220703125,285.54998779296875,291.04998779296875,279.1465759277344,80358245
2020-05-26,296.04998779296875,297.8999938964844,290.0,292.70001220703125,280.72906494140625,46681705
2020-05-27,296.1000061035156,321.95001220703125,294.8500061035156,318.8500061035156,305.8096618652344,80541990
2020-05-28,322.25,329.75,320.75,326.8500061035156,313.4824523925781,66136408
2020-05-29,322.8999938964844,334.29998779296875,320.0,331.95001220703125,318.3738708496094,60487477
2020-06-01,339.0,348.0,336.20001220703125,339.25,325.3752746582031,44024770
2020-06-02,337.0,350.0,332.5,348.3999938964844,334.1510925292969,47558213
2020-06-03,357.8999938964844,373.0,353.79998779296875,356.8500061035156,342.2555236816406,69689299
2020-06-04,357.0,363.0,345.5,347.8500061035156,333.6235656738281,57061575
2020-06-05,350.0,360.0,347.0,357.20001220703125,342.5911560058594,37251097
2020-06-08,366.54998779296875,373.75,353.1499938964844,359.79998779296875,345.0848693847656,46827341
2020-06-09,360.04998779296875,369.3500061035156,345.25,348.54998779296875,334.294921875,47621969
2020-06-10,348.54998779296875,356.8500061035156,345.29998779296875,353.0,338.5629577636719,36292403
2020-06-11,352.45001220703125,354.20001220703125,340.1000061035156,341.25,327.2934875488281,36999490
2020-06-12,324.20001220703125,346.1499938964844,324.1000061035156,344.20001220703125,330.12286376953125,47509067
2020-06-15,341.20001220703125,342.25,325.5,331.1000061035156,317.5586242675781,43500660
2020-06-16,342.25,347.8999938964844,326.04998779296875,342.95001220703125,328.92401123046875,57511237
2020-06-17,338.6000061035156,351.0,336.1000061035156,341.95001220703125,327.9648742675781,37107002
2020-06-18,340.0,354.70001220703125,337.20001220703125,352.0,337.6038513183594,39285919
2020-06-19,351.0,365.45001220703125,349.20001220703125,363.79998779296875,348.9212646484375,51367236
2020-06-22,367.0,375.25,365.1499938964844,367.54998779296875,352.5178527832031,40133602
2020-06-23,369.0,378.29998779296875,364.20001220703125,376.1499938964844,360.7661437988281,32493320
2020-06-24,380.0,380.0,345.0,348.1000061035156,333.8633728027344,57955780
2020-06-25,345.8999938964844,355.6000061035156,338.5,351.0,336.644775390625,69902888
2020-06-26,355.6000061035156,358.5,346.1000061035156,349.1000061035156,334.82244873046875,34596104
2020-06-29,345.25,345.6000061035156,338.5,343.1000061035156,329.0678405761719,27384244
2020-06-30,347.0,354.45001220703125,346.29998779296875,351.45001220703125,337.07635498046875,47526095
2020-07-01,354.25,365.75,351.6000061035156,364.04998779296875,349.1610107421875,36922617
2020-07-02,366.0,370.8999938964844,361.3500061035156,362.8500061035156,348.0101013183594,50964311
2020-07-03,364.6499938964844,367.1499938964844,359.79998779296875,361.0,346.23577880859375,28779044
2020-07-06,367.8500061035156,367.8500061035156,360.5,361.8500061035156,347.051025390625,33334074
2020-07-07,363.0,378.0,362.1000061035156,376.04998779296875,360.6702575683594,46030825
2020-07-08,377.8999938964844,379.0,367.54998779296875,368.95001220703125,353.8606262207031,46315597
2020-07-09,373.45001220703125,376.0,365.29998779296875,370.3500061035156,355.203369140625,35144463
2020-07-10,364.8999938964844,368.20001220703125,359.0,360.3500061035156,345.61236572265625,27864858
2020-07-13,364.1000061035156,367.0,352.5,353.6000061035156,339.138427734375,32379935
2020-07-14,351.5,352.45001220703125,340.6000061035156,345.54998779296875,331.4176025390625,34031256
2020-07-15,349.5,356.79998779296875,343.75,345.79998779296875,331.6573791503906,30442553
2020-07-16,347.95001220703125,348.6000061035156,341.0,344.6499938964844,330.5544738769531,35535437
2020-07-17,346.0,356.0,345.45001220703125,353.79998779296875,339.3302307128906,27511781
2020-07-20,358.0,366.3500061035156,355.25,363.0,348.1539611816406,36312529
2020-07-21,371.0,379.8999938964844,370.04998779296875,378.79998779296875,363.3077697753906,45559912
2020-07-22,386.8999938964844,389.5,375.29998779296875,381.1000061035156,365.51373291015625,45500191
2020-07-23,382.54998779296875,395.6499938964844,378.8500061035156,392.25,376.207763671875,37838027
2020-07-24,388.29998779296875,388.70001220703125,372.1499938964844,381.79998779296875,366.1850280761719,52980980
2020-07-27,385.0,385.79998779296875,356.6000061035156,358.5,343.8380432128906,73275058
2020-07-28,361.1000061035156,362.75,343.20001220703125,352.1000061035156,337.6997985839844,125939354
2020-07-29,353.20001220703125,357.6499938964844,348.20001220703125,351.04998779296875,336.6927185058594,50194622
2020-07-30,353.3999938964844,354.6000061035156,340.3999938964844,344.95001220703125,330.8421630859375,40820253
2020-07-31,346.45001220703125,353.0,342.04998779296875,346.79998779296875,332.6164855957031,37345191
2020-08-03,346.79998779296875,349.3500061035156,340.5,343.25,329.21173095703125,32119883
2020-08-04,347.0,353.20001220703125,344.20001220703125,351.0,336.644775390625,30811518
2020-08-05,353.3999938964844,360.0,350.75,352.20001220703125,337.79571533203125,37057881
2020-08-06,353.45001220703125,363.75,348.6000061035156,358.75,344.07781982421875,48021824
2020-08-07,359.45001220703125,359.6499938964844,353.1499938964844,357.95001220703125,343.31048583984375,28510964
2020-08-10,359.5,364.95001220703125,357.3500061035156,363.54998779296875,348.6814880371094,22856010
2020-08-11,370.0,374.29998779296875,364.04998779296875,367.3500061035156,352.3260498046875,45446107
2020-08-12,365.75,368.75,363.75,366.8500061035156,351.8465270996094,25706005
2020-08-13,368.95001220703125,372.3500061035156,366.25,368.04998779296875,352.9974365234375,26257336
2020-08-14,371.79998779296875,371.79998779296875,354.20001220703125,361.3999938964844,346.6194152832031,28893259
2020-08-17,366.0,366.3500061035156,354.3500061035156,360.20001220703125,345.4684753417969,24232497
2020-08-18,361.8999938964844,370.0,361.6000061035156,369.54998779296875,354.4360656738281,26517363
2020-08-19,374.0,375.8500061035156,370.3999938964844,374.45001220703125,359.1357116699219,35790233
2020-08-20,367.0,369.6499938964844,362.6000061035156,367.75,352.709716796875,68444775
2020-08-21,370.0,373.0,367.04998779296875,371.1499938964844,355.97064208984375,34109928
2020-08-24,374.8500061035156,381.20001220703125,373.8500061035156,380.3500061035156,364.7944030761719,32907235
2020-08-25,382.5,389.79998779296875,381.3999938964844,386.3500061035156,370.54901123046875,53072303
2020-08-26,388.20001220703125,391.6499938964844,384.20001220703125,389.3500061035156,373.42633056640625,37163882
2020-08-27,389.95001220703125,397.45001220703125,387.6000061035156,392.20001220703125,376.15972900390625,36910405
2020-08-28,393.8999938964844,411.8999938964844,392.8999938964844,409.70001220703125,392.94403076171875,83472297
2020-08-31,414.8500061035156,422.0,387.5,394.6000061035156,378.4615478515625,72744175
2020-09-01,394.70001220703125,399.6499938964844,385.29998779296875,390.95001220703125,374.96087646484375,34872793
2020-09-02,387.25,394.0,381.1000061035156,392.3999938964844,376.3515625,31295799
2020-09-03,392.3999938964844,392.54998779296875,381.04998779296875,382.75,367.0962219238281,26135555
2020-09-04,375.0,379.95001220703125,368.3500061035156,372.54998779296875,357.3133850097656,33118984
2020-09-07,374.1000061035156,376.8500061035156,369.0,373.3999938964844,358.12860107421875,22323904
2020-09-08,372.3999938964844,381.29998779296875,369.1499938964844,375.70001220703125,360.33453369140625,32052920
2020-09-09,370.79998779296875,372.3999938964844,361.8999938964844,367.6000061035156,352.5658264160156,25285238
2020-09-10,371.70001220703125,375.0,365.45001220703125,370.70001220703125,355.5390930175781,24852274
2020-09-11,373.0,373.6499938964844,365.1000061035156,370.5,355.3472595214844,22678353
2020-09-14,373.5,373.8500061035156,359.3500061035156,363.70001220703125,348.8253479003906,27140598
2020-09-15,364.04998779296875,372.25,363.70001220703125,371.54998779296875,356.35430908203125,24967618
2020-09-16,371.3500061035156,376.70001220703125,365.0,374.70001220703125,359.3754577636719,22068622
2020-09-17,370.0,371.75,367.3999938964844,369.0,353.9085693359375,24084936
2020-09-18,370.0,374.6499938964844,364.54998779296875,369.54998779296875,354.4360656738281,78166508
2020-09-21,366.6499938964844,367.3999938964844,348.5,350.70001220703125,336.3570251464844,28932482
2020-09-22,354.0,356.1499938964844,349.5,354.3999938964844,339.90570068359375,28593292
2020-09-23,356.6000061035156,357.1000061035156,342.45001220703125,351.8500061035156,337.4599914550781,22740143
2020-09-24,344.95001220703125,346.95001220703125,333.75,335.70001220703125,321.97052001953125,25840472
2020-09-25,339.04998779296875,350.5,336.6000061035156,348.6499938964844,334.3908386230469,23231600
2020-09-28,351.5,363.95001220703125,349.1000061035156,363.0,348.1539611816406,18495592
2020-09-29,363.75,363.75,354.25,357.04998779296875,342.4472961425781,17080848
2020-09-30,356.95001220703125,357.5,349.3500061035156,354.75,340.24139404296875,19565058
2020-10-01,358.25,371.20001220703125,358.25,369.20001220703125,354.1004333496094,23237122
2020-10-05,370.75,382.6499938964844,370.75,373.1000061035156,357.8409118652344,26530105
2020-10-06,377.1000061035156,381.79998779296875,375.1000061035156,380.6000061035156,365.0341491699219,18093629
2020-10-07,379.29998779296875,384.3500061035156,374.1000061035156,382.6499938964844,367.00030517578125,21845743
2020-10-08,385.0,389.70001220703125,382.6499938964844,387.5,371.6519470214844,21085500
2020-10-09,390.70001220703125,403.5,386.8999938964844,401.5,385.0793762207031,41641237
2020-10-12,403.45001220703125,410.0,400.70001220703125,404.04998779296875,387.5251159667969,25742564
2020-10-13,401.0,401.0,393.5,396.25,380.0440979003906,19922778
2020-10-14,394.3500061035156,409.25,389.0,406.79998779296875,390.16259765625,23368177
2020-10-15,406.8999938964844,409.8999938964844,389.1499938964844,391.0,375.0088195800781,34234586
2020-10-16,394.0,401.29998779296875,390.5,396.1000061035156,379.9002380371094,25339096
2020-10-19,402.04998779296875,418.75,401.1499938964844,417.1000061035156,400.0413818359375,41072871
2020-10-20,413.5,416.8999938964844,411.0,414.6000061035156,397.6436462402344,26158669
2020-10-21,416.0,428.5,410.29998779296875,420.29998779296875,403.1105041503906,43124966
2020-10-22,416.3999938964844,419.6499938964844,407.6499938964844,412.8999938964844,396.01312255859375,33088074
2020-10-23,417.0,420.5,411.75,416.95001220703125,399.89752197265625,22151463
2020-10-26,418.04998779296875,419.1499938964844,401.45001220703125,404.45001220703125,387.90875244140625,21712057
2020-10-27,406.3500061035156,412.3999938964844,393.25,409.95001220703125,393.183837890625,33571163
2020-10-28,409.8999938964844,409.8999938964844,394.79998779296875,396.04998779296875,379.8522644042969,28145103
2020-10-29,392.25,402.8999938964844,389.6499938964844,399.8999938964844,383.5447998046875,32615425
2020-10-30,399.3999938964844,402.70001220703125,388.04998779296875,392.6000061035156,376.54339599609375,27225165
2020-11-02,417.0,422.79998779296875,407.0,417.45001220703125,400.3771057128906,72698777
2020-11-03,425.0,446.8999938964844,424.20001220703125,443.8500061035156,425.6973876953125,61813071
2020-11-04,437.29998779296875,442.0,425.29998779296875,437.04998779296875,419.1754455566406,43426662
2020-11-05,445.0,446.25,435.6000061035156,438.5,420.566162109375,30129938
2020-11-06,439.8500061035156,444.8999938964844,436.20001220703125,442.79998779296875,424.6902770996094,27831424
2020-11-09,450.0,464.6000061035156,449.0,462.70001220703125,443.77642822265625,40995422
2020-11-10,485.79998779296875,487.04998779296875,473.0,483.8500061035156,464.0614318847656,57535138
2020-11-11,484.75,490.54998779296875,472.1000061035156,486.54998779296875,466.6509704589844,45609279
2020-11-12,481.6000061035156,483.54998779296875,471.3500061035156,476.70001220703125,457.2038879394531,31071572
2020-11-13,472.70001220703125,487.1000061035156,467.54998779296875,485.54998779296875,465.69189453125,34815091
2020-11-14,489.8500061035156,489.8500061035156,484.6499938964844,486.8999938964844,466.9866943359375,3636073
2020-11-17,490.5,493.0,478.1499938964844,486.3999938964844,466.50714111328125,36127378
2020-11-18,488.0,499.0,486.25,497.6499938964844,477.2970275878906,29156543
2020-11-19,490.0,493.3500061035156,475.79998779296875,478.75,459.1700134277344,31896908
2020-11-20,479.5,483.45001220703125,468.1000061035156,480.20001220703125,460.5606994628906,30089190
2020-11-23,481.79998779296875,483.3500061035156,466.5,468.25,449.09942626953125,29513544
2020-11-24,474.0,480.0,471.20001220703125,478.20001220703125,458.64251708984375,23135994
2020-11-25,485.0,489.95001220703125,471.1000061035156,472.70001220703125,453.3674621582031,34168305
2020-11-26,475.1000061035156,477.20001220703125,465.79998779296875,475.29998779296875,455.8611145019531,28707911
2020-11-27,476.3999938964844,479.54998779296875,471.29998779296875,473.3500061035156,453.9908447265625,48390771
2020-12-01,479.70001220703125,488.5,474.29998779296875,485.1000061035156,465.26031494140625,20120049
2020-12-02,486.3500061035156,487.0,472.20001220703125,480.45001220703125,460.8004455566406,21244707
2020-12-03,482.1000061035156,485.0,478.8500061035156,481.8500061035156,462.1432189941406,22701738
2020-12-04,483.70001220703125,504.0,483.0,502.04998779296875,481.51708984375,39547014
2020-12-07,505.0,515.5999755859375,504.1499938964844,510.45001220703125,489.57354736328125,37778332
2020-12-08,511.5,512.0,505.3999938964844,508.3999938964844,487.60736083984375,19339943
2020-12-09,510.0,515.0,506.04998779296875,511.5,490.5805969238281,21272782
2020-12-10,508.1000061035156,514.4000244140625,498.75,506.95001220703125,486.2166748046875,20419020
2020-12-11,509.25,516.9000244140625,506.1000061035156,515.4500122070312,494.3690185546875,25335765
2020-12-14,518.0999755859375,527.7999877929688,518.0999755859375,525.7999877929688,504.2958068847656,26369591
2020-12-15,524.0,524.25,513.0999755859375,518.0499877929688,496.8626708984375,26969145
2020-12-16,520.0499877929688,521.7000122070312,511.1000061035156,512.4500122070312,491.49176025390625,24263586
2020-12-17,514.0,516.5,509.1000061035156,510.3999938964844,489.52557373046875,23883288
2020-12-18,514.0,518.25,509.1499938964844,517.1500244140625,495.9996032714844,21735833
2020-12-21,514.5999755859375,514.7000122070312,488.20001220703125,494.5,474.2758483886719,29157759
2020-12-22,497.29998779296875,501.79998779296875,489.1000061035156,500.29998779296875,479.8386535644531,32328041
2020-12-23,499.0,505.5,496.54998779296875,503.6000061035156,483.003662109375,19205951
2020-12-24,506.75,515.9500122070312,505.1000061035156,513.5499877929688,492.5467529296875,17576807
2020-12-28,515.9000244140625,521.2000122070312,513.5999755859375,520.0999755859375,498.8288269042969,14470472
2020-12-29,522.5499877929688,530.7999877929688,517.8499755859375,528.7999877929688,507.1730041503906,19092649
2020-12-30,531.6500244140625,533.0,524.5499877929688,528.75,507.1251220703125,21365141
2020-12-31,530.0999755859375,538.5,526.5,535.0499877929688,513.1673583984375,27817770
2021-01-01,535.5499877929688,537.0,526.0999755859375,527.5,505.9262390136719,13592625
2021-01-04,532.2999877929688,535.0,524.2999877929688,531.7000122070312,509.9544372558594,16549750
2021-01-05,526.6500244140625,539.9500122070312,523.0,537.25,515.2774658203125,23311516
2021-01-06,538.75,550.5999755859375,535.8499755859375,546.7000122070312,524.3410034179688,28178838
2021-01-07,552.1500244140625,554.4000244140625,539.75,541.0999755859375,518.969970703125,21138034
2021-01-08,547.0,547.0999755859375,536.3499755859375,542.0499877929688,519.881103515625,21937965
2021-01-11,545.1500244140625,546.0,535.0,544.7000122070312,522.4227905273438,19394393
2021-01-12,541.0,550.6500244140625,537.0999755859375,548.0,525.5877685546875,16388310
2021-01-13,551.5,561.0,548.25,556.5,533.7401733398438,21920297
2021-01-14,554.0499877929688,558.4500122070312,550.5999755859375,553.2999877929688,530.6710205078125,13330898
2021-01-15,550.0,551.0,541.5,543.0,520.7922973632812,15708956
2021-01-18,544.5,548.4000244140625,528.9000244140625,533.1500244140625,511.3451843261719,21580313
2021-01-19,539.0,547.75,533.9000244140625,546.4500122070312,524.10107421875,20575358
2021-01-20,546.4500122070312,554.5999755859375,546.0,551.0,528.465087890625,16097138
2021-01-21,555.0,561.0,549.7000122070312,552.7000122070312,530.0955810546875,18189277
2021-01-22,553.0999755859375,553.5,530.5999755859375,533.7999877929688,511.9685363769531,24515997
2021-01-25,536.5499877929688,542.2999877929688,531.2000122070312,538.0499877929688,516.0447998046875,23415249
2021-01-27,537.7999877929688,539.2000122070312,519.0999755859375,522.3499755859375,500.9867858886719,28049286
2021-01-28,514.5999755859375,529.8499755859375,512.0,528.25,506.64556884765625,29836591
2021-01-29,533.3499755859375,544.9500122070312,529.4500122070312,537.0,515.0376586914062,33172808
2021-02-01,552.0,609.4500122070312,551.0,603.7999877929688,579.1055908203125,69354326
2021-02-02,613.0,624.0,598.7000122070312,617.3499755859375,592.1015014648438,42362384
2021-02-03,623.4000244140625,627.5,614.0,622.3499755859375,596.89697265625,27155908
2021-02-04,618.7999877929688,631.6500244140625,609.0,628.2999877929688,602.6036987304688,29982222
2021-02-05,628.2999877929688,635.2999877929688,611.0,614.1500244140625,589.0324096679688,32015570
2021-02-08,622.3499755859375,633.9500122070312,622.3499755859375,629.5999755859375,603.8504638671875,18230551
2021-02-09,631.3499755859375,643.2000122070312,628.5999755859375,633.3499755859375,607.4472045898438,27155615
2021-02-10,633.3499755859375,638.2000122070312,626.4000244140625,632.1500244140625,606.2962646484375,23967387
2021-02-11,626.75,633.5999755859375,624.0999755859375,630.6500244140625,604.8576049804688,16072702
2021-02-12,629.9000244140625,649.9000244140625,629.4000244140625,647.5999755859375,621.1143188476562,19049709
2021-02-15,655.0,676.7999877929688,652.0,673.9500122070312,646.3866577148438,27155194
2021-02-16,673.4000244140625,679.4000244140625,649.5499877929688,658.3499755859375,631.4247436523438,24966739
2021-02-17,654.7999877929688,664.9500122070312,649.3499755859375,657.3499755859375,630.4655151367188,21684753
2021-02-18,650.0,652.4000244140625,637.5999755859375,644.6500244140625,618.2850341796875,27845347
2021-02-19,635.5,635.5,619.0,624.0499877929688,598.5275268554688,24055811
2021-02-22,622.0,629.2999877929688,607.2999877929688,609.8499755859375,584.908203125,27092321
2021-02-23,614.75,623.0499877929688,609.0499877929688,616.2999877929688,591.0944213867188,23534585
2021-02-24,615.0999755859375,645.0,615.0999755859375,641.0999755859375,614.880126953125,17762047
2021-02-25,642.7000122070312,648.4000244140625,626.2999877929688,628.0,602.31591796875,38571809
2021-02-26,615.0,615.0,590.9000244140625,597.75,573.3031616210938,57349273
2021-03-01,607.5499877929688,611.8499755859375,600.2000122070312,608.3499755859375,583.4696044921875,21527318
2021-03-02,610.0,616.5,599.0,610.5,585.53173828125,24051433
2021-03-03,618.0,633.75,613.8499755859375,632.0999755859375,606.248291015625,21036174
2021-03-04,618.75,630.9000244140625,615.7999877929688,620.75,595.362548828125,25057198
2021-03-05,613.2000122070312,614.7000122070312,601.5,609.4500122070312,584.5247192382812,26645968
2021-03-08,611.5999755859375,616.0,601.1500244140625,608.0499877929688,583.1819458007812,19632433
2021-03-09,614.8499755859375,628.3499755859375,612.2999877929688,625.0999755859375,599.5346069335938,23056249
2021-03-10,628.75,630.5,621.7999877929688,625.5999755859375,600.0140991210938,15838994
2021-03-12,631.4500122070312,638.0,608.3499755859375,612.8499755859375,587.7855834960938,21757862
2021-03-15,611.9000244140625,612.8499755859375,590.5999755859375,603.5,578.8179931640625,24347946
2021-03-16,606.8499755859375,607.0,593.6500244140625,594.9500122070312,570.6177368164062,17925629
2021-03-17,597.5499877929688,603.6500244140625,587.0,589.5,565.3905029296875,20214082
2021-03-18,594.75,601.4000244140625,575.5,578.5999755859375,554.9363403320312,22776537
2021-03-19,575.2000122070312,588.9000244140625,570.0,586.6500244140625,562.6571044921875,29162618
2021-03-22,586.8499755859375,586.8499755859375,569.5,573.4500122070312,549.9969482421875,21755401
2021-03-23,576.0,589.25,574.2999877929688,586.4000244140625,562.4173583984375,29486417
2021-03-24,580.0,580.5499877929688,565.0,567.5,544.290283203125,24434219
2021-03-25,568.0999755859375,579.0,557.0999755859375,571.5499877929688,548.1746826171875,27170186
2021-03-26,584.5,584.5,574.2999877929688,578.5499877929688,554.8883666992188,20724410
2021-03-30,582.0,593.0999755859375,582.0,591.4500122070312,567.2607421875,28011943
2021-03-31,586.0,589.6500244140625,579.0,582.0999755859375,558.2931518554688,20119972
2021-04-01,587.5499877929688,596.0999755859375,580.2000122070312,594.4000244140625,570.0902099609375,15631940
2021-04-05,592.0,592.0,563.5,571.25,547.8868408203125,23260127
2021-04-06,574.7000122070312,578.5,564.4000244140625,565.9000244140625,542.7557373046875,23284697
2021-04-07,566.5499877929688,580.0,559.4000244140625,577.6500244140625,554.0252075195312,23984399
2021-04-08,582.0,585.8499755859375,573.2999877929688,576.7000122070312,553.1140747070312,19262565
2021-04-09,573.9500122070312,579.0,565.0,566.2000122070312,543.04345703125,23239564
2021-04-12,551.4000244140625,551.9500122070312,531.1500244140625,538.5499877929688,516.5242919921875,26601702
2021-04-13,541.0,563.7999877929688,537.8499755859375,560.5999755859375,537.6724243164062,25445897
2021-04-15,565.9500122070312,576.75,554.1500244140625,575.2000122070312,551.6754150390625,37614884
2021-04-16,574.5999755859375,577.75,564.0999755859375,566.9500122070312,543.7627563476562,24045008
2021-04-19,550.0,562.2999877929688,534.4000244140625,559.75,536.8572387695312,28526176
2021-04-20,565.2000122070312,572.6500244140625,552.5999755859375,559.0999755859375,536.2338256835938,24425842
2021-04-22,552.0,580.5999755859375,546.9000244140625,579.2000122070312,555.5118408203125,34942633
2021-04-23,569.9000244140625,580.5,567.0499877929688,569.9500122070312,546.6400756835938,33749097
2021-04-26,602.0,605.5,588.0,591.0999755859375,566.9251098632812,62584522
2021-04-27,593.25,601.9500122070312,591.0999755859375,598.75,574.2622680664062,24239685
2021-04-28,598.0,622.7999877929688,598.0,621.3499755859375,595.9379272460938,33292864
2021-04-29,622.5499877929688,628.4500122070312,609.0,621.4500122070312,596.0338134765625,34537860
2021-04-30,610.0999755859375,616.3499755859375,598.0999755859375,600.5,575.9407348632812,23653258
2021-05-03,592.5499877929688,598.8499755859375,587.5,596.75,572.343994140625,18010557
2021-05-04,596.6500244140625,608.0,589.0,591.5499877929688,567.356689453125,15115127
2021-05-05,595.2999877929688,604.7999877929688,584.7000122070312,602.7999877929688,578.1466064453125,17253943
2021-05-06,602.7999877929688,610.8499755859375,599.25,608.2000122070312,583.3257446289062,16949763
2021-05-07,612.0,614.7999877929688,603.7000122070312,607.0999755859375,582.270751953125,10941083
2021-05-10,611.0,617.0,611.0,613.25,588.1691284179688,12060808
2021-05-11,606.4000244140625,612.9000244140625,603.25,609.8499755859375,584.908203125,13818480
2021-05-12,603.2000122070312,606.6500244140625,593.2000122070312,594.75,570.4258422851562,14785569
2021-05-14,592.0,601.9500122070312,591.0999755859375,597.2999877929688,572.8714599609375,12675754
2021-05-17,603.25,624.5,601.2000122070312,623.5999755859375,598.0958862304688,20453101
2021-05-18,628.0,635.5,626.0,633.2000122070312,607.3033447265625,19242627
2021-05-19,627.0999755859375,634.0,623.3499755859375,625.4500122070312,599.8702392578125,13911576
2021-05-20,628.0499877929688,632.9000244140625,616.6500244140625,618.5999755859375,593.3004760742188,13900762
2021-05-21,622.2999877929688,643.9500122070312,622.2999877929688,642.4500122070312,616.1749877929688,23975898
2021-05-24,643.25,653.4500122070312,638.0,647.3499755859375,620.8745727539062,20323003
2021-05-25,650.0999755859375,652.0,642.5,650.2999877929688,623.7039184570312,14884778
2021-05-26,649.3499755859375,656.6500244140625,643.2999877929688,652.5,625.81396484375,14487031
2021-05-27,651.0999755859375,656.5,648.0999755859375,652.25,625.57421875,23349546
2021-05-28,658.0499877929688,660.0,639.25,643.0499877929688,616.7503662109375,14191446
2021-05-31,643.75,665.0,643.75,662.75,635.6446533203125,21786138
2021-06-01,664.5499877929688,664.9000244140625,648.3499755859375,650.0999755859375,623.5120239257812,14123196
2021-06-02,648.5,649.3499755859375,641.0999755859375,648.3499755859375,621.8336181640625,16025108
2021-06-03,653.4500122070312,653.6500244140625,644.75,650.25,623.656005859375,11805702
2021-06-04,653.0,654.9000244140625,639.4000244140625,642.7000122070312,616.414794921875,15111572
2021-06-07,645.2000122070312,650.0,644.25,648.2000122070312,621.6898193359375,7556341
2021-06-08,648.0,648.0,637.4000244140625,642.4000244140625,616.1270141601562,11912935
2021-06-09,644.4000244140625,645.5999755859375,628.7999877929688,636.0999755859375,610.084716796875,15823094
2021-06-10,635.4500122070312,642.4000244140625,631.0,640.4000244140625,614.2088623046875,10712418
2021-06-11,644.0,644.5499877929688,631.5,635.7000122070312,609.7010498046875,9015059
2021-06-14,635.7000122070312,636.0999755859375,623.3499755859375,635.1500244140625,609.1735229492188,10170497
2021-06-15,636.3499755859375,646.2000122070312,636.0,645.2999877929688,618.9083251953125,11039987
2021-06-16,644.9000244140625,649.2000122070312,637.5999755859375,640.0999755859375,613.9210815429688,8601339
2021-06-17,633.0499877929688,637.5499877929688,626.7000122070312,633.0,607.1113891601562,9720060
2021-06-18,632.5999755859375,636.5999755859375,620.7000122070312,630.4000244140625,604.6177978515625,13820690
2021-06-21,622.8499755859375,633.0999755859375,616.25,631.25,605.43310546875,13407446
2021-06-22,635.0,644.0999755859375,629.5499877929688,630.8499755859375,605.0493774414062,15270093
2021-06-23,633.75,635.0,623.4500122070312,624.7000122070312,599.1510009765625,10950633
2021-06-24,627.0,636.2999877929688,624.4500122070312,634.0499877929688,608.1185302734375,12815724
2021-06-25,636.0999755859375,650.0,636.0999755859375,649.0,622.4571533203125,14785922
2021-06-28,651.0,653.0,646.1500244140625,650.2999877929688,623.7039184570312,12093491
2021-06-29,646.2999877929688,648.75,636.4500122070312,640.0999755859375,613.9210815429688,12225470
2021-06-30,638.2999877929688,640.7999877929688,629.7999877929688,630.9000244140625,605.0973510742188,14276494
2021-07-01,633.9500122070312,637.4000244140625,630.0499877929688,630.8499755859375,605.0493774414062,10517081
2021-07-02,632.25,641.3499755859375,632.25,640.25,614.06494140625,10999396
2021-07-05,642.75,648.5,641.2000122070312,647.8499755859375,621.3541259765625,7358568
2021-07-06,645.2000122070312,655.0,645.2000122070312,650.2999877929688,623.7039184570312,9209891
2021-07-07,650.9000244140625,654.75,645.9000244140625,654.0,627.2526245117188,7741559
2021-07-08,650.5,654.0,638.0999755859375,641.9000244140625,615.6475219726562,10782941
2021-07-09,639.5,641.1500244140625,633.7999877929688,638.5499877929688,612.4344482421875,7069698
2021-07-12,646.0,650.25,642.4000244140625,646.25,619.8195190429688,6992783
2021-07-13,655.1500244140625,666.3499755859375,653.0,664.9500122070312,637.7548217773438,19825411
2021-07-14,662.0,668.0,658.2000122070312,664.3499755859375,637.1792602539062,11648541
2021-07-15,665.0999755859375,669.5999755859375,661.0999755859375,667.4500122070312,640.1524658203125,8244429
2021-07-16,667.4500122070312,667.75,657.7000122070312,660.2999877929688,633.2949829101562,9212875
2021-07-19,645.6500244140625,656.9000244140625,645.5499877929688,655.9000244140625,629.0748901367188,9121737
2021-07-20,648.6500244140625,651.25,639.0999755859375,641.9000244140625,615.6475219726562,13169127
2021-07-22,652.5,660.2999877929688,648.2999877929688,655.9500122070312,629.1229858398438,13123569
2021-07-23,655.9500122070312,677.8499755859375,650.75,676.6500244140625,648.976318359375,19298083
2021-07-26,680.0,687.75,663.5999755859375,676.75,649.0721435546875,31054759
2021-07-27,680.1500244140625,685.5999755859375,673.2999877929688,677.4500122070312,649.7435302734375,12598869
2021-07-28,677.9000244140625,687.0,670.0499877929688,685.0499877929688,657.0326538085938,18367497
2021-07-29,692.5,692.5,683.0999755859375,687.5,661.3131713867188,11043138
2021-07-30,687.0,687.6500244140625,678.0,682.5,656.5037231445312,14536250
2021-08-02,684.0499877929688,688.0499877929688,677.7000122070312,681.4000244140625,655.445556640625,9348206
2021-08-03,683.0,691.9000244140625,676.6500244140625,690.4000244140625,664.1027221679688,10162609
2021-08-04,694.0,717.4000244140625,693.2000122070312,714.6500244140625,687.4291381835938,28730606
2021-08-05,715.5,716.5,699.0499877929688,702.4500122070312,675.6937866210938,17774554
2021-08-06,705.0499877929688,706.0,695.7000122070312,697.6500244140625,671.07666015625,14701949
2021-08-09,697.4000244140625,706.2999877929688,694.3499755859375,702.8499755859375,676.0784912109375,8602980
2021-08-10,704.0999755859375,708.2999877929688,697.2999877929688,700.9000244140625,674.2028198242188,10843554
2021-08-11,706.25,707.1500244140625,690.0,693.5499877929688,667.1328125,9748084
2021-08-12,693.5,702.9500122070312,693.2999877929688,701.3499755859375,674.6356811523438,8840339
2021-08-13,707.0499877929688,709.9000244140625,701.0,704.7999877929688,677.9542846679688,12787590
2021-08-16,702.4000244140625,707.4000244140625,698.6500244140625,702.6500244140625,675.8861694335938,7920846
2021-08-17,699.7999877929688,702.9000244140625,691.5,701.2000122070312,674.4913940429688,8669653
2021-08-18,700.8499755859375,700.8499755859375,683.5999755859375,688.2999877929688,662.0827026367188,11069373
2021-08-20,683.8499755859375,684.4000244140625,675.3499755859375,680.7000122070312,654.772216796875,13121808
2021-08-23,689.9500122070312,689.9500122070312,673.8499755859375,682.7000122070312,656.6961059570312,10917371
2021-08-24,683.25,697.25,680.4000244140625,694.4500122070312,667.9984741210938,9821388
2021-08-25,699.9500122070312,700.4500122070312,687.1500244140625,691.0499877929688,664.72802734375,9535359
2021-08-26,692.0499877929688,701.5499877929688,690.0,698.7999877929688,672.1828002929688,10756731
2021-08-27,696.0999755859375,700.4500122070312,689.0499877929688,699.75,673.0965576171875,9135827
2021-08-30,704.5,715.0,700.9000244140625,713.6500244140625,686.4672241210938,10797869
2021-08-31,714.0,719.9000244140625,709.3499755859375,719.0499877929688,691.6614379882812,19760246
2021-09-01,727.5999755859375,734.7999877929688,717.2000122070312,719.9000244140625,692.4791870117188,13729351
2021-09-02,722.2999877929688,728.0499877929688,717.5,725.1500244140625,697.5291748046875,8627956
2021-09-03,724.75,731.7999877929688,721.0999755859375,724.2999877929688,696.7114868164062,8993813
2021-09-06,725.4000244140625,728.0,720.0,721.1500244140625,693.6814575195312,5329995
2021-09-07,720.9000244140625,722.4500122070312,711.6500244140625,716.9000244140625,689.5933227539062,6242711
2021-09-08,716.5,722.75,715.0,720.9500122070312,693.4890747070312,7118011
2021-09-09,720.7999877929688,723.9000244140625,717.5999755859375,720.25,692.8157958984375,6243422
2021-09-13,717.9000244140625,717.9000244140625,705.2000122070312,707.4000244140625,680.455322265625,6967906
2021-09-14,713.25,714.0,706.5,707.4500122070312,680.5032958984375,5241865
2021-09-15,707.0999755859375,716.0,706.2999877929688,714.3499755859375,687.1404418945312,5936741
2021-09-16,720.0,729.4000244140625,712.8499755859375,727.2000122070312,699.5010375976562,13557169
2021-09-17,732.9000244140625,734.4000244140625,714.0,720.1500244140625,692.7196044921875,17075003
2021-09-20,710.0,720.4000244140625,706.5,710.0,682.9562377929688,7943459
2021-09-21,711.1500244140625,714.5,694.4000244140625,711.8499755859375,684.7356567382812,10009615
2021-09-22,715.0,715.0,702.25,703.3499755859375,676.5594482421875,9740470
2021-09-23,711.0,720.0,707.1500244140625,717.0,689.6896362304688,10412491
2021-09-24,722.5999755859375,724.5999755859375,716.5499877929688,722.9500122070312,695.4129028320312,11780868
2021-09-27,724.5,731.75,722.2999877929688,730.0,702.1944580078125,7712240
2021-09-28,734.0999755859375,735.4000244140625,706.5999755859375,717.1500244140625,689.8338623046875,13491800
2021-09-29,707.3499755859375,711.9500122070312,701.2999877929688,709.5,682.4752807617188,11453404
2021-09-30,709.5999755859375,713.9000244140625,698.7999877929688,700.8499755859375,674.1547241210938,18487517
2021-10-01,693.0,694.8499755859375,687.9000244140625,692.3499755859375,665.978515625,10935810
2021-10-04,697.0499877929688,703.3499755859375,694.0499877929688,700.2000122070312,673.5294799804688,8976533
2021-10-05,693.0,699.0,691.8499755859375,697.0999755859375,670.5475463867188,7497208
2021-10-06,696.5999755859375,705.0,688.3499755859375,689.5,663.237060546875,13200810
2021-10-07,697.5499877929688,704.9500122070312,693.4500122070312,702.2000122070312,675.4533081054688,10041549
2021-10-08,706.0,710.0,698.2999877929688,703.4000244140625,676.6076049804688,9383924
2021-10-11,702.0,719.4000244140625,700.2999877929688,713.2999877929688,686.1304931640625,9337637
2021-10-12,706.5,713.0,704.4000244140625,708.5999755859375,681.6094970703125,7376091
2021-10-13,713.8499755859375,715.9000244140625,707.9500122070312,709.9500122070312,682.908203125,6357766
2021-10-14,710.25,729.7999877929688,709.0499877929688,727.2999877929688,699.5972900390625,8950350
2021-10-18,739.0,748.9000244140625,732.0499877929688,745.4500122070312,717.0559692382812,15345601
2021-10-19,755.0,755.0,738.75,747.4500122070312,718.9797973632812,11349799
2021-10-20,746.75,757.4500122070312,741.9000244140625,745.8499755859375,717.440673828125,12762996
2021-10-21,748.9000244140625,759.8499755859375,737.4000244140625,755.5,726.7230834960938,12166996
2021-10-22,758.5,765.8499755859375,753.3499755859375,759.2999877929688,730.3782958984375,13248928
2021-10-25,800.0,867.0,798.4000244140625,841.7000122070312,809.6397705078125,96124084
2021-10-26,828.7000122070312,841.7000122070312,822.3499755859375,829.4000244140625,797.808349609375,16925115
2021-10-27,828.75,849.0,824.2000122070312,835.0,803.1950073242188,22898400
2021-10-28,830.0999755859375,831.9500122070312,796.25,798.7000122070312,768.2776489257812,18750423
2021-10-29,798.0,808.75,783.9000244140625,802.0499877929688,771.5000610351562,15701200
2021-11-01,807.7000122070312,809.7000122070312,793.0,803.9000244140625,773.279541015625,11406421
2021-11-02,809.0,810.0,798.0,800.9500122070312,770.44189453125,9452457
2021-11-03,806.0,806.0,780.4500122070312,785.9500122070312,756.0133056640625,11839149
2021-11-04,788.5,789.0,779.0,782.0999755859375,752.3099365234375,3149310
2021-11-08,793.0,793.0,773.1500244140625,780.1500244140625,750.4342651367188,13967995
2021-11-09,784.0,788.5999755859375,779.2000122070312,786.5499877929688,756.5903930664062,10084357
2021-11-10,782.5499877929688,784.2999877929688,773.0999755859375,780.9000244140625,751.1556396484375,9507347
2021-11-11,776.7000122070312,777.0,766.0999755859375,771.4500122070312,742.0656127929688,9221059
2021-11-12,772.7000122070312,779.9000244140625,771.2000122070312,776.5999755859375,747.0193481445312,15380106
2021-11-15,777.0,784.5499877929688,771.5499877929688,773.2999877929688,743.8450927734375,10934583
2021-11-16,773.2999877929688,775.75,762.0,764.0499877929688,734.9473876953125,12785837
2021-11-17,760.9000244140625,771.9500122070312,756.2999877929688,761.2999877929688,732.30224609375,11657214
2021-11-18,764.9000244140625,767.5,756.4000244140625,762.9000244140625,733.84130859375,20644385
2021-11-22,768.2999877929688,770.4500122070312,740.25,752.0,723.3564453125,20403786
2021-11-23,740.9500122070312,757.9500122070312,731.2000122070312,751.8499755859375,723.2120971679688,24913042
2021-11-24,750.25,772.25,746.7000122070312,760.2000122070312,731.2440795898438,23186419
2021-11-25,754.9000244140625,754.9500122070312,745.2999877929688,751.0499877929688,722.442626953125,17749726
2021-11-26,739.0,742.0499877929688,718.5999755859375,722.2000122070312,694.6915283203125,18987552
2021-11-29,726.75,727.75,710.5,718.4000244140625,691.0362548828125,15878074
2021-11-30,716.75,732.2999877929688,711.0999755859375,714.3499755859375,687.1404418945312,23965914
2021-12-01,716.4000244140625,732.75,715.0,727.7000122070312,699.9819946289062,15214913
2021-12-02,724.5999755859375,727.0999755859375,715.2000122070312,722.4000244140625,694.8839111328125,21924640
2021-12-03,720.5,729.5,715.0999755859375,716.2999877929688,689.0162353515625,20130259
2021-12-06,719.0,726.7999877929688,707.5,709.5499877929688,682.5233154296875,20129080
2021-12-07,717.0,740.9500122070312,712.0,734.6500244140625,706.6673583984375,30513303
2021-12-08,747.9000244140625,758.7999877929688,744.0999755859375,753.4000244140625,724.703125,33432411
2021-12-09,759.0499877929688,763.0,748.4000244140625,755.0,726.2421264648438,16007459
2021-12-10,756.5,759.7999877929688,751.0499877929688,758.0,729.1278686523438,7627774
2021-12-13,763.0,769.7000122070312,752.5,754.0,725.2802734375,16855546
2021-12-14,751.0499877929688,764.3499755859375,746.2999877929688,758.6500244140625,729.753173828125,17488089
2021-12-15,757.5999755859375,759.5,750.9000244140625,752.25,723.5968627929688,7358740
2021-12-16,757.9000244140625,757.9000244140625,738.9500122070312,741.1500244140625,712.9197387695312,14123215
2021-12-17,742.0,742.0,726.0499877929688,728.2999877929688,700.5591430664062,13227787
2021-12-20,718.0999755859375,720.2000122070312,698.2000122070312,709.9500122070312,682.908203125,16900016
2021-12-21,720.0,728.9500122070312,716.1500244140625,720.3499755859375,692.9119262695312,14563335
2021-12-22,726.25,734.9500122070312,720.0499877929688,732.7999877929688,704.8877563476562,9843359
2021-12-23,739.0499877929688,739.5,727.9500122070312,731.2999877929688,703.4448852539062,9994049
2021-12-24,733.9000244140625,733.9000244140625,719.5999755859375,727.0999755859375,699.4049682617188,8800690
2021-12-27,724.0,738.75,716.0999755859375,736.0,707.9658813476562,7955163
2021-12-28,740.4000244140625,742.4500122070312,732.5,735.7999877929688,707.7734985351562,17833655
2021-12-29,738.0,744.9500122070312,731.9000244140625,735.7000122070312,707.67724609375,7143073
2021-12-30,733.2999877929688,740.5,729.0,735.7000122070312,707.67724609375,14326182
2021-12-31,736.5499877929688,746.25,736.5499877929688,740.1500244140625,711.9578247070312,6973055
2022-01-03,743.0499877929688,766.0,743.0,764.7000122070312,735.57275390625,9653095
2022-01-04,767.9500122070312,778.0,763.5999755859375,772.8499755859375,743.4122314453125,12114437
2022-01-05,773.0,795.8499755859375,771.2000122070312,788.0499877929688,758.033203125,19741360
2022-01-06,775.0499877929688,792.5,774.0,785.0499877929688,755.1475219726562,13018067
2022-01-07,792.2000122070312,802.2999877929688,786.25,793.25,763.03515625,12250210
2022-01-10,800.25,812.7999877929688,799.0,810.75,779.8685913085938,10905080
2022-01-11,809.75,814.7000122070312,801.9000244140625,810.6500244140625,779.7724609375,9982061
2022-01-12,818.5999755859375,825.4500122070312,812.0499877929688,823.75,792.37353515625,13034848
2022-01-13,821.0,828.0,817.4000244140625,824.7000122070312,793.2872924804688,9372244
2022-01-14,821.0,822.0,811.5999755859375,820.0,788.766357421875,7552844
2022-01-17,820.0,828.9000244140625,814.5499877929688,819.2999877929688,788.0929565429688,6722700
2022-01-18,821.0,836.0,818.2000122070312,823.0999755859375,791.7482299804688,10835146
2022-01-19,816.0,821.0,803.25,808.5999755859375,777.800537109375,16416144
2022-01-20,803.0,812.9500122070312,795.4000244140625,810.25,779.3876953125,13567654
2022-01-21,803.0,811.3499755859375,795.5,804.5,773.856689453125,12078277
2022-01-24,813.0,816.7000122070312,783.2999877929688,798.4500122070312,768.0372314453125,29612316
2022-01-25,789.0,804.2999877929688,786.0499877929688,801.6500244140625,771.1152954101562,19513184
2022-01-27,786.9000244140625,801.5,781.0499877929688,794.6500244140625,764.3819580078125,23984679
2022-01-28,803.75,805.8499755859375,778.5,781.1500244140625,751.3961181640625,14072314
2022-01-31,788.9500122070312,798.7000122070312,784.0,788.7999877929688,758.7546997070312,14824509
2022-02-01,802.0499877929688,812.8499755859375,789.2999877929688,810.2999877929688,779.435791015625,20031583
2022-02-02,815.0,818.7000122070312,808.8499755859375,813.75,782.75439453125,11214375
2022-02-03,814.0499877929688,818.4000244140625,806.0,808.9500122070312,778.13720703125,9755335
2022-02-04,809.7999877929688,812.0,795.7999877929688,805.0499877929688,774.3857421875,10314067
2022-02-07,798.0499877929688,805.0,781.4500122070312,786.4000244140625,756.4461669921875,14659368
2022-02-08,790.0,795.7000122070312,774.2999877929688,792.5,762.3137817382812,14642455
2022-02-09,797.25,804.25,794.2000122070312,802.7999877929688,772.2214965820312,8855292
2022-02-10,805.9500122070312,808.7999877929688,796.2999877929688,805.5,774.8186645507812,13159771
2022-02-11,796.8499755859375,797.4000244140625,787.9000244140625,790.7999877929688,760.6785278320312,13138408
2022-02-14,772.0,773.9500122070312,751.1500244140625,753.7000122070312,724.99169921875,16170656
2022-02-15,752.9500122070312,778.0,743.2000122070312,776.0499877929688,746.4903564453125,18880659
2022-02-16,775.7000122070312,777.5499877929688,760.4000244140625,764.0499877929688,734.9473876953125,10549784
2022-02-17,766.5,767.25,746.2999877929688,750.3499755859375,721.769287109375,16683808
2022-02-18,746.8499755859375,756.7999877929688,745.5499877929688,748.9000244140625,720.3745727539062,8945567
2022-02-21,746.25,762.9000244140625,740.0,754.4500122070312,725.713134765625,10967164
2022-02-22,738.4000244140625,759.75,737.75,751.2999877929688,722.68310546875,13156371
2022-02-23,754.5999755859375,756.4000244140625,742.7000122070312,744.5999755859375,716.2383422851562,11624282
2022-02-24,712.9000244140625,727.0999755859375,702.2999877929688,707.4000244140625,680.455322265625,28023104
2022-02-25,724.9500122070312,739.2999877929688,720.25,730.0499877929688,702.2425537109375,16935750
2022-02-28,722.9500122070312,744.75,715.4000244140625,742.7000122070312,714.41064453125,20547432
2022-03-02,717.0,724.9500122070312,707.75,714.8499755859375,687.6213989257812,25252492
2022-03-03,717.5999755859375,721.9500122070312,693.4500122070312,698.2999877929688,671.7018432617188,23190595
2022-03-04,691.0,706.5499877929688,685.0,688.0499877929688,661.8423461914062,18697223
2022-03-07,663.5,667.0,642.1500244140625,653.75,628.8487548828125,27799873
2022-03-08,643.2999877929688,669.4500122070312,643.0,665.0,639.6702880859375,26716975
2022-03-09,664.7000122070312,674.5,658.0,667.4500122070312,642.0269165039062,33728639
2022-03-10,693.9500122070312,701.0,673.6500244140625,676.5999755859375,650.8283081054688,35959638
2022-03-11,674.6500244140625,684.7000122070312,670.5999755859375,677.9000244140625,652.0789794921875,20546724
2022-03-14,678.0999755859375,698.4500122070312,677.25,696.1500244140625,669.6337280273438,24648981
2022-03-15,701.5,708.0999755859375,688.0,697.3499755859375,670.7879638671875,27714580
2022-03-16,706.9000244140625,711.4000244140625,701.25,708.0,681.0323486328125,14621688
2022-03-17,717.7999877929688,725.0,716.2000122070312,720.0999755859375,692.6715087890625,18329844
2022-03-21,721.0,722.9000244140625,705.5,710.75,683.6776733398438,12866839
2022-03-22,708.6500244140625,721.0,699.5,718.2000122070312,690.8438720703125,11761758
2022-03-23,725.0,726.7999877929688,714.25,718.2999877929688,690.9400634765625,7140403
2022-03-24,702.4500122070312,712.7000122070312,698.0,704.2000122070312,677.3771362304688,17727969
2022-03-25,705.0,706.0999755859375,696.6500244140625,699.25,672.6156616210938,15263007
2022-03-28,702.0,713.4000244140625,695.6500244140625,710.3499755859375,683.2928466796875,13806166
2022-03-29,714.2999877929688,716.9500122070312,705.8499755859375,715.2999877929688,688.0543823242188,11489374
2022-03-30,721.0499877929688,731.75,719.0999755859375,730.9000244140625,703.0601196289062,20154520
2022-03-31,739.9000244140625,739.9000244140625,727.7999877929688,730.2999877929688,702.4829711914062,16046383
2022-04-01,725.0,738.2999877929688,723.0999755859375,736.25,708.2063598632812,12658848
2022-04-04,742.0,749.7999877929688,725.0,746.5999755859375,718.1620483398438,17192197
2022-04-05,746.7999877929688,755.4500122070312,738.0,741.7999877929688,713.544921875,12290391
2022-04-06,732.2999877929688,744.9000244140625,732.0999755859375,741.5999755859375,713.3525390625,13518142
2022-04-07,737.0999755859375,757.7999877929688,737.0999755859375,748.5499877929688,720.0377807617188,15087175
2022-04-08,749.8499755859375,756.0,743.5999755859375,754.2999877929688,725.5687255859375,15480705
2022-04-11,752.2999877929688,765.4500122070312,751.6500244140625,759.5999755859375,730.6668701171875,13216391
2022-04-12,757.0,768.9000244140625,750.25,763.8499755859375,734.7550659179688,14020000
2022-04-13,769.5999755859375,772.5499877929688,760.7000122070312,762.25,733.2159423828125,16119956
2022-04-18,751.0,762.9000244140625,749.2000122070312,757.7999877929688,728.9354858398438,17651530
2022-04-19,761.7999877929688,777.9000244140625,757.0,766.2999877929688,737.1116943359375,31088359
2022-04-20,766.7999877929688,770.0,753.7999877929688,755.5499877929688,726.7711791992188,15984202
2022-04-21,759.0499877929688,764.2000122070312,751.2000122070312,762.3499755859375,733.3121948242188,8953098
2022-04-22,757.0,758.8499755859375,745.9000244140625,747.6500244140625,719.1721801757812,14411607
2022-04-25,747.6500244140625,762.2000122070312,744.0,752.2000122070312,723.548828125,35417460
2022-04-26,768.0,768.5499877929688,751.6500244140625,753.75,725.0397338867188,18727514
2022-04-27,749.0,750.0,732.5499877929688,736.7000122070312,708.63916015625,21441480
2022-04-28,739.0999755859375,751.9000244140625,734.6500244140625,747.1500244140625,718.6912231445312,18649559
2022-04-29,750.0999755859375,759.9500122070312,740.0999755859375,743.2999877929688,714.98779296875,19560317
2022-05-02,732.0,743.7999877929688,731.0999755859375,741.0,712.775390625,10903446
2022-05-04,746.2000122070312,747.0,721.1500244140625,724.25,696.6634521484375,12212165
2022-05-05,730.7999877929688,743.0,726.5,728.7999877929688,701.0401611328125,9121547
2022-05-06,716.25,723.0,710.2999877929688,719.25,691.8538818359375,12455025
2022-05-09,705.2999877929688,720.0,704.4500122070312,710.3499755859375,683.2928466796875,13055889
2022-05-10,705.0,720.0,705.0,711.2999877929688,684.2066650390625,12797419
2022-05-11,718.0,719.7999877929688,707.1500244140625,714.2000122070312,686.9962768554688,13516852
2022-05-12,707.5499877929688,710.7000122070312,693.2999877929688,695.7999877929688,669.297119140625,16685166
2022-05-13,702.4000244140625,702.4000244140625,675.0,677.3499755859375,651.5498046875,15717043
2022-05-16,676.7000122070312,690.9500122070312,675.75,683.0,656.9845581054688,9025623
2022-05-17,686.0999755859375,712.0,685.1500244140625,710.0,682.9562377929688,12765052
2022-05-18,712.3499755859375,717.0,706.0999755859375,707.3499755859375,680.4071044921875,11835013
2022-05-19,693.0999755859375,698.7000122070312,685.5999755859375,690.2999877929688,664.0065307617188,16661023
2022-05-20,694.7999877929688,711.9000244140625,693.7000122070312,709.5499877929688,682.5233154296875,11695528
2022-05-23,709.5499877929688,725.9500122070312,707.4500122070312,711.0499877929688,683.9661865234375,17438451
2022-05-24,711.0499877929688,717.3499755859375,706.0499877929688,708.1500244140625,681.1766967773438,13779981
2022-05-25,712.0499877929688,720.8499755859375,711.5999755859375,713.3499755859375,686.1786499023438,10457589
2022-05-26,723.0,733.0,715.4500122070312,728.5,700.75146484375,14028733
2022-05-27,733.5499877929688,741.2000122070312,731.25,739.7999877929688,711.62109375,8110620
2022-05-30,748.75,751.9500122070312,744.2999877929688,748.5,719.98974609375,7628515
2022-05-31,741.0,756.7000122070312,740.5,752.8499755859375,724.1739501953125,20272212
2022-06-01,748.0,755.5999755859375,744.2000122070312,752.6500244140625,723.981689453125,10102092
2022-06-02,751.0499877929688,751.75,743.2000122070312,749.75,721.192138671875,10949759
2022-06-03,756.1500244140625,757.0,741.2000122070312,744.2999877929688,715.94970703125,8563791
2022-06-06,740.2000122070312,750.9500122070312,739.5999755859375,746.75,718.306396484375,9107831
2022-06-07,741.0,742.9500122070312,732.3499755859375,735.25,707.2444458007812,9938912
2022-06-08,736.5999755859375,741.0,726.4500122070312,729.5,701.7135009765625,9369224
2022-06-09,725.0,734.0999755859375,722.1500244140625,732.75,704.839599609375,7444368
2022-06-10,724.75,728.2999877929688,718.0,720.0,692.5752563476562,7990818
2022-06-13,702.25,702.2999877929688,682.0999755859375,688.0,661.794189453125,16622521
2022-06-14,682.4000244140625,694.6500244140625,680.6500244140625,685.5,659.389404296875,13348598
2022-06-15,687.5,696.3499755859375,686.0999755859375,687.25,661.07275390625,9199591
2022-06-16,700.0,700.0499877929688,676.2999877929688,678.5,652.656005859375,13237239
2022-06-17,671.25,692.6500244140625,669.9500122070312,686.8499755859375,660.68798828125,16335613
2022-06-20,686.0,687.7999877929688,677.5999755859375,685.9500122070312,659.822265625,10981042
2022-06-21,690.5499877929688,708.0,688.5999755859375,696.0999755859375,669.5855712890625,13319648
2022-06-22,694.25,698.9000244140625,685.0999755859375,686.5999755859375,660.447509765625,6838249
2022-06-23,690.2000122070312,706.0,687.0,699.1500244140625,672.51953125,14960412
2022-06-24,710.9000244140625,715.25,706.5499877929688,713.4500122070312,686.2747802734375,10856736
2022-06-27,728.8499755859375,728.8499755859375,716.0999755859375,717.3499755859375,690.0262451171875,8285225
2022-06-28,711.0499877929688,717.2999877929688,707.0,710.2999877929688,683.2447509765625,8339931
2022-06-29,704.9500122070312,706.7000122070312,700.9500122070312,702.75,675.9823608398438,9570557
2022-06-30,702.75,711.9000244140625,701.2000122070312,707.2000122070312,680.2628784179688,11970404
2022-07-01,703.4500122070312,706.75,694.0999755859375,703.9000244140625,677.088623046875,9884899
2022-07-04,704.8499755859375,721.0999755859375,704.8499755859375,720.0999755859375,692.6715087890625,8303732
2022-07-05,723.0499877929688,732.1500244140625,718.0999755859375,719.4500122070312,692.0462646484375,11460367
2022-07-06,723.0,731.9000244140625,722.0,725.9500122070312,698.2986450195312,12163533
2022-07-07,735.9500122070312,744.0,733.0,742.0,713.7373046875,10374018
2022-07-08,751.2999877929688,757.5,744.5499877929688,755.7000122070312,726.91552734375,9797700
2022-07-11,755.0,771.5499877929688,755.0,769.5,740.18994140625,12440573
2022-07-12,765.3499755859375,767.4500122070312,757.7000122070312,759.9000244140625,730.95556640625,10219829
2022-07-13,764.75,764.75,749.9000244140625,753.2000122070312,724.5107421875,8674121
2022-07-14,750.0,759.5,748.7999877929688,752.4000244140625,723.7412109375,7044542
2022-07-15,753.25,759.0,744.2000122070312,751.2000122070312,722.5869140625,6358018
2022-07-18,759.25,773.1500244140625,757.8499755859375,772.0,742.5946655273438,8045363
2022-07-19,767.7999877929688,782.0,767.1500244140625,780.6500244140625,750.9152221679688,12825591
2022-07-20,789.5,789.5499877929688,780.2999877929688,783.0999755859375,753.2717895507812,8152179
2022-07-21,784.9000244140625,788.9500122070312,780.0999755859375,786.0,756.0613403320312,8312338
2022-07-22,789.0999755859375,803.9000244140625,789.0999755859375,800.0499877929688,769.576171875,12267898
2022-07-25,803.0,817.7999877929688,797.0999755859375,800.9000244140625,770.3938598632812,21034148
2022-07-26,801.5999755859375,802.7999877929688,791.6500244140625,796.2999877929688,765.9690551757812,7374145
2022-07-27,795.0,803.7999877929688,794.6500244140625,800.5,770.0090942382812,9536564
2022-07-28,806.9500122070312,815.5,805.2999877929688,814.5999755859375,783.572021484375,11124518
2022-07-29,820.6500244140625,823.4000244140625,808.0,818.5999755859375,787.4196166992188,11095993
2022-08-01,820.7000122070312,825.0,817.2999877929688,823.4000244140625,792.0368041992188,7974903
2022-08-02,820.0,822.0,812.2000122070312,817.75,786.6019897460938,11106772
2022-08-03,817.75,828.0,811.5499877929688,824.7999877929688,793.3834838867188,11073975
2022-08-04,824.0,829.9500122070312,808.3499755859375,820.25,789.0068359375,11113742
2022-08-05,823.0999755859375,840.9000244140625,823.0999755859375,838.2000122070312,806.2730712890625,16056522
2022-08-08,836.5999755859375,842.2999877929688,831.1500244140625,836.9500122070312,809.9019165039062,12142951
2022-08-10,842.1500244140625,853.0,842.1500244140625,848.75,821.3206176757812,23658553
2022-08-11,860.0499877929688,866.5,858.0999755859375,859.7000122070312,831.916748046875,22787391
2022-08-12,863.9500122070312,877.25,858.5,874.4000244140625,846.1417236328125,10792853
2022-08-16,881.4500122070312,884.5,876.4000244140625,879.25,850.8348999023438,13804836
2022-08-17,881.7999877929688,885.5,878.4000244140625,883.25,854.70556640625,9058040
2022-08-18,880.5499877929688,887.6500244140625,875.0499877929688,885.0999755859375,856.4957885742188,13137856
2022-08-19,885.0,886.9000244140625,864.2999877929688,870.4000244140625,842.2709350585938,10787199
2022-08-22,865.5499877929688,867.4000244140625,849.5999755859375,852.25,824.7073974609375,13848023
2022-08-23,845.3499755859375,868.0,842.7999877929688,863.9000244140625,835.98095703125,13254855
2022-08-24,857.0499877929688,875.3499755859375,857.0499877929688,873.2999877929688,845.0771484375,10494109
2022-08-25,873.2999877929688,881.4500122070312,866.7000122070312,872.3499755859375,844.1578369140625,9827829
2022-08-26,874.1500244140625,877.5,867.2999877929688,870.8499755859375,842.706298828125,5976725
2022-08-29,850.0499877929688,861.0,847.0,855.8499755859375,828.1911010742188,7755134
2022-08-30,860.5,890.75,859.0999755859375,887.2999877929688,858.6246948242188,12544701
2022-09-01,863.0,885.7000122070312,863.0,874.3499755859375,846.0932006835938,15877583
2022-09-02,874.0999755859375,881.2999877929688,867.0,872.4000244140625,844.2062377929688,8401284
2022-09-05,871.5499877929688,885.9000244140625,871.5499877929688,882.4500122070312,853.9314575195312,8744999
2022-09-06,882.5,889.9500122070312,878.0999755859375,883.6500244140625,855.0926513671875,9879326
2022-09-07,878.5499877929688,882.6500244140625,872.5,876.2000122070312,847.8834228515625,8814960
2022-09-08,885.5,900.7999877929688,885.5,898.7999877929688,869.7531127929688,12163106
2022-09-09,910.1500244140625,911.9500122070312,897.7000122070312,901.25,872.1239013671875,9936230
2022-09-12,905.0499877929688,908.9000244140625,902.7999877929688,907.2000122070312,877.881591796875,6016978
2022-09-13,913.9500122070312,913.9500122070312,905.2999877929688,910.0,880.5911254882812,10400475
2022-09-14,898.25,922.25,898.0499877929688,918.0999755859375,888.4293212890625,14712947
2022-09-15,920.0,936.6500244140625,915.75,917.5999755859375,887.9454956054688,16253099
2022-09-16,914.9000244140625,917.5999755859375,905.2000122070312,909.0999755859375,879.72021484375,11966860
2022-09-19,904.9500122070312,912.5,895.3499755859375,899.2000122070312,870.14013671875,11235656
2022-09-20,909.2000122070312,922.5,907.3499755859375,916.75,887.1229858398438,12090663
2022-09-21,912.0,917.0,905.6500244140625,915.25,885.67138671875,8917640
2022-09-22,906.0,911.7000122070312,895.2999877929688,903.4000244140625,874.2044677734375,11125669
2022-09-23,901.7000122070312,904.9000244140625,878.75,882.25,853.7379150390625,15927517
2022-09-26,870.0,877.9000244140625,859.2000122070312,861.0499877929688,833.2230224609375,14208640
2022-09-27,864.9500122070312,874.8499755859375,848.5999755859375,852.5499877929688,824.9977416992188,12493809
2022-09-28,844.0,863.25,844.0,849.5,822.0462646484375,11411458
2022-09-29,858.0,861.5999755859375,841.0999755859375,843.9000244140625,816.6273193359375,13803629
2022-09-30,843.9000244140625,867.0499877929688,837.5,862.0,834.142333984375,13175031
2022-10-03,859.7000122070312,860.9500122070312,845.7000122070312,848.3499755859375,820.9334716796875,8232026
2022-10-04,865.0,872.6500244140625,860.0999755859375,867.6500244140625,839.6097412109375,8975095
2022-10-06,873.0499877929688,891.7000122070312,873.0499877929688,885.4500122070312,856.8345336914062,12116698
2022-10-07,877.2000122070312,884.5,872.7999877929688,882.5499877929688,854.0281982421875,9705750
2022-10-10,872.0,889.7999877929688,870.7000122070312,881.75,853.2540283203125,7357588
2022-10-11,883.25,883.25,865.4500122070312,870.5999755859375,842.4644165039062,11130051
2022-10-12,867.9500122070312,871.7000122070312,861.5,868.3499755859375,840.2871704101562,14557532
2022-10-13,862.3499755859375,865.4500122070312,850.5,853.5999755859375,826.0137939453125,11563124
2022-10-14,883.7999877929688,883.7999877929688,868.5499877929688,870.25,842.1256713867188,8199540
2022-10-17,872.0,887.5,868.5499877929688,885.2000122070312,856.592529296875,8936947
2022-10-18,896.0499877929688,900.7000122070312,891.1500244140625,896.9000244140625,867.9144897460938,8097552
2022-10-19,900.0499877929688,900.6500244140625,885.5499877929688,892.0999755859375,863.26953125,5529462
2022-10-20,889.7000122070312,893.2999877929688,880.0999755859375,888.6500244140625,859.93115234375,8107159
2022-10-21,888.0,910.0,885.7000122070312,907.1500244140625,877.8331909179688,17022807
2022-10-24,925.0,933.5,917.5999755859375,926.2999877929688,896.3642578125,4390050
2022-10-25,942.0499877929688,943.25,922.9500122070312,925.0499877929688,895.1547241210938,15838120
2022-10-27,926.0499877929688,933.7000122070312,920.25,924.4000244140625,894.5258178710938,16080842
2022-10-28,918.0,927.5,901.0,907.8499755859375,878.5105590820312,9854094
2022-10-31,912.5999755859375,917.0499877929688,904.5999755859375,908.7000122070312,879.3331909179688,9000840
2022-11-01,921.0,921.0,899.5499877929688,908.5999755859375,879.236328125,9823761
2022-11-02,920.5999755859375,920.75,902.3499755859375,904.7000122070312,875.46240234375,7690974
2022-11-03,901.0499877929688,913.8499755859375,897.0499877929688,908.6500244140625,879.2847900390625,9022366
2022-11-04,906.2999877929688,913.4000244140625,900.2000122070312,905.2999877929688,876.0430297851562,7099336
2022-11-07,910.25,920.0999755859375,903.4500122070312,917.5,887.8487548828125,11100219
2022-11-09,920.0,921.9000244140625,905.75,910.5,881.0748901367188,11590409
2022-11-10,907.5499877929688,912.9500122070312,903.9500122070312,910.7000122070312,881.2684936523438,10009741
2022-11-11,925.9000244140625,928.0,903.5,906.5499877929688,877.2526245117188,17921457
2022-11-14,905.0,906.5499877929688,891.25,894.9500122070312,866.0275268554688,12641308
2022-11-15,900.5499877929688,913.6500244140625,898.7999877929688,911.7000122070312,882.2361450195312,15176911
2022-11-16,912.5499877929688,918.0999755859375,908.0999755859375,913.5999755859375,884.07470703125,13008311
2022-11-17,913.0,922.2999877929688,910.3499755859375,919.7999877929688,890.0744018554688,12584194
2022-11-18,919.7999877929688,922.0,910.5499877929688,920.3499755859375,890.6065673828125,10874061
2022-11-21,914.0499877929688,924.7999877929688,914.0499877929688,921.4000244140625,891.6227416992188,9245704
2022-11-22,923.75,926.5,920.4000244140625,923.7000122070312,893.848388671875,11256509
2022-11-23,927.0,931.8499755859375,923.7000122070312,927.4500122070312,897.4772338867188,10959704
2022-11-24,927.5499877929688,940.6500244140625,927.5499877929688,938.8499755859375,908.5087280273438,10844395
2022-11-25,940.2999877929688,942.9000244140625,927.5,930.2999877929688,900.2349853515625,9815055
2022-11-28,924.0,943.7999877929688,923.9500122070312,937.4000244140625,907.105712890625,9381474
2022-11-29,933.5499877929688,949.9000244140625,933.5499877929688,946.75,916.1535034179688,13096845
2022-11-30,948.0499877929688,958.2000122070312,941.0,952.9000244140625,922.1046752929688,20858573
2022-12-01,956.0,957.0,936.25,940.2000122070312,909.8151245117188,15920653
2022-12-02,928.25,934.5,926.0999755859375,930.5999755859375,900.5253295898438,14228874
2022-12-05,937.0,937.0,928.4000244140625,933.5999755859375,903.4283447265625,10984608
2022-12-06,925.0,929.75,920.2000122070312,922.6500244140625,892.8323364257812,18220912
2022-12-07,922.0,933.2000122070312,920.6500244140625,922.1500244140625,892.3485107421875,15675663
2022-12-08,925.0,933.5499877929688,923.7999877929688,931.9000244140625,901.7833251953125,10136870
2022-12-09,932.0,934.7999877929688,925.0499877929688,929.9000244140625,899.8480224609375,9575331
2022-12-12,925.0499877929688,933.9000244140625,925.0499877929688,930.2999877929688,900.2349853515625,8493863
2022-12-13,929.5,935.9000244140625,927.7999877929688,932.9500122070312,902.7994384765625,10415140
2022-12-14,936.0,936.0499877929688,920.0,921.75,891.9613647460938,12319827
2022-12-15,916.0,919.9000244140625,905.0,908.7999877929688,879.4298095703125,8929748
2022-12-16,905.5,913.7000122070312,899.6500244140625,902.0,872.8496704101562,9157260
2022-12-19,908.0,910.5999755859375,901.1500244140625,906.4500122070312,877.1558837890625,7015083
2022-12-20,906.0,912.4500122070312,895.7000122070312,909.7000122070312,880.30078125,6384331
2022-12-21,910.25,915.8499755859375,887.0,892.25,863.414794921875,11341147
2022-12-22,900.5,903.8499755859375,886.3499755859375,890.6500244140625,861.8665161132812,9788367
2022-12-23,883.0499877929688,889.6500244140625,875.2999877929688,878.9000244140625,850.4962158203125,11059215
2022-12-26,881.0999755859375,897.0,875.25,893.2000122070312,864.3341064453125,6943159
2022-12-27,897.7000122070312,902.75,888.2000122070312,900.6500244140625,871.543212890625,4994381
2022-12-28,896.0,903.9500122070312,895.7999877929688,898.9500122070312,869.898193359375,8980300
2022-12-29,897.9000244140625,923.3499755859375,889.3499755859375,908.0499877929688,878.7041015625,11994220
2022-12-30,908.5,908.5,888.5499877929688,890.8499755859375,862.0599365234375,9688527
2023-01-02,894.0,907.0,894.0,902.4500122070312,873.28515625,4315403
2023-01-03,898.5,905.9500122070312,896.75,901.3499755859375,872.2206420898438,5846855
2023-01-04,899.0,907.9000244140625,894.7999877929688,899.0999755859375,870.0433349609375,12454582
2023-01-05,900.9000244140625,903.0,872.0,879.1500244140625,850.7380981445312,16547196
2023-01-06,878.9500122070312,878.9500122070312,860.5,870.0999755859375,841.9805908203125,14804613
2023-01-09,874.25,878.75,862.2999877929688,873.3499755859375,845.12548828125,16811853
2023-01-10,875.4000244140625,878.4000244140625,856.5999755859375,861.3499755859375,833.5133056640625,13470142
2023-01-11,862.9000244140625,870.8499755859375,854.8499755859375,866.2999877929688,838.3034057617188,15558460
2023-01-12,865.5,869.3499755859375,854.9500122070312,860.6500244140625,832.8360595703125,16659001
2023-01-13,864.7000122070312,874.9000244140625,858.2999877929688,873.4500122070312,845.2223510742188,11223103
2023-01-16,877.25,877.4500122070312,861.0499877929688,865.25,837.287353515625,8319812
2023-01-17,866.9500122070312,867.9500122070312,858.0999755859375,865.1500244140625,837.1905517578125,12624859
2023-01-18,864.4500122070312,872.0,858.6500244140625,869.5,841.3999633789062,11313898
2023-01-19,868.0,870.5499877929688,862.0,866.1500244140625,838.158203125,6694679
2023-01-20,873.5,876.5,865.5499877929688,870.3499755859375,842.2224731445312,8127162
2023-01-23,882.0,883.2999877929688,864.5999755859375,871.7000122070312,843.5288696289062,16882379
2023-01-24,879.0,881.7000122070312,868.0,870.75,842.6095581054688,11504090
2023-01-25,873.2999877929688,876.7999877929688,848.0,855.2999877929688,827.6588134765625,14918485
2023-01-27,839.1500244140625,843.0,813.0999755859375,817.2000122070312,790.7901611328125,39718683
2023-01-30,800.0,826.25,796.0,823.5,796.8865356445312,36301441
2023-01-31,826.0,838.2999877929688,814.0999755859375,831.9000244140625,805.0150756835938,27291226
2023-02-01,843.4500122070312,875.2000122070312,823.1500244140625,847.9500122070312,820.5464477539062,39237711
2023-02-02,828.4000244140625,860.5999755859375,826.0999755859375,857.9000244140625,830.1748657226562,16798190
2023-02-03,864.6500244140625,872.6500244140625,852.0999755859375,863.7999877929688,835.8841552734375,14914366
2023-02-06,861.5,867.7999877929688,849.6500244140625,853.7000122070312,826.110595703125,8463833
2023-02-07,855.0,856.0,847.2000122070312,852.75,825.1912841796875,9337066
2023-02-08,852.5,860.7000122070312,851.9000244140625,859.0999755859375,831.3359985351562,8082983
2023-02-09,858.5,864.9000244140625,851.5999755859375,860.7999877929688,832.9810791015625,6299265
2023-02-10,855.5499877929688,861.9000244140625,852.0,853.8499755859375,826.2556762695312,8656405
2023-02-13,853.4000244140625,859.2999877929688,849.3499755859375,850.6500244140625,823.1591186523438,9394365
2023-02-14,853.9000244140625,867.2999877929688,852.0999755859375,865.2999877929688,837.335693359375,13402934
2023-02-15,866.4000244140625,873.25,860.5999755859375,870.7999877929688,842.657958984375,12070288
2023-02-16,875.9500122070312,877.7999877929688,864.8499755859375,869.4500122070312,841.3516235351562,10715685
2023-02-17,867.5499877929688,867.5499877929688,855.1500244140625,862.6500244140625,834.7713623046875,9990618
2023-02-20,862.6500244140625,866.5499877929688,850.25,852.0999755859375,824.562255859375,9013430
2023-02-21,854.4000244140625,859.4500122070312,846.8499755859375,854.2000122070312,826.594482421875,11704445
2023-02-22,851.25,854.0999755859375,834.75,839.25,812.1275634765625,13880984
2023-02-23,836.5499877929688,844.4500122070312,833.5499877929688,839.75,812.6113891601562,11743574
2023-02-24,843.9500122070312,845.5999755859375,835.5499877929688,839.7000122070312,812.5630493164062,8246139
2023-02-27,833.5499877929688,858.2999877929688,833.5499877929688,856.4000244140625,828.7233276367188,14422574
2023-02-28,854.9000244140625,858.0,850.0,854.8499755859375,827.2234497070312,19600146
2023-03-01,864.0,864.0,851.8499755859375,856.2999877929688,828.6265869140625,11015843
2023-03-02,853.0,861.8499755859375,851.0999755859375,854.0,826.40087890625,12327141
2023-03-03,856.75,873.0,849.8499755859375,868.5499877929688,840.4805908203125,12823098
2023-03-06,871.75,876.8499755859375,865.3499755859375,867.75,839.7064819335938,13904231
2023-03-08,866.6500244140625,873.6500244140625,861.5,872.0999755859375,843.9158935546875,16144568
2023-03-09,867.2000122070312,869.7999877929688,854.1500244140625,855.9500122070312,828.287841796875,10624440
2023-03-10,844.7000122070312,845.3499755859375,836.25,842.6500244140625,815.4177856445312,17273189
2023-03-13,841.4500122070312,855.2999877929688,823.9500122070312,828.4000244140625,801.6282958984375,16413159
2023-03-14,827.0,834.4500122070312,818.25,830.3499755859375,803.51513671875,15456802
2023-03-15,836.4500122070312,843.9500122070312,822.2000122070312,825.9000244140625,799.208984375,12914488
2023-03-16,829.7000122070312,831.2999877929688,810.2999877929688,823.9000244140625,797.2737426757812,14987868
2023-03-17,831.7999877929688,838.4000244140625,818.6500244140625,836.25,809.2245483398438,11104490
2023-03-20,837.0,837.7999877929688,825.0,836.4500122070312,809.4180297851562,14838651
2023-03-21,843.0,854.5,839.0499877929688,852.4000244140625,824.8526000976562,18755854
2023-03-22,857.6500244140625,862.5499877929688,851.0,860.2000122070312,832.4005737304688,17431520
2023-03-23,857.0,867.4500122070312,852.7999877929688,855.4500122070312,827.8040161132812,17920621
2023-03-24,852.5,860.0,849.1500244140625,852.4000244140625,824.8526000976562,17295696
2023-03-27,854.9500122070312,856.4000244140625,844.0499877929688,848.7000122070312,821.2721557617188,17047675
2023-03-28,855.5499877929688,858.9000244140625,848.2000122070312,854.75,827.1266479492188,24469018
2023-03-29,857.0499877929688,862.0999755859375,848.0,851.0,823.4978637695312,34881515
2023-03-31,861.9500122070312,881.0,858.5,877.25,848.8994750976562,25739021
2023-04-03,880.2000122070312,887.0999755859375,868.8499755859375,883.7999877929688,855.2378540039062,26416933
2023-04-05,886.5999755859375,887.75,874.0,884.5999755859375,856.011962890625,21068934
2023-04-06,882.0,890.0999755859375,872.7000122070312,875.0,846.72216796875,26042745
2023-04-10,880.0499877929688,882.7999877929688,864.4000244140625,868.4500122070312,840.3839111328125,30906205
2023-04-11,873.7000122070312,885.5999755859375,865.0,881.9000244140625,853.3992309570312,39504022
2023-04-12,883.4500122070312,892.0,880.2999877929688,890.1500244140625,861.3826293945312,22686032
2023-04-13,891.0999755859375,901.6500244140625,886.5,899.0,869.9465942382812,34439635
2023-04-17,917.2999877929688,917.2999877929688,893.1500244140625,901.2999877929688,872.1722412109375,29957514
2023-04-18,907.9500122070312,907.9500122070312,894.0999755859375,896.8499755859375,867.8660888671875,26699379
2023-04-19,895.9000244140625,896.9000244140625,887.25,891.9000244140625,863.0761108398438,24377956
2023-04-20,892.25,899.2999877929688,889.2000122070312,894.4000244140625,865.4953002929688,16999919
2023-04-21,894.5499877929688,900.7000122070312,882.4000244140625,885.6500244140625,857.0280151367188,29578071
2023-04-24,905.0,906.5,895.0,904.75,875.5107421875,30881665
2023-04-25,906.2999877929688,916.0,903.0999755859375,913.4500122070312,883.9296264648438,41383839
2023-04-26,911.4500122070312,916.9500122070312,905.75,914.9500122070312,885.3811645507812,30371555
2023-04-27,909.5,919.9000244140625,908.5499877929688,918.3499755859375,888.6712646484375,25835108
2023-04-28,915.0999755859375,920.4500122070312,910.25,917.6500244140625,887.993896484375,20381002
2023-05-02,924.0,925.7999877929688,918.7000122070312,922.0999755859375,892.2999877929688,17515017
2023-05-03,919.5499877929688,923.8499755859375,911.5499877929688,922.8499755859375,893.02587890625,18715142
2023-05-04,920.0,923.9000244140625,911.7999877929688,921.7000122070312,891.9130249023438,20485002
2023-05-05,925.0,942.4500122070312,923.4500122070312,926.9500122070312,896.9933471679688,19002035
2023-05-08,927.0,941.7000122070312,927.0,937.9000244140625,907.5894775390625,18623913
2023-05-09,941.0,945.0,931.7999877929688,934.4000244140625,904.2025756835938,21507610
2023-05-10,934.5999755859375,941.0,928.25,936.0499877929688,905.7991943359375,25910923
2023-05-11,940.0499877929688,947.0,933.8499755859375,939.2000122070312,908.847412109375,20027372
2023-05-12,939.75,948.0,935.0999755859375,943.9000244140625,913.3955688476562,13873480
2023-05-15,943.75,949.0,938.2000122070312,945.75,915.185791015625,10453762
2023-05-16,950.0,952.2000122070312,943.0,946.3499755859375,915.7664184570312,19612293
2023-05-17,947.2999877929688,948.4000244140625,935.7999877929688,939.3499755859375,908.9925537109375,19273344
2023-05-18,947.9500122070312,952.25,942.0999755859375,946.5,915.9114990234375,21550141
2023-05-19,951.4500122070312,956.0,941.5999755859375,954.2999877929688,923.4594116210938,15427412
2023-05-22,951.0499877929688,954.25,946.1500244140625,950.3499755859375,919.6370239257812,15509525
2023-05-23,952.0,958.8499755859375,945.0,953.4000244140625,922.5885620117188,16579935
2023-05-24,946.7000122070312,953.8499755859375,938.5,940.6500244140625,910.2506103515625,18049620
2023-05-25,937.0,941.5999755859375,932.9500122070312,939.8499755859375,909.4764404296875,19328582
2023-05-26,939.7999877929688,952.4500122070312,935.5499877929688,950.7000122070312,919.975830078125,10957182
2023-05-29,953.8499755859375,957.5999755859375,946.7999877929688,948.1500244140625,917.5081787109375,12108079
2023-05-30,945.3499755859375,952.2999877929688,944.6500244140625,949.9500122070312,919.25,18483624
2023-05-31,949.5,952.0,940.5,949.1500244140625,918.4758911132812,27254425
2023-06-01,954.25,954.25,932.7999877929688,936.0999755859375,905.84765625,21650700
2023-06-02,943.0,944.6500244140625,935.0499877929688,938.1500244140625,907.8313598632812,12494376
2023-06-05,943.0,951.7999877929688,943.0,946.75,916.1535034179688,10751684
2023-06-06,946.5,947.7999877929688,938.0999755859375,942.0999755859375,911.6536865234375,11894330
2023-06-07,944.3499755859375,945.8499755859375,933.7999877929688,940.2000122070312,909.8151245117188,16486469
2023-06-08,936.5999755859375,950.5,935.2000122070312,937.9000244140625,907.5894775390625,17608140
2023-06-09,941.4000244140625,944.0,936.2000122070312,938.0499877929688,907.734619140625,12253128
2023-06-12,938.0,943.5,933.2999877929688,935.9500122070312,905.7025146484375,10520125
2023-06-13,935.9000244140625,946.25,934.0999755859375,943.5499877929688,913.0568237304688,13528776
2023-06-14,946.0499877929688,946.9500122070312,936.25,939.7999877929688,909.4280395507812,13489262
2023-06-15,940.7000122070312,942.9500122070312,924.3499755859375,926.5999755859375,896.6546020507812,19366819
2023-06-16,929.2999877929688,937.75,927.0,934.2000122070312,904.0090942382812,11249387
2023-06-19,933.5,933.9500122070312,918.7000122070312,923.1500244140625,893.3162231445312,19351375
2023-06-20,920.9500122070312,928.5499877929688,914.7999877929688,925.5499877929688,895.6385498046875,15212286
2023-06-21,928.0,928.4000244140625,920.0,924.7000122070312,894.8159790039062,9210553
2023-06-22,924.4000244140625,935.5499877929688,920.7000122070312,925.75,895.8321533203125,27291569
2023-06-23,926.0499877929688,931.9000244140625,919.0,923.5,893.65478515625,8767733
2023-06-26,927.0999755859375,931.7999877929688,923.2000122070312,927.4500122070312,897.4772338867188,11749040
2023-06-27,930.0,939.9500122070312,922.2000122070312,936.0999755859375,905.84765625,13422726
2023-06-28,944.0,944.0,934.2999877929688,937.4500122070312,907.1539916992188,25708001
2023-06-30,940.5,942.2000122070312,930.6500244140625,934.5999755859375,904.3960571289062,13843218
2023-07-03,937.0,945.75,936.5,942.5499877929688,912.0891723632812,12350359
2023-07-04,947.25,951.2999877929688,942.0,944.7000122070312,914.1697387695312,14041699
2023-07-05,942.0499877929688,964.75,941.0,958.0,927.039794921875,13817767
2023-07-06,954.7000122070312,963.9000244140625,954.0,959.4000244140625,928.3946533203125,16334427
2023-07-07,953.0,955.0499877929688,943.7999877929688,946.4000244140625,915.8148193359375,8593807
2023-07-10,946.0,952.9000244140625,941.3499755859375,948.4000244140625,917.7501831054688,12069184
2023-07-11,948.4000244140625,952.7000122070312,941.9000244140625,944.9500122070312,914.41162109375,16977595
2023-07-12,948.4000244140625,951.1500244140625,941.25,944.4000244140625,913.87939453125,21511161
2023-07-13,947.7000122070312,959.25,942.2000122070312,955.7000122070312,924.8142700195312,23222286
2023-07-14,959.75,965.0,951.3499755859375,960.0499877929688,929.0236206054688,12871569
2023-07-17,962.9000244140625,973.7999877929688,952.8499755859375,968.7000122070312,937.3941040039062,16290763
2023-07-18,978.0,987.9500122070312,971.1500244140625,975.4500122070312,943.9259643554688,29709508
2023-07-19,980.0,980.0,967.5499877929688,973.4500122070312,941.9905395507812,15994261
2023-07-20,976.0499877929688,998.1500244140625,972.0999755859375,995.5999755859375,963.4247436523438,26487838
2023-07-21,995.2999877929688,1001.4500122070312,988.7999877929688,997.0,964.7794799804688,16903003
2023-07-24,1004.9500122070312,1008.7000122070312,990.0999755859375,992.0,959.9410400390625,21687719
2023-07-25,999.0,999.0,988.25,994.7000122070312,962.5538330078125,29325327
2023-07-26,993.0999755859375,997.75,990.0,996.4500122070312,964.247314453125,12780537
2023-07-27,1002.5499877929688,1006.5,987.2000122070312,990.25,958.24755859375,25932395
2023-07-28,988.0,998.7000122070312,977.0499877929688,996.2000122070312,964.00537109375,12584130
2023-07-31,996.0,999.4000244140625,988.5999755859375,998.2999877929688,966.0374145507812,14303116
2023-08-01,1001.6500244140625,1003.7000122070312,990.4500122070312,994.5499877929688,962.4086303710938,15508569
2023-08-02,985.25,994.0999755859375,977.5,986.9500122070312,955.0542602539062,15787996
2023-08-03,976.5499877929688,983.0,960.0499877929688,965.0,933.8135986328125,30994707
2023-08-04,968.6500244140625,976.0,961.25,970.5,939.1358642578125,20582882
2023-08-07,970.9500122070312,981.5,968.2000122070312,975.6500244140625,944.1195068359375,16686062
2023-08-08,975.75,986.5999755859375,972.2999877929688,979.9000244140625,948.2321166992188,23784778
2023-08-09,974.9500122070312,975.2999877929688,963.5999755859375,972.7000122070312,949.0126953125,19317331
2023-08-10,971.5499877929688,973.6500244140625,959.4500122070312,964.0999755859375,940.6220703125,24858441
2023-08-11,963.4000244140625,963.5,950.0,952.8499755859375,929.64599609375,17162177
2023-08-14,949.0,962.9000244140625,946.0,959.5499877929688,936.1829223632812,19026691
2023-08-16,954.4500122070312,959.7999877929688,946.5999755859375,956.5,933.2072143554688,17930805
2023-08-17,956.9500122070312,957.7999877929688,946.4500122070312,951.6500244140625,928.4752807617188,27077611
2023-08-18,947.9000244140625,955.0,946.0,950.6500244140625,927.4996337890625,13257508
2023-08-21,950.7000122070312,959.2999877929688,948.4000244140625,955.2000122070312,931.9388427734375,13358017
2023-08-22,956.4000244140625,956.9500122070312,949.2999877929688,952.0,928.8167724609375,16872719
2023-08-23,954.0,968.0499877929688,949.8499755859375,966.8499755859375,943.3050537109375,14707331
2023-08-24,972.5,982.4000244140625,966.75,968.9500122070312,945.3539428710938,28389740
2023-08-25,962.9500122070312,972.5999755859375,960.2000122070312,970.4000244140625,946.7686767578125,10275758
2023-08-28,969.9500122070312,975.0,965.0499877929688,970.5499877929688,946.9149780273438,10481574
2023-08-29,973.2999877929688,977.25,965.6500244140625,967.75,944.1832275390625,13209913
2023-08-30,970.4500122070312,975.9000244140625,955.4000244140625,958.9000244140625,935.5487670898438,13936165
2023-08-31,960.0,966.2000122070312,954.0499877929688,958.75,935.40234375,36675400
2023-09-01,956.9000244140625,973.0499877929688,952.7999877929688,968.7000122070312,945.1100463867188,16268147
2023-09-04,968.7000122070312,969.0499877929688,960.5499877929688,967.3499755859375,943.7929077148438,9512956
2023-09-05,964.0999755859375,970.0,962.25,968.4000244140625,944.8173828125,16623486
2023-09-06,962.5499877929688,969.5,950.7999877929688,957.5,934.1828002929688,30802100
2023-09-07,957.4000244140625,969.5,954.7000122070312,965.6500244140625,942.1343383789062,13462347
2023-09-08,967.5,975.0,961.25,970.5499877929688,946.9149780273438,13086915
2023-09-11,974.9500122070312,982.0,969.3499755859375,978.25,954.4274291992188,7894110
2023-09-12,990.0999755859375,995.1500244140625,982.6500244140625,990.5,966.3792114257812,20959591
2023-09-13,989.7999877929688,994.8499755859375,980.5499877929688,989.7999877929688,965.6962280273438,21997553
2023-09-14,992.2999877929688,992.9000244140625,982.25,987.7000122070312,963.6473999023438,11464188
2023-09-15,990.3499755859375,997.5,988.5999755859375,992.4500122070312,968.2816772460938,13307980
2023-09-18,990.0999755859375,996.25,987.2999877929688,990.2000122070312,966.0864868164062,16713222
2023-09-20,981.5499877929688,996.0,980.6500244140625,987.1500244140625,963.1107177734375,25741856
2023-09-21,979.9500122070312,982.5,957.4500122070312,959.2999877929688,935.9389038085938,19742813
2023-09-22,956.5,960.9000244140625,947.4000244140625,950.2999877929688,927.1581420898438,12701888
2023-09-25,950.2999877929688,961.2000122070312,941.5,956.3499755859375,933.0607299804688,8997098
2023-09-26,958.9500122070312,958.9500122070312,947.0999755859375,948.7000122070312,925.5971069335938,10521409
2023-09-27,946.2999877929688,946.5,934.4000244140625,943.0999755859375,920.1334838867188,15152973
2023-09-28,945.5,947.25,934.75,942.5999755859375,919.6455688476562,25991282
2023-09-29,946.7000122070312,956.0,943.7000122070312,951.9000244140625,928.71923828125,10447334
2023-10-03,951.5999755859375,951.5999755859375,939.0,940.2999877929688,917.401611328125,11131636
2023-10-04,935.0,935.5,925.0,930.0499877929688,907.4012451171875,17334739
2023-10-05,935.2000122070312,943.9500122070312,934.5499877929688,940.8499755859375,917.938232421875,10478856
2023-10-06,946.0,946.5499877929688,938.0,945.2000122070312,922.182373046875,6355755
2023-10-09,940.25,942.0499877929688,936.2999877929688,938.5999755859375,915.7430419921875,6725306
2023-10-10,940.4000244140625,957.5,940.3499755859375,951.2000122070312,928.0362548828125,11452715
2023-10-11,954.9000244140625,962.0499877929688,950.75,953.0999755859375,929.889892578125,12233117
2023-10-12,952.8499755859375,960.0999755859375,948.4000244140625,954.25,931.011962890625,7836818
2023-10-13,949.9500122070312,957.4000244140625,944.5499877929688,951.2999877929688,928.1337890625,6650442
2023-10-16,948.5,954.8499755859375,946.1500244140625,951.4000244140625,928.2313842773438,5763024
2023-10-17,955.4000244140625,960.9500122070312,951.5,953.9000244140625,930.6704711914062,7747527
2023-10-18,949.2000122070312,950.6500244140625,939.0999755859375,943.75,920.7676391601562,12000153
2023-10-19,936.0,945.0,934.0,935.75,912.9624633789062,8612676
2023-10-20,932.0,940.0,930.0,932.75,910.0355224609375,6586576
2023-10-23,942.0,944.7999877929688,925.4000244140625,929.9500122070312,907.3037109375,11856890
2023-10-25,926.0499877929688,933.7999877929688,911.4000244140625,916.0999755859375,893.7909545898438,12593434
2023-10-26,914.2999877929688,916.5999755859375,899.0,908.6500244140625,886.5224609375,21693345
2023-10-27,916.0,918.1500244140625,911.2999877929688,912.75,890.5225830078125,8645505
2023-10-30,909.0999755859375,926.2999877929688,908.2000122070312,924.9000244140625,902.376708984375,7687791
2023-10-31,929.2999877929688,931.0,914.0999755859375,915.3499755859375,893.0592041015625,17211107
2023-11-01,913.7999877929688,917.5999755859375,909.2999877929688,914.0499877929688,891.7908935546875,12927203
2023-11-02,920.0499877929688,924.7999877929688,912.7999877929688,919.9500122070312,897.5472412109375,9747311
2023-11-03,928.5499877929688,934.5,926.7999877929688,933.7999877929688,911.0599975585938,7146961
2023-11-06,941.0,947.75,937.4000244140625,945.4500122070312,922.42626953125,10338367
2023-11-07,943.5999755859375,950.4500122070312,930.4500122070312,948.0999755859375,925.0116577148438,15704942
2023-11-08,948.4500122070312,948.4500122070312,934.0999755859375,935.75,912.9624633789062,17606074
2023-11-09,934.0,942.3499755859375,933.0,937.3499755859375,914.5234985351562,9406117
2023-11-10,934.9000244140625,941.4500122070312,932.4000244140625,938.5999755859375,915.7430419921875,9560455
2023-11-13,940.9000244140625,940.9000244140625,932.0,934.4500122070312,911.694091796875,11470096
2023-11-15,944.4000244140625,944.4000244140625,938.75,941.0999755859375,918.18212890625,19492138
2023-11-16,939.0,946.2000122070312,934.0,936.0,913.206298828125,19706373
2023-11-17,926.5499877929688,938.4000244140625,920.1500244140625,921.8499755859375,899.4010009765625,10956653
2023-11-20,922.0,926.75,917.5,921.4500122070312,899.0106811523438,10562301
2023-11-21,924.4000244140625,928.0499877929688,922.0,926.0999755859375,903.54736328125,8989572
2023-11-22,923.25,925.2000122070312,914.75,922.75,900.279052734375,12197979
2023-11-23,923.0,925.3499755859375,918.5,923.0,900.52294921875,5534614
2023-11-24,921.5,930.4000244140625,920.2000122070312,929.4000244140625,906.76708984375,7452002
2023-11-28,928.9000244140625,931.0499877929688,921.7000122070312,925.5,902.9620971679688,14231987
2023-11-29,930.9000244140625,941.0999755859375,926.0,939.5999755859375,916.7186279296875,11680078
2023-11-30,938.9500122070312,940.8499755859375,928.2000122070312,934.9500122070312,912.1819458007812,23950292
2023-12-01,935.9500122070312,952.0,933.0,946.7000122070312,923.6458740234375,16986046
2023-12-04,963.7000122070312,994.8499755859375,961.4000244140625,991.2000122070312,967.0621948242188,33131257
2023-12-05,1002.5,1015.75,995.0499877929688,1013.4500122070312,988.7703247070312,31378461
2023-12-06,1014.0,1016.25,1000.25,1003.25,978.8187255859375,18786590
2023-12-07,996.3499755859375,1002.2000122070312,988.1500244140625,999.0,974.6721801757812,11841945
2023-12-08,994.5,1012.8499755859375,993.25,1010.8499755859375,986.2335815429688,16116363
2023-12-11,1007.0999755859375,1020.0,1004.6500244140625,1017.0999755859375,992.3313598632812,11714606
2023-12-12,1017.0999755859375,1021.0,1008.5999755859375,1015.7000122070312,990.9655151367188,12380856
2023-12-13,1014.7999877929688,1020.7000122070312,1009.2000122070312,1013.9000244140625,989.2093505859375,15887040
2023-12-14,1022.25,1040.0,1021.25,1033.6500244140625,1008.4783935546875,16317672
2023-12-15,1043.6500244140625,1043.699951171875,1025.699951171875,1037.4000244140625,1012.1370239257812,14306067
2023-12-18,1029.949951171875,1029.949951171875,1018.0,1021.4500122070312,996.5755004882812,8592711
2023-12-19,1025.5,1025.5,1012.5999755859375,1015.4500122070312,990.7216186523438,10094256
2023-12-20,1022.0,1022.0,1002.0,1006.6500244140625,982.1358642578125,16490281
2023-12-21,996.5499877929688,1010.9000244140625,989.2000122070312,1004.4000244140625,979.9407348632812,18064916
2023-12-22,1002.9500122070312,1009.5499877929688,991.5999755859375,994.2999877929688,970.086669921875,20881976
2023-12-26,994.9000244140625,997.5,989.9000244140625,995.0999755859375,970.8671264648438,14339699
2023-12-27,997.9500122070312,1004.9000244140625,992.0,1002.25,977.843017578125,12996468
2023-12-28,1008.0,1011.7000122070312,999.0999755859375,1005.9000244140625,981.4041748046875,24915990
2023-12-29,1004.0499877929688,1008.5499877929688,993.7000122070312,996.5999755859375,972.3306274414062,12280140
2024-01-01,991.5499877929688,1004.8499755859375,991.0,999.4000244140625,975.0624389648438,7683792
2024-01-02,997.0,997.6500244140625,980.25,982.25,958.3301391601562,16263825
2024-01-03,984.7000122070312,988.0,975.0999755859375,984.0499877929688,960.0862426757812,16826752
2024-01-04,986.4000244140625,989.1500244140625,981.9000244140625,987.1500244140625,963.1107177734375,22789140
2024-01-05,988.0,998.2999877929688,983.7999877929688,993.7000122070312,969.5012817382812,14875499
2024-01-08,994.0,998.2000122070312,980.2999877929688,982.0,958.086181640625,8393164
2024-01-09,986.25,995.0,975.4000244140625,979.75,955.8909301757812,14660414
2024-01-10,974.2999877929688,994.9500122070312,974.2999877929688,993.0499877929688,968.8670654296875,9409181
2024-01-11,995.2999877929688,998.5,986.8499755859375,991.1500244140625,967.0133666992188,6451345
2024-01-12,994.7999877929688,1008.7000122070312,991.75,1003.5,979.0626220703125,12255743
2024-01-15,1003.5,1011.6500244140625,999.25,1009.8499755859375,985.2579345703125,12388044
2024-01-16,1006.0999755859375,1015.7999877929688,1004.5999755859375,1009.0499877929688,984.4774169921875,11505126
2024-01-17,987.9000244140625,1007.7999877929688,976.75,981.75,957.8422241210938,41914771
2024-01-18,973.9500122070312,994.2999877929688,970.1500244140625,986.3499755859375,962.3302001953125,17902484
2024-01-19,991.2999877929688,1010.9000244140625,987.5499877929688,999.2000122070312,974.8673095703125,23271148
2024-01-23,1059.0999755859375,1059.4000244140625,1021.2000122070312,1029.050048828125,1003.9904174804688,50797448
2024-01-24,1029.449951171875,1035.949951171875,996.6500244140625,999.2000122070312,974.8673095703125,34578943
2024-01-25,998.4000244140625,1015.0999755859375,988.1500244140625,1009.9500122070312,985.3555297851562,28315035
2024-01-29,1020.0,1032.0,1010.0,1016.4000244140625,991.6484985351562,14078922
2024-01-30,1014.9500122070312,1023.8499755859375,1008.0,1016.9000244140625,992.1362915039062,16085742
2024-01-31,1016.7999877929688,1039.0,1003.25,1028.1500244140625,1003.1123657226562,25627447
2024-02-01,1033.949951171875,1033.949951171875,1017.4000244140625,1025.1500244140625,1000.1853637695312,13058880
2024-02-02,1037.0999755859375,1050.0,1021.6500244140625,1024.0,999.0633544921875,14774650
2024-02-05,1022.5,1026.449951171875,1012.0999755859375,1023.5,998.5755004882812,12948430
2024-02-06,1023.5499877929688,1034.9000244140625,1016.7000122070312,1026.4000244140625,1001.4049072265625,12886927
2024-02-07,1028.0,1031.550048828125,1013.0,1022.1500244140625,997.2584228515625,16410895
2024-02-08,1024.0999755859375,1028.25,985.25,989.2999877929688,965.2083740234375,20565502
2024-02-09,988.8499755859375,1013.75,985.5,1010.7000122070312,986.0873413085938,12799837
2024-02-12,1010.4000244140625,1012.2000122070312,985.25,996.0999755859375,971.8427124023438,8050066
2024-02-13,1006.0,1027.050048828125,1000.2999877929688,1019.7999877929688,994.9656372070312,18706292
2024-02-14,1009.5499877929688,1035.699951171875,1007.5499877929688,1022.7000122070312,997.7950439453125,17878720
2024-02-15,1022.8499755859375,1026.6500244140625,1006.5999755859375,1016.6500244140625,991.8923950195312,10069878
2024-02-16,1023.2000122070312,1026.199951171875,1016.9000244140625,1023.25,998.3316650390625,7159395
2024-02-19,1023.3499755859375,1046.0,1023.3499755859375,1043.75,1018.3323974609375,9388255
2024-02-20,1041.050048828125,1052.6500244140625,1033.25,1048.75,1023.210693359375,11293528
2024-02-21,1056.800048828125,1064.0,1048.0,1051.949951171875,1026.3326416015625,15946325
2024-02-22,1056.0,1066.0,1040.300048828125,1062.699951171875,1036.8209228515625,13432573
2024-02-23,1070.0,1070.0,1057.6500244140625,1061.300048828125,1035.455078125,13142759
2024-02-26,1053.0999755859375,1062.300048828125,1050.5,1054.199951171875,1028.5279541015625,7875941
2024-02-27,1050.75,1066.199951171875,1046.5,1060.199951171875,1034.3818359375,10580973
2024-02-28,1063.0,1064.8499755859375,1042.1500244140625,1046.199951171875,1020.7227783203125,7730332
2024-02-29,1043.050048828125,1060.699951171875,1038.5,1052.199951171875,1026.57666015625,20944844
2024-03-01,1055.0,1089.949951171875,1054.0,1086.9000244140625,1060.431640625,14909562
2024-03-04,1081.0,1095.0,1080.0999755859375,1092.3499755859375,1065.7489013671875,11424581
2024-03-05,1086.199951171875,1099.5,1076.5,1088.050048828125,1061.5537109375,9222544
2024-03-06,1080.300048828125,1113.550048828125,1080.300048828125,1097.0999755859375,1070.38330078125,21796484
2024-03-07,1094.949951171875,1095.0,1082.699951171875,1087.949951171875,1061.4559326171875,9963926
2024-03-11,1087.949951171875,1087.949951171875,1076.75,1078.699951171875,1052.4312744140625,13310362
2024-03-12,1077.050048828125,1094.800048828125,1055.6500244140625,1076.8499755859375,1050.62646484375,21785435
2024-03-13,1077.1500244140625,1089.6500244140625,1073.1500244140625,1083.949951171875,1057.5533447265625,24855870
2024-03-14,1080.0,1097.0999755859375,1075.050048828125,1083.5999755859375,1057.2120361328125,14231421
2024-03-15,1072.0,1086.25,1070.0,1080.3499755859375,1054.0411376953125,66192734
2024-03-18,1075.050048828125,1084.800048828125,1060.050048828125,1081.199951171875,1054.8704833984375,8769440
2024-03-19,1078.449951171875,1088.75,1075.25,1083.949951171875,1057.5533447265625,16708715
2024-03-20,1080.0,1090.0,1067.5,1084.5,1058.090087890625,18725251
2024-03-21,1092.0,1100.0,1079.1500244140625,1081.800048828125,1055.4559326171875,19992607
2024-03-22,1081.1500244140625,1093.699951171875,1078.699951171875,1090.300048828125,1063.748779296875,17214415
2024-03-26,1081.0,1089.1500244140625,1076.949951171875,1083.699951171875,1057.3094482421875,13367635
2024-03-27,1083.699951171875,1092.5,1079.550048828125,1083.75,1057.3582763671875,26907245
2024-03-28,1085.0,1105.050048828125,1085.0,1093.300048828125,1066.67578125,22070566
2024-04-01,1096.050048828125,1102.949951171875,1094.449951171875,1099.6500244140625,1072.8712158203125,10848191
2024-04-02,1094.449951171875,1094.449951171875,1079.25,1081.199951171875,1054.8704833984375,14380396
2024-04-03,1075.0,1083.6500244140625,1072.25,1077.199951171875,1050.9677734375,15477184
2024-04-04,1084.75,1085.800048828125,1063.449951171875,1078.8499755859375,1052.57763671875,21419689
2024-04-05,1070.0,1086.0,1067.449951171875,1083.4000244140625,1057.016845703125,15340637
2024-04-08,1078.3499755859375,1091.75,1076.300048828125,1087.1500244140625,1060.675537109375,8023461
2024-04-09,1091.949951171875,1115.25,1088.300048828125,1107.050048828125,1080.0909423828125,12298463
2024-04-10,1110.949951171875,1116.550048828125,1105.1500244140625,1109.4000244140625,1082.3836669921875,10598000
2024-04-12,1103.5,1111.8499755859375,1095.800048828125,1104.4000244140625,1077.5054931640625,12216657
2024-04-15,1100.199951171875,1106.1500244140625,1076.5999755859375,1078.3499755859375,1052.08984375,10526597
2024-04-16,1070.550048828125,1074.5999755859375,1062.699951171875,1067.050048828125,1041.0650634765625,11278092
2024-04-18,1074.0,1078.050048828125,1050.449951171875,1055.449951171875,1029.7474365234375,16564216
2024-04-19,1052.949951171875,1072.0,1048.0999755859375,1067.25,1041.2601318359375,11284433
2024-04-22,1078.800048828125,1088.699951171875,1070.3499755859375,1086.6500244140625,1060.1876220703125,10346714
2024-04-23,1100.0,1100.0,1082.699951171875,1090.25,1063.7000732421875,9848215
2024-04-24,1092.25,1098.4000244140625,1089.0,1096.75,1070.0418701171875,5461309
2024-04-25,1090.0,1125.6500244140625,1089.949951171875,1113.75,1086.627685546875,19905338
2024-04-26,1112.1500244140625,1120.0,1102.75,1107.9000244140625,1080.9202880859375,14190059
2024-04-29,1108.0,1163.449951171875,1107.9000244140625,1160.1500244140625,1131.89794921875,28578063
2024-04-30,1159.949951171875,1169.550048828125,1146.75,1150.4000244140625,1122.38525390625,29568491
2024-05-02,1143.0,1155.5,1133.25,1139.449951171875,1111.7017822265625,25118334
2024-05-03,1141.300048828125,1157.4000244140625,1135.449951171875,1142.050048828125,1114.2386474609375,19933604
2024-05-06,1141.550048828125,1158.449951171875,1138.0999755859375,1146.300048828125,1118.3851318359375,14970524
2024-05-07,1147.949951171875,1152.75,1126.300048828125,1131.9000244140625,1104.3358154296875,15097728
2024-05-08,1126.550048828125,1132.0,1116.050048828125,1123.0,1095.652587890625,19913090
2024-05-09,1120.550048828125,1128.8499755859375,1110.0,1115.699951171875,1088.5302734375,12229853
2024-05-10,1118.0,1128.9000244140625,1112.050048828125,1117.050048828125,1089.847412109375,8573656
2024-05-13,1112.4000244140625,1130.6500244140625,1106.699951171875,1128.0,1100.53076171875,9707983
2024-05-14,1125.9000244140625,1127.9000244140625,1118.550048828125,1120.550048828125,1093.2623291015625,8944262
2024-05-15,1122.0999755859375,1127.800048828125,1113.5,1124.3499755859375,1096.969482421875,10743423
2024-05-16,1133.0,1136.550048828125,1112.800048828125,1131.050048828125,1103.506591796875,14265565
2024-05-17,1131.050048828125,1144.0,1120.5999755859375,1130.5,1102.9698486328125,8641784
2024-05-21,1122.199951171875,1133.800048828125,1116.25,1120.949951171875,1093.65234375,10452900
2024-05-22,1125.0,1125.9000244140625,1098.0999755859375,1111.0999755859375,1084.0423583984375,17527411
2024-05-23,1115.550048828125,1137.0,1111.4000244140625,1134.5,1106.8724365234375,13787687
2024-05-24,1130.0,1135.0,1124.1500244140625,1131.949951171875,1104.384521484375,6312670
2024-05-27,1131.9000244140625,1147.800048828125,1121.550048828125,1129.800048828125,1102.286865234375,11599857
2024-05-28,1132.5,1135.199951171875,1125.0,1126.949951171875,1099.5062255859375,9311718
2024-05-29,1115.050048828125,1123.550048828125,1098.5,1102.0,1075.1639404296875,19268547
2024-05-30,1097.0,1121.0,1096.9000244140625,1113.699951171875,1086.5789794921875,15255387
2024-05-31,1118.0,1130.5999755859375,1111.25,1121.050048828125,1093.75,26197718
2024-06-03,1170.0,1173.0,1136.300048828125,1160.0,1131.75146484375,25699977
2024-06-04,1157.9000244140625,1159.4000244140625,1053.550048828125,1071.449951171875,1045.3577880859375,43476837
2024-06-05,1085.0,1123.25,1051.050048828125,1108.6500244140625,1081.652099609375,42172104
2024-06-06,1118.0,1118.0,1096.5999755859375,1110.4000244140625,1083.359375,18574162
2024-06-07,1110.4000244140625,1128.300048828125,1103.5999755859375,1121.699951171875,1094.3841552734375,17197635
2024-06-10,1116.0,1133.199951171875,1115.0999755859375,1123.800048828125,1096.4329833984375,10851455
2024-06-11,1119.75,1129.050048828125,1111.0,1118.199951171875,1090.969482421875,12250002
2024-06-12,1121.0,1133.4000244140625,1112.0,1119.550048828125,1092.2864990234375,16096514
2024-06-13,1122.199951171875,1123.199951171875,1105.0,1107.3499755859375,1080.3836669921875,12494254
2024-06-14,1114.0,1114.0,1099.449951171875,1105.6500244140625,1078.72509765625,11377979
2024-06-18,1113.949951171875,1135.050048828125,1101.199951171875,1122.8499755859375,1095.506103515625,18306176
2024-06-19,1127.949951171875,1165.550048828125,1126.1500244140625,1144.449951171875,1116.580078125,34309514
2024-06-20,1154.050048828125,1160.0,1135.5,1156.800048828125,1128.62939453125,15475933
2024-06-21,1163.550048828125,1169.9000244140625,1150.6500244140625,1158.6500244140625,1130.434326171875,69259425
2024-06-24,1154.6500244140625,1175.6500244140625,1152.6500244140625,1170.0999755859375,1141.60546875,12210295
2024-06-25,1170.25,1206.0,1167.6500244140625,1197.949951171875,1168.77734375,27309845
2024-06-26,1202.0,1222.8499755859375,1193.8499755859375,1218.0,1188.339111328125,25403461
2024-06-27,1228.3499755859375,1235.0,1209.0999755859375,1219.9000244140625,1190.19287109375,20516632
2024-06-28,1227.0,1227.0,1196.3499755859375,1199.5999755859375,1170.38720703125,12507092
2024-07-01,1199.5999755859375,1215.3499755859375,1192.050048828125,1211.8499755859375,1182.3387451171875,8636894
2024-07-02,1217.0,1217.0,1185.550048828125,1190.5999755859375,1161.6063232421875,16153925
2024-07-03,1196.8499755859375,1215.8499755859375,1179.449951171875,1201.5999755859375,1172.33837890625,22330897
2024-07-04,1229.0,1234.949951171875,1214.300048828125,1233.0,1202.973876953125,15275791
2024-07-05,1225.0,1242.5999755859375,1220.8499755859375,1233.4000244140625,1203.364013671875,9535575
2024-07-08,1228.9000244140625,1239.5,1216.9000244140625,1235.050048828125,1204.9739990234375,6617190
2024-07-09,1234.949951171875,1250.199951171875,1229.300048828125,1248.25,1217.852294921875,13366874
2024-07-10,1252.75,1252.75,1236.3499755859375,1243.199951171875,1212.92529296875,18226503
2024-07-11,1246.3499755859375,1257.800048828125,1225.050048828125,1238.449951171875,1208.291015625,11307116
2024-07-12,1235.9000244140625,1252.9000244140625,1230.0999755859375,1232.9000244140625,1202.876220703125,12208290
2024-07-15,1233.0999755859375,1238.449951171875,1224.050048828125,1229.949951171875,1199.9979248046875,15612671
2024-07-16,1230.0,1245.0,1229.0,1239.9000244140625,1209.7056884765625,12320605
2024-07-18,1234.9000244140625,1256.449951171875,1231.699951171875,1250.300048828125,1219.8525390625,10999632
2024-07-19,1244.0,1250.5,1240.25,1248.6500244140625,1218.2427978515625,7958817
2024-07-22,1240.0,1245.300048828125,1232.9000244140625,1241.1500244140625,1210.92529296875,9958965
2024-07-23,1241.1500244140625,1248.6500244140625,1212.5,1226.75,1196.8759765625,19369832
2024-07-24,1225.0,1233.6500244140625,1202.050048828125,1223.0,1193.21728515625,20122521
2024-07-25,1205.5,1218.25,1190.5999755859375,1197.9000244140625,1168.728515625,14154461
2024-07-26,1190.0,1220.0,1185.949951171875,1207.199951171875,1177.802001953125,19309265
2024-07-29,1215.1500244140625,1242.75,1204.1500244140625,1212.699951171875,1183.1680908203125,28458261
2024-07-30,1213.0,1230.8499755859375,1204.4000244140625,1209.449951171875,1179.9971923828125,23972277
2024-07-31,1219.0,1224.6500244140625,1211.0,1214.9000244140625,1185.3145751953125,22297629
2024-08-01,1212.5,1222.6500244140625,1206.9000244140625,1210.0999755859375,1180.63134765625,8725046
2024-08-02,1197.0,1201.6500244140625,1190.0999755859375,1196.550048828125,1167.4114990234375,10735395
2024-08-05,1182.0,1188.9000244140625,1167.0,1172.5999755859375,1144.044677734375,14306771
2024-08-06,1175.0,1187.699951171875,1161.5,1166.8499755859375,1138.4345703125,13575619
2024-08-07,1178.949951171875,1179.800048828125,1161.5999755859375,1172.449951171875,1143.898193359375,15753644
2024-08-08,1166.949951171875,1174.4000244140625,1158.9000244140625,1164.5999755859375,1136.2393798828125,10806438
2024-08-09,1176.550048828125,1180.949951171875,1169.0,1171.5999755859375,1143.069091796875,8687307
2024-08-12,1171.0,1178.25,1156.0,1172.800048828125,1154.09033203125,10860455
2024-08-13,1183.199951171875,1189.25,1163.5999755859375,1168.3499755859375,1149.7113037109375,13117927
2024-08-14,1167.0,1170.050048828125,1153.0,1161.6500244140625,1143.1181640625,13431801
2024-08-16,1170.0,1193.0,1165.6500244140625,1187.25,1168.309814453125,10961370
2024-08-19,1191.0,1195.75,1173.300048828125,1175.9000244140625,1157.140869140625,6686394
2024-08-20,1174.199951171875,1189.800048828125,1170.0,1179.449951171875,1160.6341552734375,10427061
2024-08-21,1177.0,1178.6500244140625,1165.0999755859375,1174.8499755859375,1156.1075439453125,17234142
2024-08-22,1182.0,1192.5999755859375,1176.5999755859375,1191.0999755859375,1172.098388671875,8564142
2024-08-23,1193.0,1205.0,1188.550048828125,1203.5,1184.300537109375,7518309
2024-08-26,1205.550048828125,1214.949951171875,1201.050048828125,1213.300048828125,1193.9443359375,10920226
2024-08-27,1213.300048828125,1232.5,1208.9000244140625,1226.3499755859375,1206.7860107421875,16295325
2024-08-28,1222.6500244140625,1226.4000244140625,1217.300048828125,1223.8499755859375,1204.3258056640625,12291305
2024-08-29,1218.949951171875,1235.0,1217.0,1221.9000244140625,1202.4071044921875,10806748
2024-08-30,1230.0,1235.550048828125,1218.9000244140625,1229.199951171875,1209.590576171875,21211148
2024-09-02,1239.0,1239.199951171875,1222.5,1229.949951171875,1210.3284912109375,12516759
2024-09-03,1227.199951171875,1250.949951171875,1220.4000244140625,1247.699951171875,1227.79541015625,19114907
2024-09-04,1239.8499755859375,1243.699951171875,1232.800048828125,1236.3499755859375,1216.62646484375,13505843
2024-09-05,1238.0,1244.8499755859375,1231.300048828125,1235.949951171875,1216.23291015625,9142811
2024-09-06,1225.949951171875,1233.9000244140625,1205.0,1208.1500244140625,1188.8763427734375,10170479
2024-09-09,1202.9000244140625,1238.300048828125,1200.449951171875,1235.0,1215.298095703125,13863250
2024-09-10,1236.949951171875,1241.3499755859375,1227.0,1237.300048828125,1217.5614013671875,15545130
2024-09-11,1231.5,1239.300048828125,1226.4000244140625,1236.3499755859375,1216.62646484375,11993242
2024-09-12,1238.0,1257.0,1226.3499755859375,1252.1500244140625,1232.1744384765625,15376442
2024-09-13,1252.0,1255.949951171875,1242.050048828125,1250.3499755859375,1230.403076171875,9877288
2024-09-16,1251.0,1265.5999755859375,1244.699951171875,1262.8499755859375,1242.7037353515625,8973335
2024-09-17,1259.949951171875,1272.25,1258.4000244140625,1268.0999755859375,1247.8699951171875,11513121
2024-09-18,1262.0,1295.3499755859375,1262.0,1288.3499755859375,1267.796875,12466597
2024-09-19,1288.3499755859375,1300.0,1285.3499755859375,1292.0,1271.388671875,13172268
2024-09-20,1295.0,1362.3499755859375,1291.550048828125,1338.449951171875,1317.09765625,73257767
2024-09-23,1331.0,1331.800048828125,1308.5,1321.9000244140625,1300.811767578125,11380409
2024-09-24,1321.0,1331.4000244140625,1315.449951171875,1318.5999755859375,1297.5643310546875,13886037
2024-09-25,1310.75,1327.75,1310.0999755859375,1323.8499755859375,1302.7305908203125,8728019
2024-09-26,1320.0,1333.3499755859375,1316.9000244140625,1329.050048828125,1307.8477783203125,11100869
2024-09-27,1333.0,1333.0,1303.8499755859375,1306.5999755859375,1285.7557373046875,17117379
2024-09-30,1292.0999755859375,1296.800048828125,1270.9000244140625,1273.0,1252.6917724609375,12622212
2024-10-01,1269.800048828125,1280.25,1267.5999755859375,1274.4000244140625,1254.0694580078125,10972413
2024-10-03,1253.5999755859375,1265.75,1248.1500244140625,1256.3499755859375,1236.307373046875,17648551
2024-10-04,1247.0999755859375,1264.4000244140625,1236.199951171875,1239.75,1219.97216796875,13488887
2024-10-07,1241.550048828125,1262.949951171875,1225.0,1233.9000244140625,1214.215576171875,20667247
2024-10-08,1241.0,1247.800048828125,1229.75,1236.5999755859375,1216.8724365234375,12219259
2024-10-09,1243.050048828125,1265.0999755859375,1232.6500244140625,1244.1500244140625,1224.3021240234375,14765997
2024-10-10,1246.75,1254.699951171875,1238.0,1243.5,1223.662353515625,9118195
2024-10-11,1237.0,1240.800048828125,1222.0,1223.0,1203.4893798828125,8472512
2024-10-14,1221.0,1237.9000244140625,1217.4000244140625,1231.75,1212.099853515625,11833929
2024-10-15,1238.949951171875,1258.300048828125,1235.4000244140625,1255.5,1235.4710693359375,11657338
2024-10-16,1248.5,1254.949951171875,1241.5999755859375,1243.1500244140625,1223.3179931640625,7869727
2024-10-17,1249.449951171875,1256.949951171875,1224.4000244140625,1231.25,1211.6077880859375,8459497
2024-10-18,1227.949951171875,1268.9000244140625,1225.25,1264.5,1244.327392578125,11018126
2024-10-21,1264.5,1272.3499755859375,1250.550048828125,1259.050048828125,1238.9644775390625,7742775
2024-10-22,1266.5999755859375,1284.9000244140625,1259.75,1267.5,1247.279541015625,20090801
2024-10-23,1261.0,1267.949951171875,1243.050048828125,1251.5999755859375,1231.6331787109375,14055447
2024-10-24,1250.25,1260.449951171875,1241.050048828125,1252.75,1232.764892578125,12223031
2024-10-25,1247.25,1268.9000244140625,1234.199951171875,1255.449951171875,1235.4217529296875,13546055
2024-10-28,1285.5,1307.800048828125,1280.5999755859375,1292.8499755859375,1272.2252197265625,24096412
2024-10-29,1301.3499755859375,1335.3499755859375,1299.25,1331.8499755859375,1310.60302734375,20656117
2024-10-30,1324.0,1330.9000244140625,1305.5999755859375,1312.1500244140625,1291.21728515625,15055031
2024-10-31,1307.25,1318.949951171875,1288.550048828125,1292.25,1271.634765625,23497314
2024-11-01,1289.949951171875,1296.199951171875,1286.25,1291.800048828125,1271.1920166015625,1007022
2024-11-04,1290.0999755859375,1291.800048828125,1270.050048828125,1277.199951171875,1256.8248291015625,14309121
2024-11-05,1273.0,1301.300048828125,1263.0999755859375,1296.699951171875,1276.013671875,16431920
2024-11-06,1300.25,1315.0,1292.699951171875,1302.3499755859375,1281.5736083984375,12037405
2024-11-07,1297.1500244140625,1302.800048828125,1275.25,1278.699951171875,1258.3009033203125,9909035
2024-11-08,1270.0,1275.0,1252.699951171875,1258.8499755859375,1238.7674560546875,11195808
2024-11-11,1262.0,1275.9000244140625,1246.6500244140625,1269.300048828125,1249.0509033203125,8387780
2024-11-12,1276.1500244140625,1295.0,1264.5,1270.5999755859375,1250.3302001953125,13486168
2024-11-13,1270.5999755859375,1276.25,1250.0,1253.699951171875,1233.69970703125,12260404
2024-11-14,1253.75,1267.699951171875,1243.050048828125,1256.949951171875,1236.8978271484375,9506892
2024-11-18,1260.0,1262.5999755859375,1249.4000244140625,1253.449951171875,1233.45361328125,6195554
2024-11-19,1257.050048828125,1261.0,1240.8499755859375,1249.0999755859375,1229.173095703125,11537317
2024-11-21,1248.550048828125,1256.9000244140625,1232.550048828125,1250.550048828125,1230.60009765625,9593870
2024-11-22,1258.0,1281.4000244140625,1256.0,1278.050048828125,1257.6612548828125,11604338
2024-11-25,1296.0,1311.199951171875,1290.0,1300.949951171875,1280.1959228515625,22717581
2024-11-26,1310.5999755859375,1314.25,1302.449951171875,1304.949951171875,1284.132080078125,7646955
2024-11-27,1298.5,1310.8499755859375,1297.8499755859375,1300.699951171875,1279.9498291015625,21938082
2024-11-28,1301.050048828125,1310.5,1282.300048828125,1286.3499755859375,1265.828857421875,22803745
2024-11-29,1283.0999755859375,1303.25,1283.0999755859375,1300.0999755859375,1279.3594970703125,11397228
2024-12-02,1299.9000244140625,1310.550048828125,1289.1500244140625,1304.6500244140625,1283.8370361328125,9626400
2024-12-03,1303.949951171875,1312.800048828125,1296.0999755859375,1308.4000244140625,1287.527099609375,11509276
2024-12-04,1302.5999755859375,1320.0,1301.699951171875,1316.050048828125,1295.0550537109375,11570281
2024-12-05,1316.25,1342.9000244140625,1308.5999755859375,1336.5,1315.1787109375,19210697
2024-12-06,1342.5,1347.0999755859375,1326.699951171875,1328.75,1307.552490234375,8942672
2024-12-09,1322.0999755859375,1329.050048828125,1320.25,1322.300048828125,1301.2054443359375,8000764
2024-12-10,1319.0,1332.0,1315.25,1330.449951171875,1309.225341796875,8218214
2024-12-11,1324.699951171875,1331.25,1316.0,1327.5,1306.3223876953125,8138066
2024-12-12,1321.550048828125,1338.75,1321.550048828125,1329.25,1308.04443359375,9076896
2024-12-13,1325.3499755859375,1347.1500244140625,1313.5,1344.9000244140625,1323.44482421875,13536684
2024-12-16,1344.9000244140625,1350.449951171875,1340.050048828125,1346.0999755859375,1324.6256103515625,9071006
2024-12-17,1342.0,1348.0999755859375,1326.050048828125,1333.75,1312.4727783203125,9879257
2024-12-18,1325.25,1334.949951171875,1307.449951171875,1314.1500244140625,1293.1854248046875,8510595
2024-12-19,1286.0,1303.0,1284.449951171875,1286.9000244140625,1266.3701171875,11517304
2024-12-20,1283.949951171875,1297.75,1272.4000244140625,1288.4000244140625,1267.8460693359375,58491181
2024-12-23,1294.6500244140625,1307.0,1287.050048828125,1296.800048828125,1276.1121826171875,6827512
2024-12-24,1296.800048828125,1304.5,1290.25,1297.25,1276.554931640625,7138516
2024-12-26,1307.0,1312.75,1289.199951171875,1297.3499755859375,1276.6534423828125,7338444
2024-12-27,1298.550048828125,1315.949951171875,1298.550048828125,1307.550048828125,1286.690673828125,4756066
2024-12-30,1304.949951171875,1326.5,1289.449951171875,1294.6500244140625,1273.9964599609375,14207425
2024-12-31,1286.9000244140625,1289.949951171875,1280.0999755859375,1281.6500244140625,1261.203857421875,8449607
2025-01-01,1281.6500244140625,1293.0,1267.0999755859375,1283.6500244140625,1263.1719970703125,4705399
2025-01-02,1285.0999755859375,1293.4000244140625,1278.4000244140625,1290.5999755859375,1270.0111083984375,7433222
2025-01-03,1286.199951171875,1288.0,1262.25,1265.050048828125,1244.8687744140625,11194997
2025-01-06,1268.050048828125,1277.75,1257.0,1264.0999755859375,1243.933837890625,7504047
2025-01-07,1266.5,1288.949951171875,1266.5,1279.25,1258.842041015625,7539758
2025-01-08,1280.550048828125,1285.0,1252.3499755859375,1263.75,1243.5894775390625,7566309
2025-01-09,1258.0,1264.75,1248.0999755859375,1262.4000244140625,1242.260986328125,8684920
2025-01-10,1259.0,1264.949951171875,1243.0999755859375,1249.8499755859375,1229.9111328125,7854524
2025-01-13,1234.9000244140625,1243.949951171875,1224.9000244140625,1229.75,1210.1317138671875,9669336
2025-01-14,1233.3499755859375,1244.8499755859375,1227.449951171875,1240.300048828125,1220.5135498046875,10342698
2025-01-15,1234.0,1244.4000244140625,1230.0,1238.25,1218.4962158203125,5355382
2025-01-16,1245.0999755859375,1255.5,1239.6500244140625,1249.0999755859375,1229.173095703125,11895924
2025-01-17,1243.3499755859375,1249.0,1218.0,1225.449951171875,1205.900390625,9790533
2025-01-20,1223.9000244140625,1241.75,1215.25,1232.949951171875,1213.2806396484375,7676418
2025-01-21,1236.949951171875,1238.949951171875,1192.699951171875,1196.1500244140625,1177.0677490234375,20520898
2025-01-22,1201.0,1207.5,1191.800048828125,1200.449951171875,1181.2991943359375,10377123
2025-01-23,1197.25,1207.9000244140625,1186.0,1201.75,1182.5784912109375,8770650
2025-01-24,1203.0999755859375,1218.0,1202.0,1209.199951171875,1189.90966796875,9216792
2025-01-27,1195.0,1234.6500244140625,1193.0999755859375,1227.949951171875,1208.3603515625,16164687
2025-01-28,1247.3499755859375,1264.0,1236.0,1246.9000244140625,1227.00830078125,18066499
2025-01-29,1252.0,1255.800048828125,1243.050048828125,1251.6500244140625,1231.682373046875,7666777
2025-01-30,1250.0,1259.8499755859375,1239.5,1255.5999755859375,1235.5694580078125,11921041
2025-01-31,1254.5,1256.0,1239.0999755859375,1252.800048828125,1232.814208984375,10195417
2025-02-01,1251.1500244140625,1261.3499755859375,1233.800048828125,1255.550048828125,1235.520263671875,3011914
2025-02-03,1246.8499755859375,1260.0,1237.800048828125,1253.0,1233.0108642578125,6176831
2025-02-04,1262.800048828125,1280.5,1260.0,1268.199951171875,1247.9683837890625,14839077
2025-02-05,1270.199951171875,1277.75,1265.1500244140625,1267.699951171875,1247.476318359375,6840709
2025-02-06,1275.0,1279.0,1263.199951171875,1272.4000244140625,1252.1014404296875,8396554
2025-02-07,1272.0,1275.0,1249.550048828125,1256.9000244140625,1236.8487548828125,7382039
2025-02-10,1257.199951171875,1265.0,1249.3499755859375,1262.5999755859375,1242.4576416015625,5740361
2025-02-11,1255.8499755859375,1261.8499755859375,1248.4000244140625,1252.75,1232.764892578125,6586627
2025-02-12,1257.199951171875,1269.75,1244.6500244140625,1251.800048828125,1231.830078125,8809352
2025-02-13,1252.550048828125,1266.0,1245.9000244140625,1248.9000244140625,1228.976318359375,7263785
2025-02-14,1252.0999755859375,1263.5,1244.449951171875,1260.0999755859375,1239.9976806640625,10368438
2025-02-17,1251.1500244140625,1258.1500244140625,1233.25,1251.1500244140625,1231.1904296875,8386151
2025-02-18,1252.9000244140625,1257.5999755859375,1237.050048828125,1243.050048828125,1223.2196044921875,8135042
2025-02-19,1234.8499755859375,1264.449951171875,1230.25,1261.6500244140625,1241.5228271484375,10683412
2025-02-20,1255.3499755859375,1264.0,1246.75,1249.949951171875,1230.009521484375,8398849
2025-02-21,1241.0999755859375,1244.699951171875,1224.550048828125,1232.949951171875,1213.2806396484375,7786428
2025-02-24,1226.699951171875,1231.9000244140625,1210.25,1218.3499755859375,1198.9136962890625,11522480
2025-02-25,1226.5999755859375,1231.6500244140625,1221.0,1224.1500244140625,1204.6212158203125,11059417
2025-02-27,1225.1500244140625,1234.8499755859375,1218.449951171875,1222.449951171875,1202.9482421875,12008162
2025-02-28,1216.0,1225.0,1200.0999755859375,1204.0999755859375,1184.8909912109375,20215075
2025-03-03,1210.5,1217.0,1204.1500244140625,1206.199951171875,1186.9573974609375,8158881
2025-03-04,1207.1500244140625,1216.6500244140625,1206.25,1210.4000244140625,1191.0904541015625,9574490
2025-03-05,1217.0,1225.949951171875,1211.300048828125,1215.699951171875,1196.3057861328125,9052846
2025-03-06,1227.949951171875,1227.949951171875,1209.0,1218.050048828125,1198.618408203125,11949475
2025-03-07,1211.0999755859375,1217.8499755859375,1206.300048828125,1214.550048828125,1195.17431640625,6620284
2025-03-10,1208.0,1225.800048828125,1208.0,1214.8499755859375,1195.469482421875,7363437
2025-03-11,1217.199951171875,1248.0,1217.199951171875,1245.4000244140625,1225.5321044921875,10927950
2025-03-12,1246.949951171875,1251.949951171875,1235.300048828125,1243.949951171875,1224.105224609375,11548372
2025-03-13,1251.050048828125,1255.5999755859375,1245.300048828125,1250.050048828125,1230.1080322265625,8132940
2025-03-17,1257.050048828125,1273.949951171875,1254.75,1269.0,1248.755615234375,11164812
2025-03-18,1269.0,1269.0,1269.0,1269.0,1248.755615234375,0
2025-03-19,1305.5999755859375,1318.300048828125,1302.1500244140625,1313.0999755859375,1292.152099609375,11278014
2025-03-20,1320.0,1324.25,1311.050048828125,1321.699951171875,1300.6148681640625,10886735
2025-03-21,1316.0,1349.0,1311.5999755859375,1343.0999755859375,1321.6734619140625,60494318
2025-03-24,1355.949951171875,1373.0,1345.050048828125,1358.1500244140625,1336.4835205078125,9352280
2025-03-25,1359.0,1363.800048828125,1330.050048828125,1343.699951171875,1322.263916015625,16419207
2025-03-26,1344.050048828125,1358.0,1331.5,1335.9000244140625,1314.58837890625,10859639
2025-03-27,1333.1500244140625,1351.5,1333.1500244140625,1336.6500244140625,1315.326416015625,15109614
2025-03-28,1336.0,1357.949951171875,1327.199951171875,1348.3499755859375,1326.8397216796875,8266544
2025-04-01,1340.0,1352.3499755859375,1315.4000244140625,1318.449951171875,1297.4166259765625,14288024
2025-04-02,1322.1500244140625,1337.949951171875,1322.1500244140625,1331.25,1310.0125732421875,8042214
2025-04-03,1321.949951171875,1333.0,1321.25,1329.550048828125,1308.3397216796875,4591008
2025-04-04,1329.550048828125,1338.550048828125,1322.0999755859375,1335.300048828125,1313.998046875,8648542
2025-04-07,1295.25,1325.0,1265.0,1287.550048828125,1267.009765625,19185012
2025-04-08,1299.8499755859375,1310.050048828125,1287.3499755859375,1299.9000244140625,1279.1627197265625,13085762
2025-04-09,1304.949951171875,1305.0999755859375,1284.5,1300.800048828125,1280.04833984375,13005622
2025-04-11,1305.0999755859375,1325.0,1305.0999755859375,1311.6500244140625,1290.7252197265625,13064247
2025-04-15,1351.0,1354.300048828125,1336.199951171875,1350.199951171875,1328.66015625,15202603
2025-04-16,1357.0,1359.699951171875,1342.9000244140625,1356.4000244140625,1334.7613525390625,14039073
2025-04-17,1362.0,1408.9000244140625,1360.0999755859375,1406.699951171875,1384.2589111328125,17490424
2025-04-21,1436.0,1436.0,1404.699951171875,1409.800048828125,1387.3094482421875,16882426
2025-04-22,1412.800048828125,1418.800048828125,1398.9000244140625,1416.5,1393.9024658203125,16135274
2025-04-23,1429.0,1429.9000244140625,1411.300048828125,1424.4000244140625,1401.676513671875,13990764
2025-04-24,1416.300048828125,1421.199951171875,1398.800048828125,1402.699951171875,1380.32275390625,15678099
2025-04-25,1410.0,1414.800048828125,1388.4000244140625,1404.800048828125,1382.3892822265625,11705093
2025-04-28,1405.5999755859375,1435.0,1403.800048828125,1428.800048828125,1406.00634765625,10948561
2025-04-29,1428.800048828125,1438.300048828125,1422.5999755859375,1429.800048828125,1406.990478515625,10786910
2025-04-30,1433.0,1433.699951171875,1400.0,1427.0,1404.2349853515625,14192027
2025-05-02,1426.9000244140625,1446.5999755859375,1424.5999755859375,1430.0999755859375,1407.2855224609375,8842434
2025-05-05,1440.0,1446.800048828125,1426.0,1429.4000244140625,1406.5968017578125,4565705
2025-05-06,1429.0,1433.699951171875,1420.4000244140625,1431.5999755859375,1408.7615966796875,6301690
2025-05-07,1425.0,1442.0,1421.0,1435.4000244140625,1412.5010986328125,10480453
2025-05-08,1438.5999755859375,1448.9000244140625,1426.0999755859375,1435.5,1412.599365234375,15306490
2025-05-09,1415.199951171875,1419.9000244140625,1387.0,1388.9000244140625,1366.742919921875,13491197
2025-05-12,1409.4000244140625,1453.0,1404.0,1448.5,1425.39208984375,9925445
2025-05-13,1440.0999755859375,1447.9000244140625,1427.4000244140625,1430.5999755859375,1407.777587890625,12475424
2025-05-14,1429.9000244140625,1440.699951171875,1417.300048828125,1426.199951171875,1403.44775390625,8026837
2025-05-15,1425.9000244140625,1456.5,1415.5,1450.800048828125,1427.6553955078125,18209264
2025-05-16,1453.300048828125,1458.699951171875,1447.0,1454.0,1430.8043212890625,6439208
2025-05-19,1446.5,1459.699951171875,1443.800048828125,1449.0,1425.8841552734375,6005334
2025-05-20,1450.199951171875,1459.0,1435.5,1438.199951171875,1415.25634765625,11352383
2025-05-21,1442.9000244140625,1451.300048828125,1438.5,1444.699951171875,1421.652587890625,5510460
2025-05-22,1441.0999755859375,1445.300048828125,1427.800048828125,1442.0999755859375,1419.0941162109375,7245933
2025-05-23,1442.199951171875,1451.800048828125,1434.4000244140625,1449.800048828125,1426.67138671875,5203706
2025-05-26,1458.0,1471.5999755859375,1455.0,1460.5999755859375,1437.2989501953125,5608725
2025-05-27,1452.5,1463.0,1435.699951171875,1446.4000244140625,1423.3255615234375,14842959
2025-05-28,1447.5999755859375,1458.0,1442.5,1453.800048828125,1430.6075439453125,8618343
2025-05-29,1456.5999755859375,1462.9000244140625,1445.0,1456.5,1433.264404296875,15545514
2025-05-30,1459.9000244140625,1460.9000244140625,1444.300048828125,1445.800048828125,1422.7352294921875,11803975
2025-06-02,1442.0,1460.0,1432.800048828125,1450.5,1427.360107421875,9458990
2025-06-03,1454.9000244140625,1455.0,1432.0,1437.9000244140625,1414.961181640625,11167345
2025-06-04,1437.4000244140625,1440.0999755859375,1426.4000244140625,1431.0,1408.171142578125,8025388
2025-06-05,1430.9000244140625,1459.0,1427.300048828125,1454.800048828125,1431.5916748046875,11385668
2025-06-06,1448.5999755859375,1461.4000244140625,1442.0999755859375,1459.699951171875,1436.413330078125,11580994
2025-06-09,1465.0,1466.800048828125,1433.4000244140625,1434.800048828125,1411.91064453125,11022031
2025-06-10,1439.0,1441.699951171875,1416.5,1422.9000244140625,1400.200439453125,12905272
2025-06-11,1421.800048828125,1434.5,1418.5999755859375,1431.0,1408.171142578125,7136877
2025-06-12,1430.5,1436.5,1420.0,1425.199951171875,1402.4637451171875,7953247
2025-06-13,1403.5999755859375,1421.5,1403.5999755859375,1416.0999755859375,1393.5089111328125,7573103
2025-06-16,1416.5999755859375,1429.0,1414.199951171875,1426.9000244140625,1404.1365966796875,5451137
2025-06-17,1426.9000244140625,1429.800048828125,1417.800048828125,1423.199951171875,1400.4957275390625,6970098
2025-06-18,1417.0,1432.0,1410.199951171875,1412.5999755859375,1390.0648193359375,6751745
2025-06-19,1408.0,1414.699951171875,1404.699951171875,1411.300048828125,1388.78564453125,8849883
2025-06-20,1411.300048828125,1433.300048828125,1410.199951171875,1427.0999755859375,1404.33349609375,12408178
2025-06-23,1417.0,1423.199951171875,1411.9000244140625,1420.0999755859375,1397.445068359375,5514384
2025-06-24,1427.699951171875,1435.9000244140625,1416.5,1424.0999755859375,1401.38134765625,11188438
2025-06-25,1422.0,1428.9000244140625,1415.300048828125,1425.800048828125,1403.0543212890625,7527388
2025-06-26,1424.800048828125,1447.5,1421.699951171875,1439.0999755859375,1416.14208984375,13617435
2025-06-27,1438.9000244140625,1466.0,1437.0999755859375,1462.199951171875,1438.87353515625,22532899
2025-06-30,1461.800048828125,1461.9000244140625,1442.300048828125,1445.800048828125,1422.7352294921875,6325073
2025-07-01,1445.699951171875,1447.5999755859375,1429.5999755859375,1432.0,1409.1552734375,7761449
2025-07-02,1432.199951171875,1451.0,1422.5999755859375,1427.800048828125,1405.0223388671875,13372280
2025-07-03,1432.0999755859375,1446.0999755859375,1423.699951171875,1425.9000244140625,1403.1527099609375,10177738
2025-07-04,1427.0,1444.4000244140625,1421.0999755859375,1442.800048828125,1419.782958984375,5066503
2025-07-07,1437.0,1440.9000244140625,1429.5999755859375,1435.699951171875,1412.7962646484375,5177477
2025-07-08,1432.0,1445.0,1430.0,1442.0,1418.9957275390625,5315847
2025-07-09,1436.199951171875,1438.699951171875,1426.5999755859375,1431.9000244140625,1409.056884765625,8827347
2025-07-10,1436.800048828125,1439.0,1422.0999755859375,1424.0999755859375,1401.38134765625,7795964
2025-07-11,1422.0,1428.0,1414.5999755859375,1421.9000244140625,1399.2164306640625,7158015
2025-07-14,1424.9000244140625,1424.9000244140625,1416.0999755859375,1423.0,1400.298828125,5846154
2025-07-15,1421.0999755859375,1433.800048828125,1419.0,1430.800048828125,1407.9744873046875,6041457
2025-07-16,1426.0,1429.199951171875,1419.0999755859375,1426.4000244140625,1403.6446533203125,5649093
2025-07-17,1421.0,1423.199951171875,1409.5,1418.699951171875,1396.0673828125,12927394
2025-07-18,1415.800048828125,1429.0,1408.5,1425.800048828125,1403.0543212890625,11297246
2025-07-21,1448.0,1467.699951171875,1437.0,1465.800048828125,1442.4161376953125,13867136
2025-07-22,1474.0999755859375,1482.0,1469.699951171875,1473.5999755859375,1450.0916748046875,8930165
2025-07-23,1482.9000244140625,1490.0,1472.5999755859375,1488.5999755859375,1464.8524169921875,11974174
2025-07-24,1487.699951171875,1488.699951171875,1478.0999755859375,1483.4000244140625,1459.7353515625,6700578
2025-07-25,1500.0,1500.0,1473.5999755859375,1477.0999755859375,1453.5357666015625,8696077
2025-07-28,1477.0999755859375,1493.800048828125,1477.0999755859375,1488.4000244140625,1464.655517578125,7507479
2025-07-29,1479.9000244140625,1489.800048828125,1475.4000244140625,1486.199951171875,1462.4906005859375,9776027
2025-07-30,1487.699951171875,1488.5,1477.300048828125,1482.4000244140625,1458.751220703125,7238625
2025-07-31,1469.9000244140625,1494.5,1464.0,1481.4000244140625,1457.7672119140625,12406146
2025-08-01,1480.4000244140625,1485.0999755859375,1469.800048828125,1471.5999755859375,1448.12353515625,4416771
2025-08-04,1476.800048828125,1478.800048828125,1461.300048828125,1463.199951171875,1439.8575439453125,6140054
2025-08-05,1453.0,1461.5,1441.0,1444.4000244140625,1421.3575439453125,14799343
2025-08-06,1442.300048828125,1454.0,1441.5999755859375,1443.5999755859375,1420.5703125,7805252
2025-08-07,1441.0999755859375,1447.9000244140625,1429.0999755859375,1440.300048828125,1417.322998046875,7432535
2025-08-08,1445.9000244140625,1447.5999755859375,1432.0,1435.9000244140625,1412.9931640625,5415511
2025-08-11,1427.9000244140625,1438.4000244140625,1420.4000244140625,1436.5999755859375,1413.681884765625,8492484
2025-08-12,1431.0,1433.800048828125,1420.0999755859375,1422.0,1410.112060546875,5913947
2025-08-13,1424.5999755859375,1427.699951171875,1415.199951171875,1420.800048828125,1408.922119140625,9009465
2025-08-14,1412.0,1431.0999755859375,1412.0,1427.300048828125,1415.3677978515625,7577793
2025-08-18,1450.0,1452.4000244140625,1431.0,1434.5999755859375,1422.606689453125,6908844
2025-08-19,1431.0999755859375,1438.5,1426.300048828125,1436.300048828125,1424.29248046875,6709554
2025-08-20,1432.5999755859375,1435.9000244140625,1423.0,1430.5999755859375,1418.64013671875,5817858
2025-08-21,1440.0999755859375,1447.800048828125,1436.4000244140625,1446.0,1433.911376953125,6238645
2025-08-22,1444.300048828125,1446.0,1429.4000244140625,1436.4000244140625,1424.3917236328125,6657207
2025-08-25,1435.9000244140625,1435.9000244140625,1424.0,1433.199951171875,1421.2183837890625,6738427
2025-08-26,1427.9000244140625,1427.9000244140625,1413.0999755859375,1416.5999755859375,1404.7572021484375,8720155
2025-08-28,1408.0,1411.800048828125,1396.300048828125,1399.0999755859375,1387.4034423828125,12990789
2025-08-29,1392.0999755859375,1405.0,1392.0999755859375,1397.800048828125,1386.1143798828125,8519507
2025-09-01,1398.0999755859375,1412.4000244140625,1398.0999755859375,1411.0,1399.2039794921875,4927348
2025-09-02,1413.9000244140625,1413.9000244140625,1390.0,1394.199951171875,1382.54443359375,7163073
2025-09-03,1389.0,1400.0,1384.199951171875,1397.0,1385.321044921875,9813382
2025-09-04,1409.9000244140625,1415.0999755859375,1401.9000244140625,1405.5,1393.75,10564859
2025-09-05,1411.0,1411.5,1387.699951171875,1402.800048828125,1391.0726318359375,6621077
2025-09-08,1402.199951171875,1410.5999755859375,1397.5999755859375,1402.699951171875,1390.973388671875,5880943
2025-09-09,1399.0,1407.5,1395.199951171875,1403.699951171875,1391.9649658203125,6470679
2025-09-10,1410.0,1413.699951171875,1402.0999755859375,1403.9000244140625,1392.163330078125,7452347
2025-09-11,1398.0,1408.0,1396.0,1401.5999755859375,1389.882568359375,10192026
2025-09-12,1405.0999755859375,1419.699951171875,1400.0999755859375,1417.699951171875,1405.847900390625,7770038
2025-09-15,1422.0,1426.800048828125,1416.300048828125,1419.4000244140625,1407.5338134765625,5845637
2025-09-16,1414.0,1424.9000244140625,1413.699951171875,1421.5999755859375,1409.71533203125,8213151
2025-09-17,1420.0999755859375,1426.0999755859375,1416.4000244140625,1419.199951171875,1407.33544921875,7484283
2025-09-18,1431.0999755859375,1432.800048828125,1415.300048828125,1421.699951171875,1409.814453125,8130537
2025-09-19,1416.0999755859375,1418.0,1400.199951171875,1402.199951171875,1390.4775390625,13457344
2025-09-22,1403.9000244140625,1409.9000244140625,1397.199951171875,1401.5,1389.783447265625,8847948
2025-09-23,1391.0,1403.300048828125,1391.0,1394.300048828125,1382.6436767578125,12827524
2025-09-24,1386.4000244140625,1390.9000244140625,1376.5,1382.699951171875,1371.1405029296875,9735678
2025-09-25,1377.0,1391.5,1371.800048828125,1375.800048828125,1364.29833984375,21613389
2025-09-26,1368.0,1372.699951171875,1357.0,1359.5999755859375,1348.233642578125,18342280
2025-09-29,1359.5999755859375,1366.5,1346.199951171875,1348.0999755859375,1336.829833984375,20563163
2025-09-30,1353.699951171875,1356.5999755859375,1342.5999755859375,1348.0,1336.730712890625,20166871
2025-10-01,1348.0,1379.4000244140625,1347.0999755859375,1372.0,1360.530029296875,20952632
2025-10-03,1371.9000244140625,1371.9000244140625,1361.300048828125,1365.199951171875,1353.786865234375,12163695
2025-10-06,1371.0,1372.5999755859375,1359.0999755859375,1363.4000244140625,1352.001953125,14314283
2025-10-07,1363.5999755859375,1383.0999755859375,1363.5999755859375,1375.9000244140625,1364.3974609375,16126464
2025-10-08,1372.300048828125,1381.5999755859375,1364.300048828125,1370.300048828125,1358.8443603515625,8100832
2025-10-09,1369.800048828125,1378.699951171875,1365.0999755859375,1376.199951171875,1364.69482421875,7909575
2025-10-10,1370.300048828125,1385.0,1370.300048828125,1380.300048828125,1368.7607421875,7673816
2025-10-13,1373.0999755859375,1386.4000244140625,1373.0999755859375,1379.4000244140625,1367.8681640625,8923018
2025-10-14,1389.0,1389.0,1375.0999755859375,1384.0999755859375,1372.52880859375,10610855
2025-10-15,1386.5,1400.4000244140625,1385.5,1398.4000244140625,1386.7093505859375,8988550
2025-10-16,1401.0,1418.9000244140625,1399.4000244140625,1417.300048828125,1405.451416015625,12185032
2025-10-17,1412.0,1439.5999755859375,1410.9000244140625,1436.5999755859375,1424.5899658203125,17037215
2025-10-20,1442.0,1445.0,1389.199951171875,1390.300048828125,1378.6771240234375,23330227
2025-10-21,1384.5,1387.5999755859375,1375.9000244140625,1382.0,1370.4464111328125,3415560
2025-10-23,1385.0,1389.800048828125,1360.0999755859375,1363.699951171875,1352.2994384765625,21124942
2025-10-24,1368.0999755859375,1381.5999755859375,1368.0999755859375,1377.699951171875,1366.182373046875,10570263
2025-10-27,1382.0999755859375,1386.800048828125,1374.0,1377.5999755859375,1366.083251953125,11499836
2025-10-28,1373.0,1375.800048828125,1356.199951171875,1363.0999755859375,1351.7044677734375,26477914
2025-10-29,1364.5999755859375,1371.699951171875,1358.4000244140625,1370.4000244140625,1358.9434814453125,16129382
2025-10-30,1362.4000244140625,1370.199951171875,1361.300048828125,1362.4000244140625,1351.0103759765625,9324401
2025-10-31,1357.0,1362.0,1343.300048828125,1345.300048828125,1334.0533447265625,15926798
2025-11-03,1340.5,1351.5999755859375,1337.9000244140625,1346.4000244140625,1335.14404296875,11071450
2025-11-04,1342.5999755859375,1349.800048828125,1333.199951171875,1336.9000244140625,1325.7235107421875,15211183
2025-11-06,1330.0,1342.199951171875,1317.4000244140625,1320.4000244140625,1309.3614501953125,24221853
2025-11-07,1320.4000244140625,1344.300048828125,1318.5999755859375,1343.0,1331.7724609375,7719245
2025-11-10,1342.9000244140625,1349.5999755859375,1341.0,1348.0,1336.730712890625,8542340
2025-11-11,1349.0,1360.4000244140625,1346.199951171875,1358.300048828125,1346.944580078125,8305184
2025-11-12,1370.0,1370.0,1355.4000244140625,1358.9000244140625,1347.53955078125,9736761
2025-11-13,1358.9000244140625,1390.4000244140625,1358.5,1385.9000244140625,1374.3138427734375,18296626
2025-11-14,1374.0,1381.199951171875,1363.199951171875,1373.0,1361.521728515625,9694498
2025-11-17,1375.0999755859375,1382.5,1373.5999755859375,1379.0,1367.4715576171875,7660717
2025-11-18,1380.199951171875,1382.800048828125,1369.0999755859375,1373.4000244140625,1361.9183349609375,9529560
2025-11-19,1373.5,1384.0,1371.5999755859375,1383.0999755859375,1371.5372314453125,10393918
2025-11-20,1380.0999755859375,1388.300048828125,1375.4000244140625,1383.0,1371.4381103515625,10131863
2025-11-21,1373.0,1376.0,1364.5999755859375,1369.5,1358.0509033203125,11483595
2025-11-24,1373.300048828125,1377.0,1361.5,1368.4000244140625,1356.960205078125,15896003
2025-11-25,1365.0,1376.9000244140625,1354.300048828125,1357.800048828125,1346.4488525390625,12235000
2025-11-26,1360.0,1377.0,1359.9000244140625,1375.0,1363.5050048828125,9659004
2025-11-27,1379.0,1394.0,1375.699951171875,1392.199951171875,1380.5611572265625,15158741
2025-11-28,1392.0,1398.5,1385.5999755859375,1388.800048828125,1377.189697265625,7683986
2025-12-01,1394.0,1400.0,1385.4000244140625,1390.0999755859375,1378.478759765625,8867593
2025-12-02,1381.800048828125,1381.800048828125,1370.5999755859375,1373.0,1361.521728515625,12126396
2025-12-03,1367.0,1394.199951171875,1367.0,1391.5,1379.8670654296875,7955933
2025-12-04,1387.0,1391.5999755859375,1379.9000244140625,1386.699951171875,1375.1070556640625,7373909
2025-12-05,1381.0,1395.300048828125,1381.0,1392.5,1380.858642578125,4942638
2025-12-08,1387.0,1394.9000244140625,1383.300048828125,1389.5999755859375,1377.98291015625,7826227
2025-12-09,1379.9000244140625,1384.300048828125,1373.4000244140625,1375.199951171875,1363.7032470703125,10492030
2025-12-10,1377.9000244140625,1379.4000244140625,1357.9000244140625,1363.5999755859375,1352.2001953125,8725381
2025-12-11,1363.699951171875,1366.5999755859375,1352.800048828125,1360.0,1348.63037109375,6734750
2025-12-12,1368.0,1370.699951171875,1363.300048828125,1366.0,1354.5802001953125,3890885
2025-12-15,1356.0999755859375,1370.0,1356.0999755859375,1365.199951171875,1353.786865234375,5342530
2025-12-16,1364.0,1368.699951171875,1355.5,1366.0,1354.5802001953125,12359741
2025-12-17,1365.0,1365.0,1343.0999755859375,1352.4000244140625,1341.0938720703125,9440391
2025-12-18,1346.300048828125,1369.5,1345.5,1356.800048828125,1345.4571533203125,7314573
2025-12-19,1354.0,1360.4000244140625,1350.800048828125,1354.0999755859375,1342.7796630859375,14318512
2025-12-22,1358.0,1371.300048828125,1354.800048828125,1368.5,1357.059326171875,9375294
2025-12-23,1361.0999755859375,1365.0,1357.0,1363.0,1351.605224609375,9105467
2025-12-24,1363.800048828125,1368.199951171875,1357.5999755859375,1359.800048828125,1348.43212890625,8955140
2025-12-26,1356.5,1362.0,1348.5,1350.4000244140625,1339.110595703125,2812144
2025-12-29,1352.0999755859375,1355.699951171875,1341.5,1343.300048828125,1332.070068359375,6057201
2025-12-30,1343.300048828125,1347.0999755859375,1338.0999755859375,1342.5,1331.276611328125,18621277
2025-12-31,1342.800048828125,1350.0,1339.5,1342.9000244140625,1331.67333984375,6150634
2026-01-01,1343.9000244140625,1348.4000244140625,1336.0,1338.0,1326.8143310546875,4179311
2026-01-02,1338.0,1356.9000244140625,1336.300048828125,1355.4000244140625,1344.06884765625,8226205
2026-01-05,1354.199951171875,1375.5,1352.5999755859375,1371.5,1360.0341796875,6920565
2026-01-06,1372.0,1413.5999755859375,1366.0,1411.199951171875,1399.4022216796875,17260416
2026-01-07,1408.0,1429.9000244140625,1404.199951171875,1427.699951171875,1415.7642822265625,15813795
2026-01-08,1429.0,1442.199951171875,1423.300048828125,1435.0,1423.00341796875,14861699
2026-01-09,1427.0999755859375,1429.5,1401.5,1404.300048828125,1392.56005859375,12555636
2026-01-12,1399.9000244140625,1424.300048828125,1391.699951171875,1413.0999755859375,1401.286376953125,10923811
2026-01-13,1420.0,1441.800048828125,1411.0999755859375,1437.0,1424.9866943359375,14295581
2026-01-14,1425.5999755859375,1443.9000244140625,1414.9000244140625,1418.4000244140625,1406.5421142578125,13832255
2026-01-15,1418.4000244140625,1418.4000244140625,1418.4000244140625,1418.4000244140625,1406.5421142578125,0
2026-01-16,1417.9000244140625,1429.0,1400.199951171875,1410.800048828125,1399.0057373046875,12530886
2026-01-19,1399.9000244140625,1400.0,1360.0,1380.5999755859375,1369.05810546875,23302883
2026-01-20,1374.699951171875,1387.800048828125,1371.5,1375.800048828125,1364.29833984375,15012785
2026-01-21,1367.5,1371.5,1339.5,1349.0,1337.7222900390625,21766068
2026-01-22,1355.0999755859375,1358.0,1338.0,1345.5,1334.2515869140625,17179765
2026-01-23,1340.5,1355.199951171875,1335.699951171875,1343.4000244140625,1332.169189453125,14056524
2026-01-27,1340.0,1369.0999755859375,1328.5999755859375,1361.4000244140625,1350.0186767578125,25263634
2026-01-28,1362.5999755859375,1380.4000244140625,1362.5999755859375,1367.699951171875,1356.2659912109375,13242696
2026-01-29,1359.0,1387.699951171875,1354.4000244140625,1383.5999755859375,1372.0330810546875,23118234
2026-01-30,1368.199951171875,1381.9000244140625,1353.199951171875,1355.0,1343.672119140625,24013717
2026-02-02,1329.9000244140625,1354.4000244140625,1329.0999755859375,1352.800048828125,1341.4906005859375,12800245
2026-02-03,1412.0,1417.0,1373.4000244140625,1389.699951171875,1378.08203125,24896698
2026-02-04,1387.0,1414.0,1386.9000244140625,1408.4000244140625,1396.625732421875,11080683
2026-02-05,1414.0,1414.0,1393.199951171875,1396.5,1384.8251953125,8982761
2026-02-06,1396.699951171875,1410.5,1394.699951171875,1406.0999755859375,1394.344970703125,10851190
2026-02-09,1413.5,1414.0,1388.800048828125,1396.300048828125,1384.626953125,7889742
2026-02-10,1401.0,1409.5,1395.5,1406.5,1394.7415771484375,16497628
2026-02-11,1407.4000244140625,1413.0,1400.4000244140625,1406.0999755859375,1394.344970703125,8551341
2026-02-12,1406.0999755859375,1433.0,1405.300048828125,1430.0,1418.045166015625,19646265
2026-02-13,1425.300048828125,1434.4000244140625,1410.699951171875,1414.5999755859375,1402.77392578125,12228083
2026-02-16,1404.0,1414.0,1400.5,1411.5999755859375,1399.7989501953125,5000042
2026-02-17,1406.199951171875,1413.5999755859375,1393.5999755859375,1407.5,1395.7332763671875,11756187
2026-02-18,1410.0999755859375,1412.300048828125,1398.9000244140625,1408.199951171875,1396.4273681640625,4758071
2026-02-19,1408.5,1412.300048828125,1384.800048828125,1388.800048828125,1377.189697265625,14323091
2026-02-20,1388.5,1403.699951171875,1384.0,1394.5,1382.8419189453125,10337877
2026-02-23,1400.0,1408.300048828125,1395.300048828125,1399.4000244140625,1387.7010498046875,10728445
2026-02-24,1400.9000244140625,1400.9000244140625,1382.300048828125,1384.800048828125,1373.2230224609375,18274784
2026-02-25,1391.800048828125,1407.4000244140625,1388.199951171875,1400.5,1388.791748046875,16297015
2026-02-26,1405.0999755859375,1410.0,1392.0999755859375,1404.9000244140625,1393.155029296875,27288792
2026-02-27,1400.0,1402.199951171875,1376.699951171875,1378.9000244140625,1367.3724365234375,15096898
2026-03-02,1355.0,1379.199951171875,1355.0,1374.0,1362.5133056640625,16928683
2026-03-04,1326.0,1376.0,1326.0,1365.4000244140625,1353.9852294921875,20009132
2026-03-05,1368.9000244140625,1370.800048828125,1347.5999755859375,1357.5999755859375,1346.2503662109375,17590491
2026-03-06,1339.0,1357.5999755859375,1310.4000244140625,1313.4000244140625,1302.419921875,22778852
2026-03-09,1272.699951171875,1282.699951171875,1251.0999755859375,1278.4000244140625,1267.7125244140625,16116652
2026-03-10,1287.5999755859375,1315.0,1285.5999755859375,1311.9000244140625,1300.9324951171875,19136143
2026-03-11,1300.0,1306.5,1290.9000244140625,1294.5999755859375,1283.777099609375,13224259
2026-03-12,1275.699951171875,1280.5,1258.300048828125,1266.5,1255.9119873046875,19676187
2026-03-13,1251.9000244140625,1262.300048828125,1248.699951171875,1254.800048828125,1244.3099365234375,17344394
2026-03-16,1255.0,1276.800048828125,1240.0999755859375,1272.9000244140625,1262.258544921875,22740688
2026-03-17,1278.9000244140625,1294.4000244140625,1273.0,1288.699951171875,1277.9263916015625,22303102
2026-03-18,1286.0,1297.0999755859375,1270.800048828125,1289.300048828125,1278.521484375,12961135
2026-03-19,1267.5999755859375,1285.9000244140625,1243.699951171875,1250.0999755859375,1239.6490478515625,14422899
2026-03-20,1258.4000244140625,1274.0,1241.699951171875,1245.4000244140625,1234.9884033203125,16421006
2026-03-23,1226.5999755859375,1234.9000244140625,1218.0999755859375,1222.699951171875,1212.4781494140625,17049534
2026-03-24,1237.0999755859375,1253.9000244140625,1223.699951171875,1251.199951171875,1240.7398681640625,20617782
2026-03-25,1258.9000244140625,1272.9000244140625,1254.4000244140625,1259.699951171875,1249.1688232421875,17290030
2026-03-27,1256.0,1260.9000244140625,1230.0999755859375,1233.800048828125,1223.4854736328125,23630905
2026-03-30,1216.5,1222.5999755859375,1200.4000244140625,1205.9000244140625,1195.8187255859375,23952775
2026-04-01,1228.0999755859375,1234.0,1210.0,1212.699951171875,1202.561767578125,25472333
2026-04-02,1196.0,1222.0999755859375,1187.5999755859375,1215.800048828125,1205.635986328125,20851722
2026-04-06,1213.0,1234.4000244140625,1200.5,1231.4000244140625,1221.10546875,10058414
2026-04-07,1229.0,1250.4000244140625,1216.5999755859375,1245.5,1235.0875244140625,25600557
2026-04-08,1310.0,1333.5,1292.4000244140625,1309.199951171875,1298.2550048828125,25148651
2026-04-09,1299.9000244140625,1308.0,1275.9000244140625,1281.300048828125,1270.58837890625,22923062
2026-04-10,1289.0,1324.0,1288.5,1321.9000244140625,1310.848876953125,18174755
2026-04-13,1304.9000244140625,1357.0,1296.699951171875,1351.0999755859375,1339.8046875,30572141
2026-04-15,1358.0,1364.800048828125,1338.0,1348.0999755859375,1336.829833984375,23827473
2026-04-16,1352.0,1366.9000244140625,1340.199951171875,1345.5,1334.2515869140625,24017236
2026-04-17,1347.0,1352.9000244140625,1334.0,1346.800048828125,1335.540771484375,18151993
2026-04-20,1364.699951171875,1376.4000244140625,1353.0,1356.199951171875,1344.862060546875,21551520
2026-04-21,1368.0,1393.0999755859375,1360.0,1388.4000244140625,1376.79296875,23312455
2026-04-22,1380.0,1380.0999755859375,1365.0,1367.5999755859375,1356.166748046875,13613487
2026-04-23,1348.4000244140625,1354.0,1343.5,1348.0,1336.730712890625,20111792
2026-04-24,1336.300048828125,1348.800048828125,1324.0,1326.199951171875,1315.1129150390625,14056743
2026-04-27,1327.9000244140625,1335.9000244140625,1310.9000244140625,1314.0999755859375,1303.114013671875,15385625
2026-04-28,1314.300048828125,1317.699951171875,1286.699951171875,1292.0,1281.1988525390625,16774778
2026-04-29,1294.699951171875,1296.800048828125,1276.199951171875,1281.0,1270.290771484375,11716030
2026-04-30,1261.0,1272.199951171875,1259.0,1263.4000244140625,1252.8380126953125,17740110
2026-05-01,1263.4000244140625,1263.4000244140625,1263.4000244140625,1263.4000244140625,1252.8380126953125,0
2026-05-04,1264.300048828125,1282.199951171875,1264.300048828125,1270.800048828125,1260.1761474609375,14597051
2026-05-05,1264.0,1266.699951171875,1245.5,1251.300048828125,1240.839111328125,24447935
2026-05-06,1262.0,1282.800048828125,1252.0999755859375,1279.5,1268.8033447265625,22909586
2026-05-07,1284.699951171875,1294.0,1273.199951171875,1279.0,1268.3074951171875,25028552
2026-05-08,1279.5999755859375,1279.5999755859375,1261.199951171875,1264.800048828125,1254.226318359375,11137424
2026-05-11,1259.4000244140625,1275.699951171875,1252.0,1266.4000244140625,1255.8128662109375,18980488
2026-05-12,1256.0,1259.9000244140625,1236.300048828125,1240.300048828125,1229.93115234375,21110708
2026-05-13,1238.300048828125,1249.199951171875,1227.199951171875,1235.5999755859375,1225.2703857421875,19490295
2026-05-14,1239.0999755859375,1256.699951171875,1236.0,1246.0,1235.5833740234375,16535600
2026-05-15,1246.5999755859375,1258.0,1242.0,1244.5,1234.095947265625,11745614
2026-05-18,1235.5,1253.699951171875,1232.0,1251.0999755859375,1240.6407470703125,13918850
2026-05-19,1251.0999755859375,1256.300048828125,1229.800048828125,1240.800048828125,1230.4268798828125,38929053
2026-05-20,1230.0,1239.699951171875,1223.300048828125,1237.300048828125,1226.9561767578125,14953103
2026-05-21,1245.300048828125,1248.300048828125,1234.4000244140625,1242.800048828125,1232.41015625,14394386
2026-05-22,1242.0,1270.800048828125,1242.0,1264.300048828125,1253.73046875,11601085
2026-05-25,1271.0,1293.5,1270.9000244140625,1291.800048828125,1281.0006103515625,13853923
2026-05-26,1290.0,1301.800048828125,1276.199951171875,1279.0999755859375,1268.4066162109375,18400405
2026-05-27,1286.0,1293.4000244140625,1266.699951171875,1272.699951171875,1262.0601806640625,18366272
2026-05-28,1272.699951171875,1272.699951171875,1272.699951171875,1272.699951171875,1262.0601806640625,0
2026-05-29,1275.0999755859375,1287.800048828125,1247.9000244140625,1256.4000244140625,1245.896484375,31007884
2026-06-01,1257.0999755859375,1261.9000244140625,1235.9000244140625,1239.699951171875,1229.3360595703125,9911975
2026-06-02,1233.0,1237.699951171875,1220.699951171875,1226.5999755859375,1216.3455810546875,17920892
2026-06-03,1219.9000244140625,1248.300048828125,1213.699951171875,1242.0,1231.6168212890625,13934754
2026-06-04,1232.199951171875,1262.300048828125,1232.199951171875,1251.699951171875,1241.2357177734375,19461560
2026-06-05,1257.0,1265.0,1250.0,1262.0999755859375,1251.548828125,10166393
2026-06-08,1246.4000244140625,1254.0,1243.0999755859375,1250.199951171875,1239.748291015625,10714196
2026-06-09,1255.0,1279.9000244140625,1252.699951171875,1275.0,1264.3409423828125,22368579
2026-06-10,1271.300048828125,1306.0,1271.300048828125,1293.300048828125,1282.488037109375,25951584
2026-06-11,1286.5,1333.0,1286.5,1317.0,1305.9898681640625,35919374
2026-06-12,1330.0,1344.300048828125,1318.699951171875,1340.800048828125,1329.5909423828125,18339846
2026-06-15,1354.5999755859375,1362.699951171875,1325.300048828125,1327.5999755859375,1316.501220703125,16172921
2026-06-16,1331.9000244140625,1337.300048828125,1326.300048828125,1334.300048828125,1323.145263671875,13069159
2026-06-17,1342.0,1346.0,1333.4000244140625,1336.800048828125,1325.6243896484375,8026424
2026-06-18,1333.5999755859375,1346.9000244140625,1331.4000244140625,1342.300048828125,1331.078369140625,13467985
2026-06-19,1340.5,1352.300048828125,1332.0,1346.5,1335.2431640625,9057322
2026-06-22,1353.0,1362.699951171875,1348.4000244140625,1352.4000244140625,1341.0938720703125,4814845
2026-06-23,1358.0,1369.0999755859375,1331.5,1338.300048828125,1327.11181640625,11884879
2026-06-24,1340.5999755859375,1377.5999755859375,1340.5999755859375,1373.5999755859375,1362.11669921875,16440708
2026-06-25,1381.9000244140625,1404.0,1380.0999755859375,1387.5,1375.9005126953125,17173209
2026-06-26,1387.5,1387.5,1387.5,1387.5,1375.9005126953125,0
2026-06-29,1390.0,1402.0,1383.199951171875,1387.5999755859375,1375.9996337890625,13249405
2026-06-30,1402.0,1402.0,1366.0999755859375,1375.199951171875,1363.7032470703125,18398057
2026-07-01,1371.4000244140625,1385.0999755859375,1367.699951171875,1379.800048828125,1368.264892578125,11948034
2026-07-02,1381.9000244140625,1405.0,1376.800048828125,1400.0,1388.2960205078125,15779429
2026-07-03,1414.0,1420.0,1405.9000244140625,1411.4000244140625,1399.6007080078125,12901785
2026-07-06,1412.0,1431.5999755859375,1411.5999755859375,1426.9000244140625,1414.9710693359375,12306949
2026-07-07,1431.5999755859375,1433.0,1410.0,1414.699951171875,1402.873046875,15664178
2026-07-08,1410.300048828125,1418.300048828125,1375.9000244140625,1380.5999755859375,1369.05810546875,10573142
2026-07-09,1382.9000244140625,1403.5999755859375,1377.300048828125,1380.699951171875,1369.1572265625,13948838
2026-07-10,1389.699951171875,1408.199951171875,1389.5999755859375,1401.199951171875,1389.48583984375,6409645
2026-07-13,1393.5,1413.0,1386.300048828125,1409.5,1397.716552734375,10091437
2026-07-14,1400.0,1411.800048828125,1392.0,1407.699951171875,1395.9315185546875,14133017
2026-07-15,1412.9000244140625,1428.0,1409.199951171875,1416.199951171875,1404.3604736328125,12961648
2026-07-16,1420.0999755859375,1423.699951171875,1406.199951171875,1418.199951171875,1406.34375,10165264
2026-07-17,1422.0999755859375,1455.0999755859375,1419.699951171875,1444.300048828125,1432.2257080078125,11112550
2026-07-20,1444.5,1480.0,1439.5,1460.199951171875,1447.99267578125,22236415
2026-07-21,1470.0,1473.9000244140625,1456.5999755859375,1463.0999755859375,1450.868408203125,18269907
2026-07-22,1466.4000244140625,1466.4000244140625,1438.4000244140625,1440.699951171875,1428.6556396484375,8345136
2026-07-23,1432.5,1446.0,1426.5999755859375,1434.5999755859375,1422.606689453125,12409328
2026-07-24,1428.0,1440.0,1415.4000244140625,1432.9000244140625,1420.9208984375,10870914
2026-07-27,1435.699951171875,1449.0,1428.800048828125,1445.699951171875,1433.6138916015625,10608300
2026-07-28,1442.300048828125,1445.9000244140625,1417.5999755859375,1430.800048828125,1418.8385009765625,19486209
2026-07-29,1442.5,1448.5,1428.5,1437.9000244140625,1425.879150390625,10856166
2026-07-30,1431.0999755859375,1442.199951171875,1422.5999755859375,1433.9000244140625,1421.91259765625,14141173
2026-07-31,1434.300048828125,1441.9000244140625,1431.4000244140625,1435.4000244140625,1423.4000244140625,8752440
2026-08-03,1442.0,1460.0,1433.0,1460.0,1460.0,7706747
2026-08-04,1452.0,1454.5999755859375,1430.800048828125,1454.5999755859375,1454.5999755859375,11458963
2026-08-05,1454.5999755859375,1454.5999755859375,1431.199951171875,1450.0999755859375,1450.0999755859375,11723296
2026-08-06,1460.0,1460.0,1448.300048828125,1457.5,1457.5,14954726
2026-08-07,1451.0,1455.0,1418.199951171875,1421.0,1421.0,14395789
2026-08-10,1428.0999755859375,1441.9000244140625,1415.5,1431.800048828125,1431.800048828125,12749354
2026-08-11,1432.0999755859375,1434.0,1412.199951171875,1429.5999755859375,1429.5999755859375,10471914
2026-08-12,1429.4000244140625,1435.0,1418.5999755859375,1431.699951171875,1431.699951171875,8201733
2026-08-13,1429.0,1429.0,1406.4000244140625,1406.800048828125,1406.800048828125,11408206
2026-08-14,1403.0,1417.800048828125,1401.0,1417.0,1417.0,6097934
2026-08-17,1418.0,1423.5999755859375,1407.0,1415.300048828125,1415.300048828125,5605603
2026-08-18,1410.0,1416.5999755859375,1406.300048828125,1412.0,1412.0,8345198
2026-08-19,1412.0,1416.0,1391.5,1402.0,1402.0,10304210
2026-08-20,1407.800048828125,1413.0,1403.300048828125,1411.9000244140625,1411.9000244140625,8425049
2026-08-21,1417.0,1420.0,1411.199951171875,1420.0,1420.0,4565280
2026-08-24,1420.5,1425.5,1408.699951171875,1415.0,1415.0,5307113
2026-08-25,1408.0,1424.9000244140625,1408.0,1422.699951171875,1422.699951171875,7983249
2026-08-26,1423.0999755859375,1446.0,1423.0999755859375,1430.0,1430.0,4177066
2026-08-27,1445.0,1453.800048828125,1433.0999755859375,1443.0,1443.0,11539716
2026-08-28,1435.0,1439.800048828125,1418.9000244140625,1422.800048828125,1422.800048828125,8625738
2026-08-31,1422.800048828125,1454.0,1419.0,1454.0,1454.0,15331697
2026-09-01,1442.9000244140625,1446.699951171875,1422.800048828125,1438.0,1438.0,10627608
2026-09-02,1425.0999755859375,1436.0,1420.699951171875,1426.5,1426.5,8515824
2026-09-03,1438.300048828125,1452.0,1430.0,1430.0,1430.0,10503351
2026-09-04,1432.0999755859375,1438.300048828125,1421.4000244140625,1423.199951171875,1423.199951171875,6693889
2026-09-07,1428.0,1434.4000244140625,1422.5999755859375,1427.5,1427.5,8035111
2026-09-08,1424.0,1424.9000244140625,1396.300048828125,1399.4000244140625,1399.4000244140625,12123411
2026-09-09,1395.9000244140625,1402.5,1385.5,1389.0999755859375,1389.0999755859375,14229080
2026-09-10,1385.9000244140625,1393.0,1373.9000244140625,1384.5,1384.5,10580641
2026-09-11,1371.5999755859375,1389.0,1367.5999755859375,1379.300048828125,1379.300048828125,7064417
2026-09-14,1379.300048828125,1379.300048828125,1379.300048828125,1379.300048828125,1379.300048828125,0
2026-09-15,1379.300048828125,1390.0,1350.4000244140625,1350.4000244140625,1350.4000244140625,10133488
2026-09-16,1359.0,1361.4000244140625,1348.0,1358.800048828125,1358.800048828125,9625762
2026-09-17,1352.0,1363.0,1347.5999755859375,1347.5999755859375,1347.5999755859375,7867524
2026-09-18,1351.9000244140625,1359.800048828125,1338.9000244140625,1338.9000244140625,1338.9000244140625,7509409
2026-09-21,1347.800048828125,1352.0,1340.4000244140625,1345.0,1345.0,5705598
2026-09-22,1343.0,1347.199951171875,1333.800048828125,1339.5999755859375,1339.5999755859375,6433249
