Date,Open,High,Low,Close,Adj Close,Volume
1996-01-01,0.7949209809303284,0.7966790199279785,0.7910150289535522,0.7966790199279785,0.46839025616645813,204800
1996-01-02,0.7949209809303284,0.7988280057907104,0.7934569716453552,0.7934569716453552,0.46649569272994995,204800
1996-01-03,0.7988280057907104,0.7988280057907104,0.7988280057907104,0.7988280057907104,0.46965357661247253,102400
1996-01-04,0.7910150289535522,0.7949209809303284,0.7910150289535522,0.7935540080070496,0.4665527939796448,307200
1996-01-05,0.7841789722442627,0.7841789722442627,0.7841789722442627,0.7841789722442627,0.461041122674942,51200
1996-01-08,0.7841789722442627,0.7910150289535522,0.7851560115814209,0.7890620231628418,0.4639117121696472,358400
1996-01-09,0.7890620231628418,0.78125,0.7714840173721313,0.7802730202674866,0.45874449610710144,870400
1996-01-10,0.7802730202674866,0.7753900289535522,0.7714840173721313,0.7734370231628418,0.45472556352615356,358400
1996-01-11,0.7792959809303284,0.7910150289535522,0.7734370231628418,0.7910150289535522,0.4650600850582123,819200
1996-01-12,0.7871090173721313,0.7871090173721313,0.78125,0.7866209745407104,0.46247661113739014,358400
1996-01-15,0.7763670086860657,0.7851560115814209,0.7763670086860657,0.7778319716453552,0.45730939507484436,307200
1996-01-16,0.7778319716453552,0.78125,0.7128900289535522,0.78125,0.45931902527809143,358400
1996-01-17,0.78125,0.7832030057907104,0.7714840173721313,0.7738280296325684,0.45495542883872986,768000
1996-01-18,0.7738280296325684,0.7763670086860657,0.7695310115814209,0.7763670086860657,0.4564480483531952,204800
1996-01-19,0.7714840173721313,0.7714840173721313,0.7680659890174866,0.7685539722442627,0.45185452699661255,512000
1996-01-22,0.7714840173721313,0.7763670086860657,0.7714840173721313,0.7763670086860657,0.4564480483531952,204800
1996-01-23,0.7675780057907104,0.78125,0.7675780057907104,0.7739250063896179,0.45501232147216797,665600
1996-01-24,0.7739250063896179,0.7705069780349731,0.7529289722442627,0.7705069780349731,0.4530026912689209,409600
1996-01-25,0.7709959745407104,0.7709959745407104,0.7675780057907104,0.7675780057907104,0.45128053426742554,102400
1996-01-26,0.7675780057907104,0.7675780057907104,0.7675780057907104,0.7675780057907104,0.45128053426742554,0
1996-01-29,0.765625,0.765625,0.7631829977035522,0.7631829977035522,0.4486968219280243,102400
1996-01-30,0.7631829977035522,0.7753900289535522,0.7714840173721313,0.7724599838256836,0.4541509747505188,1433600
1996-01-31,0.7724599838256836,0.78125,0.7675780057907104,0.78125,0.45931902527809143,460800
1996-02-01,0.78125,0.8105459809303284,0.78125,0.8105459809303284,0.4765428304672241,819200
1996-02-02,0.8105459809303284,0.8398429751396179,0.8105459809303284,0.8397459983825684,0.49371030926704407,2355200
1996-02-05,0.8397459983825684,0.8417959809303284,0.8204100131988525,0.8398429751396179,0.49376732110977173,819200
1996-02-06,0.8398429751396179,0.8837890028953552,0.8398429751396179,0.859375,0.5052506923675537,1382400
1996-02-07,0.859375,0.84375,0.8339840173721313,0.8365229964256287,0.4918154180049896,972800
1996-02-08,0.8496090173721313,0.8886709809303284,0.8496090173721313,0.8886709809303284,0.5224746465682983,768000
1996-02-09,0.8886709809303284,0.9277340173721313,0.8300780057907104,0.9225580096244812,0.5423978567123413,1382400
1996-02-12,0.9225580096244812,0.9355459809303284,0.9082030057907104,0.9121090173721313,0.5362545251846313,819200
1996-02-13,0.9375,0.9570310115814209,0.9375,0.9570310115814209,0.5626656413078308,2048000
1996-02-14,0.9570310115814209,1.0009759664535522,0.9511709809303284,0.9931640028953552,0.583909273147583,972800
1996-02-15,0.9931640028953552,1.0058590173721313,0.9570310115814209,1.002539038658142,0.5894209146499634,2201600
1996-02-16,1.002539038658142,1.015625,0.9653319716453552,1.0053709745407104,0.5910859704017639,2764800
1996-02-19,1.0053709745407104,0.9863280057907104,0.9824209809303284,0.9845700263977051,0.578856348991394,1024000
1996-02-20,0.9845700263977051,0.9814450144767761,0.96875,0.9689450263977051,0.5696701407432556,614400
1996-02-21,0.9689450263977051,0.9689450263977051,0.9689450263977051,0.9689450263977051,0.5696701407432556,0
1996-02-22,0.9689450263977051,0.9726560115814209,0.9612299799919128,0.9614250063896179,0.5652488470077515,307200
1996-02-23,0.9614250063896179,0.9707030057907104,0.9609370231628418,0.9707030057907104,0.5707035064697266,153600
1996-02-26,0.9707030057907104,0.9765620231628418,0.9663079977035522,0.9765620231628418,0.5741483569145203,204800
1996-02-27,0.9765620231628418,0.9521480202674866,0.9277340173721313,0.9277340173721313,0.5454409718513489,153600
1996-02-28,0.9277340173721313,0.9296870231628418,0.9296870231628418,0.9296870231628418,0.5465892553329468,51200
1996-02-29,0.9296870231628418,0.9179679751396179,0.9140620231628418,0.9160150289535522,0.5385509729385376,460800
1996-03-01,0.9160150289535522,0.9277340173721313,0.8984370231628418,0.922851026058197,0.5425702333450317,512000
1996-03-04,0.9277340173721313,0.9375,0.9277340173721313,0.9375,0.5511826276779175,153600
1996-03-05,0.9375,0.9375,0.9375,0.9375,0.5511826276779175,0
1996-03-06,0.9529290199279785,0.9529290199279785,0.9111319780349731,0.9111319780349731,0.5356801152229309,204800
1996-03-07,0.9111319780349731,0.9375,0.9178709983825684,0.9375,0.5511826276779175,307200
1996-03-08,0.9375,0.9452139735221863,0.9296870231628418,0.9452139735221863,0.5557180643081665,256000
1996-03-11,0.9452139735221863,0.9375,0.931738018989563,0.9355459809303284,0.5500338673591614,153600
1996-03-12,0.9355459809303284,0.9375,0.9179679751396179,0.9375,0.5511826276779175,409600
1996-03-13,0.9375,0.9281250238418579,0.9150390028953552,0.9150390028953552,0.5379770994186401,870400
1996-03-14,0.9150390028953552,0.9375,0.9370110034942627,0.9375,0.5511826276779175,307200
1996-03-15,0.9375,0.9336910247802734,0.9335929751396179,0.9335929751396179,0.5488856434822083,153600
1996-03-18,0.9335929751396179,0.9375,0.9335929751396179,0.9349600076675415,0.5496893525123596,1228800
1996-03-19,0.9349600076675415,0.9375,0.9277340173721313,0.9375,0.5511826276779175,256000
1996-03-20,0.9375,0.9375,0.9375,0.9375,0.5511826276779175,0
1996-03-21,0.9375,0.9447259902954102,0.9345700144767761,0.9345700144767761,0.5494600534439087,256000
1996-03-22,0.9345700144767761,0.9511709809303284,0.9415029883384705,0.9466789960861206,0.5565792918205261,768000
1996-03-25,0.9466789960861206,0.9373040199279785,0.9208980202674866,0.9355459809303284,0.5500338673591614,409600
1996-03-26,0.9355459809303284,0.9335929751396179,0.9230459928512573,0.9230459928512573,0.5426848530769348,204800
1996-03-27,0.9230459928512573,0.9375,0.9296870231628418,0.9296870231628418,0.5465892553329468,716800
1996-03-28,0.9296870231628418,0.9493160247802734,0.9472650289535522,0.9493160247802734,0.5581296682357788,307200
1996-03-29,0.9493160247802734,0.9842770099639893,0.9570310115814209,0.9823240041732788,0.5775359272956848,716800
1996-04-01,0.9823240041732788,0.9823240041732788,0.9823240041732788,0.9823240041732788,0.5775359272956848,0
1996-04-02,0.9823240041732788,0.9863280057907104,0.9746090173721313,0.9863280057907104,0.5798899531364441,614400
1996-04-03,0.9863280057907104,0.9902340173721313,0.9785150289535522,0.9785150289535522,0.5752965211868286,512000
1996-04-04,0.9785150289535522,0.9765620231628418,0.9765620231628418,0.9765620231628418,0.5741483569145203,51200
1996-04-05,0.9765620231628418,0.9765620231628418,0.9765620231628418,0.9765620231628418,0.5741483569145203,0
1996-04-08,0.9765620231628418,0.9822260141372681,0.9765620231628418,0.9822260141372681,0.5774784088134766,256000
1996-04-09,0.9822260141372681,1.035156011581421,0.9882810115814209,1.0322259664535522,0.6068747639656067,2099200
1996-04-10,1.0322259664535522,1.1367180347442627,1.084082007408142,1.088866949081421,0.6401755213737488,4505600
1996-04-11,1.088866949081421,1.0859370231628418,1.0644530057907104,1.0761710405349731,0.6327110528945923,1536000
1996-04-12,1.0761710405349731,1.09375,1.0704100131988525,1.0925780534744263,0.6423575282096863,1587200
1996-04-15,1.0925780534744263,1.171875,1.09375,1.160156011581421,0.6820884346961975,3174400
1996-04-16,1.160156011581421,1.2207030057907104,1.1523430347442627,1.2066400051116943,0.7094177007675171,2918400
1996-04-17,1.2066400051116943,1.2792960405349731,1.2109370231628418,1.265820026397705,0.7442112565040588,4249600
1996-04-18,1.265820026397705,1.3181639909744263,1.2314449548721313,1.251757025718689,0.7359429001808167,3532800
1996-04-19,1.251757025718689,1.2714840173721313,1.2353509664535522,1.2421870231628418,0.7303168177604675,1587200
1996-04-22,1.2421870231628418,1.2402340173721313,1.2109370231628418,1.2128900289535522,0.7130922675132751,1689600
1996-04-23,1.2128900289535522,1.2207030057907104,1.2011710405349731,1.2179679870605469,0.7160777449607849,3276800
1996-04-24,1.2179679870605469,1.269531011581421,1.2324210405349731,1.2422850131988525,0.7303744554519653,1280000
1996-04-25,1.2422850131988525,1.2568349838256836,1.240332007408142,1.2404290437698364,0.7292830348014832,1484800
1996-04-26,1.2404290437698364,1.2578120231628418,1.2232420444488525,1.2374019622802734,0.7275035381317139,1382400
1996-04-29,1.2374019622802734,1.234375,1.2244139909744263,1.2285150289535522,0.7222786545753479,460800
1996-04-30,1.2285150289535522,1.2397459745407104,1.2236319780349731,1.2314449548721313,0.7280523777008057,1075200
1996-05-01,1.2314449548721313,1.2363280057907104,1.2285150289535522,1.2314449548721313,0.7280523777008057,358400
1996-05-02,1.2314449548721313,1.2890620231628418,1.238281011581421,1.253906011581421,0.7413318157196045,1280000
1996-05-03,1.253906011581421,1.265625,1.2402340173721313,1.2543940544128418,0.7416201233863831,1638400
1996-05-06,1.2543940544128418,1.2670890092849731,1.245116949081421,1.2625000476837158,0.7464128732681274,2150400
1996-05-07,1.2625000476837158,1.269531011581421,1.250488042831421,1.269531011581421,0.7505697011947632,1536000
1996-05-08,1.269531011581421,1.296875,1.2597650289535522,1.2865229845046997,0.760615885257721,1638400
1996-05-09,1.2865229845046997,1.3759759664535522,1.2637690305709839,1.3209960460662842,0.7809968590736389,4864000
1996-05-10,1.3209960460662842,1.354491949081421,1.2792960405349731,1.3432610034942627,0.7941601872444153,3328000
1996-05-13,1.3432610034942627,1.364549994468689,1.3302730321884155,1.342479944229126,0.7936983704566956,1587200
1996-05-14,1.342479944229126,1.3474600315093994,1.316406011581421,1.335839033126831,0.7897719740867615,1536000
1996-05-15,1.335839033126831,1.3451169729232788,1.3046870231628418,1.3181639909744263,0.77932208776474,1894400
1996-05-16,1.3181639909744263,1.3535150289535522,1.3300780057907104,1.3316400051116943,0.7872892618179321,972800
1996-05-17,1.3316400051116943,1.348436951637268,1.2949210405349731,1.311229944229126,0.7752228379249573,1177600
1996-05-20,1.311229944229126,1.3085930347442627,1.291991949081421,1.2932610511779785,0.7645991444587708,870400
1996-05-21,1.2932610511779785,1.3125,1.2861319780349731,1.3012690544128418,0.7693336009979248,2355200
1996-05-22,1.3012690544128418,1.3085930347442627,1.2978509664535522,1.2978509664535522,0.7673130631446838,1024000
1996-05-23,1.2978509664535522,1.29345703125,1.2803709506988525,1.288769006729126,0.7619433999061584,460800
1996-05-24,1.288769006729126,1.2929680347442627,1.2714840173721313,1.2910150289535522,0.763271152973175,819200
1996-05-27,1.2910150289535522,1.2792960405349731,1.266113042831421,1.266113042831421,0.7485485672950745,614400
1996-05-28,1.266113042831421,1.2792960405349731,1.25,1.2773430347442627,0.7551882863044739,921600
1996-05-29,1.2773430347442627,1.2944329977035522,1.281738042831421,1.2944329977035522,0.7652921080589294,512000
1996-05-30,1.2944329977035522,1.2792960405349731,1.2602529525756836,1.2699209451675415,0.7508001923561096,563200
1996-05-31,1.2699209451675415,1.269531011581421,1.2617180347442627,1.2636710405349731,0.7471051216125488,409600
1996-06-03,1.2636710405349731,1.3027340173721313,1.2861319780349731,1.3016599416732788,0.7695648074150085,819200
1996-06-04,1.3016599416732788,1.3099600076675415,1.2988280057907104,1.3099600076675415,0.7744721174240112,460800
1996-06-05,1.3115229606628418,1.316406011581421,1.3046870231628418,1.3056639432907104,0.7719318270683289,460800
1996-06-06,1.3183590173721313,1.332031011581421,1.3183590173721313,1.332031011581421,0.7875205278396606,512000
1996-06-07,1.3315420150756836,1.3515620231628418,1.328320026397705,1.3511710166931152,0.7988367080688477,1331200
1996-06-10,1.3924800157546997,1.3924800157546997,1.3710930347442627,1.3750970363616943,0.8129822015762329,819200
1996-06-11,1.3671870231628418,1.3808590173721313,1.359570026397705,1.3785150051116943,0.8150028586387634,1382400
1996-06-12,1.3867180347442627,1.4042960405349731,1.3828120231628418,1.3869140148162842,0.8199682831764221,1638400
1996-06-13,1.3769530057907104,1.3865230083465576,1.3671870231628418,1.3807610273361206,0.8163310289382935,460800
1996-06-14,1.3846670389175415,1.3886710405349731,1.378906011581421,1.3867180347442627,0.8198525905609131,819200
1996-06-17,1.40625,1.4082030057907104,1.3867180347442627,1.3867180347442627,0.8198525905609131,1126400
1996-06-18,1.3720699548721313,1.40625,1.3671870231628418,1.3817379474639893,0.8169084787368774,1331200
1996-06-19,1.3867180347442627,1.3867180347442627,1.3867180347442627,1.3867180347442627,0.8198525905609131,102400
1996-06-20,1.3671870231628418,1.3867180347442627,1.3671870231628418,1.3769530057907104,0.8140791058540344,307200
1996-06-21,1.378906011581421,1.3867180347442627,1.3769530057907104,1.3769530057907104,0.8140791058540344,1177600
1996-06-24,1.3671870231628418,1.3671870231628418,1.3574210405349731,1.3621089458465576,0.8053033351898193,768000
1996-06-25,1.3556640148162842,1.3613280057907104,1.3537100553512573,1.3603509664535522,0.8042637705802917,716800
1996-06-26,1.367089033126831,1.3886710405349731,1.3574210405349731,1.385741949081421,0.8192753791809082,14745600
1996-06-27,1.3652340173721313,1.3867180347442627,1.3642569780349731,1.3851560354232788,0.8189290165901184,819200
1996-06-28,1.3847650289535522,1.3847650289535522,1.3741209506988525,1.3808590173721313,0.8163886070251465,460800
1996-07-01,1.3867180347442627,1.390625,1.3784170150756836,1.3828120231628418,0.8175433278083801,563200
1996-07-02,1.3769530057907104,1.3867180347442627,1.3769530057907104,1.3802729845046997,0.8160421848297119,972800
1996-07-03,1.3691400289535522,1.3865230083465576,1.3623039722442627,1.372655987739563,0.8115386962890625,1689600
1996-07-04,1.3652340173721313,1.3769530057907104,1.3491209745407104,1.3671870231628418,0.8083057999610901,768000
1996-07-05,1.3671870231628418,1.3671870231628418,1.363281011581421,1.363281011581421,0.805996298789978,256000
1996-07-08,1.363281011581421,1.3671870231628418,1.3549799919128418,1.3549799919128418,0.8010886311531067,307200
1996-07-09,1.3652340173721313,1.3652340173721313,1.347656011581421,1.3574210405349731,0.8025319576263428,512000
1996-07-10,1.363281011581421,1.3867180347442627,1.363281011581421,1.3867180347442627,0.8198525905609131,409600
1996-07-11,1.3867180347442627,1.3969719409942627,1.378906011581421,1.3792959451675415,0.815464437007904,614400
1996-07-12,1.3865230083465576,1.3925780057907104,1.3791990280151367,1.3845700025558472,0.8185828328132629,614400
1996-07-15,1.3818349838256836,1.3818349838256836,1.3730460405349731,1.3730460405349731,0.8117691874504089,307200
1996-07-16,1.359570026397705,1.359570026397705,1.3378900289535522,1.3509759902954102,0.7987213730812073,614400
1996-07-17,1.3509759902954102,1.3509759902954102,1.3509759902954102,1.3509759902954102,0.7987213730812073,0
1996-07-18,1.3574210405349731,1.3579100370407104,1.347656011581421,1.3579100370407104,0.8028208613395691,563200
1996-07-19,1.3671870231628418,1.3671870231628418,1.3505849838256836,1.3637690544128418,0.8062849640846252,665600
1996-07-22,1.3769530057907104,1.3769530057907104,1.3671870231628418,1.3671870231628418,0.8083057999610901,256000
1996-07-23,1.3671870231628418,1.3671870231628418,1.3496090173721313,1.3553709983825684,0.8013195991516113,716800
1996-07-24,1.3378900289535522,1.3378900289535522,1.285156011581421,1.3378900289535522,0.7909846305847168,1177600
1996-07-25,1.3359370231628418,1.3671870231628418,1.332031011581421,1.3576170206069946,0.8026474118232727,1331200
1996-07-26,1.3630850315093994,1.363281011581421,1.332031011581421,1.3398430347442627,0.7921392321586609,921600
1996-07-29,1.3457030057907104,1.347656011581421,1.3310539722442627,1.3310539722442627,0.7869430184364319,358400
1996-07-30,1.328125,1.328125,1.2421870231628418,1.2490229606628418,0.7384451627731323,1126400
1996-07-31,1.2540030479431152,1.2890620231628418,1.2540030479431152,1.2890620231628418,0.762116551399231,870400
1996-08-01,1.3085930347442627,1.3671870231628418,1.3085930347442627,1.367089033126831,0.8082476854324341,1331200
1996-08-02,1.375,1.375,1.347656011581421,1.347656011581421,0.7967584729194641,256000
1996-08-05,1.347656011581421,1.347656011581421,1.3359370231628418,1.3377920389175415,0.7909265756607056,409600
1996-08-06,1.328125,1.3554680347442627,1.328125,1.3435540199279785,0.794333279132843,870400
1996-08-07,1.3183590173721313,1.328125,1.3183590173721313,1.3241209983825684,0.7828443050384521,204800
1996-08-08,1.3376950025558472,1.347656011581421,1.3369139432907104,1.3457030057907104,0.79560387134552,307200
1996-08-09,1.3378900289535522,1.3378900289535522,1.328125,1.3304680585861206,0.7865967154502869,614400
1996-08-12,1.322363018989563,1.328125,1.3105460405349731,1.3119139671325684,0.7756274938583374,614400
1996-08-13,1.3027340173721313,1.3085930347442627,1.3017569780349731,1.3017569780349731,0.7696218490600586,204800
1996-08-14,1.3085930347442627,1.3105460405349731,1.3085930347442627,1.3105460405349731,0.7748182415962219,153600
1996-08-15,1.3105460405349731,1.3105460405349731,1.3105460405349731,1.3105460405349731,0.7748182415962219,0
1996-08-16,1.2794920206069946,1.2794920206069946,1.234375,1.265625,0.7482602596282959,512000
1996-08-19,1.2441400289535522,1.2636710405349731,1.2421870231628418,1.2431639432907104,0.7349808812141418,614400
1996-08-20,1.2421870231628418,1.25,1.2421870231628418,1.2421870231628418,0.7344034910202026,665600
1996-08-21,1.2421870231628418,1.2597650289535522,1.242089033126831,1.2571280002593994,0.7432368397712708,1280000
1996-08-22,1.2675780057907104,1.269531011581421,1.2578120231628418,1.2578120231628418,0.7436411380767822,512000
1996-08-23,1.276366949081421,1.2849600315093994,1.2734370231628418,1.2841789722442627,0.7592297792434692,921600
1996-08-26,1.3085930347442627,1.3085930347442627,1.2753900289535522,1.2794920206069946,0.7564587593078613,563200
1996-08-27,1.2617180347442627,1.2890620231628418,1.2617180347442627,1.2839839458465576,0.7591146230697632,1382400
1996-08-28,1.2890620231628418,1.3046870231628418,1.2792960405349731,1.2792960405349731,0.7563430070877075,819200
1996-08-29,1.2890620231628418,1.3125,1.2890620231628418,1.297070026397705,0.7668512463569641,460800
1996-08-30,1.3183590173721313,1.3183590173721313,1.3085930347442627,1.3085930347442627,0.7736638188362122,153600
1996-09-02,1.3301750421524048,1.3301750421524048,1.307616949081421,1.3081049919128418,0.7733751535415649,716800
1996-09-03,1.3046870231628418,1.3047850131988525,1.2951170206069946,1.2951170206069946,0.7656963467597961,870400
1996-09-04,1.3027340173721313,1.309277057647705,1.3027340173721313,1.309277057647705,0.7740681171417236,307200
1996-09-05,1.316406011581421,1.316406011581421,1.3105460405349731,1.316406011581421,0.7782830595970154,358400
1996-09-06,1.3125,1.3671870231628418,1.3085930347442627,1.347656011581421,0.7967584729194641,4864000
1996-09-09,1.332031011581421,1.3378900289535522,1.3125,1.3125,0.7759737968444824,3993600
1996-09-10,1.300781011581421,1.3085930347442627,1.300781011581421,1.3060539960861206,0.7721624374389648,153600
1996-09-11,1.2910150289535522,1.300781011581421,1.2910150289535522,1.2949210405349731,0.7655807137489319,153600
1996-09-12,1.2964839935302734,1.2966790199279785,1.2964839935302734,1.2966790199279785,0.7666197419166565,153600
1996-09-13,1.2822259664535522,1.2949210405349731,1.2822259664535522,1.2892570495605469,0.7622318267822266,256000
1996-09-16,1.285156011581421,1.2890620231628418,1.285156011581421,1.2890620231628418,0.762116551399231,256000
1996-09-17,1.3083980083465576,1.3083980083465576,1.2792960405349731,1.288769006729126,0.7619433999061584,409600
1996-09-18,1.296875,1.3085930347442627,1.296875,1.296875,0.7667355537414551,256000
1996-09-19,1.296875,1.3085930347442627,1.296875,1.3085930347442627,0.7736638188362122,256000
1996-09-20,1.3085930347442627,1.3125,1.3085930347442627,1.30908203125,0.7739529609680176,1024000
1996-09-23,1.2890620231628418,1.328125,1.2890620231628418,1.3193349838256836,0.7800149917602539,3020800
1996-09-24,1.2990230321884155,1.3104490041732788,1.2988280057907104,1.3085930347442627,0.7736638188362122,307200
1996-09-25,1.3085930347442627,1.3162100315093994,1.3085930347442627,1.3127919435501099,0.7761461734771729,307200
1996-09-26,1.3046870231628418,1.3046870231628418,1.2990230321884155,1.2990230321884155,0.7680056095123291,102400
1996-09-27,1.2792960405349731,1.296875,1.2792960405349731,1.296875,0.7667355537414551,563200
1996-09-30,1.285156011581421,1.2939449548721313,1.2792960405349731,1.2880849838256836,0.7615389227867126,2560000
1996-10-01,1.2792960405349731,1.28125,1.2597650289535522,1.2597650289535522,0.7447960376739502,1075200
1996-10-02,1.2597650289535522,1.2597650289535522,1.2597650289535522,1.2597650289535522,0.7447960376739502,0
1996-10-03,1.2402340173721313,1.2690420150756836,1.2373039722442627,1.2690420150756836,0.7502806782722473,1740800
1996-10-04,1.2421870231628418,1.2596670389175415,1.2412099838256836,1.2548819780349731,0.7419090270996094,2150400
1996-10-07,1.2490229606628418,1.2490229606628418,1.2167960405349731,1.224707007408142,0.7240689396858215,1382400
1996-10-08,1.2128900289535522,1.2421870231628418,1.2094719409942627,1.234375,0.7297846078872681,1587200
1996-10-09,1.2265620231628418,1.269531011581421,1.2265620231628418,1.2679680585861206,0.7496454119682312,1484800
1996-10-10,1.3378900289535522,1.3554680347442627,1.3085930347442627,1.3288079500198364,0.7856151461601257,2611200
1996-10-11,1.347656011581421,1.347656011581421,1.328613042831421,1.3360350131988525,0.7898882031440735,3225600
1996-10-14,1.328125,1.328125,1.3085930347442627,1.3105460405349731,0.7748182415962219,460800
1996-10-15,1.3138669729232788,1.3173819780349731,1.2832030057907104,1.2926750183105469,0.7642529606819153,1843200
1996-10-16,1.3046870231628418,1.3085930347442627,1.2988280057907104,1.3059569597244263,0.7721051573753357,716800
1996-10-17,1.3085930347442627,1.3085930347442627,1.2988280057907104,1.304589033126831,0.7712965607643127,768000
1996-10-18,1.3085930347442627,1.3085930347442627,1.3037099838256836,1.3051749467849731,0.7716429233551025,256000
1996-10-21,1.3051749467849731,1.3051749467849731,1.3051749467849731,1.3051749467849731,0.7716429233551025,0
1996-10-22,1.3435540199279785,1.3574210405349731,1.3427729606628418,1.3496090173721313,0.7979133725166321,1280000
1996-10-23,1.3769530057907104,1.3867180347442627,1.3574210405349731,1.3652340173721313,0.8071511387825012,819200
1996-10-24,1.40625,1.40625,1.3479490280151367,1.3483389616012573,0.7971625924110413,409600
1996-10-25,1.328125,1.3457030057907104,1.328125,1.3456050157546997,0.7955456972122192,307200
1996-10-28,1.347656011581421,1.347656011581421,1.3282220363616943,1.3423819541931152,0.7953721284866333,665600
1996-10-29,1.2818349599838257,1.3496090173721313,1.2818349599838257,1.345018982887268,0.796934962272644,921600
1996-10-30,1.345018982887268,1.345018982887268,1.345018982887268,1.345018982887268,0.796934962272644,0
1996-10-31,1.332031011581421,1.3359370231628418,1.300781011581421,1.3279290199279785,0.7868090867996216,460800
1996-11-01,1.3279290199279785,1.3378900289535522,1.3279290199279785,1.3378900289535522,0.7927108407020569,409600
1996-11-04,1.3087890148162842,1.328125,1.3087890148162842,1.328125,0.786925196647644,153600
1996-11-05,1.3116209506988525,1.332031011581421,1.3116209506988525,1.328125,0.786925196647644,460800
1996-11-06,1.3181639909744263,1.328125,1.3181639909744263,1.328125,0.786925196647644,409600
1996-11-07,1.3378900289535522,1.347362995147705,1.3378900289535522,1.347362995147705,0.7983232736587524,460800
1996-11-08,1.3651360273361206,1.3651360273361206,1.3555660247802734,1.3555660247802734,0.8031839728355408,153600
1996-11-11,1.3496090173721313,1.3496090173721313,1.3385740518569946,1.3385740518569946,0.7931162118911743,358400
1996-11-12,1.3385740518569946,1.3385740518569946,1.3385740518569946,1.3385740518569946,0.7931162118911743,0
1996-11-13,1.3438470363616943,1.3574210405349731,1.3438470363616943,1.3574210405349731,0.8042833209037781,358400
1996-11-14,1.3574210405349731,1.3710930347442627,1.3574210405349731,1.3635740280151367,0.8079288005828857,409600
1996-11-15,1.3671870231628418,1.3671870231628418,1.3671870231628418,1.3671870231628418,0.8100693821907043,102400
1996-11-18,1.3652340173721313,1.366698980331421,1.357714056968689,1.3610349893569946,0.8064244389533997,307200
1996-11-19,1.3575190305709839,1.378906011581421,1.3575190305709839,1.3695310354232788,0.811458170413971,1126400
1996-11-20,1.3633780479431152,1.3710930347442627,1.3633780479431152,1.3710930347442627,0.8123840093612671,153600
1996-11-21,1.3691400289535522,1.3691400289535522,1.3652340173721313,1.3652340173721313,0.8089125156402588,153600
1996-11-22,1.3652340173721313,1.3671870231628418,1.3652340173721313,1.3662099838256836,0.8094905018806458,307200
1996-11-25,1.347656011581421,1.3554680347442627,1.347656011581421,1.3554680347442627,0.8031255602836609,102400
1996-11-26,1.3515620231628418,1.3554680347442627,1.350000023841858,1.350000023841858,0.7998863458633423,256000
1996-11-27,1.3435540199279785,1.3496090173721313,1.3435540199279785,1.3486319780349731,0.7990753054618835,460800
1996-11-28,1.347656011581421,1.3574210405349731,1.347656011581421,1.3549799919128418,0.802836537361145,512000
1996-11-29,1.3383779525756836,1.3574210405349731,1.3383779525756836,1.3574210405349731,0.8042833209037781,153600
1996-12-02,1.347656011581421,1.3574210405349731,1.341601014137268,1.3567379713058472,0.8038783669471741,921600
1996-12-03,1.3671870231628418,1.3671870231628418,1.3398430347442627,1.3398430347442627,0.7938676476478577,716800
1996-12-04,1.3183590173721313,1.328125,1.3183590173721313,1.3279290199279785,0.7868090867996216,1075200
1996-12-05,1.2890620231628418,1.3242180347442627,1.2890620231628418,1.3240230083465576,0.7844944596290588,1126400
1996-12-06,1.3244140148162842,1.347656011581421,1.3242180347442627,1.347656011581421,0.7984973788261414,716800
1996-12-09,1.347656011581421,1.347656011581421,1.347656011581421,1.347656011581421,0.7984973788261414,153600
1996-12-10,1.332031011581421,1.3451169729232788,1.332031011581421,1.342674970626831,0.795545756816864,256000
1996-12-11,1.3671870231628418,1.3769530057907104,1.3652340173721313,1.3759759664535522,0.815277099609375,307200
1996-12-12,1.3710930347442627,1.3769530057907104,1.3710930347442627,1.3769530057907104,0.8158557415008545,768000
1996-12-13,1.3671870231628418,1.3769530057907104,1.3671870231628418,1.3769530057907104,0.8158557415008545,409600
1996-12-16,1.3769530057907104,1.3865230083465576,1.3769530057907104,1.3839839696884155,0.8200218677520752,409600
1996-12-17,1.390625,1.4023430347442627,1.3868160247802734,1.3998039960861206,0.8293954133987427,768000
1996-12-18,1.453125,1.453125,1.425781011581421,1.4355460405349731,0.8505724668502808,512000
1996-12-19,1.4550780057907104,1.4648430347442627,1.437695026397705,1.4648430347442627,0.8679314851760864,665600
1996-12-20,1.472656011581421,1.4902340173721313,1.4648430347442627,1.4902340173721313,0.8829760551452637,1177600
1996-12-23,1.4941400289535522,1.5,1.4863280057907104,1.4941400289535522,0.8852902054786682,1843200
1996-12-24,1.4765620231628418,1.503906011581421,1.4765620231628418,1.484375,0.879504382610321,1382400
1996-12-25,1.484375,1.484375,1.484375,1.484375,0.879504382610321,0
1996-12-26,1.5117180347442627,1.5136710405349731,1.5117180347442627,1.5136710405349731,0.8968626260757446,153600
1996-12-27,1.5136710405349731,1.5136710405349731,1.5136710405349731,1.5136710405349731,0.8968626260757446,0
1996-12-30,1.5136710405349731,1.5136710405349731,1.5136710405349731,1.5136710405349731,0.8968626260757446,0
1996-12-31,1.5234370231628418,1.5234370231628418,1.503906011581421,1.503906011581421,0.8910765647888184,972800
1997-01-01,1.5429680347442627,1.582031011581421,1.5429680347442627,1.5431640148162842,0.9143372774124146,665600
1997-01-02,1.5623040199279785,1.5703120231628418,1.5449210405349731,1.5574209690093994,0.9227846264839172,921600
1997-01-03,1.5450190305709839,1.5605460405349731,1.5450190305709839,1.5546870231628418,0.9211649298667908,768000
1997-01-06,1.5800780057907104,1.5800780057907104,1.5625,1.5625,0.9257940053939819,921600
1997-01-07,1.5430660247802734,1.5683590173721313,1.5430660247802734,1.5658199787139893,0.9277613759040833,819200
1997-01-08,1.582031011581421,1.582031011581421,1.5625970363616943,1.5656249523162842,0.9276452660560608,870400
1997-01-09,1.5625,1.5810539722442627,1.5625,1.580957055091858,0.936730146408081,972800
1997-01-10,1.6005849838256836,1.6210930347442627,1.5917960405349731,1.603613018989563,0.9501540064811707,2150400
1997-01-13,1.6208980083465576,1.626757025718689,1.6154290437698364,1.626757025718689,0.9638671875,614400
1997-01-14,1.6308590173721313,1.6308590173721313,1.615332007408142,1.628612995147705,0.9649665951728821,921600
1997-01-15,1.6767569780349731,1.6992180347442627,1.675781011581421,1.6990230083465576,1.0066856145858765,2918400
1997-01-16,1.7285150289535522,1.7285150289535522,1.584375023841858,1.584375023841858,0.9387550950050354,716800
1997-01-17,1.5917960405349731,1.6210930347442627,1.5917960405349731,1.6210930347442627,0.9605108499526978,2713600
1997-01-20,1.632714033126831,1.644531011581421,1.613281011581421,1.613281011581421,0.9558820724487305,614400
1997-01-21,1.5821280479431152,1.609375,1.5722650289535522,1.5775389671325684,0.9347047209739685,2867200
1997-01-22,1.6035150289535522,1.6337889432907104,1.59375,1.6337889432907104,0.9680335521697998,409600
1997-01-23,1.6337889432907104,1.6337889432907104,1.6337889432907104,1.6337889432907104,0.9680335521697998,0
1997-01-24,1.613476037979126,1.613476037979126,1.5957030057907104,1.5981440544128418,0.946913480758667,2252800
1997-01-27,1.6716790199279785,1.6992180347442627,1.660156011581421,1.660156011581421,0.983656108379364,921600
1997-01-28,1.6367180347442627,1.6367180347442627,1.615332007408142,1.6246089935302734,0.9625942707061768,921600
1997-01-29,1.6347650289535522,1.6347650289535522,1.6347650289535522,1.6347650289535522,0.9686117172241211,358400
1997-01-30,1.6171870231628418,1.6279289722442627,1.6137690544128418,1.6174800395965576,0.9583699703216553,512000
1997-01-31,1.6152340173721313,1.6308590173721313,1.6152340173721313,1.628906011581421,0.9651406407356262,768000
1997-02-03,1.6152340173721313,1.640625,1.6152340173721313,1.6310540437698364,0.966413140296936,614400
1997-02-04,1.6308590173721313,1.6835930347442627,1.6308590173721313,1.6362299919128418,0.9694797396659851,2508800
1997-02-05,1.6972650289535522,1.6987299919128418,1.6699210405349731,1.6699210405349731,0.9894421100616455,665600
1997-02-06,1.6503900289535522,1.675781011581421,1.6503900289535522,1.6699210405349731,0.9894421100616455,307200
1997-02-07,1.6835930347442627,1.6894530057907104,1.6835930347442627,1.6835930347442627,0.9975426197052002,204800
1997-02-10,1.6992180347442627,1.6992180347442627,1.6894530057907104,1.691406011581421,1.0021722316741943,256000
1997-02-11,1.6992180347442627,1.738281011581421,1.6972650289535522,1.7381830215454102,1.0298877954483032,1075200
1997-02-12,1.7675780057907104,1.7675780057907104,1.73095703125,1.7578120231628418,1.041518211364746,256000
1997-02-13,1.7560540437698364,1.7636710405349731,1.7519530057907104,1.762402057647705,1.044237494468689,2201600
1997-02-14,1.8534170389175415,1.8534170389175415,1.7480460405349731,1.748729944229126,1.0361363887786865,1075200
1997-02-17,1.7871090173721313,1.7871090173721313,1.7480460405349731,1.7596670389175415,1.0426172018051147,870400
1997-02-18,1.7558590173721313,1.7674800157546997,1.7480460405349731,1.7547849416732788,1.0397247076034546,1382400
1997-02-19,1.682616949081421,1.7773430347442627,1.682616949081421,1.7773430347442627,1.0530903339385986,972800
1997-02-20,1.7734370231628418,1.78125,1.7675780057907104,1.7774410247802734,1.0531481504440308,614400
1997-02-21,1.7676750421524048,1.7988280057907104,1.7676750421524048,1.7988280057907104,1.065820574760437,3993600
1997-02-24,1.7714840173721313,1.7773430347442627,1.7677730321884155,1.7686519622802734,1.047940731048584,307200
1997-02-25,1.7773430347442627,1.8066400289535522,1.769726037979126,1.7893550395965576,1.0602071285247803,1382400
1997-02-26,1.796875,1.84375,1.796875,1.840527057647705,1.090527892112732,2457600
1997-02-27,1.8362300395965576,1.8740229606628418,1.8359370231628418,1.8740229606628418,1.1103739738464355,2048000
1997-02-28,1.972656011581421,2.0097649097442627,1.972656011581421,2.003906011581421,1.187330722808838,1024000
1997-03-03,2.2636709213256836,2.294334888458252,2.1875,2.2942380905151367,1.3593549728393555,1894400
1997-03-04,2.2947258949279785,2.2949209213256836,2.177733898162842,2.2198240756988525,1.3152639865875244,3276800
1997-03-05,2.34375,2.34375,2.2071280479431152,2.2373039722442627,1.3256206512451172,4249600
1997-03-06,2.2963860034942627,2.304687023162842,2.083983898162842,2.132030963897705,1.2632458209991455,3993600
1997-03-07,2.132030963897705,2.132030963897705,2.132030963897705,2.132030963897705,1.2632458209991455,0
1997-03-10,1.9921870231628418,2.0722649097442627,1.9921870231628418,1.9922850131988525,1.1804451942443848,3430400
1997-03-11,2.050781011581421,2.050781011581421,1.9160150289535522,1.960644006729126,1.1616978645324707,3174400
1997-03-12,2.03125,2.050781011581421,1.9853509664535522,2.0242180824279785,1.1993659734725952,3379200
1997-03-13,2.0292959213256836,2.070312023162842,2.0273430347442627,2.0410149097442627,1.209317684173584,5222400
1997-03-14,2.0410149097442627,2.0693349838256836,2.035156011581421,2.0361320972442627,1.2064247131347656,3430400
1997-03-17,1.9394530057907104,2.0585930347442627,1.9394530057907104,2.03125,1.2035322189331055,1638400
1997-03-18,2.0352530479431152,2.0410149097442627,1.972656011581421,1.9988280534744263,1.1843219995498657,10496000
1997-03-19,2.0273430347442627,2.03125,1.9980460405349731,2.0015621185302734,1.1859418153762817,972800
1997-03-20,1.8849600553512573,2.0097649097442627,1.8849600553512573,2.001952886581421,1.186173439025879,2560000
1997-03-21,1.9980460405349731,2.001952886581421,1.9727530479431152,1.9980460405349731,1.1838587522506714,8550400
1997-03-24,1.9980460405349731,1.9980460405349731,1.9980460405349731,1.9980460405349731,1.1838587522506714,0
1997-03-25,2.001952886581421,2.080077886581421,1.9893549680709839,2.0518550872802734,1.2157411575317383,2304000
1997-03-26,2.021678924560547,2.0722649097442627,2.021678924560547,2.0722649097442627,1.2278339862823486,1126400
1997-03-27,2.115135908126831,2.148437023162842,2.0917959213256836,2.1475579738616943,1.2724454402923584,2816000
1997-03-28,2.1475579738616943,2.1475579738616943,2.1475579738616943,2.1475579738616943,1.2724454402923584,0
1997-03-31,1.9972649812698364,1.9972649812698364,1.9972649812698364,1.9972649812698364,1.1833957433700562,51200
1997-04-01,1.8555660247802734,2.021385908126831,1.8554680347442627,1.9718749523162842,1.168351650238037,2969600
1997-04-02,2.050781011581421,2.1035149097442627,2.050781011581421,2.0984370708465576,1.243341088294983,2150400
1997-04-03,2.109375,2.2324209213256836,2.109375,2.2083001136779785,1.3084355592727661,2355200
1997-04-04,2.3628900051116943,2.3628900051116943,2.2617180347442627,2.3628900051116943,1.400031566619873,8448000
1997-04-07,2.3642570972442627,2.3642570972442627,2.3642570972442627,2.3642570972442627,1.400841474533081,870400
1997-04-08,2.3642570972442627,2.3642570972442627,2.3642570972442627,2.3642570972442627,1.400841474533081,0
1997-04-09,2.52968692779541,2.52968692779541,2.463866949081421,2.4795889854431152,1.4691767692565918,12697600
1997-04-10,2.472656011581421,2.4804680347442627,2.306152105331421,2.3352530002593994,1.383656620979309,15155200
1997-04-11,2.242382049560547,2.333983898162842,2.234375,2.3240230083465576,1.3770025968551636,9523200
1997-04-14,2.3240230083465576,2.3240230083465576,2.3240230083465576,2.3240230083465576,1.3770025968551636,0
1997-04-15,2.3535149097442627,2.392577886581421,2.34375,2.3799800872802734,1.4101576805114746,5632000
1997-04-16,2.3799800872802734,2.3799800872802734,2.3799800872802734,2.3799800872802734,1.4101576805114746,0
1997-04-17,2.393749952316284,2.421875,2.3837890625,2.419140100479126,1.4333603382110596,2969600
1997-04-18,2.419140100479126,2.419140100479126,2.419140100479126,2.419140100479126,1.4333603382110596,0
1997-04-21,2.4511709213256836,2.497070074081421,2.4511709213256836,2.4919919967651367,1.4765253067016602,3225600
1997-04-22,2.5,2.548827886581421,2.5,2.5391600131988525,1.504473328590393,8345600
1997-04-23,2.5273430347442627,2.5292959213256836,2.5117180347442627,2.5290029048919678,1.4984546899795532,2560000
1997-04-24,2.5445311069488525,2.5445311069488525,2.521678924560547,2.535156011581421,1.5021005868911743,1996800
1997-04-25,2.521678924560547,2.5878899097442627,2.521678924560547,2.583203077316284,1.5305689573287964,3174400
1997-04-28,2.59375,2.76406192779541,2.568358898162842,2.7636709213256836,1.6374977827072144,11161600
1997-04-29,2.7929680347442627,2.910156011581421,2.626952886581421,2.7500970363616943,1.6294550895690918,8960000
1997-04-30,2.8125,2.925781011581421,2.8125,2.835155963897705,1.6798536777496338,16896000
1997-05-01,2.835155963897705,2.835155963897705,2.835155963897705,2.835155963897705,1.6798536777496338,0
1997-05-02,2.820312023162842,2.8310539722442627,2.773437023162842,2.8035149574279785,1.6611055135726929,7475200
1997-05-05,2.7753899097442627,2.798827886581421,2.736327886581421,2.7464840412139893,1.6273146867752075,10086400
1997-05-06,2.7460930347442627,2.773437023162842,2.726562023162842,2.7676749229431152,1.6398698091506958,7270400
1997-05-07,2.7636709213256836,2.811522960662842,2.749022960662842,2.790527105331421,1.653409719467163,7936000
1997-05-08,2.832031011581421,2.8847649097442627,2.8125,2.8607420921325684,1.695013403892517,18227200
1997-05-09,2.861327886581421,2.8886709213256836,2.849608898162842,2.863281011581421,1.6965177059173584,7424000
1997-05-12,2.8574209213256836,2.861327886581421,2.8125,2.823241949081421,1.6727935075759888,5734400
1997-05-13,2.8222649097442627,2.842967987060547,2.8222649097442627,2.8379878997802734,1.6815307140350342,2713600
1997-05-14,2.832031011581421,2.835937023162842,2.7929680347442627,2.832714080810547,1.6784065961837769,3942400
1997-05-15,2.8330070972442627,2.8330070972442627,2.802928924560547,2.811229944229126,1.665676474571228,1843200
1997-05-16,2.8125,2.816406011581421,2.796875,2.8086910247802734,1.6641727685928345,2764800
1997-05-19,2.820312023162842,2.854979991912842,2.8105459213256836,2.8282220363616943,1.6757450103759766,3328000
1997-05-20,2.816406011581421,2.832031011581421,2.816406011581421,2.828125,1.6756871938705444,2150400
1997-05-21,2.832031011581421,2.832031011581421,2.8105459213256836,2.815624952316284,1.6682806015014648,2611200
1997-05-22,2.8125,2.8125,2.691406011581421,2.7275390625,1.6160894632339478,16947200
1997-05-23,2.722656011581421,2.831737995147705,2.695312023162842,2.782226085662842,1.653227686882019,20326400
1997-05-26,2.7753899097442627,2.8222649097442627,2.7753899097442627,2.8054680824279785,1.667037844657898,9011200
1997-05-27,2.8298819065093994,2.910156011581421,2.8145499229431152,2.8656249046325684,1.7027837038040161,20377600
1997-05-28,2.804687023162842,2.8259758949279785,2.773632049560547,2.812695026397705,1.6713324785232544,4915200
1997-05-29,2.8124020099639893,2.825195074081421,2.8066399097442627,2.8199210166931152,1.6756261587142944,819200
1997-05-30,2.832031011581421,2.9003899097442627,2.832031011581421,2.891601085662842,1.7182190418243408,3174400
1997-06-02,2.867187023162842,2.929687023162842,2.867187023162842,2.9247069358825684,1.7378910779953003,2150400
1997-06-03,2.929589033126831,3.050781011581421,2.929589033126831,3.00917911529541,1.788085699081421,4556800
1997-06-04,2.992187023162842,3.021483898162842,2.988281011581421,3.0117180347442627,1.7895936965942383,2406400
1997-06-05,3.0273430347442627,3.046875,2.999022960662842,3.004296064376831,1.7851841449737549,1587200
1997-06-06,2.984375,3.046875,2.9346671104431152,3.0337889194488525,1.8027080297470093,5939200
1997-06-09,3.0429680347442627,3.2459959983825684,3.037108898162842,3.2159171104431152,1.9109306335449219,14694400
1997-06-10,3.204101085662842,3.441112995147705,3.204101085662842,3.441112995147705,2.0447447299957275,18534400
1997-06-11,3.537010908126831,3.613281011581421,3.378906011581421,3.412303924560547,2.0276267528533936,19148800
1997-06-12,3.413964033126831,3.505858898162842,3.378906011581421,3.4087889194488525,2.0255374908447266,7526400
1997-06-13,3.3417959213256836,3.3886709213256836,3.3398430347442627,3.3641600608825684,1.9990185499191284,4147200
1997-06-16,3.242187023162842,3.3398430347442627,3.1347649097442627,3.1651360988616943,1.880756139755249,16025600
1997-06-17,3.300781011581421,3.3867180347442627,3.300781011581421,3.3867180347442627,2.012423515319824,4659200
1997-06-18,3.613281011581421,3.6238279342651367,3.613281011581421,3.6238279342651367,2.153316020965576,1894400
1997-06-19,3.8085930347442627,3.8085930347442627,3.535156011581421,3.703320026397705,2.2005512714385986,9267200
1997-06-20,3.740233898162842,3.740233898162842,3.6337890625,3.661328077316284,2.1755990982055664,3788800
1997-06-23,3.6230459213256836,3.632812023162842,3.554687023162842,3.6075189113616943,2.143625497817993,3225600
1997-06-24,3.537108898162842,3.5917959213256836,3.4179680347442627,3.467967987060547,2.060702323913574,4352000
1997-06-25,3.515625,3.671875,3.515625,3.5537099838256836,2.1116507053375244,3328000
1997-06-26,3.566406011581421,3.640625,3.554687023162842,3.6181640625,2.1499500274658203,2048000
1997-06-27,3.5869140625,3.5878899097442627,3.536328077316284,3.548827886581421,2.1087493896484375,3328000
1997-06-30,3.5449209213256836,3.632812023162842,3.5449209213256836,3.625878095626831,2.154534339904785,4352000
1997-07-01,3.662108898162842,3.8574209213256836,3.662108898162842,3.7784171104431152,2.245173931121826,15104000
1997-07-02,3.798827886581421,3.8066399097442627,3.705077886581421,3.752147912979126,2.229564666748047,4812800
1997-07-03,3.7460930347442627,3.8867180347442627,3.7011709213256836,3.8482420444488525,2.2866649627685547,6246400
1997-07-04,3.882812023162842,4.003905773162842,3.828125,3.913573980331421,2.325486183166504,9574400
1997-07-07,4.082030773162842,4.187596797943115,3.945312023162842,4.187596797943115,2.4883131980895996,9881600
1997-07-08,4.275390148162842,4.287108898162842,3.90625,4.1194329261779785,2.4478096961975098,8601600
1997-07-09,3.908202886581421,4.394530773162842,3.908202886581421,4.37539005279541,2.5999016761779785,9267200
1997-07-10,4.394530773162842,4.53125,4.345703125,4.443652153015137,2.64046311378479,6144000
1997-07-11,4.296875,4.754491806030273,4.296875,4.716991901397705,2.802884817123413,17254400
1997-07-14,4.763670921325684,4.938963890075684,4.726562023162842,4.878417015075684,2.898805856704712,12032000
1997-07-15,4.919920921325684,4.919920921325684,4.638670921325684,4.679687023162842,2.7807188034057617,7270400
1997-07-16,4.736328125,4.921875,4.611328125,4.667381763458252,2.773406982421875,8857600
1997-07-17,4.645116806030273,4.753905773162842,4.578221797943115,4.710937023162842,2.7992875576019287,5990400
1997-07-18,4.710937023162842,4.710937023162842,4.710937023162842,4.710937023162842,2.7992875576019287,0
1997-07-21,4.59375,4.59375,4.381249904632568,4.381249904632568,2.603383779525757,307200
1997-07-22,4.07460880279541,4.490233898162842,4.07460880279541,4.07460880279541,2.4211747646331787,5836800
1997-07-23,4.052733898162842,4.189453125,4.033203125,4.103906154632568,2.4385831356048584,5478400
1997-07-24,4.076366901397705,4.130858898162842,4.025390148162842,4.059569835662842,2.412238359451294,2048000
1997-07-25,3.9960930347442627,4.060545921325684,3.896483898162842,3.938183069229126,2.3401083946228027,2764800
1997-07-28,3.8382809162139893,3.943358898162842,3.8382809162139893,3.9092769622802734,2.322932481765747,1689600
1997-07-29,3.9667959213256836,3.9667959213256836,3.8574209213256836,3.8865230083465576,2.3094115257263184,3430400
1997-07-30,3.945312023162842,3.945312023162842,3.876952886581421,3.8886709213256836,2.3106882572174072,1689600
1997-07-31,3.9232420921325684,4.1609368324279785,3.90625,4.021288871765137,2.389491558074951,9113600
1997-08-01,4.238280773162842,4.302832126617432,4.220898151397705,4.302832126617432,2.5567872524261475,2355200
1997-08-04,4.601562023162842,4.604101181030273,4.541015148162842,4.588085174560547,2.726287603378296,1484800
1997-08-05,4.655467987060547,4.658203125,4.394530773162842,4.4775390625,2.660599708557129,2099200
1997-08-06,4.619140148162842,4.628905773162842,4.414062023162842,4.452832221984863,2.645918130874634,819200
1997-08-07,4.53125,4.53125,4.396483898162842,4.438476085662842,2.6373887062072754,2252800
1997-08-08,4.414062023162842,4.414062023162842,4.257812023162842,4.315039157867432,2.5640408992767334,1740800
1997-08-11,4.296875,4.527342796325684,4.296875,4.440917015075684,2.6388378143310547,1689600
1997-08-12,4.423924922943115,4.492187023162842,4.277342796325684,4.3347649574279785,2.5757625102996826,2252800
1997-08-13,4.248045921325684,4.375,4.210937023162842,4.35634708404541,2.5885865688323975,1126400
1997-08-14,4.101562023162842,4.296875,4.051756858825684,4.281346797943115,2.5440211296081543,7731200
1997-08-15,4.281346797943115,4.281346797943115,4.281346797943115,4.281346797943115,2.5440211296081543,0
1997-08-18,4.228515148162842,4.581054210662842,4.228515148162842,4.559764862060547,2.7094595432281494,8396800
1997-08-19,4.638670921325684,4.697265148162842,4.414062023162842,4.4924798011779785,2.669477701187134,14899200
1997-08-20,4.222655773162842,4.78125,4.222655773162842,4.715428829193115,2.8019566535949707,9574400
1997-08-21,4.746092796325684,4.785155773162842,4.644530773162842,4.745312213897705,2.819713592529297,6323200
1997-08-22,4.765625,4.765625,4.710937023162842,4.750781059265137,2.8229620456695557,3251200
1997-08-25,4.726562023162842,4.902342796325684,4.6875,4.856053829193115,2.885517120361328,5273600
1997-08-26,4.882812023162842,5.074217796325684,4.882812023162842,5.054687023162842,3.003547430038452,7961600
1997-08-27,5.097655773162842,5.253905773162842,5.078125,5.161913871765137,3.067263126373291,8448000
1997-08-28,5.125,5.175780773162842,4.929687023162842,5.018164157867432,2.981844186782837,8755200
1997-08-29,4.929687023162842,5.003905773162842,4.890625,4.966014862060547,2.950856924057007,6809600
1997-09-01,5.011717796325684,5.011717796325684,4.951366901397705,4.995703220367432,2.968498468399048,2560000
1997-09-02,4.9617180824279785,5.1355462074279785,4.9617180824279785,5.02285099029541,2.9846298694610596,8166400
1997-09-03,5.019530773162842,5.035155773162842,4.921875,4.974803924560547,2.9560794830322266,4633600
1997-09-04,4.972655773162842,5.0,4.926756858825684,4.991405963897705,2.965945243835449,2867200
1997-09-05,5.007812023162842,5.148437023162842,4.984375,5.115819931030273,3.039872646331787,4403200
1997-09-08,5.04335880279541,5.47402286529541,5.039062023162842,5.47402286529541,3.252721071243286,9292800
1997-09-09,5.660155773162842,5.8572258949279785,5.660155773162842,5.850780963897705,3.476592779159546,12288000
1997-09-10,5.820312023162842,5.820312023162842,5.4375,5.775585174560547,3.431913375854492,10393600
1997-09-11,5.632812023162842,5.663671016693115,5.450194835662842,5.56093692779541,3.3043651580810547,7091200
1997-09-12,5.507812023162842,5.737889766693115,5.433592796325684,5.641406059265137,3.3521809577941895,6425600
1997-09-15,5.492187023162842,5.699217796325684,5.492187023162842,5.588476181030273,3.320730447769165,5299200
1997-09-16,5.648437023162842,5.703125,5.527342796325684,5.657421112060547,3.361697196960449,4940800
1997-09-17,5.585937023162842,5.605467796325684,5.543944835662842,5.560545921325684,3.304133653640747,537600
1997-09-18,5.117187023162842,5.304296016693115,5.117187023162842,5.231639862060547,3.1086950302124023,5094400
1997-09-19,5.253905773162842,5.605467796325684,5.206054210662842,5.458202838897705,3.2433204650878906,9728000
1997-09-22,5.507812023162842,5.667967796325684,5.418163776397705,5.552538871765137,3.2993757724761963,5273600
1997-09-23,5.546875,5.815429210662842,5.546875,5.746288776397705,3.414503812789917,6630400
1997-09-24,5.683592796325684,5.996092796325684,5.683592796325684,5.9197258949279785,3.5175609588623047,11494400
1997-09-25,5.906445026397705,6.152342796325684,5.906445026397705,6.084374904632568,3.615398645401001,8422400
1997-09-26,6.164062023162842,6.34375,6.113280773162842,6.2294921875,3.701627492904663,10649600
1997-09-29,6.171875,6.366991996765137,6.171875,6.263670921325684,3.7219369411468506,6579200
1997-09-30,6.241991996765137,6.402342796325684,6.175780773162842,6.326170921325684,3.7590770721435547,14976000
1997-10-01,6.191405773162842,6.269139766693115,6.078320026397705,6.241991996765137,3.7090556621551514,7577600
1997-10-02,6.241991996765137,6.241991996765137,6.241991996765137,6.241991996765137,3.7090556621551514,0
1997-10-03,6.241991996765137,6.241991996765137,6.241991996765137,6.241991996765137,3.7090556621551514,0
1997-10-06,6.241991996765137,6.241991996765137,6.241991996765137,6.241991996765137,3.7090556621551514,0
1997-10-07,6.241991996765137,6.241991996765137,6.241991996765137,6.241991996765137,3.7090556621551514,0
1997-10-08,6.241991996765137,6.241991996765137,6.241991996765137,6.241991996765137,3.7090556621551514,0
1997-10-09,5.78125,5.917967796325684,5.707030773162842,5.769139766693115,3.428082227706909,13363200
1997-10-10,5.839842796325684,6.289062023162842,5.839842796325684,6.144139766693115,3.650911569595337,28544000
1997-10-13,6.242187023162842,6.288671016693115,6.054687023162842,6.218163967132568,3.694897174835205,15948800
1997-10-14,6.257812023162842,6.257812023162842,6.015625,6.0798821449279785,3.612727642059326,9548800
1997-10-15,5.859375,6.25,5.574217796325684,6.044920921325684,3.591954231262207,31974400
1997-10-16,6.054687023162842,6.054687023162842,5.76601505279541,5.842381954193115,3.471604347229004,18764800
1997-10-17,5.8552727699279785,5.957030773162842,5.722655773162842,5.802928924560547,3.4481606483459473,9830400
1997-10-20,5.664453029632568,5.898437023162842,5.664453029632568,5.8171868324279785,3.456632614135742,5606400
1997-10-21,5.816405773162842,5.859375,5.6875,5.750976085662842,3.417290210723877,13721600
1997-10-22,5.75,5.789062023162842,5.566405773162842,5.596679210662842,3.3256046772003174,7910400
1997-10-23,5.550780773162842,5.585937023162842,5.359375,5.473827838897705,3.2526047229766846,12620800
1997-10-24,5.43398380279541,5.488280773162842,5.242187023162842,5.431640148162842,3.2275373935699463,7654400
1997-10-27,5.359375,5.40625,5.332030773162842,5.377734184265137,3.195505142211914,4019200
1997-10-28,5.292967796325684,5.292967796325684,4.882812023162842,5.028124809265137,2.987765073776245,13132800
1997-10-29,5.289062023162842,5.421875,5.183592796325684,5.3972649574279785,3.207111120223999,11520000
1997-10-30,5.3125,5.339842796325684,5.2275390625,5.257616996765137,3.1241295337677,2048000
1997-10-31,5.257616996765137,5.257616996765137,5.257616996765137,5.257616996765137,3.1241295337677,0
1997-11-03,5.254100799560547,5.304687023162842,5.089842796325684,5.19960880279541,3.089661121368408,5555200
1997-11-04,5.246092796325684,5.339842796325684,5.119140148162842,5.266406059265137,3.1293528079986572,4428800
1997-11-05,5.164062023162842,5.195312023162842,4.981249809265137,5.097850799560547,3.02919602394104,8115200
1997-11-06,5.0625,5.109375,5.015625,5.091014862060547,3.025132656097412,10112000
1997-11-07,5.043163776397705,5.15625,5.043163776397705,5.115624904632568,3.0397560596466064,4249600
1997-11-10,5.109375,5.112695217132568,5.04335880279541,5.098631858825684,3.0296595096588135,2048000
1997-11-11,5.078125,5.390625,5.078125,5.331250190734863,3.1678836345672607,6732800
1997-11-12,5.351562023162842,5.351562023162842,5.140625,5.143945217132568,3.0565855503082275,7347200
1997-11-13,5.128905773162842,5.152342796325684,5.054687023162842,5.117578029632568,3.0409181118011475,5555200
1997-11-14,5.117578029632568,5.117578029632568,5.117578029632568,5.117578029632568,3.0409181118011475,0
1997-11-17,5.195312023162842,5.195312023162842,5.097850799560547,5.16347599029541,3.068190813064575,2816000
1997-11-18,5.175780773162842,5.175780773162842,5.042967796325684,5.086132049560547,3.0222325325012207,10214400
1997-11-19,5.019530773162842,5.378905773162842,5.019530773162842,5.334569931030273,3.169856309890747,12288000
1997-11-20,5.285545825958252,5.707030773162842,5.285545825958252,5.677733898162842,3.373767614364624,25574400
1997-11-21,5.515625,5.855467796325684,5.449413776397705,5.48808479309082,3.2610766887664795,13209600
1997-11-24,5.507812023162842,5.742187023162842,5.305859088897705,5.381249904632568,3.1975929737091064,16153600
1997-11-25,5.355663776397705,5.703125,5.320312023162842,5.632812023162842,3.3470754623413086,10137600
1997-11-26,5.644530773162842,5.644530773162842,5.480467796325684,5.576366901397705,3.3135340213775635,10752000
1997-11-27,5.53125,5.621092796325684,5.53125,5.594531059265137,3.3243281841278076,4172800
1997-11-28,5.46875,5.578125,5.379100799560547,5.412694931030273,3.2162787914276123,17920000
1997-12-01,5.449217796325684,5.5623040199279785,5.34375,5.542187213897705,3.293224811553955,9984000
1997-12-02,5.539062023162842,5.617187023162842,5.483006954193115,5.505077838897705,3.271174192428589,6400000
1997-12-03,5.488280773162842,5.578125,5.480467796325684,5.508007049560547,3.2729148864746094,17049600
1997-12-04,5.488280773162842,5.507812023162842,5.273437023162842,5.407812118530273,3.2133779525756836,9164800
1997-12-05,5.417967796325684,5.445116996765137,5.341991901397705,5.370312213897705,3.1910948753356934,14745600
1997-12-08,5.371092796325684,5.382812023162842,5.109375,5.1669921875,3.070279836654663,14233600
1997-12-09,5.171875,5.179687023162842,5.0625,5.091014862060547,3.025132656097412,23116800
1997-12-10,5.046875,5.171875,5.046875,5.101562023162842,3.0314013957977295,8729600
1997-12-11,5.074217796325684,5.09375,4.591405868530273,4.768359184265137,2.8334076404571533,30924800
1997-12-12,4.691405773162842,4.765625,4.305273056030273,4.324803829193115,2.569842576980591,36582400
1997-12-15,4.3748040199279785,4.570312023162842,4.328125,4.478710174560547,2.6612956523895264,30054400
1997-12-16,4.5625,4.5625,4.300780773162842,4.3953118324279785,2.6117396354675293,42470400
1997-12-17,4.566405773162842,4.703125,4.507812023162842,4.613670825958252,2.745149612426758,13977600
1997-12-18,4.632812023162842,4.652342796325684,4.5515618324279785,4.568358898162842,2.718189239501953,5196800
1997-12-19,4.576756954193115,4.601366996765137,4.566405773162842,4.59375,2.733297109603882,2022400
1997-12-22,4.683592796325684,4.707030773162842,4.608983993530273,4.6628899574279785,2.774435520172119,7500800
1997-12-23,4.667967796325684,4.7185540199279785,4.465038776397705,4.498045921325684,2.6763527393341064,8704000
1997-12-24,4.53125,4.648437023162842,4.503905773162842,4.6052727699279785,2.7401535511016846,4582400
1997-12-25,4.6052727699279785,4.6052727699279785,4.6052727699279785,4.6052727699279785,2.7401535511016846,0
1997-12-26,4.625,4.675780773162842,4.582225799560547,4.640820026397705,2.761303663253784,13363200
1997-12-29,4.652342796325684,4.855467796325684,4.623045921325684,4.8103508949279785,2.8621747493743896,11673600
1997-12-30,4.847655773162842,4.847655773162842,4.660350799560547,4.691014766693115,2.7911698818206787,8780800
1997-12-31,4.726562023162842,4.900781154632568,4.726562023162842,4.847850799560547,2.8844873905181885,6451200
1998-01-01,4.862889766693115,4.863280773162842,4.808592796325684,4.83183479309082,2.8749585151672363,3097600
1998-01-02,4.785155773162842,4.896288871765137,4.785155773162842,4.855467796325684,2.88901948928833,5632000
1998-01-05,4.875,5.132812023162842,4.875,5.025585174560547,2.990239381790161,13081600
1998-01-06,5.008007049560547,5.117187023162842,4.941405773162842,4.971289157867432,2.9579339027404785,14745600
1998-01-07,5.019530773162842,5.136717796325684,5.003905773162842,5.0419921875,3.000002861022949,14924800
1998-01-08,4.98085880279541,5.013670921325684,4.820507049560547,4.833202838897705,2.8757731914520264,7782400
1998-01-09,4.748631954193115,4.8240227699279785,4.551366806030273,4.654881954193115,2.769670009613037,8422400
1998-01-12,4.612500190734863,4.612500190734863,4.492187023162842,4.515038967132568,2.6864635944366455,5299200
1998-01-13,4.566405773162842,4.605467796325684,4.492187023162842,4.546483993530273,2.7051734924316406,10854400
1998-01-14,4.679687023162842,4.737889766693115,4.6023430824279785,4.668553829193115,2.777806520462036,5632000
1998-01-15,4.707030773162842,4.707030773162842,4.521288871765137,4.584374904632568,2.7277181148529053,4966400
1998-01-16,4.589842796325684,4.628905773162842,4.550780773162842,4.582030773162842,2.7263243198394775,3251200
1998-01-19,4.558592796325684,4.558592796325684,4.445312023162842,4.5173821449279785,2.6878581047058105,3788800
1998-01-20,4.199217796325684,4.589842796325684,4.199217796325684,4.532421112060547,2.6968061923980713,6553600
1998-01-21,4.550780773162842,4.648437023162842,4.508007049560547,4.606834888458252,2.7410831451416016,3942400
1998-01-22,4.546875,4.639647960662842,4.542967796325684,4.553709983825684,2.7094736099243164,2278400
1998-01-23,4.570312023162842,4.589842796325684,4.511717796325684,4.535350799560547,2.698549270629883,7526400
1998-01-26,4.535350799560547,4.535350799560547,4.535350799560547,4.535350799560547,2.698549270629883,0
1998-01-27,4.511717796325684,4.511717796325684,4.378905773162842,4.481639862060547,2.6665897369384766,7552000
1998-01-28,4.421875,4.482420921325684,4.375,4.3857421875,2.6095314025878906,17664000
1998-01-29,4.277342796325684,4.335937023162842,4.21875,4.226953029632568,2.5150508880615234,3712000
1998-01-30,4.232420921325684,4.327342987060547,4.232420921325684,4.311522960662842,2.5653698444366455,2585600
1998-02-02,4.335937023162842,4.394530773162842,4.316405773162842,4.360546112060547,2.5945396423339844,1766400
1998-02-03,4.367382049560547,4.378905773162842,4.324217796325684,4.339842796325684,2.582221031188965,15206400
1998-02-04,4.37539005279541,4.40625,4.333983898162842,4.338476181030273,2.581408739089966,14950400
1998-02-05,4.339842796325684,4.375,4.330078125,4.372459888458252,2.601628303527832,998400
1998-02-06,4.388280868530273,4.390625,4.347850799560547,4.363670825958252,2.5963990688323975,1664000
1998-02-09,4.375,4.394530773162842,4.347655773162842,4.382812023162842,2.607787847518921,716800
1998-02-10,4.349608898162842,4.483592987060547,4.349608898162842,4.4167962074279785,2.628009557723999,2176000
1998-02-11,4.488280773162842,4.492187023162842,4.375195026397705,4.414062023162842,2.6263821125030518,1100800
1998-02-12,4.296875,4.394530773162842,4.101562023162842,4.363280773162842,2.5961670875549316,1382400
1998-02-13,4.393750190734863,4.425780773162842,4.367187023162842,4.417187213897705,2.6282410621643066,896000
1998-02-16,4.417187213897705,4.417187213897705,4.417187213897705,4.417187213897705,2.6282410621643066,0
1998-02-17,4.613280773162842,4.699217796325684,4.579296112060547,4.644725799560547,2.763627767562866,3660800
1998-02-18,4.640625,4.683006763458252,4.636717796325684,4.6384758949279785,2.75990891456604,1536000
1998-02-19,4.667967796325684,4.667967796325684,4.6337890625,4.64296817779541,2.762582302093506,844800
1998-02-20,4.667967796325684,4.74160099029541,4.652342796325684,4.703906059265137,2.798840284347534,2764800
1998-02-23,4.757616996765137,5.174414157867432,4.740233898162842,5.171483993530273,3.077049732208252,12339200
1998-02-24,5.233592987060547,5.371092796325684,5.15625,5.178124904632568,3.081002712249756,6681600
1998-02-25,5.371092796325684,5.39785099029541,5.12539005279541,5.358006954193115,3.188032388687134,5324800
1998-02-26,5.34375,5.351562023162842,5.261717796325684,5.293944835662842,3.1499149799346924,2457600
1998-02-27,5.292967796325684,5.550780773162842,5.292967796325684,5.462500095367432,3.2502050399780273,6220800
1998-03-02,5.582030773162842,5.683592796325684,5.507812023162842,5.662694931030273,3.369323253631592,4377600
1998-03-03,5.585937023162842,5.585937023162842,5.3125,5.387694835662842,3.2056965827941895,5094400
1998-03-04,5.476562023162842,5.566405773162842,5.433592796325684,5.549023151397705,3.3016889095306396,1920000
1998-03-05,5.507812023162842,5.585937023162842,5.4375,5.451756954193115,3.2438151836395264,1766400
1998-03-06,5.4490227699279785,5.498045921325684,5.415820121765137,5.4324212074279785,3.2323079109191895,1177600
1998-03-09,5.485351085662842,5.742187023162842,5.480467796325684,5.684178829193115,3.382105827331543,5248000
1998-03-10,5.60781192779541,5.664062023162842,5.566795825958252,5.630663871765137,3.350264072418213,2304000
1998-03-11,5.648437023162842,5.648437023162842,5.450194835662842,5.482420921325684,3.262059211730957,2201600
1998-03-12,5.437695026397705,5.523437023162842,5.429687023162842,5.501953125,3.273681640625,1356800
1998-03-13,5.501953125,5.501953125,5.501953125,5.501953125,3.273681640625,0
1998-03-16,5.558592796325684,5.94472599029541,5.558592796325684,5.855663776397705,3.4841394424438477,8908800
1998-03-17,5.878905773162842,6.09375,5.837109088897705,6.042187213897705,3.595123529434204,12697600
1998-03-18,6.152342796325684,6.425780773162842,6.132812023162842,6.326756954193115,3.764442205429077,24601600
1998-03-19,6.347655773162842,6.425780773162842,6.230663776397705,6.277342796325684,3.735039472579956,14592000
1998-03-20,6.25039005279541,6.346484184265137,6.215038776397705,6.324999809265137,3.7633962631225586,8217600
1998-03-23,6.3435540199279785,6.394530773162842,6.314648151397705,6.382812023162842,3.797793388366699,2457600
1998-03-24,6.445312023162842,6.515625,6.203125,6.242187023162842,3.714122772216797,15513600
1998-03-25,6.394530773162842,6.503905773162842,6.351562023162842,6.396288871765137,3.8058128356933594,4992000
1998-03-26,6.257812023162842,6.367187023162842,6.257812023162842,6.2859368324279785,3.7401535511016846,2432000
1998-03-27,6.300780773162842,6.71875,6.230467796325684,6.63417911529541,3.947357654571533,22400000
1998-03-30,6.714842796325684,7.002929210662842,6.714842796325684,6.783984184265137,4.036494255065918,18483200
1998-03-31,6.828125,7.34375,6.828125,7.227148056030273,4.300177097320557,47462400
1998-04-01,7.285155773162842,7.597655773162842,7.1962890625,7.561327934265137,4.499014854431152,34611200
1998-04-02,7.425780773162842,7.714842796325684,7.391406059265137,7.563476085662842,4.500293731689453,30873600
1998-04-03,7.449217796325684,7.585937023162842,7.383203029632568,7.565039157867432,4.501224994659424,11084800
1998-04-06,7.65625,7.871092796325684,7.597655773162842,7.837890148162842,4.663571834564209,20070400
1998-04-07,7.863280773162842,8.30078125,7.839842796325684,7.999022960662842,4.759445667266846,16153600
1998-04-08,7.999022960662842,7.999022960662842,7.999022960662842,7.999022960662842,4.759445667266846,0
1998-04-09,8.496092796325684,8.726561546325684,8.203125,8.690428733825684,5.170834064483643,19737600
1998-04-10,8.78125,8.78125,8.06640625,8.1201171875,4.831498622894287,35302400
1998-04-13,8.007811546325684,8.007811546325684,7.324217796325684,7.362500190734863,4.380714416503906,21145600
1998-04-14,7.362500190734863,7.362500190734863,7.362500190734863,7.362500190734863,4.380714416503906,0
1998-04-15,7.925780773162842,7.925780773162842,7.695312023162842,7.855467796325684,4.674030780792236,8704000
1998-04-16,7.929687023162842,8.59375,7.722655773162842,8.176756858825684,4.865199565887451,32537600
1998-04-17,8.046875,8.730467796325684,8.046875,8.66835880279541,5.1577019691467285,47334400
1998-04-20,8.789061546325684,9.05078125,8.652342796325684,8.724803924560547,5.191288471221924,34918400
1998-04-21,8.710936546325684,8.902342796325684,8.59375,8.696483612060547,5.174437999725342,20172800
1998-04-22,9.492186546325684,9.527342796325684,8.839842796325684,8.914061546325684,5.303896427154541,37913600
1998-04-23,8.80078125,8.882811546325684,8.48671817779541,8.58867073059082,5.110288143157959,24140800
1998-04-24,8.5,8.710936546325684,8.10585880279541,8.457225799560547,5.032078742980957,30233600
1998-04-27,8.476561546325684,8.55078125,8.242186546325684,8.3212890625,4.951195240020752,11801600
1998-04-28,8.37890625,8.456640243530273,8.208006858825684,8.42167854309082,5.010928630828857,18432000
1998-04-29,8.4375,8.476561546325684,8.304686546325684,8.339452743530273,4.962004661560059,10214400
1998-04-30,8.322264671325684,8.507811546325684,8.263670921325684,8.478514671325684,5.0553998947143555,22809600
1998-05-01,8.478514671325684,8.478514671325684,8.478514671325684,8.478514671325684,5.0553998947143555,0
1998-05-04,8.515625,8.828125,8.515625,8.797459602355957,5.245574474334717,37836800
1998-05-05,8.820311546325684,8.945311546325684,8.75,8.906834602355957,5.310791492462158,26598400
1998-05-06,8.84765625,8.92578125,8.730467796325684,8.867382049560547,5.287266731262207,27520000
1998-05-07,8.867382049560547,8.867382049560547,8.867382049560547,8.867382049560547,5.287266731262207,0
1998-05-08,8.92578125,9.101561546325684,8.839842796325684,8.98828125,5.359354496002197,48281600
1998-05-11,8.984375,9.199217796325684,8.984375,9.18105411529541,5.474296569824219,53913600
1998-05-12,9.023436546325684,9.042967796325684,8.710936546325684,8.913084983825684,5.314517498016357,76774400
1998-05-13,8.859375,8.94140625,8.39921760559082,8.568944931030273,5.109321594238281,56908800
1998-05-14,8.398436546325684,8.92578125,8.398436546325684,8.890625,5.3011250495910645,67328000
1998-05-15,8.898436546325684,9.074023246765137,8.867186546325684,8.951170921325684,5.3372273445129395,36352000
1998-05-18,8.996092796325684,9.148436546325684,8.98828125,9.069531440734863,5.407801628112793,28416000
1998-05-19,9.070311546325684,9.261717796325684,9.070311546325684,9.240234375,5.509585380554199,27520000
1998-05-20,9.296875,9.859375,9.296875,9.766406059265137,5.823319911956787,89984000
1998-05-21,9.820311546325684,9.86328125,9.304686546325684,9.393163681030273,5.600770950317383,64563200
1998-05-22,9.390625,9.62890625,9.375,9.564647674560547,5.703020095825195,26777600
1998-05-25,9.31640625,9.73828125,9.31640625,9.596875190734863,5.72223424911499,43212800
1998-05-26,9.574217796325684,9.69140625,9.433592796325684,9.513867378234863,5.672741413116455,46873600
1998-05-27,9.62890625,9.959959983825684,9.570311546325684,9.695507049560547,5.781045913696289,27110400
1998-05-28,9.69140625,9.804686546325684,9.589842796325684,9.622655868530273,5.737605094909668,8908800
1998-05-29,9.570311546325684,9.648436546325684,9.063671112060547,9.53515625,5.6854352951049805,13696000
1998-06-01,9.636717796325684,10.15625,9.636717796325684,9.782421112060547,5.832867622375488,24576000
1998-06-02,9.746092796325684,9.804686546325684,9.421875,9.496874809265137,5.662607669830322,14156800
1998-06-03,9.648436546325684,9.664061546325684,8.84765625,9.169726371765137,5.467544078826904,23321600
1998-06-04,9.179686546325684,9.257811546325684,8.91015625,8.981054306030273,5.355043888092041,12902400
1998-06-05,8.933592796325684,8.933592796325684,8.14453125,8.214842796325684,4.898183345794678,27161600
1998-06-08,8.164061546325684,8.23828125,7.395116806030273,7.529491901397705,4.489537239074707,22297600
1998-06-09,7.742187023162842,8.28105354309082,7.527342796325684,8.28105354309082,4.937661647796631,15488000
1998-06-10,8.4375,8.53515625,7.71875,8.016796112060547,4.780097961425781,19328000
1998-06-11,7.933592796325684,8.765625,7.601562023162842,8.620311737060547,5.139948844909668,49331200
1998-06-12,8.80078125,9.183592796325684,8.75,8.933789253234863,5.3268632888793945,23808000
1998-06-15,8.789061546325684,8.828125,8.042186737060547,8.087499618530273,4.822256088256836,32896000
1998-06-16,7.890625,8.339842796325684,7.34375,7.871874809265137,4.693686008453369,33356800
1998-06-17,8.19765567779541,8.65761661529541,8.19765567779541,8.628125190734863,5.1446075439453125,7142400
1998-06-18,8.730467796325684,8.941015243530273,8.29726505279541,8.402148246765137,5.009867191314697,12928000
1998-06-19,8.12890625,8.16015625,7.726562023162842,7.996874809265137,4.76821756362915,16153600
1998-06-22,7.617578029632568,7.765625,7.304687023162842,7.635351181030273,4.552656173706055,16768000
1998-06-23,7.519530773162842,8.39453125,7.402342796325684,8.34023380279541,4.972950458526611,22041600
1998-06-24,8.515625,8.960936546325684,8.320311546325684,8.924022674560547,5.32103967666626,36915200
1998-06-25,8.980467796325684,9.199217796325684,8.59414005279541,8.86855411529541,5.287965297698975,46924800
1998-06-26,8.84765625,8.84765625,8.632811546325684,8.72011661529541,5.199459552764893,17792000
1998-06-29,8.657421112060547,9.03515625,8.515625,8.910937309265137,5.313239097595215,34534400
1998-06-30,8.945311546325684,8.980467796325684,8.59375,8.626171112060547,5.143442630767822,39833600
1998-07-01,8.671875,8.726561546325684,8.39453125,8.561327934265137,5.1047797203063965,17049600
1998-07-02,8.460936546325684,8.651952743530273,8.4375,8.529101371765137,5.085564136505127,9779200
1998-07-03,8.554686546325684,8.851561546325684,8.476561546325684,8.5283203125,5.085097789764404,34790400
1998-07-06,8.554686546325684,9.042967796325684,8.55078125,8.965039253234863,5.34549617767334,20736000
1998-07-07,9.058592796325684,9.558592796325684,9.027342796325684,9.426953315734863,5.620915412902832,36044800
1998-07-08,9.570311546325684,9.976170539855957,9.570311546325684,9.89785099029541,5.901695251464844,48358400
1998-07-09,9.921289443969727,10.052928924560547,9.537694931030273,9.758398056030273,5.818544864654541,116940800
1998-07-10,9.84375,9.84375,9.578906059265137,9.756053924560547,5.817148208618164,34892800
1998-07-13,9.824217796325684,9.921875,9.648436546325684,9.7138671875,5.791992664337158,33689600
1998-07-14,9.589842796325684,9.960936546325684,9.589842796325684,9.7919921875,5.83857536315918,32409600
1998-07-15,10.058592796325684,10.136717796325684,9.882811546325684,9.935155868530273,5.923939228057861,41369600
1998-07-16,10.09765625,10.34375,10.01992130279541,10.296092987060547,6.1391496658325195,40780800
1998-07-17,10.33203125,10.33203125,10.09765625,10.208593368530273,6.086976528167725,19532800
1998-07-20,10.15625,10.156444549560547,9.90273380279541,9.952733993530273,5.934420108795166,15769600
1998-07-21,9.92226505279541,10.03515625,9.687694549560547,9.740625381469727,5.807947635650635,12800000
1998-07-22,9.851561546325684,9.921875,9.734375,9.871679306030273,5.886091232299805,17459200
1998-07-23,9.84375,9.84375,9.5,9.58242130279541,5.713617324829102,16281600
1998-07-24,9.53125,9.667967796325684,9.40625,9.604686737060547,5.726891040802002,16153600
1998-07-27,9.574217796325684,9.819920539855957,9.571874618530273,9.703319549560547,5.785703182220459,13158400
1998-07-28,9.695507049560547,10.476561546325684,9.6875,10.25859260559082,6.116789817810059,30156800
1998-07-29,10.25390625,10.398436546325684,10.132811546325684,10.25917911529541,6.117140293121338,10060800
1998-07-30,10.261717796325684,10.28125,10.058789253234863,10.210545539855957,6.088143348693848,9548800
1998-07-31,10.3125,10.3125,10.070311546325684,10.18046760559082,6.07020902633667,7372800
1998-08-03,10.08203125,10.308592796325684,9.964842796325684,10.2021484375,6.083137035369873,23833600
1998-08-04,10.183592796325684,10.273436546325684,10.062694549560547,10.160350799560547,6.05821418762207,9625600
1998-08-05,9.921875,10.19140625,9.883007049560547,10.157031059265137,6.0562334060668945,13132800
1998-08-06,10.20703125,10.3125,10.082225799560547,10.1865234375,6.073817729949951,15078400
1998-08-07,10.273045539855957,10.886327743530273,10.25136661529541,10.697460174560547,6.378468036651611,57318400
1998-08-10,10.72265625,10.87890625,10.667967796325684,10.74257755279541,6.405372142791748,32000000
1998-08-11,10.717577934265137,10.78125,10.64453125,10.685742378234863,6.371481895446777,19276800
1998-08-12,10.554686546325684,10.585741996765137,10.0625,10.19960880279541,6.08162260055542,51916800
1998-08-13,10.195311546325684,10.371092796325684,9.984375,10.202539443969727,6.083367347717285,36019200
1998-08-14,10.1875,10.25,10.03945255279541,10.18300724029541,6.071720600128174,36198400
1998-08-17,10.15625,10.192968368530273,9.824217796325684,9.8681640625,5.883991718292236,31590400
1998-08-18,9.86328125,9.86328125,9.62929630279541,9.71523380279541,5.7928080558776855,36684800
1998-08-19,9.83925724029541,10.136717796325684,9.796875,9.896678924560547,5.900994300842285,25984000
1998-08-20,9.960545539855957,10.21875,9.960545539855957,10.183398246765137,6.071957111358643,22860800
1998-08-21,10.15625,10.15625,10.015625,10.055858612060547,5.995909214019775,11520000
1998-08-24,10.09765625,10.19140625,10.01953125,10.156834602355957,6.056118011474609,10316800
1998-08-25,10.19140625,10.507811546325684,10.171875,10.41933536529541,6.212635517120361,18380800
1998-08-26,10.41933536529541,10.41933536529541,10.41933536529541,10.41933536529541,6.212635517120361,0
1998-08-27,10.429686546325684,10.523436546325684,10.324217796325684,10.360156059265137,6.17734956741333,8678400
1998-08-28,10.275585174560547,10.275585174560547,9.960936546325684,10.04238224029541,5.9878740310668945,14592000
1998-08-31,10.0,10.058592796325684,9.85234260559082,10.0244140625,5.977160453796387,8678400
1998-09-01,9.84765625,9.851561546325684,9.453125,9.527148246765137,5.680658340454102,20992000
1998-09-02,9.804686546325684,9.882811546325684,9.62929630279541,9.671483993530273,5.766722679138184,13568000
1998-09-03,9.71875,9.784375190734863,9.516600608825684,9.618749618530273,5.7352776527404785,15027200
1998-09-04,9.690625190734863,9.757811546325684,9.422850608825684,9.536718368530273,5.686365127563477,23168000
1998-09-07,9.62890625,9.6875,9.5712890625,9.671289443969727,5.766605377197266,7910400
1998-09-08,9.617186546325684,9.6669921875,9.498242378234863,9.630859375,5.742496490478516,15436800
1998-09-09,9.6875,9.859375,9.53125,9.5888671875,5.717461109161377,17075200
1998-09-10,9.492186546325684,9.564453125,9.306835174560547,9.43398380279541,5.625109672546387,19814400
1998-09-11,9.37890625,9.39453125,9.004881858825684,9.055858612060547,5.399648189544678,39270400
1998-09-14,9.121092796325684,9.21875,8.992186546325684,9.16445255279541,5.46439790725708,16256000
1998-09-15,9.121092796325684,9.23828125,9.03495979309082,9.104101181030273,5.428413391113281,21990400
1998-09-16,9.179686546325684,9.257420539855957,9.0625,9.087889671325684,5.418745517730713,12032000
1998-09-17,9.08203125,9.171289443969727,9.027342796325684,9.064647674560547,5.404888153076172,6348800
1998-09-18,9.023436546325684,9.155077934265137,8.949217796325684,9.095703125,5.423404693603516,12185600
1998-09-21,9.167967796325684,9.210936546325684,9.066991806030273,9.094921112060547,5.422937393188477,8166400
1998-09-22,9.132811546325684,9.171875,9.015625,9.05019474029541,5.396270751953125,11289600
1998-09-23,9.179686546325684,9.589842796325684,9.171875,9.5302734375,5.682523727416992,23040000
1998-09-24,9.585936546325684,9.679686546325684,9.5556640625,9.598437309265137,5.723165035247803,9267200
1998-09-25,9.5712890625,9.953125,9.515819549560547,9.808398246765137,5.848357677459717,20582400
1998-09-28,9.84375,10.058592796325684,9.804686546325684,9.8876953125,5.8956403732299805,17280000
1998-09-29,9.94140625,10.078125,9.770506858825684,9.880468368530273,5.891329765319824,16384000
1998-09-30,9.76953125,9.960936546325684,9.652342796325684,9.868945121765137,5.884459018707275,16153600
1998-10-01,9.868945121765137,9.868945121765137,9.868945121765137,9.868945121765137,5.884459018707275,0
1998-10-02,9.868945121765137,9.868945121765137,9.868945121765137,9.868945121765137,5.884459018707275,0
1998-10-05,9.47265625,9.570311546325684,9.07949161529541,9.07949161529541,5.4137396812438965,16281600
1998-10-06,8.886717796325684,8.94140625,8.361328125,8.867382049560547,5.287266731262207,24755200
1998-10-07,9.00390625,9.558592796325684,9.00390625,9.51933479309082,5.675999164581299,28595200
1998-10-08,9.565625190734863,9.62890625,8.886717796325684,9.00390625,5.3686699867248535,29107200
1998-10-09,9.015625,9.17578125,8.90625,9.099413871765137,5.425619125366211,23270400
1998-10-12,9.25390625,9.371092796325684,8.922459602355957,9.017187118530273,5.376589775085449,37913600
1998-10-13,8.945311546325684,9.007811546325684,8.476561546325684,8.549609184265137,5.09779167175293,41241600
1998-10-14,8.710936546325684,9.214842796325684,8.632811546325684,9.17617130279541,5.4713850021362305,66483200
1998-10-15,9.230077743530273,9.296875,8.996092796325684,9.123045921325684,5.439709186553955,34892800
1998-10-16,9.234375,9.339842796325684,8.945507049560547,9.03261661529541,5.385791301727295,29004800
1998-10-19,9.11328125,9.11328125,8.907225608825684,8.945116996765137,5.3336181640625,11724800
1998-10-20,8.980467796325684,8.980467796325684,8.59375,8.846875190734863,5.2750372886657715,29721600
1998-10-21,8.846875190734863,8.846875190734863,8.846875190734863,8.846875190734863,5.2750372886657715,0
1998-10-22,8.980467796325684,9.17578125,8.90625,9.1181640625,5.43679666519165,19942400
1998-10-23,9.072264671325684,9.328125,9.016209602355957,9.252538681030273,5.5169219970703125,25344000
1998-10-26,9.371092796325684,9.558592796325684,9.31640625,9.398241996765137,5.603797912597656,15718400
1998-10-27,9.375,9.605467796325684,9.292967796325684,9.52675724029541,5.680426597595215,21452800
1998-10-28,9.667967796325684,9.667967796325684,9.322264671325684,9.3427734375,5.570725917816162,9369600
1998-10-29,9.23828125,9.55078125,9.23828125,9.51894474029541,5.675766468048096,13644800
1998-10-30,9.55078125,9.646484375,9.492186546325684,9.52871036529541,5.681589603424072,13977600
1998-11-02,9.609375,9.618945121765137,9.417967796325684,9.55058479309082,5.694633960723877,15385600
1998-11-03,9.515625,9.648436546325684,9.47265625,9.572264671325684,5.707559585571289,9548800
1998-11-04,9.572264671325684,9.572264671325684,9.572264671325684,9.572264671325684,5.707559585571289,0
1998-11-05,9.683592796325684,9.683592796325684,9.476561546325684,9.55996036529541,5.700225353240967,11929600
1998-11-06,9.541014671325684,9.550390243530273,9.4375,9.45742130279541,5.639082908630371,8166400
1998-11-09,9.527148246765137,9.55019474029541,9.304686546325684,9.39882755279541,5.6041460037231445,14617600
1998-11-10,9.39453125,9.50234317779541,9.367186546325684,9.49257755279541,5.6600470542907715,6784000
1998-11-11,9.492186546325684,9.570311546325684,9.426366806030273,9.454687118530273,5.637453556060791,8652800
1998-11-12,9.398436546325684,9.44140625,9.31640625,9.376171112060547,5.5964179039001465,9318400
1998-11-13,9.339842796325684,9.4033203125,9.30703067779541,9.35429573059082,5.583363056182861,3942400
1998-11-16,9.335936546325684,9.375,9.26601505279541,9.30058479309082,5.551303863525391,6272000
1998-11-17,9.287109375,9.324217796325684,9.28554630279541,9.318163871765137,5.561795711517334,2124800
1998-11-18,9.328125,9.53125,9.30117130279541,9.4775390625,5.656924247741699,16256000
1998-11-19,9.518553733825684,9.542773246765137,9.33203125,9.33203125,5.570073127746582,8985600
1998-11-20,9.297459602355957,9.48828125,9.286131858825684,9.341795921325684,5.575903415679932,11699200
1998-11-23,9.28554630279541,9.296875,9.179686546325684,9.19140625,5.486138820648193,8089600
1998-11-24,9.210936546325684,9.31640625,9.129881858825684,9.235156059265137,5.512248992919922,16409600
1998-11-25,9.235156059265137,9.235156059265137,9.235156059265137,9.235156059265137,5.512248992919922,0
1998-11-26,9.179686546325684,9.291014671325684,9.140625,9.179686546325684,5.479139804840088,14745600
1998-11-27,9.171875,9.191015243530273,9.07460880279541,9.15625,5.465150833129883,7270400
1998-11-30,9.015625,9.121092796325684,8.87929630279541,9.103514671325684,5.433677673339844,8601600
1998-12-01,9.08203125,9.31640625,9.058592796325684,9.251953125,5.522274494171143,12800000
1998-12-02,9.21875,9.31640625,9.164061546325684,9.25390625,5.523442268371582,8243200
1998-12-03,9.230664253234863,9.335741996765137,9.220703125,9.295507431030273,5.548272609710693,6118400
1998-12-04,9.289061546325684,9.507811546325684,9.289061546325684,9.476561546325684,5.656339645385742,13952000
1998-12-07,9.511717796325684,9.871092796325684,9.484375,9.78554630279541,5.840765953063965,17792000
1998-12-08,9.8125,10.252928733825684,9.804686546325684,10.214842796325684,6.097002029418945,21606400
1998-12-09,10.117186546325684,10.226561546325684,10.047069549560547,10.132811546325684,6.048038482666016,17561600
1998-12-10,10.17578125,10.17578125,10.03515625,10.103514671325684,6.030551910400391,6937600
1998-12-11,10.11328125,10.214842796325684,10.039061546325684,10.195311546325684,6.08534574508667,13414400
1998-12-14,10.195311546325684,10.39453125,10.195311546325684,10.273436546325684,6.1319732666015625,18022400
1998-12-15,10.273436546325684,10.273436546325684,10.039061546325684,10.12890625,6.045705318450928,15232000
1998-12-16,10.09375,10.09375,9.836523056030273,9.970703125,5.951280117034912,13516800
1998-12-17,9.833984375,10.03105354309082,9.80078125,9.992186546325684,5.964103698730469,11648000
1998-12-18,10.011717796325684,10.511717796325684,10.011717796325684,10.445311546325684,6.234562873840332,43622400
1998-12-21,11.265625,11.28105354309082,10.449217796325684,11.28105354309082,6.733398914337158,11571200
1998-12-22,12.148436546325684,12.148436546325684,11.328125,11.5625,6.901388168334961,38041600
1998-12-23,11.678709983825684,11.90625,11.26953125,11.515625,6.873410224914551,61184000
1998-12-24,11.47265625,11.476561546325684,11.25390625,11.417967796325684,6.815120220184326,17817600
1998-12-25,11.417967796325684,11.417967796325684,11.417967796325684,11.417967796325684,6.815120220184326,0
1998-12-28,11.47265625,11.59375,11.392578125,11.515625,6.873410224914551,14617600
1998-12-29,11.445311546325684,11.671875,11.416014671325684,11.42578125,6.8197832107543945,17228800
1998-12-30,11.576170921325684,11.710936546325684,11.542967796325684,11.609375,6.9293670654296875,5768704
1998-12-31,11.640625,11.699217796325684,11.547850608825684,11.59375,6.920039176940918,3701760
1999-01-01,11.640625,11.65995979309082,11.554686546325684,11.589842796325684,6.917708396911621,2982656
1999-01-04,11.658203125,11.777342796325684,11.617186546325684,11.648436546325684,6.952681541442871,4163840
1999-01-05,11.632811546325684,11.871092796325684,11.507811546325684,11.867186546325684,7.083251476287842,6856960
1999-01-06,11.875,12.050390243530273,11.796875,11.859375,7.078585624694824,8738048
1999-01-07,11.835936546325684,12.417186737060547,11.835936546325684,12.230467796325684,7.300082206726074,9680384
1999-01-08,12.25390625,12.75390625,12.25390625,12.75390625,7.6125078201293945,6855424
1999-01-11,12.871092796325684,12.98828125,12.589842796325684,12.65625,7.55422306060791,7362304
1999-01-12,12.59765625,13.668749809265137,12.539061546325684,13.668749809265137,8.158559799194336,6443008
1999-01-13,14.16015625,14.762304306030273,14.16015625,14.762304306030273,8.811274528503418,13330944
1999-01-14,14.726561546325684,15.943359375,14.496092796325684,15.820311546325684,9.44277572631836,20356352
1999-01-15,15.72265625,16.6015625,15.390625,15.659765243530273,9.34695053100586,16755200
1999-01-18,15.965429306030273,15.96875,15.429686546325684,15.62890625,9.328533172607422,7147008
1999-01-19,15.64453125,16.879295349121094,15.64453125,16.879295349121094,10.074860572814941,14387456
1999-01-20,16.879295349121094,16.879295349121094,16.879295349121094,16.879295349121094,10.074860572814941,0
1999-01-21,17.390625,18.229686737060547,17.3828125,18.229686737060547,10.880875587463379,8440320
1999-01-22,19.523046493530273,19.523046493530273,18.48046875,19.0859375,11.391950607299805,14387968
1999-01-25,19.08203125,19.296875,17.67578125,18.046875,10.771761894226074,11099648
1999-01-26,18.046875,18.046875,18.046875,18.046875,10.771761894226074,0
1999-01-27,18.7421875,19.13652229309082,18.1640625,18.2578125,10.897665977478027,12838144
1999-01-28,18.359375,18.73046875,17.3828125,17.5869140625,10.497220039367676,11460352
1999-01-29,17.6640625,18.47265625,17.6640625,18.41796875,10.99325180053711,14515200
1999-02-01,18.359375,18.4140625,17.578125,17.71484375,10.573577880859375,9889280
1999-02-02,17.6015625,18.046875,17.265625,17.265819549560547,10.305564880371094,15393024
1999-02-03,17.59765625,18.16015625,17.58203125,18.16015625,10.839370727539062,9877504
1999-02-04,18.1640625,18.4765625,17.8515625,17.91015625,10.690154075622559,7339520
1999-02-05,17.9375,19.342967987060547,17.8515625,19.342967987060547,11.545368194580078,28004608
1999-02-08,19.921875,20.1171875,17.795703887939453,18.2421875,10.888338088989258,20967424
1999-02-09,18.1640625,19.62890625,18.1640625,19.53515625,11.660082817077637,18319616
1999-02-10,19.7265625,19.86328125,18.984375,19.15625,11.433920860290527,9707008
1999-02-11,19.3203125,19.375,18.99609375,19.25,11.489875793457031,3226752
1999-02-12,19.4140625,19.765625,19.21875,19.375,11.564488410949707,6187904
1999-02-15,19.7265625,19.7265625,19.21875,19.2578125,11.494540214538574,3529344
1999-02-16,19.21875,19.4140625,19.1484375,19.327342987060547,11.536041259765625,2247424
1999-02-17,19.2578125,20.310155868530273,19.140625,20.1171875,12.00748348236084,13272320
1999-02-18,20.265625,20.6953125,20.1171875,20.4921875,12.23131275177002,10742144
1999-02-19,20.6953125,20.6953125,20.1171875,20.421875,12.189338684082031,2495360
1999-02-22,20.546875,20.694530487060547,19.921875,20.0,11.93753433227539,5559552
1999-02-23,19.9609375,20.234375,19.765625,20.078125,11.984166145324707,3792768
1999-02-24,20.078514099121094,20.4296875,19.90625,20.197265625,12.055282592773438,5499648
1999-02-25,20.234375,21.467187881469727,20.125,20.9375,12.497111320495605,13617792
1999-02-26,21.09375,21.2890625,20.7109375,20.9375,12.497111320495605,5950848
1999-03-01,24.0234375,24.421483993530273,23.3203125,24.421483993530273,14.576615333557129,8554112
1999-03-02,24.421483993530273,24.421483993530273,24.421483993530273,24.421483993530273,14.576615333557129,0
1999-03-03,26.375,26.375389099121094,25.984375,26.375389099121094,15.742859840393066,8929536
1999-03-04,26.328125,26.5625,24.265625,24.6875,14.735393524169922,17416448
1999-03-05,24.84375,25.3125,23.671875,24.9609375,14.898601531982422,20790912
1999-03-08,25.390625,25.765625,23.828125,24.03125,14.343694686889648,18941440
1999-03-09,23.82890510559082,25.234375,23.82890510559082,25.0390625,14.945237159729004,20236416
1999-03-10,25.5859375,25.9765625,24.453514099121094,24.7265625,14.75870418548584,17222656
1999-03-11,24.609375,25.734375,24.53125,25.0078125,14.926589012145996,20278784
1999-03-12,27.0078125,27.00859260559082,25.859375,26.6875,15.92915153503418,29203840
1999-03-15,26.875,26.875,26.171875,26.25078010559082,15.668482780456543,10044544
1999-03-16,25.4296875,25.703125,24.4921875,24.50390625,14.625816345214844,20958720
1999-03-17,25.390625,25.390625,23.60234260559082,24.0625,14.362348556518555,25989376
1999-03-18,23.90625,24.0546875,23.1328125,23.484375,14.017273902893066,8580352
1999-03-19,23.8203125,23.828125,22.267578125,22.875,13.653552055358887,16324480
1999-03-22,21.484764099121094,22.6484375,21.484764099121094,22.53125,13.448383331298828,8837504
1999-03-23,22.640625,22.9296875,21.640625,21.796875,13.010045051574707,22317824
1999-03-24,22.4609375,22.4609375,20.3125,20.8984375,12.473795890808105,21507840
1999-03-25,20.31328010559082,21.671875,20.31328010559082,21.2890625,12.706947326660156,19840384
1999-03-26,21.59375,21.953125,20.75,21.2109375,12.660314559936523,20060160
1999-03-29,21.2109375,21.2109375,21.2109375,21.2109375,12.660314559936523,0
1999-03-30,21.875,22.90625,21.689062118530273,22.90625,13.672212600708008,29875712
1999-03-31,23.828125,24.0234375,22.8515625,22.890625,13.662880897521973,24011008
1999-04-01,22.655858993530273,22.6953125,22.0703125,22.21875,13.261856079101562,16733952
1999-04-02,22.21875,22.21875,22.21875,22.21875,13.261856079101562,0
1999-04-05,20.548828125,21.796875,20.548828125,21.46875,12.814199447631836,17392768
1999-04-06,21.171875,21.640625,20.859375,21.4453125,12.800212860107422,16358016
1999-04-07,21.796875,22.732812881469727,21.7578125,22.147655487060547,13.219426155090332,30448000
1999-04-08,22.265625,22.421875,21.796875,22.078514099121094,13.17814826965332,17703040
1999-04-09,22.28125,22.3046875,20.3125,20.40625,12.180021286010742,39910656
1999-04-12,20.234375,21.5234375,19.1484375,21.22265625,12.66731071472168,25665408
1999-04-13,20.93828010559082,21.484375,20.78125,20.9375,12.497111320495605,21564288
1999-04-14,20.9375,20.9375,20.9375,20.9375,12.497111320495605,0
1999-04-15,20.8203125,21.015625,20.269140243530273,20.78125,12.403846740722656,9872640
1999-04-16,20.5859375,22.443750381469727,20.5859375,22.443750381469727,13.39615249633789,11803904
1999-04-19,21.094139099121094,21.421875,20.71875,21.1796875,12.641664505004883,8974720
1999-04-20,21.09375,21.484375,20.64453125,21.484375,12.823525428771973,8896512
1999-04-21,21.2734375,21.5625,21.1484375,21.297264099121094,12.711840629577637,3072256
1999-04-22,21.1484375,21.515233993530273,20.734375,21.132030487060547,12.613215446472168,8255872
1999-04-23,21.4453125,21.484375,20.7109375,21.171875,12.637003898620605,7758592
1999-04-26,19.96171760559082,20.640625,19.9609375,20.1171875,12.00748348236084,9414272
1999-04-27,20.1171875,20.1171875,20.1171875,20.1171875,12.00748348236084,0
1999-04-28,20.1171875,20.46875,19.6171875,20.3046875,12.119394302368164,6228352
1999-04-29,20.46875,20.59375,20.359375,20.546875,12.263948440551758,5271680
1999-04-30,20.390625,20.8984375,20.390625,20.703514099121094,12.35744571685791,2413824
1999-05-03,20.84375,20.859375,20.1484375,20.4296875,12.194005966186523,2635648
1999-05-04,20.5390625,21.905078887939453,20.5234375,21.5234375,12.846834182739258,9123712
1999-05-05,23.24492073059082,23.245311737060547,21.796875,22.96875,13.709512710571289,16496896
1999-05-06,23.234375,24.806249618530273,23.125,24.806249618530273,14.806269645690918,19347072
1999-05-07,25.578125,25.9296875,24.844139099121094,25.390625,15.155071258544922,18561664
1999-05-10,25.311717987060547,25.6171875,24.921875,25.15625,15.015183448791504,8571264
1999-05-11,25.05546760559082,25.21875,24.89140510559082,25.0,14.921918869018555,9383296
1999-05-12,25.1953125,25.46875,24.8046875,25.172264099121094,15.024737358093262,12447744
1999-05-13,25.546875,25.7734375,24.953125,25.0390625,14.945237159729004,11407232
1999-05-14,25.15625,25.3671875,24.921875,25.0390625,14.945237159729004,13733760
1999-05-17,24.921875,25.078125,23.7578125,24.15625,14.418302536010742,13644544
1999-05-18,24.0625,25.078125,23.984375,24.765625,14.782022476196289,19741568
1999-05-19,25.077733993530273,25.3125,24.64921760559082,24.921875,14.87529182434082,12166656
1999-05-20,25.0,25.453125,24.8046875,25.0,14.945344924926758,15785216
1999-05-21,25.3046875,25.46875,24.7265625,24.844139099121094,14.85216999053955,11502976
1999-05-24,24.84375,25.078125,24.609375,24.96484375,14.92432689666748,6969984
1999-05-25,24.68828010559082,25.1953125,24.68828010559082,25.078125,14.992050170898438,6000128
1999-05-26,25.375,25.703125,24.921875,25.21875,15.076115608215332,17682304
1999-05-27,25.3515625,25.4609375,24.84375,25.0,14.945344924926758,12986240
1999-05-28,24.765625,24.9765625,24.2578125,24.828514099121094,14.842826843261719,19985920
1999-05-31,25.0,25.692577362060547,25.0,25.4296875,15.202217102050781,8236800
1999-06-01,25.234375,25.3828125,24.875,25.0546875,14.978038787841797,6269696
1999-06-02,25.0,25.2734375,24.58203125,25.086328506469727,14.996956825256348,16216064
1999-06-03,25.15625,25.203125,24.890625,24.96484375,14.92432689666748,4792704
1999-06-04,25.0859375,25.1953125,24.765625,25.000389099121094,14.945573806762695,12052608
1999-06-07,24.84375,25.0,24.5625,24.75,14.79588794708252,9071616
1999-06-08,24.609375,24.7265625,23.844139099121094,24.609375,14.711828231811523,16247040
1999-06-09,25.4296875,25.625,24.84375,25.037109375,14.967527389526367,15828352
1999-06-10,25.27226448059082,25.4296875,24.921875,25.066015243530273,14.984809875488281,8081792
1999-06-11,25.078125,25.15625,24.68046760559082,24.744531631469727,14.792625427246094,4944384
1999-06-14,23.6015625,24.5703125,23.5546875,24.52617073059082,14.662081718444824,5679104
1999-06-15,24.60546875,24.609375,23.765625,23.907812118530273,14.292415618896484,11062784
1999-06-16,23.8359375,24.296875,23.715234756469727,24.176952362060547,14.453315734863281,5465600
1999-06-17,24.453125,24.6328125,24.2890625,24.423046112060547,14.600434303283691,3652736
1999-06-18,24.6015625,24.6015625,24.07109260559082,24.153125762939453,14.439070701599121,3204480
1999-06-21,24.4140625,26.085546493530273,24.25468635559082,25.990625381469727,15.53754997253418,10575488
1999-06-22,26.171875,27.421875,26.171875,26.975000381469727,16.126026153564453,15855488
1999-06-23,27.109375,27.421875,26.640625,26.774608612060547,16.0062313079834,7011968
1999-06-24,26.6796875,27.3359375,26.447656631469727,27.065624237060547,16.180204391479492,8440704
1999-06-25,26.953125,29.060937881469727,26.953125,28.60038948059082,17.09770965576172,26430080
1999-06-28,28.9140625,29.453125,28.75,28.905078887939453,17.279857635498047,14229632
1999-06-29,29.09375,29.09375,28.53125,28.715625762939453,17.166597366333008,9319808
1999-06-30,28.828125,28.859375,28.359375,28.4453125,17.00499725341797,5262080
1999-07-01,28.515625,28.90625,28.44609260559082,28.63359260559082,17.117557525634766,8567168
1999-07-02,28.734375,28.890625,28.484375,28.559375762939453,17.073192596435547,6398336
1999-07-05,28.7890625,29.6796875,28.7890625,28.887109756469727,17.269115447998047,5593088
1999-07-06,28.9765625,29.1796875,28.59375,28.993749618530273,17.33286476135254,9654656
1999-07-07,29.1328125,29.686717987060547,29.0625,29.345703125,17.543270111083984,7298816
1999-07-08,29.37109375,29.37109375,28.91484260559082,29.086328506469727,17.388208389282227,4732672
1999-07-09,29.2734375,31.413280487060547,29.2734375,30.037500381469727,17.956830978393555,22137728
1999-07-12,30.8515625,32.44062423706055,30.46875,32.4375,19.39158821105957,28203008
1999-07-13,32.8984375,34.2578125,32.6171875,33.56132888793945,20.063425064086914,13993088
1999-07-14,33.984375,36.246482849121094,33.594139099121094,36.20429611206055,21.643428802490234,22441984
1999-07-15,38.3203125,38.9765625,37.140625,37.56718826293945,22.45818328857422,22147584
1999-07-16,37.890625,40.546875,37.890625,39.82500076293945,23.807933807373047,16752896
1999-07-19,40.390625,43.011329650878906,40.390625,43.011329650878906,25.712770462036133,6877568
1999-07-20,43.011329650878906,43.011329650878906,39.570701599121094,39.57695388793945,23.659650802612305,18154240
1999-07-21,36.7265625,38.7109375,36.5625,37.43476486206055,22.379009246826172,23183872
1999-07-22,36.853904724121094,37.10820388793945,35.3515625,36.135154724121094,21.602092742919922,20959360
1999-07-23,36.133201599121094,37.109375,34.84375,35.410545349121094,21.168907165527344,21220736
1999-07-26,35.46875,36.2890625,34.453125,35.615623474121094,21.291507720947266,12089728
1999-07-27,35.1953125,35.859375,34.609375,34.82148361206055,20.8167667388916,18631040
1999-07-28,36.6796875,37.40156173706055,36.015625,37.1484375,22.207841873168945,18416512
1999-07-29,37.484375,40.078125,37.484375,38.16289138793945,22.81430435180664,15396992
1999-07-30,37.6953125,38.08163833618164,36.83710861206055,37.84296798706055,22.623044967651367,10296832
1999-08-02,37.96875,40.796875,37.34375,39.943359375,23.87868881225586,28495232
1999-08-03,39.8359375,39.9921875,38.9453125,39.158203125,23.40931510925293,12061696
1999-08-04,39.453125,40.85078048706055,39.453125,40.13007736206055,23.990318298339844,16642688
1999-08-05,40.23515701293945,40.5859375,39.390625,39.60116958618164,23.674123764038086,7390848
1999-08-06,40.15625,40.92734146118164,39.703125,40.388282775878906,24.14466667175293,16282624
1999-08-09,39.859375,40.390625,39.453125,39.619529724121094,23.685100555419922,6105216
1999-08-10,39.3203125,39.71875,38.2890625,39.33281326293945,23.513700485229492,15756160
1999-08-11,38.28125,41.875,38.28125,41.259765625,24.6656551361084,19464704
1999-08-12,41.87031173706055,42.9296875,41.5625,42.50078201293945,25.40754508972168,18495232
1999-08-13,42.88984298706055,43.3125,42.421875,42.605857849121094,25.47037696838379,10773632
1999-08-16,43.4921875,43.9140625,43.046875,43.224609375,25.84026527404785,5970304
1999-08-17,43.4375,44.046875,43.21210861206055,43.56601333618164,26.04435920715332,10378240
1999-08-18,44.140625,44.3359375,43.328514099121094,43.560546875,26.041099548339844,6395392
1999-08-19,43.59375,44.33359146118164,42.65703201293945,42.85116958618164,25.617033004760742,4527360
1999-08-20,42.4609375,42.6953125,42.1953125,42.500389099121094,25.407316207885742,2692096
1999-08-23,42.765625,44.125,42.765625,43.25273513793945,25.857091903686523,4193664
1999-08-24,43.59375,43.75,42.8203125,42.99687576293945,25.704126358032227,4795264
1999-08-25,44.4453125,44.84257888793945,42.96875,43.859764099121094,26.219970703125,8925056
1999-08-26,43.36015701293945,44.296875,43.359375,43.65546798706055,26.097843170166016,4655232
1999-08-27,43.78125,44.1328125,43.5546875,43.69257736206055,26.120033264160156,3212928
1999-08-30,43.9765625,44.0546875,43.36015701293945,43.552734375,26.036434173583984,2241920
1999-08-31,43.375,43.578125,43.04765701293945,43.36406326293945,25.923633575439453,4726656
1999-09-01,44.0625,44.0625,42.578125,42.79413986206055,25.582923889160156,3288192
1999-09-02,43.125,43.125,42.23593521118164,42.666015625,25.506330490112305,2763904
1999-09-03,42.890625,43.5546875,42.578125,43.43359375,25.965200424194336,3062144
1999-09-06,43.828125,45.8984375,43.5703125,45.68671798706055,27.31214141845703,12411008
1999-09-07,46.171875,46.390625,44.5390625,44.97421646118164,26.886205673217773,4962432
1999-09-08,46.32890701293945,47.72578048706055,46.2890625,46.78398513793945,27.968111038208008,5560832
1999-09-09,46.328514099121094,46.7578125,46.10273361206055,46.42695236206055,27.754676818847656,2109056
1999-09-10,46.40625,47.1796875,46.09375,46.78281021118164,27.967409133911133,6237952
1999-09-13,46.78281021118164,46.78281021118164,46.78281021118164,46.78281021118164,27.967409133911133,0
1999-09-14,47.0703125,47.0703125,45.703125,45.81718826293945,27.390151977539062,5766912
1999-09-15,46.4375,47.84921646118164,46.2421875,47.242576599121094,28.242263793945312,8206720
1999-09-16,46.875389099121094,48.171875,46.875,47.728515625,28.532773971557617,9296000
1999-09-17,47.6953125,51.5390625,47.6953125,51.13750076293945,30.57070541381836,16051968
1999-09-20,52.346092224121094,55.15625,52.346092224121094,54.85546875,32.793365478515625,15663488
1999-09-21,55.171875,59.244140625,55.171875,59.244140625,35.41697311401367,7432320
1999-09-22,59.7265625,61.71875,58.59375,60.22382736206055,36.00263595581055,22486272
1999-09-23,60.546875,62.187110900878906,60.1953125,60.920310974121094,36.41900634765625,16110976
1999-09-24,60.621482849121094,60.621482849121094,58.984375,59.562110900878906,35.607051849365234,9369472
1999-09-27,59.390625,60.0,54.797264099121094,54.797264099121094,32.758567810058594,18954368
1999-09-28,54.797264099121094,56.171875,53.3671875,54.517967224121094,32.59158706665039,15646976
1999-09-29,57.8125,58.87968826293945,56.6953125,57.02265548706055,34.08892822265625,13825280
1999-09-30,57.203125,57.890625,55.46992111206055,55.728126525878906,33.315032958984375,9083008
1999-10-01,56.5625,58.3984375,56.5625,56.982032775878906,34.06464385986328,18394240
1999-10-04,57.3203125,57.3203125,55.625,56.379295349121094,33.70431900024414,8724224
1999-10-05,56.63984298706055,58.203125,56.63984298706055,57.8203125,34.565773010253906,21926272
1999-10-06,60.546875,61.6796875,59.2265625,59.564453125,35.60844039916992,23435904
1999-10-07,60.46875,64.3296890258789,60.46875,64.3296890258789,38.45717239379883,20937216
1999-10-08,66.3984375,69.3359375,62.5,64.25898742675781,38.4149169921875,32706048
1999-10-11,65.1171875,67.578125,63.5234375,63.900779724121094,38.200767517089844,15590016
1999-10-12,64.1796875,64.453125,61.80976486206055,62.50273513793945,37.3650016784668,18227712
1999-10-13,59.7734375,64.0625,59.7734375,62.13359451293945,37.14431381225586,14667520
1999-10-14,61.328125,63.28125,61.328125,62.230079650878906,37.20201110839844,7520256
1999-10-15,62.421875,62.421875,59.5703125,60.16328048706055,35.96643829345703,7726208
1999-10-18,59.85234451293945,61.5546875,58.3984375,59.02031326293945,35.28315734863281,12191872
1999-10-19,59.02031326293945,59.02031326293945,59.02031326293945,59.02031326293945,35.28315734863281,0
1999-10-20,61.32734298706055,62.498046875,60.1640625,60.705467224121094,36.29056167602539,9482624
1999-10-21,61.0859375,61.08867263793945,57.4375,57.78007888793945,34.54172897338867,13757312
1999-10-22,56.875,56.953125,55.609375,56.13203048706055,33.556495666503906,7973120
1999-10-25,57.0234375,57.2265625,55.234375,56.38945388793945,33.71038818359375,11998464
1999-10-26,56.6015625,59.6796875,56.6015625,58.951171875,35.24182891845703,17267200
1999-10-27,61.5546875,61.5546875,58.59375,58.930076599121094,35.229209899902344,9428992
1999-10-28,58.5859375,58.5859375,56.859375,57.59531021118164,34.44497299194336,7144320
1999-10-29,57.1875,57.7734375,53.4765625,54.51054763793945,32.60011672973633,23359872
1999-11-01,55.390625,57.34375,51.5625,52.0390625,31.122051239013672,17923456
1999-11-02,51.71875,56.20234298706055,51.5625,56.20234298706055,33.611900329589844,11051648
1999-11-03,57.56953048706055,59.5703125,56.45429611206055,58.48711013793945,34.978309631347656,21494272
1999-11-04,58.9453125,59.53125,58.203125,59.33124923706055,35.483150482177734,10679296
1999-11-05,59.5234375,62.69296646118164,59.3828125,62.07304763793945,37.122886657714844,21151104
1999-11-08,62.07304763793945,62.07304763793945,62.07304763793945,62.07304763793945,37.122886657714844,0
1999-11-09,63.28125,63.5859375,61.484375,62.469139099121094,37.35977554321289,12857088
1999-11-10,62.890625,63.8671875,62.34375,63.51640701293945,37.986087799072266,15993472
1999-11-11,63.578125,65.421875,62.1171875,62.64804458618164,37.466766357421875,14318592
1999-11-12,62.6953125,63.4375,62.1171875,62.69843673706055,37.49690246582031,9048320
1999-11-15,63.28125,63.59375,62.2578125,62.611328125,37.44481658935547,10479232
1999-11-16,63.0078125,64.296875,62.187889099121094,63.35468673706055,37.88937759399414,18548992
1999-11-17,64.453125,65.078125,63.6171875,63.6171875,38.04636001586914,10408832
1999-11-18,64.2578125,67.9609375,64.2578125,66.92578125,40.02507400512695,19834752
1999-11-19,67.4609375,68.671875,67.4609375,67.986328125,40.659339904785156,13349376
1999-11-22,68.28125,72.5425796508789,68.28125,71.8375015258789,42.96253204345703,19514368
1999-11-23,71.8375015258789,71.8375015258789,71.8375015258789,71.8375015258789,42.96253204345703,0
1999-11-24,72.5703125,73.1796875,70.9375,71.216796875,42.59130859375,16322688
1999-11-25,71.71875,76.3515625,71.71875,74.55351257324219,44.58685302734375,32123520
1999-11-26,74.984375,75.9296875,74.6875,75.2640609741211,45.01179504394531,15648640
1999-11-29,74.6953125,74.6953125,71.109375,71.82890319824219,42.9574089050293,14984832
1999-11-30,71.25859069824219,72.796875,70.390625,72.0824203491211,43.109012603759766,19893248
1999-12-01,71.484375,75.546875,70.5546875,72.44062805175781,43.3232307434082,20949248
1999-12-02,72.96875,74.21875,72.265625,72.55390930175781,43.39099884033203,8741376
1999-12-03,73.0078125,74.140625,72.4609375,72.7738265991211,43.52251052856445,7236608
1999-12-06,73.28125,74.0625,72.75859069824219,73.435546875,43.91825485229492,11953920
1999-12-07,73.6328125,77.6953125,73.6328125,74.326171875,44.450889587402344,15384832
1999-12-08,77.734375,78.1171875,75.390625,77.03515625,46.07099914550781,22782080
1999-12-09,76.171875,77.9296875,74.53125,77.20976257324219,46.1754264831543,19315456
1999-12-10,77.5,79.2109375,77.5,77.923828125,46.60249328613281,16516864
1999-12-13,78.046875,79.2578125,75.9765625,78.6597671508789,47.042606353759766,19993728
1999-12-14,79.1015625,79.296875,76.84375,77.66914367675781,46.45015335083008,19234304
1999-12-15,76.4765625,77.34375,71.5,76.08984375,45.50566101074219,11230720
1999-12-16,75.78125,77.87422180175781,75.5859375,77.5453109741211,46.37610626220703,8111744
1999-12-17,77.734375,81.640625,77.734375,78.86796569824219,47.16713333129883,13785600
1999-12-20,79.6796875,80.46875,78.9453125,79.33203125,47.44464874267578,6485120
1999-12-21,80.0703125,85.67890930175781,79.8453140258789,85.6429672241211,51.21890640258789,16071040
1999-12-22,89.8851547241211,92.4945297241211,89.8851547241211,92.4945297241211,55.31652069091797,2171008
1999-12-23,99.8941421508789,99.8941421508789,98.4765625,99.8941421508789,59.74187088012695,2854784
1999-12-24,99.609375,104.484375,97.7734375,99.83984375,59.709388732910156,12998400
1999-12-27,98.4375,100.7734375,94.5390625,98.2925796508789,58.7840461730957,6448640
1999-12-28,95.625,98.4375,92.96875,97.30195617675781,58.191593170166016,6875904
1999-12-29,101.546875,105.0863265991211,100.078125,105.0863265991211,62.84703826904297,8247296
1999-12-30,112.421875,113.49336242675781,109.375,113.029296875,67.59734344482422,5480064
1999-12-31,113.029296875,113.029296875,113.029296875,113.029296875,67.59734344482422,0
2000-01-03,122.0703125,122.0718765258789,122.0703125,122.0718765258789,73.00527954101562,657536
2000-01-04,131.25,131.837890625,126.9765625,131.6867218017578,78.75545501708984,7191808
2000-01-05,122.6640625,126.953125,121.1519546508789,121.1519546508789,72.45513916015625,21069440
2000-01-06,119.19258117675781,119.53125,111.45976257324219,111.45976257324219,66.65870666503906,10495616
2000-01-07,102.54296875,102.54296875,102.54296875,102.54296875,61.325984954833984,971392
2000-01-10,102.54296875,110.74609375,94.33984375,107.4789047241211,64.27792358398438,30230400
2000-01-11,103.125,107.8125,98.880859375,98.880859375,59.13584899902344,15658368
2000-01-12,93.359375,104.2890625,91.921875,102.1683578491211,61.101959228515625,25993472
2000-01-13,102.34375,102.7265625,93.99491882324219,94.45780944824219,56.49065017700195,20038400
2000-01-14,95.6953125,96.0703125,87.5234375,95.12812805175781,56.89154815673828,16040064
2000-01-17,95.3125,100.6640625,91.5625,92.74140930175781,55.464141845703125,18092928
2000-01-18,91.7164077758789,95.0703125,88.4765625,93.24726867675781,55.766685485839844,20290944
2000-01-19,98.015625,100.70703125,97.03125,100.70195007324219,60.22496032714844,19994752
2000-01-20,103.125,105.8671875,98.5234375,99.5863265991211,59.55776596069336,19778560
2000-01-21,100.78125,106.171875,97.6796875,104.8453140258789,62.70291519165039,20786048
2000-01-24,106.25,113.1953125,106.25,108.4281234741211,64.84559631347656,25256320
2000-01-25,107.8125,111.328125,104.6878890991211,110.22969055175781,65.92304229736328,20469632
2000-01-26,110.22969055175781,110.22969055175781,110.22969055175781,110.22969055175781,65.92304229736328,0
2000-01-27,118.28125,118.75,113.953125,115.48046875,69.06326293945312,12953792
2000-01-28,116.03125,120.296875,116.03125,118.93046569824219,71.1265640258789,17281536
2000-01-31,117.7421875,117.875,111.359375,112.83906555175781,67.48360443115234,7598272
2000-02-01,113.28125,116.40625,111.71875,115.8968734741211,69.31234741210938,7055424
2000-02-02,118.59375,120.3125,114.8359375,115.09062194824219,68.83014678955078,9491520
2000-02-03,115.875,117.34375,115.15625,116.26249694824219,69.53099060058594,6032064
2000-02-04,116.796875,124.21875,116.796875,123.38984680175781,73.79350280761719,20176704
2000-02-07,123.421875,133.26171875,123.421875,132.7531280517578,79.39322662353516,16988608
2000-02-08,132.734375,142.96875,132.734375,139.0343780517578,83.14974212646484,14902784
2000-02-09,146.859375,146.859375,134.375,136.08984375,81.3887710571289,10595520
2000-02-10,137.484375,144.921875,137.484375,143.890625,86.05401611328125,18777728
2000-02-11,144.828125,155.40234375,144.828125,155.40234375,92.93863677978516,2100224
2000-02-14,167.8351593017578,167.8351593017578,167.8351593017578,167.8351593017578,100.37410736083984,1518912
2000-02-15,167.8351593017578,167.8351593017578,154.40859985351562,155.65234375,93.08811950683594,21339968
2000-02-16,157.03125,160.9375,150.546875,156.84140014648438,93.79927062988281,12720448
2000-02-17,156.25,168.75,156.25,160.9109344482422,96.2330551147461,12125248
2000-02-18,162.796875,164.0625,152.734375,154.13436889648438,92.1803207397461,10628288
2000-02-21,153.90625,164.0625,151.578125,160.23046875,95.82611083984375,17751552
2000-02-22,161.546875,161.546875,152.34375,153.59530639648438,91.85792541503906,12066560
2000-02-23,164.0625,164.0625,141.3078155517578,143.9835968017578,86.10961151123047,11944576
2000-02-24,146.71875,150.765625,140.4375,145.265625,86.87635803222656,8260480
2000-02-25,146.875,148.27890014648438,138.28125,140.4250030517578,83.98140716552734,4929856
2000-02-28,139.0625,139.0625,129.19140625,132.9640655517578,79.5193862915039,7616384
2000-02-29,134.375,143.6015625,130.46875,137.17813110351562,82.03961944580078,16031808
2000-03-01,142.171875,148.15234375,140.625,148.15234375,88.60277557373047,6285824
2000-03-02,158.35546875,160.0046844482422,155.18905639648438,160.0046844482422,95.6910629272461,1607040
2000-03-03,172.8054656982422,172.8054656982422,172.8054656982422,172.8054656982422,103.34661102294922,1708224
2000-03-06,186.55703735351562,186.63046264648438,165.0,186.63046264648438,111.61466217041016,1385792
2000-03-07,200.0,201.56094360351562,200.0,201.56094360351562,120.54386901855469,3477312
2000-03-08,210.15625,217.68594360351562,187.265625,192.4226531982422,115.07865142822266,22432768
2000-03-09,198.28125,203.125,181.71875,185.2898406982422,110.81290435791016,8334720
2000-03-10,189.046875,199.140625,178.5398406982422,182.2624969482422,109.00241088867188,10259648
2000-03-13,182.8125,190.609375,167.68203735351562,167.68203735351562,100.28253936767578,7513664
2000-03-14,159.53125,159.53125,154.26797485351562,154.26797485351562,92.26020812988281,8390592
2000-03-15,142.671875,160.15625,141.9265594482422,155.7335968017578,93.13673400878906,16262144
2000-03-16,150.0,150.0,143.27499389648438,143.27499389648438,85.68585968017578,5725568
2000-03-17,143.27499389648438,143.27499389648438,143.27499389648438,143.27499389648438,85.68585968017578,0
2000-03-20,143.27499389648438,143.27499389648438,143.27499389648438,143.27499389648438,85.68585968017578,0
2000-03-21,143.671875,154.7375030517578,132.984375,154.7375030517578,92.54100799560547,14633344
2000-03-22,151.5625,167.1171875,148.4375,167.0984344482422,99.93346405029297,9580544
2000-03-23,171.25,180.3125,158.59375,160.3757781982422,95.9129867553711,14267456
2000-03-24,157.96875,173.125,157.96875,169.1164093017578,101.14036560058594,12254144
2000-03-27,164.0625,171.859375,160.9375,161.98983764648438,96.87828063964844,8076992
2000-03-28,157.828125,159.375,150.95547485351562,155.43124389648438,92.9559097290039,8920448
2000-03-29,159.375,166.875,158.609375,159.20156860351562,95.21076965332031,6539904
2000-03-30,154.6875,154.6875,146.5625,152.2765655517578,91.0692367553711,7659648
2000-03-31,150.0,150.0,140.0945281982422,140.15859985351562,83.82209014892578,8080640
2000-04-03,132.828125,140.625,128.9460906982422,128.9460906982422,77.1164321899414,3743552
2000-04-04,118.6304702758789,118.6304702758789,118.6304702758789,118.6304702758789,70.94713592529297,400192
2000-04-05,110.171875,128.109375,110.171875,121.8382797241211,72.86558532714844,28349120
2000-04-06,122.6875,131.5859375,114.078125,131.4890594482422,78.63724517822266,30059968
2000-04-07,142.0085906982422,142.0085906982422,142.0085906982422,142.0085906982422,84.928466796875,222400
2000-04-10,153.36953735351562,153.36953735351562,153.36953735351562,153.36953735351562,91.72291564941406,210624
2000-04-11,153.36953735351562,165.63906860351562,141.421875,165.6125030517578,99.04485321044922,27174080
2000-04-12,162.34375,165.203125,156.09375,157.453125,94.16513061523438,16391936
2000-04-13,154.6882781982422,154.6882781982422,144.85702514648438,144.85702514648438,86.63199615478516,3314176
2000-04-14,144.85702514648438,144.85702514648438,144.85702514648438,144.85702514648438,86.63199615478516,0
2000-04-17,133.2687530517578,133.2687530517578,133.2687530517578,133.2687530517578,79.70160675048828,220096
2000-04-18,133.2687530517578,137.484375,122.6078109741211,122.6078109741211,73.32579803466797,14944384
2000-04-19,132.40625,132.40625,112.7992172241211,113.28202819824219,67.74849700927734,25509632
2000-04-20,106.28125,122.15625,104.234375,118.80546569824219,71.05183410644531,36772800
2000-04-21,118.80546569824219,118.80546569824219,118.80546569824219,118.80546569824219,71.05183410644531,0
2000-04-24,121.84375,123.421875,112.65625,115.1781234741211,68.8824691772461,17368064
2000-04-25,112.75,115.53125,105.96406555175781,112.0679702758789,67.02243041992188,16440064
2000-04-26,120.9820327758789,120.9828109741211,119.546875,120.9828109741211,72.35395812988281,4330048
2000-04-27,124.84375,127.71875,120.9828109741211,124.81640625,74.64667510986328,24835072
2000-04-28,126.5625,132.625,124.296875,126.9007797241211,75.92172241210938,19109696
2000-05-01,126.9007797241211,126.9007797241211,126.9007797241211,126.9007797241211,75.92172241210938,0
2000-05-02,128.90625,132.34375,121.015625,123.17655944824219,73.69361877441406,25582336
2000-05-03,114.84375,123.421875,108.39530944824219,119.5140609741211,71.50244140625,32888000
2000-05-04,120.15625,128.59375,117.96875,127.80546569824219,76.4629898071289,25117504
2000-05-05,128.59375,136.40390014648438,128.59375,133.84375,80.07553100585938,30822080
2000-05-08,134.359375,136.5625,117.8125,118.71562194824219,71.02478790283203,48399424
2000-05-09,117.203125,124.140625,109.375,123.0625,73.62538146972656,31215296
2000-05-10,124.21875,124.609375,117.96875,121.26484680175781,72.54988861083984,24130816
2000-05-11,118.90625,118.90625,107.97265625,110.32734680175781,66.00626373291016,31749632
2000-05-12,111.71875,114.0625,105.5078125,107.2015609741211,64.13617706298828,32175744
2000-05-15,106.328125,112.34375,94.5484390258789,108.42655944824219,64.86903381347656,43260224
2000-05-16,109.359375,110.9375,105.0,107.2484359741211,64.16423034667969,30106112
2000-05-17,111.9781265258789,115.82890319824219,107.515625,108.7945327758789,65.08920288085938,24953152
2000-05-18,108.59375,109.296875,105.5,107.7789077758789,64.48155212402344,16329728
2000-05-19,107.8148422241211,107.8148422241211,98.46406555175781,100.8804702758789,60.354393005371094,35789312
2000-05-22,97.78125,97.78125,91.109375,92.796875,55.5181884765625,27676736
2000-05-23,90.62577819824219,96.38749694824219,86.32890319824219,94.0054702758789,56.24122619628906,34424576
2000-05-24,92.203125,95.859375,89.0625,94.48905944824219,56.530574798583984,38866432
2000-05-25,95.15625,98.71875,93.75,94.3617172241211,56.45439529418945,34255680
2000-05-26,95.078125,95.90625,91.015625,93.4117202758789,55.886009216308594,36218496
2000-05-29,92.375,93.125,87.1890640258789,92.0523452758789,55.07273864746094,26640576
2000-05-30,92.578125,98.90625,91.44140625,97.92109680175781,58.58388137817383,26278080
2000-05-31,104.359375,109.671875,104.359375,109.35546875,65.4247817993164,21896192
2000-06-01,108.59375,111.2867202758789,106.765625,109.2757797241211,65.37710571289062,26854272
2000-06-02,110.0,120.15625,110.0,117.72187805175781,70.43022918701172,39140928
2000-06-05,118.75,131.8484344482422,118.75,125.03047180175781,74.8027572631836,27895872
2000-06-06,125.8125,127.65625,121.875,124.5570297241211,74.51951599121094,28894656
2000-06-07,122.65625,126.03125,120.3125,122.4468765258789,73.25707244873047,28549120
2000-06-08,122.578125,124.984375,121.875,123.5453109741211,73.91424560546875,20242496
2000-06-09,124.2171859741211,127.8101577758789,122.96875,123.98515319824219,74.17737579345703,32154624
2000-06-12,122.265625,124.65625,120.640625,121.31562805175781,72.58024597167969,14581632
2000-06-13,120.3304672241211,122.578125,116.421875,121.41328430175781,72.63871002197266,19440384
2000-06-14,120.140625,124.203125,120.140625,122.0796890258789,73.03738403320312,15804032
2000-06-15,121.90625,131.234375,121.125,129.41171264648438,77.42398071289062,47780928
2000-06-16,128.140625,132.65625,127.328125,131.10391235351562,78.4363784790039,32008768
2000-06-19,131.25,135.4375,128.921875,133.8390655517578,80.07278442382812,39349376
2000-06-20,133.359375,139.84375,133.359375,136.3898468017578,81.59882354736328,25223040
2000-06-21,139.0625,139.0625,131.71875,132.82421875,79.4655990600586,27506944
2000-06-22,132.8125,134.265625,131.265625,133.00936889648438,79.57636260986328,21713344
2000-06-23,132.75,132.75,127.59375,129.05078125,77.20803833007812,22021824
2000-06-26,128.1257781982422,128.1257781982422,122.6578140258789,126.2992172241211,75.56184387207031,17510144
2000-06-27,127.796875,129.82656860351562,125.078125,127.4609375,76.25688171386719,19903872
2000-06-28,126.5625,129.0625,123.46875,128.3874969482422,76.81122589111328,12160960
2000-06-29,129.203125,135.140625,129.203125,131.1015625,78.43496704101562,16867520
2000-06-30,129.78125,130.46875,127.359375,129.85000610351562,77.68618774414062,15405760
2000-07-03,131.09375,134.671875,131.09375,134.1179656982422,80.2396011352539,21234432
2000-07-04,134.6875,137.46875,134.390625,136.71640014648438,81.79420471191406,22397056
2000-07-05,137.3125,137.6875,133.6875,134.3820343017578,80.3976058959961,15825792
2000-07-06,133.828125,133.828125,130.78125,132.31640625,79.16178131103516,13693696
2000-07-07,132.65469360351562,134.68515014648438,132.12655639648438,132.61953735351562,79.34312438964844,16222208
2000-07-10,132.96875,133.75,129.125,129.63436889648438,77.55717468261719,15590016
2000-07-11,130.203125,133.203125,128.75,129.26953125,77.33889770507812,26963328
2000-07-12,129.296875,131.234375,126.40625,130.6492156982422,78.16433715820312,29184832
2000-07-13,132.0,133.2804718017578,124.21875,125.4867172241211,75.07574462890625,27476480
2000-07-14,123.43827819824219,125.59375,120.015625,121.40702819824219,72.63495635986328,54850688
2000-07-17,121.09375,122.1859359741211,118.90625,120.1968765258789,71.91094970703125,26524928
2000-07-18,120.265625,120.296875,115.1875,116.47734069824219,69.6856460571289,38106752
2000-07-19,110.9468765258789,116.875,110.65937805175781,114.4546890258789,68.47553253173828,30771840
2000-07-20,113.921875,115.22578430175781,112.578125,114.80078125,68.6825942993164,22578560
2000-07-21,115.22578430175781,117.34375,114.078125,114.83280944824219,68.70173645019531,28321024
2000-07-24,113.46875,113.46875,105.71875,107.05937194824219,64.05108642578125,33885440
2000-07-25,101.5625,113.203125,99.25,111.22578430175781,66.54376220703125,49228288
2000-07-26,113.5625,114.046875,103.1429672241211,104.0015640258789,62.221683502197266,34172416
2000-07-27,103.125,107.015625,99.296875,106.05000305175781,63.44722366333008,39879680
2000-07-28,106.640625,110.390625,105.015625,106.95780944824219,63.99031448364258,44182464
2000-07-31,107.03125,107.953125,103.921875,105.64453125,63.20463180541992,21621248
2000-08-01,106.875,107.78125,104.8843765258789,105.4398422241211,63.082149505615234,23805504
2000-08-02,103.5,104.03125,101.328125,103.5484390258789,61.950584411621094,26991616
2000-08-03,102.8125,102.8125,98.4375,100.7906265258789,60.30063247680664,26974272
2000-08-04,100.171875,103.578125,97.7437515258789,98.83125305175781,59.12839889526367,45206336
2000-08-07,99.515625,101.40625,98.75,100.60624694824219,60.19031524658203,24836928
2000-08-08,101.40625,116.70390319824219,101.40625,116.55078125,69.72958374023438,75971520
2000-08-09,120.15625,122.5,117.578125,118.3070297241211,70.78030395507812,45188416
2000-08-10,117.34375,119.90625,112.83280944824219,113.60234069824219,67.96560668945312,34988928
2000-08-11,113.078125,117.109375,111.484375,113.05546569824219,67.63842010498047,51963008
2000-08-14,113.984375,114.796875,112.046875,113.7578125,68.05859375,30925184
2000-08-15,113.7578125,113.7578125,113.7578125,113.7578125,68.05859375,0
2000-08-16,116.015625,121.703125,115.796875,120.86405944824219,72.3100814819336,42290944
2000-08-17,121.375,122.25,117.65625,118.1539077758789,70.68869018554688,23591296
2000-08-18,118.00312805175781,125.23359680175781,118.00312805175781,124.5453109741211,74.51251220703125,75263168
2000-08-21,124.984375,126.3125,121.890625,124.4671859741211,74.46575927734375,43158912
2000-08-22,124.765625,134.421875,124.765625,129.62265014648438,77.55016326904297,42816704
2000-08-23,127.234375,128.2781219482422,125.015625,125.7164077758789,75.21314239501953,25796928
2000-08-24,125.0,129.296875,124.390625,128.2976531982422,76.7574691772461,36830464
2000-08-25,129.296875,129.99844360351562,126.5625,127.4351577758789,76.24143981933594,35749120
2000-08-28,127.1875,128.125,121.484375,121.8421859741211,72.89530944824219,25876480
2000-08-29,121.09452819824219,123.59375,119.859375,122.52265930175781,73.30242156982422,31858112
2000-08-30,121.890625,124.53125,121.875,122.69062805175781,73.40287780761719,24905024
2000-08-31,122.265625,132.34375,122.03984069824219,130.1062469482422,77.8395004272461,93071232
2000-09-01,130.1062469482422,130.1062469482422,130.1062469482422,130.1062469482422,77.8395004272461,0
2000-09-04,131.25,135.9375,131.25,134.52188110351562,80.48126220703125,43716224
2000-09-05,134.6875,135.140625,132.421875,133.31405639648438,79.75862884521484,25474368
2000-09-06,131.4375,132.328125,129.2195281982422,130.6328125,78.15452575683594,26717312
2000-09-07,129.453125,132.0,128.45468139648438,130.59530639648438,78.13211822509766,32404992
2000-09-08,131.09375,134.984375,131.09375,134.1046905517578,80.2316665649414,51575296
2000-09-11,134.375,137.890625,132.65625,135.65234375,81.15760040283203,53541568
2000-09-12,135.9375,139.28125,133.90780639648438,138.14688110351562,82.65001678466797,56493952
2000-09-13,137.625,139.828125,135.546875,136.18905639648438,81.47869873046875,56983296
2000-09-14,136.328125,138.046875,130.640625,134.2429656982422,80.31439971923828,83144704
2000-09-15,132.984375,134.75,132.03125,132.7781219482422,79.4380111694336,54026048
2000-09-18,132.0625,132.0625,124.453125,125.1039047241211,74.84668731689453,53970496
2000-09-19,123.515625,124.140625,115.78125,119.40234375,71.43558502197266,52265984
2000-09-20,122.65625,124.609375,118.359375,121.8187484741211,72.88128662109375,22970176
2000-09-21,121.046875,121.265625,117.96875,118.43359375,70.85602569580078,21081664
2000-09-22,117.59375,117.59375,108.984375,110.01875305175781,65.82162475585938,51416128
2000-09-25,114.515625,118.8203125,114.0625,117.8304672241211,70.49518585205078,36492672
2000-09-26,119.53125,119.53125,112.3765640258789,113.24687194824219,67.75293731689453,33702976
2000-09-27,112.5,117.5,109.78125,116.5804672241211,69.74734497070312,42644736
2000-09-28,116.265625,118.671875,113.3062515258789,115.26249694824219,68.95880889892578,33791104
2000-09-29,115.828125,117.34375,114.46875,115.01953125,68.8134765625,29249344
2000-10-02,115.01953125,115.01953125,115.01953125,115.01953125,68.8134765625,0
2000-10-03,114.453125,118.90625,111.71875,116.7281265258789,69.83566284179688,41659520
2000-10-04,114.0625,120.1875,114.0625,119.55781555175781,71.52864074707031,44959680
2000-10-05,118.515625,120.703125,116.9375,117.45390319824219,70.2698974609375,41379840
2000-10-06,116.875,118.35624694824219,113.14375305175781,117.7210922241211,70.42975616455078,66243904
2000-10-09,117.1875,117.3609390258789,114.859375,115.53047180175781,69.11912536621094,32816768
2000-10-10,116.390625,117.796875,113.046875,114.7007827758789,68.62278747558594,61546048
2000-10-11,110.9375,111.703125,106.015625,106.47578430175781,63.701934814453125,64735168
2000-10-12,106.09375,107.0296859741211,102.4375,106.1578140258789,63.511722564697266,69716096
2000-10-13,105.0,105.0,101.25077819824219,101.82734680175781,60.92089080810547,63712512
2000-10-16,102.484375,109.97343444824219,101.09375,101.8960952758789,60.962013244628906,62009536
2000-10-17,101.203125,102.765625,98.203125,101.00390625,60.42823791503906,63538624
2000-10-18,99.37422180175781,99.8101577758789,95.62577819824219,97.34452819824219,58.23893356323242,53980160
2000-10-19,96.96875,105.125,95.625,104.1773452758789,62.326820373535156,66756928
2000-10-20,106.25,112.34062194824219,106.25,111.3101577758789,66.59423065185547,79272448
2000-10-23,111.16874694824219,111.5625,106.33280944824219,107.34843444824219,64.22404479980469,51312896
2000-10-24,106.75,110.7601547241211,105.0,109.69140625,65.62577056884766,47601344
2000-10-25,113.265625,113.90625,111.71875,112.234375,67.17109680175781,45920448
2000-10-26,111.5625,112.4984359741211,110.28125,111.59375,66.78768920898438,9681344
2000-10-27,112.015625,113.265625,111.453125,112.51484680175781,67.33897399902344,20547520
2000-10-30,113.109375,113.234375,110.40625,111.11796569824219,66.50293731689453,20664064
2000-10-31,110.9546890258789,112.09375,109.0,111.45234680175781,66.70304107666016,28122240
2000-11-01,114.8421859741211,115.125,113.4359359741211,114.1078109741211,68.29232025146484,28271168
2000-11-02,114.375,116.375,114.375,115.7406234741211,69.2695541381836,33982400
2000-11-03,116.09375,118.890625,115.3125,118.28125,70.79006958007812,42469760
2000-11-06,118.265625,119.609375,117.34375,118.74531555175781,71.06781768798828,36256064
2000-11-07,117.984375,120.9007797241211,117.27421569824219,120.48359680175781,72.10816192626953,35621504
2000-11-08,120.3125,125.21875,119.9375,124.2421875,74.3576431274414,51512384
2000-11-09,123.765625,125.5609359741211,123.0625,123.8062515258789,74.09674835205078,34871168
2000-11-10,123.59452819824219,124.046875,120.546875,120.9078140258789,72.36206817626953,31773312
2000-11-13,120.78125,120.78125,114.29765319824219,115.0140609741211,68.834716796875,42099072
2000-11-14,114.484375,120.125,114.46875,119.5132827758789,71.52745056152344,33883136
2000-11-15,121.640625,122.65625,118.34375,118.8695297241211,71.14216613769531,32892992
2000-11-16,118.765625,120.234375,117.515625,117.921875,70.57501983642578,23760768
2000-11-17,117.359375,119.828125,115.34375,119.31953430175781,71.41150665283203,32750912
2000-11-20,120.0,120.609375,118.8125,119.6265640258789,71.59523010253906,21192640
2000-11-21,119.21875,119.8421859741211,117.9703140258789,119.2640609741211,71.37830352783203,26636928
2000-11-22,121.109375,121.515625,115.859375,116.43359375,69.68428039550781,49501056
2000-11-23,115.71875,116.953125,114.328125,116.20390319824219,69.54680633544922,23804032
2000-11-24,116.546875,117.296875,115.796875,116.53593444824219,69.74552917480469,24187200
2000-11-27,117.15625,118.5921859741211,116.80155944824219,118.3257827758789,70.81672668457031,32601024
2000-11-28,118.125,118.125,115.9375,116.49922180175781,69.72356414794922,27703936
2000-11-29,115.1351547241211,116.078125,113.765625,115.3421859741211,69.03108978271484,32305216
2000-11-30,115.46875,115.60469055175781,111.875,112.2523422241211,67.1818618774414,45687872
2000-12-01,111.71875,114.6070327758789,110.171875,113.87968444824219,68.15580749511719,54182464
2000-12-04,114.21875,114.359375,111.875,112.2242202758789,67.16500854492188,29766208
2000-12-05,112.265625,113.09375,110.64530944824219,112.2109375,67.15705871582031,43453632
2000-12-06,118.75,118.75,113.765625,114.1343765258789,68.30823516845703,41569856
2000-12-07,113.4375,114.59375,112.96952819824219,113.85546875,68.14128112792969,23706944
2000-12-08,113.45780944824219,115.91719055175781,113.45780944824219,115.49609375,69.12320709228516,39107712
2000-12-11,115.546875,117.125,115.03125,116.71484375,69.85260009765625,39128768
2000-12-12,116.875,118.4375,115.859375,116.4609375,69.7006607055664,34921984
2000-12-13,117.1703109741211,125.6546859741211,116.7171859741211,119.10469055175781,71.28291320800781,52094400
2000-12-14,119.140625,119.30000305175781,117.18827819824219,117.6624984741211,70.41978454589844,27747008
2000-12-15,117.734375,117.734375,112.07344055175781,112.5374984741211,67.3525161743164,50494144
2000-12-18,111.0367202758789,111.53125,108.40625,110.8453140258789,66.33975219726562,42354176
2000-12-19,110.78125,110.78125,107.2109375,107.6460952758789,64.42505645751953,46559552
2000-12-20,106.171875,106.171875,102.578125,103.7679672241211,62.10403060913086,60485184
2000-12-21,103.15625,103.15625,97.421875,98.06718444824219,58.692169189453125,57950976
2000-12-22,98.35624694824219,98.35624694824219,90.31327819824219,90.81327819824219,54.35081100463867,88193152
2000-12-25,90.81327819824219,90.81327819824219,90.81327819824219,90.81327819824219,54.35081100463867,0
2000-12-26,90.234375,91.796875,85.625,86.25077819824219,51.62017059326172,87180288
2000-12-27,86.5,90.078125,84.71875,85.75390625,51.32280731201172,93331008
2000-12-28,86.40625,88.75,85.8046875,86.6781234741211,51.87594985961914,68453056
2000-12-29,86.25,89.84375,84.87890625,88.9703140258789,53.247798919677734,89329728
2001-01-01,89.140625,90.6234359741211,86.875,87.4000015258789,52.30799102783203,59981248
2001-01-02,87.515625,89.53125,85.9375,88.7632827758789,53.12387466430664,68767872
2001-01-03,87.5,88.28125,85.68281555175781,87.72343444824219,52.5015754699707,64125952
2001-01-04,87.96875,96.71875,87.96875,95.3335952758789,57.056156158447266,71192960
2001-01-05,95.296875,99.984375,94.65625,99.7093734741211,59.67503356933594,67941888
2001-01-08,98.625,99.140625,92.671875,93.5101547241211,55.9648323059082,76229504
2001-01-09,92.75,94.921875,91.19062805175781,92.6234359741211,55.43415832519531,64873024
2001-01-10,93.7515640258789,94.19844055175781,88.0023422241211,88.5328140258789,52.98595428466797,91550336
2001-01-11,88.671875,89.6875,86.296875,86.6929702758789,51.88483810424805,68442560
2001-01-12,86.875,91.40625,86.75390625,90.6351547241211,54.24419403076172,92083584
2001-01-15,91.015625,97.1039047241211,90.9375,96.3960952758789,57.69203186035156,102845952
2001-01-16,96.7171859741211,97.484375,94.3140640258789,95.28437805175781,57.02670669555664,41221824
2001-01-17,99.21875,99.359375,97.03437805175781,98.4039077758789,58.893707275390625,51214528
2001-01-18,98.828125,101.328125,98.828125,100.47343444824219,60.13230514526367,43274496
2001-01-19,100.75,106.1664047241211,100.75,105.46797180175781,63.12148666381836,56089536
2001-01-22,106.171875,108.203125,105.5,106.8218765258789,63.9317626953125,46704576
2001-01-23,105.95390319824219,106.4046859741211,104.3765640258789,105.56327819824219,63.17854309082031,32817280
2001-01-24,106.09375,107.03125,105.0171890258789,106.69844055175781,63.8578987121582,40703168
2001-01-25,106.26640319824219,106.8734359741211,103.9117202758789,106.0484390258789,63.468875885009766,30341568
2001-01-26,106.0484390258789,106.0484390258789,106.0484390258789,106.0484390258789,63.468875885009766,0
2001-01-29,105.484375,105.484375,101.015625,103.6851577758789,62.05447006225586,32839808
2001-01-30,104.21875,108.43281555175781,104.21875,107.6343765258789,64.41803741455078,32835392
2001-01-31,107.0679702758789,107.765625,105.65625,106.13671875,63.521690368652344,32945152
2001-02-01,105.640625,105.953125,103.59765625,105.4906234741211,63.135013580322266,32992448
2001-02-02,105.09375,107.96875,105.08671569824219,107.2445297241211,64.18473815917969,36933888
2001-02-05,106.796875,106.796875,103.765625,104.13749694824219,62.3251838684082,27276480
2001-02-06,103.94140625,105.15625,103.765625,104.28984069824219,62.416378021240234,21435776
2001-02-07,105.0,105.0,100.93827819824219,101.50703430175781,60.75092315673828,35805888
2001-02-08,100.859375,102.484375,99.23515319824219,102.12109375,61.118385314941406,34458240
2001-02-09,101.71875,102.21875,100.00077819824219,100.39453125,60.08509063720703,27061504
2001-02-12,100.03125,100.03125,98.203125,99.515625,59.55905532836914,27284224
2001-02-13,99.84375,101.71875,98.94062805175781,99.58906555175781,59.603031158447266,29327680
2001-02-14,98.9921875,100.0,98.47734069824219,99.5054702758789,59.55298614501953,21451776
2001-02-15,99.23905944824219,101.87031555175781,99.21875,101.4937515258789,60.742950439453125,29909440
2001-02-16,101.921875,102.21875,97.5,98.35234069824219,58.86284255981445,40206656
2001-02-19,97.5,99.09375,96.3531265258789,98.37890625,58.87873840332031,30336704
2001-02-20,98.515625,98.984375,97.4375,97.8382797241211,58.555152893066406,23045696
2001-02-21,96.875,96.875,91.5625,92.33280944824219,55.26021957397461,65310336
2001-02-22,92.03125,92.03125,86.796875,90.52656555175781,54.17918395996094,54486912
2001-02-23,90.3125,91.21875,87.3515625,87.8531265258789,52.57918167114258,46992000
2001-02-26,88.125,90.609375,87.65625,89.43359375,53.525081634521484,40402176
2001-02-27,89.328125,90.609375,86.50468444824219,88.04296875,52.692813873291016,50862080
2001-02-28,87.89375305175781,99.21875,86.796875,97.5257797241211,58.3681526184082,77895168
2001-03-01,97.65625,97.65625,86.5625,88.48124694824219,52.95510482788086,63365312
2001-03-02,89.84375,92.109375,76.640625,77.50468444824219,46.3857421875,74829568
2001-03-05,76.5804672241211,78.046875,72.03125,74.91015625,44.832942962646484,81282816
2001-03-06,74.91015625,74.91015625,74.91015625,74.91015625,44.832942962646484,0
2001-03-07,78.26094055175781,81.5625,75.890625,81.13203430175781,48.55666732788086,68337792
2001-03-08,81.953125,82.96875,78.359375,80.17500305175781,47.98390579223633,36073088
2001-03-09,78.75,78.75,73.76094055175781,76.7171859741211,45.9144287109375,31186368
2001-03-12,75.78125,76.34375,68.44062805175781,69.5414047241211,41.619808197021484,28695744
2001-03-13,67.984375,73.421875,58.830467224121094,65.5023422241211,39.20246124267578,43740032
2001-03-14,67.34375,74.984375,66.0953140258789,73.77421569824219,44.15309524536133,27935360
2001-03-15,72.1875,76.875,70.78125,76.12422180175781,45.559539794921875,26508288
2001-03-16,76.484375,78.046875,72.0625,73.43281555175781,43.948760986328125,26217472
2001-03-19,72.375,74.21875,67.8304672241211,69.6195297241211,41.66655731201172,26609344
2001-03-20,69.4546890258789,71.484375,66.11015319824219,68.2210922241211,40.8296012878418,21592512
2001-03-21,66.875,71.375,62.828125,69.99296569824219,41.89006423950195,32702976
2001-03-22,69.609375,69.921875,66.21875,67.3187484741211,40.28956604003906,22650624
2001-03-23,67.34375,69.375,62.5,65.82344055175781,39.3946418762207,34882176
2001-03-26,64.921875,67.90625,64.45703125,67.4703140258789,40.38027572631836,20275776
2001-03-27,66.9375,74.3125,66.4117202758789,72.78125,43.55881881713867,40293184
2001-03-28,75.78125,76.953125,73.0,73.5765609741211,44.0348014831543,29183360
2001-03-29,72.77656555175781,72.77656555175781,68.36250305175781,68.9195327758789,41.24761199951172,31557248
2001-03-30,68.359375,68.359375,63.453125,63.80859375,38.188777923583984,30498944
2001-04-02,63.46875,65.140625,58.70390701293945,64.2632827758789,38.46090316772461,40333248
2001-04-03,63.375,65.28125,61.96875,63.6640625,38.10226821899414,28847232
2001-04-04,61.71875,61.71875,59.84375,61.162498474121094,36.605106353759766,20771456
2001-04-05,61.162498474121094,61.162498474121094,61.162498474121094,61.162498474121094,36.605106353759766,0
2001-04-06,61.71875,66.05546569824219,61.71875,62.95468521118164,37.677711486816406,32048448
2001-04-09,61.71875,62.734375,60.19218826293945,62.03515625,37.12738037109375,15911040
2001-04-10,62.5,63.265625,57.072654724121094,59.81328201293945,35.79761505126953,35273920
2001-04-11,62.734375,64.0367202758789,50.243751525878906,50.243751525878906,30.07036781311035,41200640
2001-04-12,46.22421646118164,47.453125,42.20468521118164,44.709373474121094,26.75809097290039,80036608
2001-04-13,44.709373474121094,44.709373474121094,44.709373474121094,44.709373474121094,26.75809097290039,0
2001-04-16,44.140625,48.28125,43.375,47.838279724121094,28.630706787109375,43891264
2001-04-17,47.98828125,49.40625,45.796875,47.744529724121094,28.57459831237793,40648000
2001-04-18,48.234375,55.38359451293945,47.796875,55.38359451293945,33.14650344848633,43391808
2001-04-19,59.21875,64.24531555175781,56.875,59.75468826293945,35.76255416870117,49591872
2001-04-20,60.546875,62.40625,57.984375,59.66484451293945,35.70878601074219,31406144
2001-04-23,59.609375,59.8046875,57.359375,58.107032775878906,34.77644348144531,21476224
2001-04-24,57.11796951293945,61.234375,55.80078125,60.064842224121094,35.94818115234375,27698688
2001-04-25,60.953125,62.25,58.98593521118164,60.08906173706055,35.96266555786133,26131968
2001-04-26,60.0625,62.1875,56.73828125,57.41484451293945,34.362178802490234,25135680
2001-04-27,56.734375,56.734375,50.0,50.75703048706055,30.439680099487305,36926080
2001-04-30,51.25,58.72968673706055,50.96875,57.953125,34.75528335571289,35136960
2001-05-01,57.953125,57.953125,57.953125,57.953125,34.75528335571289,0
2001-05-02,60.578125,64.2164077758789,60.0,61.64453125,36.96906661987305,42003456
2001-05-03,60.953125,61.404685974121094,59.00156021118164,59.41484451293945,35.63188552856445,31680704
2001-05-04,59.1015625,60.265625,57.3671875,59.71406173706055,35.811336517333984,31076864
2001-05-07,60.15625,62.889060974121094,60.15625,62.39921951293945,37.421661376953125,30507648
2001-05-08,62.109375,63.078125,61.109375,62.01093673706055,37.18880081176758,23583936
2001-05-09,62.53515625,64.015625,59.84375,60.36015701293945,36.19880676269531,37691648
2001-05-10,60.0390625,61.639060974121094,58.59375,60.303123474121094,36.16460418701172,33075968
2001-05-11,59.53125,61.15625,59.078125,60.75546646118164,36.43587112426758,24473280
2001-05-14,60.54843521118164,62.18359375,59.47031021118164,60.60468673706055,36.345455169677734,22221056
2001-05-15,60.5625,61.40625,56.353126525878906,60.9765625,36.56847381591797,29911936
2001-05-16,61.546875,62.3125,58.984375,59.732810974121094,35.82257843017578,26481280
2001-05-17,59.375,61.5625,59.375,60.93671798706055,36.544578552246094,28624640
2001-05-18,61.546875,62.609375,61.12968826293945,61.69609451293945,36.999996185302734,34144768
2001-05-21,62.03125,62.484375,61.484375,61.77031326293945,37.04450225830078,19321984
2001-05-22,61.703125,62.828125,61.703125,62.084373474121094,37.23283386230469,23764224
2001-05-23,62.015625,66.328125,61.81406021118164,65.9749984741211,39.56610870361328,55238144
2001-05-24,65.6265640258789,66.640625,64.859375,65.01094055175781,38.98794174194336,37843072
2001-05-25,65.15937805175781,66.0,64.625,65.23905944824219,39.124759674072266,26164032
2001-05-28,65.3882827758789,67.62187194824219,64.84375,66.9375,40.14332580566406,30142272
2001-05-29,67.171875,67.5,65.9703140258789,66.35078430175781,39.79146957397461,18814912
2001-05-30,65.3125,66.1968765258789,61.04296875,61.3828125,36.81209182739258,40161728
2001-05-31,58.59375,60.0,57.8125,58.94218826293945,35.348419189453125,33537984
2001-06-01,59.140625,59.84375,58.3671875,58.69062423706055,35.197566986083984,28304768
2001-06-04,59.0625,59.21796798706055,56.25078201293945,56.528907775878906,33.90116500854492,29582400
2001-06-05,56.25,60.0625,55.93906021118164,59.25546646118164,35.536312103271484,48417472
2001-06-06,62.421875,62.421875,59.06406021118164,59.46406173706055,35.661407470703125,27025280
2001-06-07,59.0625,60.921875,57.828125,60.42578125,36.238162994384766,36873792
2001-06-08,60.921875,61.9375,60.1796875,61.60468673706055,36.94517135620117,36826752
2001-06-11,61.21875,61.25,59.16093826293945,59.498435974121094,35.682037353515625,27544128
2001-06-12,59.234375,60.09375,58.59375,59.92343521118164,35.93691635131836,26409152
2001-06-13,60.15625,60.875,59.259376525878906,59.950782775878906,35.95329666137695,30776768
2001-06-14,59.557029724121094,59.828125,58.37968826293945,59.38593673706055,35.61455535888672,28833856
2001-06-15,59.078125,59.078125,52.671875,53.197654724121094,31.90336036682129,66734656
2001-06-18,52.8125,53.671875,49.03671646118164,52.08515548706055,31.236169815063477,50334208
2001-06-19,53.125,54.5,51.890625,54.123435974121094,32.45854949951172,44176448
2001-06-20,53.90625,53.90625,51.642967224121094,52.55937576293945,31.520580291748047,41332864
2001-06-21,52.734375,53.984375,52.346092224121094,53.22265625,31.9183406829834,32749120
2001-06-22,53.375,53.875,52.515625,53.62968826293945,32.16244888305664,28011200
2001-06-25,53.296875,53.296875,50.96875,52.08124923706055,31.23381996154785,53216832
2001-06-26,51.71875,57.91093826293945,51.34375,56.08984375,33.63783645629883,57623680
2001-06-27,56.703125,56.703125,53.921875,55.33906173706055,33.187591552734375,38507200
2001-06-28,55.1875,57.109375,54.453125,56.466407775878906,33.863677978515625,37874304
2001-06-29,56.875,59.375,56.875,58.572654724121094,35.12681579589844,40621184
2001-07-02,59.53125,59.53125,55.46875,58.341407775878906,34.988136291503906,10349184
2001-07-03,56.25,56.3125,50.0,51.4609375,30.861833572387695,36732608
2001-07-04,50.375,55.625,50.375,54.189842224121094,32.498382568359375,37540288
2001-07-05,54.921875,55.609375,52.875,54.45781326293945,32.659088134765625,28821504
2001-07-06,53.6875,58.08906173706055,52.924217224121094,56.86249923706055,34.101200103759766,55840448
2001-07-09,55.765625,55.765625,53.515625,54.7265625,32.82027053833008,34657536
2001-07-10,56.17656326293945,56.515625,53.53125,54.736717224121094,32.826351165771484,46978176
2001-07-11,54.0625,60.078125,53.875,58.537498474121094,35.1057243347168,69567552
2001-07-12,59.609375,61.671875,58.75,60.93671798706055,36.544578552246094,60139648
2001-07-13,62.234375,62.33906173706055,56.59375,57.713279724121094,34.6114387512207,59455168
2001-07-16,57.984375,58.885154724121094,56.5,56.732810974121094,34.023441314697266,39718336
2001-07-17,55.46875,58.984375,55.46875,57.455467224121094,34.45682144165039,50187776
2001-07-18,57.625,58.478904724121094,56.8125,57.57890701293945,34.530860900878906,41571712
2001-07-19,56.875,58.28125,56.4140625,57.76718521118164,34.64376449584961,35498048
2001-07-20,58.28125,59.375,56.45781326293945,58.77421951293945,35.247684478759766,55835008
2001-07-23,57.78125,57.796875,55.859375,56.59687423706055,33.94190979003906,2029568
2001-07-24,56.328125,58.234375,56.27109146118164,57.77421951293945,34.647979736328125,32382272
2001-07-25,57.328125,57.953125,56.5,57.59375,34.539756774902344,35721088
2001-07-26,57.40625,58.515625,55.54843521118164,57.056251525878906,34.217411041259766,52569920
2001-07-27,56.91171646118164,57.53125,56.25,56.54218673706055,33.909114837646484,35253888
2001-07-30,56.90937423706055,57.5625,56.64140701293945,57.12578201293945,34.25910186767578,20011712
2001-07-31,57.064842224121094,59.375,56.79765701293945,58.638282775878906,35.16617965698242,30586304
2001-08-01,58.984375,60.140625,56.015625,56.98593521118164,34.17524719238281,42687616
2001-08-02,57.65625,59.921875,57.265625,58.669532775878906,35.18492126464844,38093376
2001-08-03,59.0625,60.921875,58.92578125,60.37968826293945,36.21052169799805,31857024
2001-08-06,60.390625,60.609375,58.703125,59.26171875,35.54006576538086,20862464
2001-08-07,58.625,59.05390548706055,58.21875,58.685157775878906,35.19429016113281,16592640
2001-08-08,58.203125,58.203125,57.11015701293945,57.58203125,34.5327262878418,19657088
2001-08-09,56.424217224121094,57.79218673706055,56.424217224121094,57.54375076293945,34.509761810302734,16467584
2001-08-10,57.421875,57.76484298706055,56.80078125,57.0390625,34.20710372924805,11152384
2001-08-13,57.421875,57.421875,56.13359451293945,56.55234146118164,33.91521072387695,18800576
2001-08-14,56.71875,59.59375,56.5625,59.19218826293945,35.498355865478516,37428032
2001-08-15,59.19218826293945,59.19218826293945,59.19218826293945,59.19218826293945,35.498355865478516,0
2001-08-16,58.4375,59.171875,58.046875,58.6953125,35.200382232666016,19617856
2001-08-17,58.640625,59.060935974121094,56.71875,57.35468673706055,34.39638137817383,18481984
2001-08-20,53.125,58.109375,53.125,57.28828048706055,34.35655212402344,28190848
2001-08-21,57.65625,58.71875,57.53125,58.453125,35.05512619018555,20295552
2001-08-22,58.453125,58.453125,58.453125,58.453125,35.05512619018555,0
2001-08-23,58.40625,59.296875,57.83281326293945,58.83515548706055,35.284244537353516,17717248
2001-08-24,58.61093521118164,59.828125,57.984375,59.47187423706055,35.66609573364258,16439680
2001-08-27,56.25390625,61.53125,56.25390625,61.20703125,36.70669174194336,29598848
2001-08-28,60.15625,61.78125,60.15625,61.46406173706055,36.860836029052734,25300608
2001-08-29,60.66093826293945,60.875,58.28281021118164,58.69218826293945,35.19850158691406,36475264
2001-08-30,59.21875,59.91718673706055,56.421875,57.931251525878906,34.742156982421875,40934464
2001-08-31,57.65625,57.65625,55.046875,55.291404724121094,33.159019470214844,43462592
2001-09-03,55.625,55.82343673706055,52.671875,53.493751525878906,32.08094024658203,51990272
2001-09-04,53.109375,55.703125,52.734375,53.55859375,32.11981201171875,63444928
2001-09-05,52.96875,54.6875,51.6875,52.564842224121094,31.52384376525879,55561984
2001-09-06,52.34375,52.984375,50.9375,51.39609146118164,30.822933197021484,33253632
2001-09-07,51.25,52.65625,50.390625,51.818748474121094,31.076406478881836,43670400
2001-09-10,52.078125,54.53125,51.09062576293945,54.26640701293945,32.5443000793457,50323840
2001-09-11,54.609375,55.234375,53.28125,54.747657775878906,32.832908630371094,46679744
2001-09-12,50.86093521118164,51.515625,49.2734375,49.853904724121094,29.898069381713867,38298368
2001-09-13,49.609375,50.703125,48.515625,49.51171875,29.692848205566406,55163136
2001-09-14,49.0625,49.0625,44.560935974121094,45.424217224121094,27.241519927978516,55850304
2001-09-17,44.984375,44.984375,40.88203048706055,40.88203048706055,24.517501831054688,17588032
2001-09-18,39.84375,43.65625,39.3125,41.54843521118164,24.917160034179688,100096704
2001-09-19,41.234375,42.5,39.40625,40.30859375,24.173606872558594,40674944
2001-09-20,39.046875,39.21406173706055,36.27812576293945,38.58359146118164,23.139097213745117,53192960
2001-09-21,36.25312423706055,36.71875,34.72578048706055,34.72578048706055,20.825525283813477,28133504
2001-09-24,33.984375,37.9375,33.049217224121094,37.5078125,22.493940353393555,47482816
2001-09-25,39.0625,39.796875,37.515625,38.89531326293945,23.326047897338867,55670016
2001-09-26,38.453125,40.390625,37.828125,39.869529724121094,23.910297393798828,52010176
2001-09-27,39.53125,39.53125,36.578125,37.084373474121094,22.239999771118164,40467392
2001-09-28,38.203125,38.25,36.015625,36.98515701293945,22.18050193786621,39388544
2001-10-01,37.484375,37.890625,35.73593521118164,36.35625076293945,21.803333282470703,30558464
2001-10-02,36.35625076293945,36.35625076293945,36.35625076293945,36.35625076293945,21.803333282470703,0
2001-10-03,37.5,37.5,33.71171951293945,34.17734146118164,20.496612548828125,44075392
2001-10-04,35.34921646118164,37.484375,35.34921646118164,37.02031326293945,22.20158576965332,59927808
2001-10-05,37.03125,39.125,36.578125,38.67734146118164,23.195322036743164,55935552
2001-10-08,37.109375,38.28125,35.546875,37.35234451293945,22.400714874267578,46894592
2001-10-09,37.53125,38.65156173706055,37.265625,37.9140625,22.737581253051758,38199360
2001-10-10,39.6875,40.22265625,38.046875,39.18671798706055,23.50079917907715,67315392
2001-10-11,40.625,43.10546875,40.15625,43.10546875,25.85093879699707,42996032
2001-10-12,45.3125,47.08984375,44.0625,46.10468673706055,27.64960289001465,77625792
2001-10-15,48.140625,48.140625,44.73984146118164,45.45859146118164,27.262128829956055,38956224
2001-10-16,45.3125,46.78125,44.53125,46.421875,27.839828491210938,42279872
2001-10-17,46.875,48.40312576293945,46.40625,46.95390701293945,28.15889549255371,43997824
2001-10-18,45.640625,45.64218521118164,44.484375,44.693748474121094,26.870498657226562,31931328
2001-10-19,44.92734146118164,46.796875,44.765625,46.182029724121094,27.765287399291992,43506496
2001-10-22,48.34375,48.4375,46.65625,47.00468826293945,28.2598819732666,42448960
2001-10-23,47.53437423706055,47.96875,46.87578201293945,47.232032775878906,28.396568298339844,31108096
2001-10-24,46.875,47.57343673706055,46.36093521118164,47.2265625,28.393264770507812,53390784
2001-10-25,47.65625,47.65625,47.03125,47.18046951293945,28.36556625366211,31819072
2001-10-26,47.18046951293945,47.18046951293945,47.18046951293945,47.18046951293945,28.36556625366211,0
2001-10-29,47.34375,47.734375,46.95468521118164,47.13671875,28.339262008666992,22941888
2001-10-30,46.30781173706055,47.015625,45.875,46.375,27.881305694580078,51813248
2001-10-31,45.78125,46.25,44.299217224121094,45.56796646118164,27.39609146118164,73453568
2001-11-01,45.55234146118164,46.71875,45.39374923706055,46.19296646118164,27.771869659423828,45274112
2001-11-02,46.5625,46.87109375,44.546875,45.44296646118164,27.320951461791992,61585280
2001-11-05,43.92734146118164,45.296875,43.92656326293945,44.42578125,26.709402084350586,30546496
2001-11-06,45.171875,46.6875,45.171875,46.09062576293945,27.710338592529297,26058368
2001-11-07,46.756248474121094,46.859375,43.78125,44.170310974121094,26.555822372436523,33943424
2001-11-08,44.71875,45.57343673706055,44.14531326293945,44.79843521118164,26.933454513549805,29282368
2001-11-09,45.6875,46.3125,45.08359146118164,45.822654724121094,27.549222946166992,25132288
2001-11-12,46.078125,46.78125,45.421875,46.33124923706055,27.85500144958496,15525248
2001-11-13,46.5625,46.5625,45.09375,45.33203125,27.254257202148438,24560576
2001-11-14,46.09375,46.40625,45.734375,46.16796875,27.7568359375,8900288
2001-11-15,46.32890701293945,50.78515625,46.328125,50.78515625,30.532745361328125,64260928
2001-11-16,50.78515625,50.78515625,50.78515625,50.78515625,30.532745361328125,0
2001-11-19,51.796875,55.86406326293945,51.375,55.86406326293945,33.58624267578125,39461696
2001-11-20,56.71875,57.765625,54.296875,56.209373474121094,33.79386520385742,68126912
2001-11-21,55.49296951293945,55.859375,50.59375,54.8359375,32.9681396484375,48465536
2001-11-22,54.875,56.796875,53.765625,54.42109298706055,32.71871566772461,44250048
2001-11-23,54.5,56.234375,54.381248474121094,55.5234375,33.3814811706543,38425600
2001-11-26,57.03125,61.075782775878906,56.875,61.014060974121094,36.68251419067383,41223616
2001-11-27,65.4625015258789,65.4625015258789,58.59375,58.99609375,35.46928787231445,68089856
2001-11-28,58.4375,60.416404724121094,58.203125,59.61640548706055,35.84222412109375,51204032
2001-11-29,58.47187423706055,61.796875,58.4375,60.825782775878906,36.56930923461914,75322816
2001-11-30,60.825782775878906,60.825782775878906,60.825782775878906,60.825782775878906,36.56930923461914,0
2001-12-03,58.31796646118164,61.34921646118164,58.31796646118164,59.34843826293945,35.68111038208008,37064640
2001-12-04,59.75,63.28125,59.37031173706055,62.27812576293945,37.44248962402344,41452224
2001-12-05,64.8125,66.78125,64.23905944824219,66.4046859741211,39.923423767089844,56921024
2001-12-06,68.71875,73.0453109741211,68.4375,70.546875,42.41377258300781,74881856
2001-12-07,70.3125,72.0140609741211,69.5679702758789,70.8304672241211,42.58427810668945,40283968
2001-12-10,71.109375,71.84375,68.453125,68.85078430175781,41.39406204223633,35611904
2001-12-11,66.875,69.4375,65.5570297241211,66.09765625,39.73884582519531,44337728
2001-12-12,66.375,69.453125,66.375,68.93827819824219,41.44667053222656,46744128
2001-12-13,69.671875,69.671875,64.0625,67.0531234741211,40.31327438354492,52044160
2001-12-14,64.46875,65.9375,64.15625,65.0765609741211,39.12494659423828,27590720
2001-12-17,65.0765609741211,65.0765609741211,65.0765609741211,65.0765609741211,39.12494659423828,0
2001-12-18,66.390625,67.1546859741211,64.40937805175781,66.00077819824219,39.680599212646484,38919232
2001-12-19,65.56953430175781,65.765625,61.28593826293945,62.357032775878906,37.48991394042969,39056960
2001-12-20,61.890625,64.84375,61.19609451293945,64.27265930175781,38.641632080078125,49476032
2001-12-21,63.265625,63.28125,61.12968826293945,62.421875,37.52891159057617,37109760
2001-12-24,62.109375,64.046875,60.79765701293945,63.37578201293945,38.1024169921875,29208768
2001-12-25,63.37578201293945,63.37578201293945,63.37578201293945,63.37578201293945,38.1024169921875,0
2001-12-26,63.65625,64.765625,61.1875,61.78125,37.14376449584961,32219776
2001-12-27,60.78125,62.264060974121094,60.50312423706055,61.076560974121094,36.720088958740234,38225728
2001-12-28,61.01953125,63.5,59.25546646118164,62.998435974121094,37.875545501708984,54474176
2001-12-31,63.125,65.15625,63.046875,63.810157775878906,38.363563537597656,37016000
2002-01-01,64.015625,66.859375,62.44296646118164,63.23359298706055,38.01692581176758,59381504
2002-01-02,62.98906326293945,64.90156555175781,62.290626525878906,63.103904724121094,37.93895721435547,47854528
2002-01-03,64.671875,67.58203125,63.75,66.8101577758789,40.167213439941406,51961664
2002-01-04,68.44062805175781,70.70234680175781,68.359375,70.06327819824219,42.12303161621094,56709376
2002-01-07,71.6875,73.71406555175781,71.09375,73.0335922241211,43.908817291259766,40557120
2002-01-08,74.21875,75.625,72.42655944824219,75.2640609741211,45.24980545043945,54785984
2002-01-09,76.15625,76.15625,68.3851547241211,69.3140640258789,41.6725959777832,59799296
2002-01-10,66.796875,67.78125,65.46875,66.31953430175781,39.872230529785156,80367424
2002-01-11,63.28125,64.84375,59.76874923706055,61.43046951293945,36.93286895751953,72600192
2002-01-14,64.046875,64.78125,62.28593826293945,62.95468521118164,37.84923553466797,47085248
2002-01-15,62.40625,62.453125,60.15625,60.41171646118164,36.320377349853516,45791104
2002-01-16,61.25,62.484375,60.078125,60.72421646118164,36.50825500488281,60796288
2002-01-17,58.20703125,65.140625,58.20703125,64.5062484741211,38.78205490112305,71925696
2002-01-18,65.546875,65.546875,61.09453201293945,61.75546646118164,37.12826156616211,43093184
2002-01-21,62.09375,62.34375,59.859375,61.142967224121094,36.76000213623047,39499264
2002-01-22,61.34375,63.109375,61.17656326293945,62.44062423706055,37.54018783569336,39699968
2002-01-23,61.80156326293945,62.1875,60.19218826293945,60.64921951293945,36.46316146850586,32495232
2002-01-24,62.328125,62.328125,60.15625,60.295310974121094,36.25039291381836,27712192
2002-01-25,60.90625,61.092185974121094,59.375,59.80156326293945,35.95354461669922,36054912
2002-01-28,62.09375,62.09375,58.59531021118164,59.260154724121094,35.62803268432617,31417344
2002-01-29,59.23828125,60.4375,58.63593673706055,58.9765625,35.457550048828125,38412608
2002-01-30,58.59375,58.59375,56.765625,57.30859375,34.454734802246094,41227072
2002-01-31,58.59375,61.234375,58.31640625,60.58906173706055,36.426998138427734,54036416
2002-02-01,61.73749923706055,62.171875,59.0,59.75156021118164,35.92347717285156,40670656
2002-02-04,59.61015701293945,59.61015701293945,57.59375,57.96406173706055,34.84880447387695,33707712
2002-02-05,57.28125,59.140625,56.89218521118164,58.53281021118164,35.19076156616211,34441600
2002-02-06,58.6875,61.71875,58.6875,61.23125076293945,36.81309127807617,33731840
2002-02-07,61.71875,61.875,57.03125,57.39140701293945,34.50453186035156,68846912
2002-02-08,57.34375,59.66875076293945,57.1875,57.75,34.72010803222656,38923904
2002-02-11,59.375,59.83906173706055,58.125,58.5234375,35.18511962890625,38867520
2002-02-12,58.921875,59.49531173706055,58.25156021118164,58.665626525878906,35.270599365234375,26924736
2002-02-13,59.21875,60.365623474121094,58.78125,59.197654724121094,35.59046173095703,42209536
2002-02-14,60.4375,61.328125,59.48515701293945,59.90781021118164,36.01741409301758,21775936
2002-02-15,60.15625,60.53125,59.609375,59.94843673706055,36.041847229003906,21985472
2002-02-18,59.65625,59.65625,57.92343521118164,58.27031326293945,35.032936096191406,22691968
2002-02-19,58.59765625,59.140625,57.46875,57.92499923706055,34.82533645629883,26101504
2002-02-20,56.71875,57.65625,56.421875,57.025779724121094,34.28470230102539,21700800
2002-02-21,58.109375,58.49687576293945,56.953125,57.158592224121094,34.36455154418945,25527616
2002-02-22,56.703125,58.34375,56.4375,57.771873474121094,34.73326110839844,24593024
2002-02-25,57.796875,58.90156173706055,57.22421646118164,58.53281021118164,35.19076156616211,24080192
2002-02-26,58.830467224121094,60.27656173706055,58.671875,59.95390701293945,36.04513168334961,31268096
2002-02-27,60.3125,60.9375,59.375,59.92109298706055,36.02539825439453,30092928
2002-02-28,59.84375,59.84375,54.515625,55.20781326293945,33.19172668457031,54657216
2002-03-01,54.84375,57.015625,54.609375,56.4765625,33.954505920410156,29193024
2002-03-04,57.8125,58.75,56.59687423706055,56.953125,34.24102020263672,32084096
2002-03-05,58.203125,60.68671798706055,58.203125,59.877342224121094,35.99910354614258,57384832
2002-03-06,60.17578125,61.7578125,59.140625,61.278907775878906,36.84174346923828,46348032
2002-03-07,61.87656021118164,65.15547180175781,61.71875,64.47343444824219,38.7623291015625,67763264
2002-03-08,65.3125,66.46875,63.40625,66.1015625,39.74118423461914,67260352
2002-03-11,66.015625,67.109375,64.515625,66.21015930175781,39.80646896362305,66345920
2002-03-12,65.625,66.4749984741211,64.609375,65.4664077758789,39.35933303833008,55556480
2002-03-13,64.6859359741211,65.0757827758789,63.046875,63.37031173706055,38.09912109375,42688128
2002-03-14,62.5,64.046875,62.5,63.122657775878906,37.95022964477539,36547648
2002-03-15,63.125,63.953125,61.90625,62.420310974121094,37.527976989746094,52188032
2002-03-18,63.71406173706055,63.71406173706055,61.90625,62.384376525878906,37.50636291503906,29203072
2002-03-19,62.359375,62.625,61.203125,61.696876525878906,37.09303283691406,33368640
2002-03-20,61.796875,62.234375,60.671875,61.00078201293945,36.674530029296875,33572544
2002-03-21,60.765625,60.765625,59.53125,59.75312423706055,35.924434661865234,21713280
2002-03-22,60.828125,61.0625,59.45390701293945,59.889060974121094,36.00614547729492,37824896
2002-03-25,59.889060974121094,59.889060974121094,59.889060974121094,59.889060974121094,36.00614547729492,0
2002-03-26,59.84375,60.234375,56.97031021118164,57.43828201293945,34.53270721435547,35463232
2002-03-27,62.5,62.5,57.20624923706055,57.50703048706055,34.574031829833984,25979840
2002-03-28,57.65781021118164,59.904685974121094,57.61015701293945,58.571876525878906,35.21424102783203,47676096
2002-03-29,58.571876525878906,58.571876525878906,58.571876525878906,58.571876525878906,35.21424102783203,0
2002-04-01,59.125,59.125,55.174217224121094,55.721092224121094,33.50029754638672,37424832
2002-04-02,55.74531173706055,56.71875,55.232810974121094,55.64140701293945,33.45240020751953,37710784
2002-04-03,55.0,55.46875,54.61796951293945,55.0078125,33.07147979736328,28006400
2002-04-04,54.87890625,57.421875,54.87890625,57.0390625,34.29269027709961,39785664
2002-04-05,57.40625,58.015625,56.328125,56.709373474121094,34.09447479248047,25505152
2002-04-08,57.015625,57.8125,56.44062423706055,56.62578201293945,34.044219970703125,23750016
2002-04-09,56.375,56.78125,54.890625,56.25156021118164,33.8192253112793,38507264
2002-04-10,56.5625,59.359375,55.56796646118164,59.0390625,35.495113372802734,59726784
2002-04-11,59.78125,60.935935974121094,59.40937423706055,60.66093826293945,36.47020721435547,50717504
2002-04-12,59.96406173706055,61.703125,59.424217224121094,60.900001525878906,36.61394119262695,33804032
2002-04-15,60.9375,60.9375,59.375,59.533592224121094,35.79243087768555,23741376
2002-04-16,59.359375,59.984375,58.828125,59.56718826293945,35.81262969970703,24408512
2002-04-17,60.314842224121094,62.15625,60.314842224121094,61.80390548706055,37.15737533569336,39309184
2002-04-18,61.875,62.484375,61.09375,61.900001525878906,37.21514892578125,20418880
2002-04-19,61.71875,61.99687576293945,59.6875,60.170310974121094,36.175235748291016,29110336
2002-04-22,60.3125,62.03125,59.015625,61.575782775878906,37.020225524902344,30009600
2002-04-23,56.875,61.701560974121094,56.875,61.390625,36.90891647338867,32510208
2002-04-24,60.859375,61.47578048706055,60.234375,60.685935974121094,36.48524475097656,19379840
2002-04-25,60.45000076293945,60.46875,58.84843826293945,59.30937576293945,35.65763473510742,16325056
2002-04-26,59.453125,59.920310974121094,58.984375,59.466407775878906,35.75202941894531,15962560
2002-04-29,59.21875,59.34375,56.59375,56.79765701293945,34.147560119628906,25777664
2002-04-30,56.875,58.15625,56.65937423706055,57.56328201293945,34.60785675048828,22117888
2002-05-01,57.56328201293945,57.56328201293945,57.56328201293945,57.56328201293945,34.60785675048828,0
2002-05-02,58.125,59.140625,58.125,58.560157775878906,35.20720291137695,19447552
2002-05-03,58.12031173706055,59.140625,57.89609146118164,58.653907775878906,35.2635612487793,12833344
2002-05-06,58.671875,58.74687576293945,57.890625,58.25546646118164,35.02401351928711,11473408
2002-05-07,57.71875,58.46875,57.1875,58.14609146118164,34.958248138427734,12131328
2002-05-08,58.61249923706055,59.75,58.59375,59.474998474121094,35.7572021484375,17206272
2002-05-09,61.03125,61.71875,59.45781326293945,60.04218673706055,36.098209381103516,19235264
2002-05-10,59.453125,60.140625,58.67265701293945,59.57734298706055,35.81874465942383,12516096
2002-05-13,59.453125,60.15625,58.90625,59.846092224121094,35.98031997680664,10276352
2002-05-14,60.5,60.61640548706055,59.23749923706055,60.02031326293945,36.08504867553711,16525824
2002-05-15,60.15625,61.53125,60.15625,60.50703048706055,36.377681732177734,34005760
2002-05-16,60.65625,60.703125,59.1484375,59.52265548706055,35.785865783691406,17889088
2002-05-17,59.53125,59.90625,58.4375,59.09531021118164,35.52893829345703,19457344
2002-05-20,58.59375,59.994529724121094,58.59375,59.025001525878906,35.48666000366211,25773184
2002-05-21,56.65937423706055,58.203125,55.9375,56.46015548706055,34.057334899902344,30125440
2002-05-22,55.9375,57.625,55.546875,57.046875,34.41123962402344,31285632
2002-05-23,57.03125,57.34375,56.203125,56.889060974121094,34.3160514831543,18053120
2002-05-24,58.05078125,59.375,57.78125,59.060157775878906,35.62569046020508,20045184
2002-05-27,58.921875,58.984375,57.265625,57.59531021118164,34.7420654296875,19675584
2002-05-28,57.328125,57.328125,54.703125,54.91171646118164,33.123294830322266,31493312
2002-05-29,54.873435974121094,56.0,53.90625,55.385154724121094,33.40888214111328,46020928
2002-05-30,54.921875,55.78125,54.71875,55.39765548706055,33.416419982910156,21895872
2002-05-31,55.0,55.390625,52.37968826293945,52.946876525878906,31.93810272216797,45376704
2002-06-03,53.421875,53.826560974121094,51.34531021118164,52.02656173706055,31.38294219970703,38760000
2002-06-04,51.328125,52.34375,51.328125,52.060935974121094,31.403682708740234,28173440
2002-06-05,52.32500076293945,54.34375,52.32500076293945,53.787498474121094,32.445167541503906,36407872
2002-06-06,54.01874923706055,54.515625,52.91171646118164,53.41015625,32.21754837036133,33779456
2002-06-07,52.34375,52.34375,50.625,50.72578048706055,30.59829330444336,47699456
2002-06-10,51.578125,53.109375,51.578125,52.744529724121094,31.816030502319336,27366592
2002-06-11,53.90625,55.46875,53.75,55.166404724121094,33.27693176269531,29698560
2002-06-12,55.234375,55.234375,53.921875,54.353126525878906,32.78635787963867,18887680
2002-06-13,54.86249923706055,55.15625,53.77109146118164,54.05781173706055,32.60821533203125,17408576
2002-06-14,53.90625,53.982810974121094,52.77109146118164,52.971092224121094,31.952699661254883,19107968
2002-06-17,53.20468521118164,53.8125,52.50156021118164,52.82109451293945,31.86221694946289,19762240
2002-06-18,53.4375,53.5625,51.11406326293945,51.3515625,30.975778579711914,29418944
2002-06-19,51.078125,51.63984298706055,48.921875,49.23828125,29.70103645324707,55495616
2002-06-20,48.828125,51.234375,48.828125,50.935935974121094,30.72508430480957,41968640
2002-06-21,50.537498474121094,50.537498474121094,48.765625,49.05546951293945,29.590747833251953,34686080
2002-06-24,48.71875,50.115623474121094,48.36328125,49.81171798706055,30.04693031311035,34772736
2002-06-25,50.17499923706055,50.453125,48.984375,49.93437576293945,30.120920181274414,40680960
2002-06-26,49.0625,49.29765701293945,47.69218826293945,47.959373474121094,28.929582595825195,42938944
2002-06-27,48.203125,49.9765625,48.203125,49.549217224121094,29.888595581054688,48195712
2002-06-28,50.17343521118164,51.484375,50.17343521118164,51.25703048706055,30.918760299682617,32555328
2002-07-01,51.5625,52.140625,51.0,51.84531021118164,31.27361297607422,27086208
2002-07-02,51.06796646118164,51.484375,50.609375,51.00390625,30.76607894897461,26694464
2002-07-03,50.93906021118164,53.029685974121094,50.93906021118164,52.80859375,31.854684829711914,39028032
2002-07-04,53.33281326293945,53.859375,52.078125,52.47421646118164,31.65298080444336,38403712
2002-07-05,52.65625,53.514060974121094,52.203125,53.287498474121094,32.1435661315918,25354688
2002-07-08,53.95781326293945,54.21875,53.12578201293945,53.546875,32.300018310546875,25224064
2002-07-09,53.515625,53.58906173706055,52.82968521118164,52.98593521118164,31.961658477783203,20608000
2002-07-10,53.91093826293945,54.375,51.81718826293945,52.088279724121094,31.420181274414062,50155200
2002-07-11,51.54218673706055,51.859375,50.9375,51.58984375,31.11951446533203,34490048
2002-07-12,51.97421646118164,52.34375,51.587501525878906,51.88359451293945,31.296716690063477,24250432
2002-07-15,51.484375,51.484375,50.205467224121094,50.73593521118164,30.604440689086914,22052608
2002-07-16,50.46875,51.15625,49.34765625,49.509376525878906,29.864551544189453,37083136
2002-07-17,49.34375,50.234375,48.80156326293945,49.75859451293945,30.014888763427734,30291904
2002-07-18,50.5625,50.5625,49.41875076293945,50.118751525878906,30.232141494750977,36041792
2002-07-19,49.53125,49.67109298706055,49.010154724121094,49.46953201293945,29.84052848815918,19835584
2002-07-22,48.75,48.75,47.90781021118164,48.271873474121094,29.118087768554688,32212608
2002-07-23,47.84921646118164,50.4375,47.84921646118164,50.19140625,30.275957107543945,37871680
2002-07-24,49.21875,49.53125,47.74296951293945,48.006248474121094,28.957849502563477,38318400
2002-07-25,49.21875,49.671875,48.01718521118164,48.49609375,29.25333023071289,40477504
2002-07-26,47.34062576293945,47.625,46.484375,47.13203048706055,28.430519104003906,43441472
2002-07-29,47.63593673706055,47.63593673706055,46.56406021118164,46.94453048706055,28.317411422729492,32498816
2002-07-30,47.96875,48.982032775878906,47.15625,47.47343826293945,28.63645362854004,47862272
2002-07-31,46.75468826293945,48.109375,46.486717224121094,47.396873474121094,28.590274810791016,37706880
2002-08-01,47.8125,48.15625,47.28281021118164,47.73749923706055,28.795747756958008,29534016
2002-08-02,47.109375,47.265625,45.890625,46.94921875,28.320247650146484,37549888
2002-08-05,47.34375,48.578125,47.203125,48.17890548706055,29.062000274658203,29216704
2002-08-06,47.5,49.29375076293945,47.34375,48.91015625,29.503097534179688,27908544
2002-08-07,49.84375,49.84375,48.59531021118164,48.90937423706055,29.502628326416016,30529792
2002-08-08,48.90625,49.428123474121094,48.203125,48.42734146118164,29.211862564086914,32257728
2002-08-09,49.060935974121094,49.764060974121094,47.84843826293945,49.41093826293945,29.8051815032959,46943936
2002-08-12,49.453125,50.62421798706055,49.140625,50.43828201293945,30.42487907409668,37460928
2002-08-13,50.2421875,50.765625,50.125,50.45234298706055,30.433366775512695,20659456
2002-08-14,49.99531173706055,50.07421875,49.243751525878906,49.36640548706055,29.778316497802734,24419776
2002-08-15,49.36640548706055,49.36640548706055,49.36640548706055,49.36640548706055,29.778316497802734,0
2002-08-16,49.86406326293945,50.39140701293945,49.73593521118164,50.171875,30.264171600341797,22782144
2002-08-19,50.39140701293945,50.68281173706055,50.166404724121094,50.44296646118164,30.427703857421875,23862720
2002-08-20,50.81406021118164,52.62968826293945,50.71875,51.92343521118164,31.32073974609375,35347648
2002-08-21,51.56328201293945,53.203125,51.56328201293945,52.99140548706055,31.964956283569336,44908736
2002-08-22,53.28671646118164,53.625,52.4375,52.67656326293945,31.77503776550293,37726144
2002-08-23,52.89453125,55.390625,52.89453125,55.203125,33.2990837097168,83209536
2002-08-26,53.109375,54.997657775878906,53.109375,54.50859451293945,32.8801383972168,38972928
2002-08-27,54.38046646118164,55.46875,53.25,53.45624923706055,32.24535369873047,69991616
2002-08-28,53.125,53.875,52.70624923706055,53.544532775878906,32.2985954284668,35725504
2002-08-29,53.1875,55.31171798706055,53.07109451293945,54.4921875,32.87024688720703,56262848
2002-08-30,54.640625,56.79218673706055,54.375,56.318748474121094,33.9720458984375,48156160
2002-09-02,56.95781326293945,57.25,55.64453125,55.904685974121094,33.72228240966797,35940608
2002-09-03,55.60625076293945,55.625,54.41093826293945,54.60468673706055,32.9380989074707,36863232
2002-09-04,53.88750076293945,54.96875,53.462501525878906,54.732032775878906,33.01490783691406,42330432
2002-09-05,54.69296646118164,56.40546798706055,54.6875,55.96484375,33.75856018066406,58222144
2002-09-06,55.34375,55.828125,54.47421646118164,55.19140625,33.29200744628906,51598848
2002-09-09,55.43437576293945,56.716407775878906,54.390625,56.283592224121094,33.95082473754883,43699968
2002-09-10,56.283592224121094,56.283592224121094,56.283592224121094,56.283592224121094,33.95082473754883,0
2002-09-11,56.640625,57.93281173706055,56.640625,57.682029724121094,34.79438781738281,45339776
2002-09-12,57.342185974121094,57.578125,56.671875,56.950782775878906,34.35329818725586,26804352
2002-09-13,56.375,56.375,55.56406021118164,55.7890625,33.65253448486328,27315648
2002-09-16,55.62812423706055,56.092185974121094,54.859375,55.63046646118164,33.556854248046875,33621952
2002-09-17,55.97421646118164,57.5625,55.97421646118164,57.32500076293945,34.57902145385742,43982464
2002-09-18,56.73906326293945,56.73906326293945,55.578125,55.756248474121094,33.63274383544922,47365760
2002-09-19,55.703125,55.78125,54.42265701293945,54.62187576293945,32.948463439941406,46434112
2002-09-20,53.125,54.984375,53.125,54.78593826293945,33.04743194580078,37551744
2002-09-23,54.84375,55.07500076293945,54.171875,54.4296875,32.83253860473633,29428416
2002-09-24,53.51484298706055,53.85859298706055,52.736717224121094,53.19609451293945,32.08842086791992,39022336
2002-09-25,52.03125,54.296875,52.03125,54.19218826293945,32.68927001953125,42394944
2002-09-26,54.65625,55.140625,54.08281326293945,54.353904724121094,32.786827087402344,34179392
2002-09-27,54.486717224121094,55.11328125,54.486717224121094,54.82109451293945,33.06864547729492,44959616
2002-09-30,54.248435974121094,54.60625076293945,52.89218521118164,53.22578048706055,32.10633087158203,37461184
2002-10-01,52.9375,53.53125,52.34375,53.232810974121094,32.11057662963867,46234880
2002-10-02,53.232810974121094,53.232810974121094,53.232810974121094,53.232810974121094,32.11057662963867,0
2002-10-03,53.4375,54.3125,53.21875,54.17499923706055,32.67891311645508,40588288
2002-10-04,54.14453125,55.02734375,53.84687423706055,54.69453048706055,32.992286682128906,40793152
2002-10-07,54.453125,54.60078048706055,53.765625,53.98828125,32.5662841796875,26232256
2002-10-08,53.671875,55.75,53.52421951293945,55.43281173706055,33.43763732910156,49633408
2002-10-09,55.88359451293945,56.375,53.98828125,54.33124923706055,32.77316665649414,51109952
2002-10-10,54.70468521118164,57.015625,53.962501525878906,56.73828125,34.22511672973633,115910336
2002-10-11,56.75312423706055,59.375,56.75312423706055,58.924217224121094,35.54368209838867,70623808
2002-10-14,59.06718826293945,60.578125,58.53281021118164,59.69921875,36.01118087768555,72795648
2002-10-15,59.69921875,59.69921875,59.69921875,59.69921875,36.01118087768555,0
2002-10-16,60.78125,61.046875,58.28281021118164,58.57890701293945,35.33539581298828,68785472
2002-10-17,58.47187423706055,60.109375,58.15781021118164,59.81328201293945,36.07997512817383,63703872
2002-10-18,60.46875,60.90625,59.58124923706055,59.921875,36.145484924316406,52909376
2002-10-21,60.08359146118164,60.46875,59.205467224121094,59.825782775878906,36.087520599365234,47170176
2002-10-22,60.125,60.375,59.31562423706055,59.54218673706055,35.916446685791016,46875008
2002-10-23,59.08359146118164,59.84062576293945,58.84453201293945,59.349998474121094,35.80051040649414,43332288
2002-10-24,59.82500076293945,59.82500076293945,58.765625,59.11093521118164,35.65631103515625,38613440
2002-10-25,58.950782775878906,59.05781173706055,58.28281021118164,58.662498474121094,35.38581466674805,38481344
2002-10-28,58.75390625,59.203125,58.299217224121094,58.553123474121094,35.31983947753906,26654208
2002-10-29,58.201560974121094,59.46875,57.89374923706055,59.28281021118164,35.75999069213867,45538368
2002-10-30,58.984375,59.65156173706055,58.846092224121094,59.1796875,35.81578826904297,31792320
2002-10-31,59.375,60.04218673706055,58.828125,59.326560974121094,35.904666900634766,42567680
2002-11-01,59.375,60.859375,59.375,60.4453125,36.581756591796875,43334784
2002-11-04,60.859375,61.703125,60.640625,61.34296798706055,37.1250114440918,15291712
2002-11-05,61.953125,63.592185974121094,61.615623474121094,63.26171875,38.286251068115234,60623104
2002-11-06,63.26171875,63.26171875,63.26171875,63.26171875,38.286251068115234,0
2002-11-07,62.79218673706055,64.27656555175781,62.50468826293945,63.26250076293945,38.28672409057617,86927232
2002-11-08,62.484375,62.78125,61.978126525878906,62.45703125,37.79923629760742,35027328
2002-11-11,62.28125,62.40625,61.2109375,61.61484146118164,37.2895622253418,36256064
2002-11-12,60.9375,61.697654724121094,60.724998474121094,61.55937576293945,37.25598907470703,33467328
2002-11-13,61.6484375,62.34375,61.6484375,61.99921798706055,37.52216720581055,39895488
2002-11-14,62.22343826293945,65.078125,62.12812423706055,64.3765640258789,38.960960388183594,57805120
2002-11-15,65.17655944824219,68.359375,65.17655944824219,67.3812484741211,40.77939987182617,74473344
2002-11-18,67.1875,67.1875,65.65937805175781,66.48828125,40.238975524902344,59826560
2002-11-19,66.48828125,66.48828125,66.48828125,66.48828125,40.238975524902344,0
2002-11-20,66.08906555175781,69.203125,66.01953125,68.87890625,41.685787200927734,102082368
2002-11-21,70.3125,70.99687194824219,69.453125,70.7320327758789,42.80731201171875,79159296
2002-11-22,71.83906555175781,73.01094055175781,71.48750305175781,72.34687805175781,43.784629821777344,93242560
2002-11-25,71.83906555175781,71.953125,70.9703140258789,71.2757797241211,43.13638687133789,57428288
2002-11-26,70.953125,71.796875,69.84375,70.33906555175781,42.56948471069336,60546688
2002-11-27,70.46875,71.671875,69.3125,69.55546569824219,42.095252990722656,87585664
2002-11-28,70.765625,71.703125,70.35234069824219,71.4390640258789,43.23520278930664,66792192
2002-11-29,71.3125,71.875,70.0999984741211,71.22265625,43.10424041748047,41319488
2002-12-02,71.625,72.96875,71.328125,72.59765625,43.93639373779297,46553024
2002-12-03,72.1875,72.875,70.9554672241211,71.24140930175781,43.115577697753906,57039872
2002-12-04,70.703125,70.703125,68.5960922241211,68.9554672241211,41.73212432861328,63060288
2002-12-05,68.97578430175781,70.27656555175781,68.96875,69.3492202758789,41.970436096191406,47861760
2002-12-06,69.53125,71.23359680175781,69.3140640258789,70.76249694824219,42.82575225830078,48366144
2002-12-09,72.65625,74.203125,70.71875,71.52030944824219,43.284385681152344,96934272
2002-12-10,70.640625,70.90625,68.9375,70.50077819824219,42.66736602783203,58733760
2002-12-11,71.25703430175781,73.65625,71.140625,73.12812805175781,44.25743865966797,100537024
2002-12-12,73.68046569824219,75.65625,73.4609375,75.44140625,45.65743637084961,85993216
2002-12-13,75.390625,75.484375,72.734375,73.00077819824219,44.180355072021484,76834688
2002-12-16,73.671875,73.671875,71.296875,71.48515319824219,43.26308822631836,52601728
2002-12-17,72.484375,72.6578140258789,71.109375,71.4437484741211,43.238037109375,41560768
2002-12-18,71.171875,72.32421875,70.9375,71.43827819824219,43.23473358154297,48287360
2002-12-19,71.79374694824219,71.87577819824219,71.03984069824219,71.46406555175781,43.25034713745117,43798720
2002-12-20,71.8828125,72.96797180175781,71.75859069824219,72.11640930175781,43.6451416015625,53898944
2002-12-23,72.19062805175781,72.6468734741211,71.265625,71.88984680175781,43.50802230834961,34117568
2002-12-24,71.875,73.40625,71.484375,73.2640609741211,44.33970260620117,48553984
2002-12-25,73.2640609741211,73.2640609741211,73.2640609741211,73.2640609741211,44.33970260620117,0
2002-12-26,73.6234359741211,74.8125,73.4375,74.19453430175781,44.902835845947266,46062272
2002-12-27,74.30546569824219,75.109375,74.25,74.4976577758789,45.08628845214844,38477376
2002-12-30,73.984375,74.27656555175781,73.1328125,74.09375,44.84184646606445,33077440
2002-12-31,74.0,74.96875,73.875,74.58280944824219,45.13780975341797,38066752
2003-01-01,74.6875,75.3890609741211,74.6109390258789,74.98515319824219,45.381324768066406,32066112
2003-01-02,75.53125,75.60078430175781,73.59297180175781,73.78828430175781,44.6569709777832,42260032
2003-01-03,74.84375,75.375,74.21875,75.00468444824219,45.39314651489258,60483072
2003-01-06,75.515625,75.76094055175781,74.484375,75.03593444824219,45.41204071044922,51750400
2003-01-07,75.6781234741211,76.12031555175781,74.0093765258789,74.28202819824219,44.95578384399414,57016320
2003-01-08,74.71875,75.296875,74.3851547241211,74.8226547241211,45.28296661376953,41112960
2003-01-09,75.0,75.21875,74.625,74.9749984741211,45.37516784667969,31291392
2003-01-10,75.15625,75.15625,68.7679672241211,69.50468444824219,42.06451416015625,123995904
2003-01-13,69.046875,69.046875,66.6640625,67.13594055175781,40.63093948364258,77507200
2003-01-14,66.953125,69.875,66.9085922241211,69.49609375,42.0593147277832,76166208
2003-01-15,70.4375,72.3343734741211,70.02030944824219,72.0609359741211,43.611568450927734,93352256
2003-01-16,71.53125,72.671875,70.93827819824219,72.0296859741211,43.5926628112793,41649024
2003-01-17,71.53125,72.96562194824219,71.34375,72.19062805175781,43.690067291259766,56276544
2003-01-20,72.02656555175781,72.02656555175781,70.578125,70.7679672241211,42.82905578613281,25981632
2003-01-21,70.921875,71.046875,69.7265625,69.89140319824219,42.298545837402344,29442688
2003-01-22,70.3125,71.078125,69.71875,70.2796859741211,42.533546447753906,32516288
2003-01-23,69.84375,70.125,68.90625,69.1851577758789,41.87113952636719,31185280
2003-01-24,70.5484390258789,70.5484390258789,68.2210922241211,68.50468444824219,41.45930862426758,62248576
2003-01-27,67.72969055175781,67.890625,66.59375,67.1148452758789,40.6181755065918,39281216
2003-01-28,67.1859359741211,67.96406555175781,66.640625,67.3109359741211,40.73685073852539,45866368
2003-01-29,67.8125,67.8125,65.3125,65.67109680175781,39.744415283203125,50043776
2003-01-30,66.015625,67.328125,65.3335952758789,66.55155944824219,40.27726364135742,60421760
2003-01-31,65.8148422241211,67.65625,65.8125,67.19062805175781,40.66404724121094,31424896
2003-02-03,65.94140625,69.140625,65.94140625,68.91015625,41.704708099365234,36261888
2003-02-04,69.36640930175781,69.5,68.0648422241211,68.8671875,41.6786994934082,32406528
2003-02-05,68.4359359741211,69.140625,67.46875,68.8023452758789,41.63946533203125,33350848
2003-02-06,68.734375,71.01094055175781,68.45703125,70.5921859741211,42.72267532348633,36238144
2003-02-07,70.3125,70.75,69.765625,70.11796569824219,42.4356803894043,31858560
2003-02-10,69.6875,69.99531555175781,67.00312805175781,67.2710952758789,40.712745666503906,43655168
2003-02-11,67.78125,68.203125,66.0492172241211,66.3023452758789,40.12643051147461,54007296
2003-02-12,66.40625,66.64140319824219,64.86015319824219,65.2210922241211,39.47206497192383,56339200
2003-02-13,65.2210922241211,65.2210922241211,65.2210922241211,65.2210922241211,39.47206497192383,0
2003-02-14,65.3125,66.28125,64.3765640258789,64.85859680175781,39.25269317626953,54123776
2003-02-17,66.5835952758789,67.0703125,65.95703125,66.5679702758789,40.287200927734375,51686720
2003-02-18,67.03125,67.14765930175781,65.8125,66.3046875,40.12787628173828,43271296
2003-02-19,66.796875,67.71875,65.78125,66.21406555175781,40.073020935058594,48530816
2003-02-20,65.9375,66.6312484741211,65.1578140258789,66.4296875,40.20351791381836,38198592
2003-02-21,66.3125,66.80937194824219,65.7203140258789,66.0140609741211,39.95197677612305,35078080
2003-02-24,66.42578125,66.734375,65.64375305175781,65.85859680175781,39.857887268066406,28459904
2003-02-25,65.2367172241211,65.27812194824219,64.296875,64.4390640258789,38.99879455566406,35228864
2003-02-26,64.765625,64.984375,63.625,63.83515548706055,38.633296966552734,36492416
2003-02-27,63.803123474121094,65.0625,63.59921646118164,64.1460952758789,38.82147216796875,44340608
2003-02-28,68.203125,68.203125,64.21952819824219,66.9593734741211,40.524078369140625,66299904
2003-03-03,67.2835922241211,67.5,65.7109375,65.9820327758789,39.932594299316406,44389248
2003-03-04,65.46015930175781,65.5625,64.640625,64.88984680175781,39.27159881591797,30929984
2003-03-05,64.2203140258789,65.52812194824219,63.94062423706055,65.296875,39.51792526245117,40163584
2003-03-06,65.296875,65.296875,63.82968521118164,64.02812194824219,38.75007629394531,37748800
2003-03-07,63.359375,63.484375,62.37890625,62.84531021118164,38.034236907958984,38211200
2003-03-10,56.015625,63.63593673706055,56.015625,63.09453201293945,38.185054779052734,46785024
2003-03-11,62.78125,64.76094055175781,62.578125,64.48124694824219,39.024314880371094,45810944
2003-03-12,64.2437515258789,64.81172180175781,62.671875,62.89218521118164,38.062599182128906,45766912
2003-03-13,63.14921951293945,64.1875,62.70624923706055,63.52031326293945,38.4427490234375,43299264
2003-03-14,63.52031326293945,63.52031326293945,63.52031326293945,63.52031326293945,38.4427490234375,0
2003-03-17,63.46875,63.65625,61.81718826293945,63.05156326293945,38.1590690612793,45345088
2003-03-18,63.05156326293945,63.05156326293945,63.05156326293945,63.05156326293945,38.1590690612793,0
2003-03-19,63.296875,65.734375,63.25,65.44062805175781,39.60492706298828,61463040
2003-03-20,65.078125,68.75,65.078125,68.1390609741211,41.238033294677734,71270784
2003-03-21,68.234375,69.53125,67.6148452758789,68.9437484741211,41.72502517700195,55244672
2003-03-24,69.3499984741211,69.640625,68.0625,68.39765930175781,41.394535064697266,55051712
2003-03-25,67.578125,67.578125,66.17655944824219,66.62109375,40.319358825683594,53456768
2003-03-26,67.34375,67.62031555175781,66.28125,66.55937194824219,40.28200149536133,36913088
2003-03-27,66.328125,67.3109359741211,65.8929672241211,67.02734375,40.565216064453125,41770816
2003-03-28,66.5625,67.1875,66.109375,66.7367172241211,40.38932418823242,34597248
2003-03-31,65.6429672241211,65.9375,62.671875,63.325782775878906,38.32501983642578,46685696
2003-04-01,62.734375,64.953125,62.734375,63.41484451293945,38.3789176940918,51766784
2003-04-02,63.75390625,65.203125,63.28671646118164,64.57344055175781,39.08011245727539,43910656
2003-04-03,65.62422180175781,67.5,65.16093444824219,67.1070327758789,40.61343765258789,75072832
2003-04-04,66.921875,67.40625,65.87812805175781,67.11250305175781,40.616756439208984,53412800
2003-04-07,67.203125,68.75,66.93046569824219,68.4828109741211,41.446075439453125,46957184
2003-04-08,67.83280944824219,67.83280944824219,65.83203125,66.1328125,40.02384567260742,46038592
2003-04-09,65.59062194824219,65.59062194824219,64.41484069824219,64.87422180175781,39.262142181396484,46810240
2003-04-10,64.0625,64.0625,47.171875,47.65234375,28.839399337768555,211021376
2003-04-11,45.125,45.125,35.9375,41.45859146118164,25.090904235839844,276615040
2003-04-14,41.45859146118164,41.45859146118164,41.45859146118164,41.45859146118164,25.090904235839844,0
2003-04-15,42.96875,45.52656173706055,42.96875,44.68281173706055,27.04222297668457,151209472
2003-04-16,44.27656173706055,47.5625,44.27656173706055,47.2578125,28.600618362426758,115537088
2003-04-17,44.921875,46.53125,44.0625,46.303123474121094,28.0228271484375,98323200
2003-04-18,46.303123474121094,46.303123474121094,46.303123474121094,46.303123474121094,28.0228271484375,0
2003-04-21,47.265625,47.5,45.62812423706055,45.821876525878906,27.731586456298828,56817536
2003-04-22,46.05781173706055,46.15625,44.734375,45.62031173706055,27.60959815979004,60418304
2003-04-23,46.28125,46.5,44.77031326293945,45.046875,27.262548446655273,48633472
2003-04-24,44.795310974121094,46.84375,44.53125,45.278907775878906,27.402971267700195,75865728
2003-04-25,44.84375,45.890625,44.39921951293945,45.467185974121094,27.51692771911621,35400448
2003-04-28,45.47265625,45.734375,44.84375,45.200782775878906,27.355693817138672,38235776
2003-04-29,45.9375,46.09375,44.31718826293945,44.80234146118164,27.11455726623535,43982080
2003-04-30,44.53125,44.671875,43.015625,43.540626525878906,26.350971221923828,51476352
2003-05-01,43.540626525878906,43.540626525878906,43.540626525878906,43.540626525878906,26.350971221923828,0
2003-05-02,44.04218673706055,45.78125,43.90625,45.53437423706055,27.557580947875977,63601792
2003-05-05,44.0625,46.703125,44.0625,46.037498474121094,27.862079620361328,50768960
2003-05-06,46.078125,47.96875,45.2109375,46.59062576293945,28.196834564208984,88804352
2003-05-07,46.5625,47.46875,46.359375,47.2421875,28.591167449951172,55778368
2003-05-08,46.71562576293945,47.87031173706055,46.20859146118164,46.49687576293945,28.140098571777344,52410880
2003-05-09,46.09375,46.404685974121094,45.41484451293945,45.72187423706055,27.67106056213379,41512768
2003-05-12,46.21875,46.32890701293945,43.04999923706055,43.47343826293945,26.310302734375,72951360
2003-05-13,43.90625,45.232810974121094,43.90625,44.915626525878906,27.18311882019043,42925440
2003-05-14,44.84375,45.296875,44.265625,44.771873474121094,27.096105575561523,38633408
2003-05-15,45.0,45.21406173706055,44.296875,45.056251525878906,27.268232345581055,36534016
2003-05-16,45.928123474121094,46.95000076293945,45.42734146118164,46.78203201293945,28.31267547607422,60834304
2003-05-19,47.28125,47.609375,43.36093521118164,43.60546875,26.39020347595215,97496320
2003-05-20,43.5625,44.9375,42.59921646118164,44.58906173706055,26.985485076904297,83440448
2003-05-21,44.984375,45.671875,43.28593826293945,43.56718826293945,26.36703872680664,82427008
2003-05-22,43.4375,43.4375,41.71796798706055,42.04218673706055,25.444095611572266,67289216
2003-05-23,42.37890625,42.71875,40.625,40.8125,24.69988250732422,84907968
2003-05-26,40.912498474121094,41.52656173706055,40.171875,41.138282775878906,24.897056579589844,51406784
2003-05-27,41.015625,42.078125,40.40625,40.8203125,24.70461654663086,58359424
2003-05-28,41.435935974121094,43.125,41.193748474121094,42.90937423706055,26.113868713378906,67304960
2003-05-29,42.90937423706055,43.97968673706055,42.44218826293945,43.275001525878906,26.33637809753418,68530560
2003-05-30,43.421875,43.578125,41.57890701293945,41.78437423706055,25.4292049407959,48566848
2003-06-02,42.96875,44.140625,42.346092224121094,43.919532775878906,26.72863006591797,44774080
2003-06-03,44.5,44.5,42.1875,42.58906173706055,25.918914794921875,48931648
2003-06-04,43.046875,43.59375,42.890625,43.18671798706055,26.282651901245117,34656832
2003-06-05,44.17343521118164,45.296875,44.17343521118164,44.68437576293945,27.19409942626953,51236992
2003-06-06,45.03125,46.63984298706055,44.99921798706055,46.07734298706055,28.041833877563477,58527936
2003-06-09,45.34375,46.859375,45.0,46.38359451293945,28.228208541870117,40497024
2003-06-10,46.09375,46.295310974121094,44.703125,44.92343521118164,27.339580535888672,51281472
2003-06-11,45.47343826293945,46.46875,45.2265625,45.919532775878906,27.94579315185547,67313600
2003-06-12,46.28515625,46.640625,46.053123474121094,46.404685974121094,28.24104118347168,38948288
2003-06-13,46.546875,46.6875,45.78203201293945,46.424217224121094,28.252939224243164,50022016
2003-06-16,45.93281173706055,46.078125,45.20781326293945,45.57890701293945,27.738492965698242,34414400
2003-06-17,46.64453125,48.4375,46.64453125,48.321876525878906,29.407821655273438,71782848
2003-06-18,48.34375,48.435157775878906,47.462501525878906,47.87031173706055,29.133014678955078,47006144
2003-06-19,47.265625,47.8125,47.203125,47.54999923706055,28.93807029724121,23553536
2003-06-20,45.78125,48.4375,45.78125,47.72343826293945,29.04361343383789,54427072
2003-06-23,48.05234146118164,49.05156326293945,47.734375,48.353904724121094,29.42731285095215,60149312
2003-06-24,47.28125,49.4140625,47.28125,49.131248474121094,29.90037727355957,73830848
2003-06-25,49.23593521118164,49.58906173706055,48.765625,49.07500076293945,29.866146087646484,43754368
2003-06-26,49.0703125,50.98359298706055,49.0703125,50.609375,30.799942016601562,66023040
2003-06-27,51.48828125,52.328125,51.11093521118164,52.03671646118164,31.66860008239746,45468864
2003-06-30,52.10468673706055,52.18906021118164,50.90625,51.15625,31.132766723632812,46577472
2003-07-01,51.19140625,52.265625,51.14453125,51.61093521118164,31.40947723388672,52464576
2003-07-02,52.328125,52.34375,49.21875,49.52421951293945,30.13953971862793,54311424
2003-07-03,51.5625,51.5625,44.78125,48.728126525878906,29.655052185058594,114863424
2003-07-04,48.51093673706055,48.80781173706055,47.36249923706055,48.37578201293945,29.440616607666016,44229056
2003-07-07,48.2890625,48.734375,47.265625,48.36249923706055,29.432533264160156,47715840
2003-07-08,49.046875,50.90156173706055,48.134376525878906,50.62968826293945,30.81231117248535,84823040
2003-07-09,50.546875,51.546875,50.1875,50.80234146118164,30.91738510131836,51177536
2003-07-10,54.6875,57.71875,54.6875,56.66875076293945,34.487571716308594,130798400
2003-07-11,55.921875,56.046875,54.5703125,54.92109298706055,33.423980712890625,71093952
2003-07-14,55.859375,56.01093673706055,54.064842224121094,54.48828125,33.16057586669922,41390464
2003-07-15,53.90625,54.296875,52.525001525878906,53.23515701293945,32.39794921875,43521536
2003-07-16,54.09921646118164,54.33906173706055,53.314842224121094,53.83984375,32.76593780517578,36879232
2003-07-17,55.703125,55.703125,53.75,54.115623474121094,32.93379211425781,46267968
2003-07-18,52.578125,53.65625,52.34375,52.95859146118164,32.22964096069336,41344768
2003-07-21,53.125,53.4375,51.03515625,51.42265701293945,31.29489517211914,53580032
2003-07-22,51.046875,52.640625,50.17343521118164,52.16328048706055,31.745630264282227,60285696
2003-07-23,52.890625,53.90625,52.59531021118164,53.61640548706055,32.629974365234375,44868352
2003-07-24,54.0625,54.52812576293945,52.947654724121094,54.07421875,32.90857696533203,51708032
2003-07-25,52.77031326293945,55.22968673706055,52.77031326293945,54.94843673706055,33.440616607666016,37355200
2003-07-28,55.3125,56.15625,54.71875,55.10234451293945,33.5342903137207,32978816
2003-07-29,54.671875,56.37031173706055,54.22031021118164,56.025001525878906,34.09579849243164,48537280
2003-07-30,55.88203048706055,56.328125,55.34687423706055,55.73046875,33.91654586791992,37567744
2003-07-31,56.09375,56.91875076293945,55.64374923706055,56.28437423706055,34.2536506652832,59536064
2003-08-01,57.03125,60.078125,56.72968673706055,59.010154724121094,35.91250228881836,59051328
2003-08-04,58.2109375,59.47968673706055,58.203125,58.47578048706055,35.58729934692383,39481472
2003-08-05,58.63046646118164,59.33906173706055,57.728126525878906,58.23828125,35.442752838134766,42462272
2003-08-06,57.196876525878906,57.196876525878906,54.45781326293945,54.77109146118164,33.332698822021484,70185792
2003-08-07,54.515625,55.38593673706055,54.375,54.81796646118164,33.3612174987793,43469888
2003-08-08,55.3125,56.875,54.9375,55.588279724121094,33.83000946044922,33572352
2003-08-11,55.15625,55.15703201293945,54.200782775878906,54.40312576293945,33.1087532043457,37693440
2003-08-12,55.27656173706055,55.27656173706055,53.06562423706055,53.259376525878906,32.412689208984375,46977920
2003-08-13,53.77031326293945,54.765625,53.046875,54.10546875,32.9276008605957,48048832
2003-08-14,54.16718673706055,54.169532775878906,53.203125,53.385154724121094,32.489234924316406,25253504
2003-08-15,53.385154724121094,53.385154724121094,53.385154724121094,53.385154724121094,32.489234924316406,0
2003-08-18,53.71875,55.209373474121094,53.357810974121094,54.528907775878906,33.185306549072266,37098304
2003-08-19,55.015625,55.84375,54.29843521118164,54.564842224121094,33.20717239379883,26576512
2003-08-20,55.21406173706055,57.79218673706055,55.09687423706055,57.45390701293945,34.96540832519531,55284032
2003-08-21,57.69218826293945,58.51093673706055,57.65156173706055,58.03828048706055,35.321041107177734,24144832
2003-08-22,58.38046646118164,58.65625,56.484375,56.90234375,34.62974166870117,31926912
2003-08-25,57.62031173706055,58.59375,47.15625,55.638282775878906,33.86044692993164,70433920
2003-08-26,55.703125,58.734375,55.703125,58.08203125,35.34766387939453,39059328
2003-08-27,58.828125,60.52812576293945,58.25,60.247657775878906,36.665626525878906,42242112
2003-08-28,60.95703125,61.546875,60.033592224121094,60.91875076293945,37.07405090332031,53888192
2003-08-29,61.64609146118164,62.1875,59.69296646118164,61.341407775878906,37.331275939941406,42512384
2003-09-01,62.5,62.5,60.015625,60.455467224121094,36.79208755493164,24554304
2003-09-02,60.9375,61.53125,60.015625,60.810157775878906,37.00796127319336,37691968
2003-09-03,61.625,61.99531173706055,59.375,59.587501525878906,36.26386642456055,41538368
2003-09-04,60.15625,66.40625,60.15625,65.7757797241211,40.02994918823242,124075904
2003-09-05,66.375,66.484375,64.5625,65.58984375,39.916786193847656,65351936
2003-09-08,66.5625,68.203125,66.015625,66.44218444824219,40.43550109863281,47580736
2003-09-09,67.88594055175781,70.703125,67.27030944824219,69.97187805175781,42.583614349365234,90476544
2003-09-10,68.828125,68.828125,66.4710922241211,67.23905944824219,40.92046356201172,53212544
2003-09-11,65.625,67.453125,65.4703140258789,66.00859069824219,40.17162322998047,45146752
2003-09-12,68.359375,68.359375,64.6890640258789,65.0289077758789,39.575416564941406,53664192
2003-09-15,64.765625,65.8125,62.65625,63.111717224121094,38.40864944458008,48679872
2003-09-16,62.98828125,66.28125,62.71875,65.765625,40.02376937866211,52140800
2003-09-17,67.11405944824219,68.6953125,67.11405944824219,67.6273422241211,41.15677261352539,70697728
2003-09-18,66.640625,67.96406555175781,65.8125,66.2679672241211,40.329471588134766,50755584
2003-09-19,67.5,68.125,66.09375,67.4976577758789,41.077850341796875,41664000
2003-09-22,68.3125,68.671875,67.0960922241211,68.3265609741211,41.58229064941406,52579648
2003-09-23,67.640625,67.88984680175781,66.1875,67.43281555175781,41.038387298583984,49601280
2003-09-24,67.578125,70.96875,67.5,70.45390319824219,42.87696838378906,68738432
2003-09-25,67.421875,70.9375,67.421875,70.4296875,42.86221694946289,60743104
2003-09-26,70.15625,71.47969055175781,69.390625,71.11796569824219,43.281097412109375,50340608
2003-09-29,71.40625,71.515625,69.5703125,69.91328430175781,42.547950744628906,50245056
2003-09-30,71.05781555175781,71.37031555175781,70.1890640258789,70.75077819824219,43.05763626098633,43588480
2003-10-01,70.296875,72.171875,70.0335922241211,71.4671859741211,43.4936408996582,46230336
2003-10-02,71.4671859741211,71.4671859741211,71.4671859741211,71.4671859741211,43.4936408996582,0
2003-10-03,72.375,72.625,71.01484680175781,71.2476577758789,43.36001968383789,38165440
2003-10-06,71.5796890258789,72.10469055175781,57.96875,71.39453125,43.449424743652344,33592384
2003-10-07,71.6875,71.921875,69.42655944824219,69.90312194824219,42.54176712036133,29565120
2003-10-08,70.3125,70.59375,67.74296569824219,68.5835952758789,41.738739013671875,51334656
2003-10-09,69.140625,70.46875,68.2210922241211,69.4859390258789,42.28788375854492,51190784
2003-10-10,73.4375,74.0625,69.921875,72.33671569824219,44.02280044555664,82874432
2003-10-13,73.453125,74.68281555175781,72.65625,74.18437194824219,45.14725875854492,53112512
2003-10-14,74.53984069824219,75.390625,73.4554672241211,73.7835922241211,44.90336227416992,38866560
2003-10-15,73.7835922241211,74.296875,72.8492202758789,73.99140930175781,45.02983474731445,33385344
2003-10-16,74.4375,74.4375,71.65625,72.3539047241211,44.16853332519531,31405952
2003-10-17,72.8125,74.21875,71.875,73.9867172241211,45.1652717590332,43538688
2003-10-20,73.984375,74.609375,71.578125,72.2320327758789,44.0941162109375,29526016
2003-10-21,75.0,75.0,70.640625,71.1234359741211,43.4173698425293,31924608
2003-10-22,71.85546875,71.85546875,70.078125,70.51171875,43.04396438598633,37824192
2003-10-23,70.3125,71.25,68.453125,69.0328140258789,42.14113998413086,31692032
2003-10-24,81.25,81.25,69.0328140258789,71.16328430175781,43.44169616699219,33502976
2003-10-27,71.359375,71.38594055175781,69.375,69.4781265258789,42.41299057006836,22341824
2003-10-28,70.1507797241211,70.859375,69.375,69.7984390258789,42.6085205078125,35969600
2003-10-29,70.328125,71.55781555175781,70.328125,71.41093444824219,43.592872619628906,26779456
2003-10-30,72.03125,73.03125,71.015625,72.1343765258789,44.03449630737305,32636544
2003-10-31,71.875,74.29296875,70.78125,74.04219055175781,45.199127197265625,36349120
2003-11-03,74.296875,78.3125,74.296875,77.80078125,47.493568420410156,47987264
2003-11-04,78.61328125,79.9906234741211,77.984375,78.53828430175781,47.943790435791016,39572480
2003-11-05,78.75,78.75,77.11328125,78.02421569824219,47.62996292114258,30089216
2003-11-06,77.8148422241211,80.43281555175781,77.8148422241211,79.3031234741211,48.410675048828125,42925056
2003-11-07,79.21875,80.15625,77.15625,77.84687805175781,47.521705627441406,26511744
2003-11-10,77.34375,78.125,75.5804672241211,77.1304702758789,47.08436584472656,16134784
2003-11-11,76.40625,77.80781555175781,75.98905944824219,76.92655944824219,46.959877014160156,26501632
2003-11-12,77.03125,77.34375,75.4710922241211,76.06718444824219,46.43528366088867,32659520
2003-11-13,76.72187805175781,77.16719055175781,73.45390319824219,74.1742172241211,45.27972412109375,36438080
2003-11-14,74.140625,74.484375,71.5835952758789,72.2796859741211,44.12321090698242,30748096
2003-11-17,72.234375,73.046875,71.71875,72.24922180175781,44.1046142578125,28108864
2003-11-18,72.34062194824219,73.984375,71.578125,72.07734680175781,43.99969482421875,38117888
2003-11-19,71.59375,73.578125,71.328125,72.84062194824219,44.46563720703125,45068736
2003-11-20,73.45625305175781,74.015625,71.72265625,72.2164077758789,44.08457565307617,24759616
2003-11-21,71.875,73.265625,71.7984390258789,72.99140930175781,44.557682037353516,25343552
2003-11-24,72.62031555175781,73.046875,69.375,72.28202819824219,44.1246452331543,21499136
2003-11-25,73.28125,74.1640625,73.25,73.9554672241211,45.14619445800781,23171392
2003-11-26,73.9554672241211,73.9554672241211,73.9554672241211,73.9554672241211,45.14619445800781,0
2003-11-27,74.6875,77.5,74.6875,77.0054702758789,47.0080680847168,44810880
2003-11-28,76.25,77.5,76.1773452758789,76.96797180175781,46.98518371582031,19407168
2003-12-01,77.5,81.171875,77.5,80.67655944824219,49.249088287353516,35861120
2003-12-02,81.265625,81.875,79.3218765258789,80.2828140258789,49.00872039794922,25256512
2003-12-03,80.234375,80.453125,79.140625,79.5992202758789,48.591426849365234,27386560
2003-12-04,73.4375,79.671875,73.4375,79.08984375,48.28049850463867,27833408
2003-12-05,78.48828125,79.2476577758789,76.4375,76.72734069824219,46.83829116821289,23658048
2003-12-08,76.5625,77.109375,76.046875,76.64921569824219,46.79059600830078,19881472
2003-12-09,77.0492172241211,78.265625,77.0492172241211,77.80390930175781,47.495479583740234,19140608
2003-12-10,77.34375,78.75,77.0523452758789,77.60469055175781,47.37385559082031,26606144
2003-12-11,78.734375,78.734375,77.21875,77.77812194824219,47.479732513427734,20852800
2003-12-12,78.125,78.90156555175781,77.734375,78.6265640258789,47.997676849365234,22952896
2003-12-15,78.90625,80.59375,78.90625,80.30000305175781,49.01921463012695,18615168
2003-12-16,78.1312484741211,81.9453125,78.1312484741211,81.7007827758789,49.87431335449219,40511296
2003-12-17,80.3125,81.21875,79.6875,80.0296859741211,48.85421371459961,28048256
2003-12-18,82.78125,82.78125,79.78437805175781,80.1382827758789,48.92049026489258,26063424
2003-12-19,81.08515930175781,83.18281555175781,80.75312805175781,82.19999694824219,50.17906188964844,37655744
2003-12-22,82.265625,83.515625,81.25,83.17655944824219,50.775211334228516,22904256
2003-12-23,83.14921569824219,85.546875,83.125,85.1851577758789,52.00136184692383,38820544
2003-12-24,85.15625,85.15625,83.5335922241211,84.7476577758789,51.73427200317383,21936704
2003-12-25,84.7476577758789,84.7476577758789,84.7476577758789,84.7476577758789,51.73427200317383,0
2003-12-26,84.91719055175781,85.3125,83.98515319824219,84.30155944824219,51.461971282958984,17095616
2003-12-29,84.765625,86.3125,84.421875,85.9140625,52.44632339477539,19784704
2003-12-30,87.46406555175781,93.515625,85.78125,86.50077819824219,52.80448913574219,24877824
2003-12-31,86.328125,87.734375,86.328125,86.94844055175781,53.077762603759766,16057728
2004-01-01,87.46875,88.35624694824219,87.234375,88.0679702758789,53.761173248291016,11811200
2004-01-02,88.28125,89.21875,87.75,88.54374694824219,54.05162811279297,17143168
2004-01-05,89.84375,92.890625,88.75,91.97969055175781,56.14910888671875,24806720
2004-01-06,92.96875,93.90625,88.0054702758789,88.828125,54.2252082824707,24549504
2004-01-07,89.8125,90.578125,87.39453125,88.95625305175781,54.30344772338867,38803008
2004-01-08,89.39453125,92.09687805175781,89.39453125,91.3765640258789,55.78090286254883,37550336
2004-01-09,93.75,95.3125,90.171875,90.9468765258789,55.51860046386719,48744256
2004-01-12,92.171875,92.171875,88.78125,89.3773422241211,54.56049346923828,22238464
2004-01-13,90.15625,90.765625,88.8296890258789,90.5250015258789,55.26107406616211,22870912
2004-01-14,90.53125,90.71484375,88.75,89.1484375,54.42074966430664,22004800
2004-01-15,89.08203125,89.984375,86.328125,86.89765930175781,53.04676055908203,34165760
2004-01-16,86.71875,86.8734359741211,85.5054702758789,86.3109359741211,52.68860626220703,26454976
2004-01-19,86.484375,86.484375,84.15625,85.9781265258789,52.485435485839844,30427712
2004-01-20,86.328125,87.8125,84.0,84.53984069824219,51.6074333190918,23610944
2004-01-21,84.765625,86.71875,83.359375,84.3125,51.4686393737793,29010368
2004-01-22,84.375,86.640625,78.9585952758789,80.84687805175781,49.353057861328125,51104832
2004-01-23,81.6460952758789,86.046875,81.25,85.33203125,52.091026306152344,36731904
2004-01-26,85.33203125,85.33203125,85.33203125,85.33203125,52.091026306152344,0
2004-01-27,84.375,87.8125,78.421875,86.89765930175781,53.04676055908203,28154944
2004-01-28,86.015625,86.7874984741211,83.4375,84.64765930175781,51.673240661621094,24251072
2004-01-29,83.59375,84.3101577758789,81.25859069824219,82.0796890258789,50.10563659667969,37042880
2004-01-30,84.19999694824219,84.19999694824219,80.8671875,81.44999694824219,49.72123336791992,25131136
2004-02-02,81.44999694824219,81.44999694824219,81.44999694824219,81.44999694824219,49.72123336791992,0
2004-02-03,81.875,82.1875,80.05390930175781,81.21406555175781,49.57720947265625,37488448
2004-02-04,81.2710952758789,84.2015609741211,81.2710952758789,83.7484359741211,51.12431716918945,25612352
2004-02-05,84.0625,86.625,82.8125,84.99140930175781,51.88310241699219,47011712
2004-02-06,84.55155944824219,87.265625,84.39453125,86.85234069824219,53.019107818603516,37574016
2004-02-09,87.484375,89.21875,87.19609069824219,88.28828430175781,53.895668029785156,32914240
2004-02-10,88.28125,88.984375,85.7828140258789,86.06172180175781,52.536476135253906,30173888
2004-02-11,86.71875,87.078125,85.078125,85.4906234741211,52.18784713745117,24955968
2004-02-12,85.9375,86.15625,83.046875,83.6429672241211,51.059940338134766,59246720
2004-02-13,83.875,84.828125,83.203125,84.00312805175781,51.279788970947266,40205760
2004-02-16,84.39921569824219,84.953125,83.4710922241211,83.6875,51.087120056152344,27349376
2004-02-17,83.75,84.6875,83.46875,84.34375,51.487735748291016,23235904
2004-02-18,85.0,85.3125,83.140625,83.6156234741211,51.043235778808594,26329984
2004-02-19,83.59375,83.59375,79.40625,79.78593444824219,48.705406188964844,36728384
2004-02-20,79.671875,81.79219055175781,78.359375,79.1429672241211,48.31290054321289,52873792
2004-02-23,79.3125,80.6875,79.0625,79.4203109741211,48.482208251953125,31885440
2004-02-24,79.0609359741211,79.90625,76.96875,78.8101577758789,48.109745025634766,41712448
2004-02-25,88.59375,88.59375,77.046875,77.6148452758789,47.380062103271484,28607872
2004-02-26,78.125,78.90625,75.5640640258789,76.3296890258789,46.59553909301758,41546176
2004-02-27,76.40625,79.59375,75.9398422241211,79.10078430175781,48.287147521972656,37689664
2004-03-01,79.65625,83.28125,79.65625,83.1148452758789,50.73753356933594,40953024
2004-03-02,83.1148452758789,83.1148452758789,83.1148452758789,83.1148452758789,50.73753356933594,0
2004-03-03,82.8125,83.015625,80.46875,81.015625,49.45606231689453,29994368
2004-03-04,81.484375,83.98124694824219,80.67655944824219,82.578125,50.40989303588867,45102144
2004-03-05,82.796875,83.2554702758789,81.64453125,82.01094055175781,50.063655853271484,22380416
2004-03-08,82.015625,82.015625,79.6875,79.85234069824219,48.74594497680664,24954240
2004-03-09,91.015625,91.015625,76.09375,77.8890609741211,47.547454833984375,50456320
2004-03-10,77.3125,77.421875,75.7835922241211,76.59765625,46.75912094116211,38215872
2004-03-11,76.38749694824219,76.859375,75.078125,75.8687515258789,46.31416702270508,28511424
2004-03-12,76.328125,80.0625,74.609375,78.703125,48.044403076171875,51212992
2004-03-15,80.50859069824219,81.0,76.5625,77.19453430175781,47.12346267700195,30844672
2004-03-16,76.5679702758789,77.8125,75.55546569824219,77.2249984741211,47.14207077026367,30103616
2004-03-17,77.734375,79.99531555175781,77.734375,78.7945327758789,48.1002197265625,34600128
2004-03-18,79.6703109741211,79.6875,76.875,77.14375305175781,47.09248733520508,24171648
2004-03-19,77.0625,81.671875,77.03125,81.08125305175781,49.49613952636719,44321792
2004-03-22,81.25,81.25,78.6148452758789,79.3062515258789,48.41259002685547,18716864
2004-03-23,78.90625,81.77812194824219,78.37968444824219,80.7750015258789,49.309181213378906,24403456
2004-03-24,80.2398452758789,80.9375,78.0210952758789,78.8671875,48.144554138183594,28319680
2004-03-25,78.90625,87.5,78.75,80.734375,49.28437805175781,29444160
2004-03-26,81.8023452758789,83.59375,81.71875,82.9609375,50.643577575683594,27476544
2004-03-29,82.8109359741211,83.1875,80.578125,81.453125,49.72313690185547,19412864
2004-03-30,82.1875,82.765625,78.453125,78.7242202758789,48.05728530883789,29782976
2004-03-31,74.00077819824219,78.890625,74.00077819824219,77.15937805175781,47.10201644897461,42513600
2004-04-01,77.36015319824219,80.375,77.36015319824219,79.859375,48.75023651123047,26651008
2004-04-02,80.078125,80.453125,77.5,78.125,47.691497802734375,36836224
2004-04-05,78.875,81.8515625,78.75,80.8499984741211,49.35495376586914,32154304
2004-04-06,92.890625,92.890625,81.9375,83.0140609741211,50.67601776123047,64156288
2004-04-07,84.375,84.375,82.34375,83.20780944824219,50.794288635253906,26629568
2004-04-08,84.21875,84.359375,82.5,83.0015640258789,50.66838836669922,24899584
2004-04-09,83.0015640258789,83.0015640258789,83.0015640258789,83.0015640258789,50.66838836669922,0
2004-04-12,83.4375,83.71875,79.5679702758789,80.36328125,49.05784606933594,36248128
2004-04-13,92.01484680175781,92.01484680175781,83.609375,85.83984375,52.40103530883789,78408320
2004-04-14,85.83984375,85.83984375,85.83984375,85.83984375,52.40103530883789,0
2004-04-15,87.15156555175781,87.15156555175781,82.8148422241211,83.3812484741211,50.90016555786133,71227328
2004-04-16,84.296875,85.421875,83.83671569824219,84.2164077758789,51.40998840332031,36977024
2004-04-19,84.375,84.375,83.0796890258789,83.76484680175781,51.13432312011719,22941888
2004-04-20,84.140625,84.83906555175781,83.76953125,84.08203125,51.32794952392578,19525184
2004-04-21,84.046875,85.078125,83.59375,84.7734375,51.75004196166992,21904064
2004-04-22,84.84375,85.125,83.9390640258789,84.15312194824219,51.371368408203125,14137600
2004-04-23,84.6875,85.2249984741211,82.6585922241211,82.9242172241211,50.62116622924805,34524800
2004-04-26,82.9242172241211,82.9242172241211,82.9242172241211,82.9242172241211,50.62116622924805,0
2004-04-27,82.77812194824219,82.77812194824219,79.765625,80.2445297241211,48.98537063598633,28616000
2004-04-28,80.390625,80.765625,79.30546569824219,79.72265625,48.666778564453125,28258624
2004-04-29,79.671875,80.68281555175781,78.296875,78.73046875,48.06109619140625,43605184
2004-04-30,79.375,81.13749694824219,78.9546890258789,80.4085922241211,49.085506439208984,30273216
2004-05-03,79.2359390258789,81.5453109741211,79.2359390258789,81.0093765258789,49.45225524902344,22498048
2004-05-04,81.640625,82.40625,81.15625,81.56172180175781,49.7894401550293,17846592
2004-05-05,82.015625,82.46875,81.4117202758789,82.2015609741211,50.180023193359375,20423104
2004-05-06,82.8125,85.74531555175781,82.5023422241211,82.76953125,50.5267448425293,14392768
2004-05-07,82.421875,82.8125,81.328125,81.5523452758789,49.78369903564453,11201984
2004-05-10,80.46875,80.9375,79.84375,80.08515930175781,48.8880729675293,14165504
2004-05-11,79.671875,80.0,78.359375,78.8453140258789,48.13119888305664,26232064
2004-05-12,78.90625,80.3125,78.60234069824219,79.4273452758789,48.48649978637695,24579968
2004-05-13,79.66719055175781,82.34375,76.578125,81.15234375,49.53953552246094,33562048
2004-05-14,81.640625,81.9671859741211,79.1875,79.52734375,48.547569274902344,31301120
2004-05-17,78.90156555175781,78.90156555175781,64.4546890258789,70.60624694824219,43.10164260864258,31777600
2004-05-18,74.171875,77.6890640258789,72.67655944824219,76.26484680175781,46.55595016479492,45230720
2004-05-19,78.28125,78.890625,75.625,77.6976547241211,47.43061447143555,21176960
2004-05-20,79.125,79.125,76.82890319824219,76.99922180175781,47.004268646240234,18078592
2004-05-21,76.875,77.65625,75.875,76.7203140258789,46.8339958190918,20265792
2004-05-24,78.125,83.3570327758789,77.8492202758789,83.10546875,50.73183059692383,38852608
2004-05-25,82.41719055175781,84.359375,80.75,83.68437194824219,51.0852165222168,39751744
2004-05-26,84.078125,84.078125,81.921875,82.5625,51.50630569458008,23094400
2004-05-27,82.03125,84.171875,81.8804702758789,82.77734375,51.64033126831055,22419584
2004-05-28,82.421875,83.71875,78.31562805175781,79.02734375,49.30091094970703,35431808
2004-05-31,79.53125,82.03125,76.5625,81.2640609741211,50.6962890625,34813312
2004-06-01,81.27421569824219,83.328125,81.27421569824219,82.61796569824219,51.54090881347656,28710336
2004-06-02,82.72969055175781,83.98124694824219,81.99296569824219,83.3984375,52.02781677246094,17547008
2004-06-03,83.75,84.140625,81.5,81.89765930175781,51.091548919677734,30415040
2004-06-04,81.25,81.90625,80.5,81.5210952758789,50.85661697387695,19523392
2004-06-07,82.1875,83.0,80.5015640258789,81.3656234741211,50.75963592529297,21086016
2004-06-08,81.640625,82.0218734741211,80.0171890258789,80.90547180175781,50.47257995605469,31877952
2004-06-09,81.2710952758789,81.93437194824219,80.9609375,81.59375,50.90196228027344,16769088
2004-06-10,81.94844055175781,82.60859680175781,81.015625,82.3929672241211,51.40054702758789,16670208
2004-06-11,82.5,82.5,79.40702819824219,79.8531265258789,49.81606674194336,29788544
2004-06-14,79.6859359741211,80.0570297241211,77.84765625,78.03125,48.679508209228516,22198208
2004-06-15,78.359375,79.921875,78.359375,79.4085922241211,49.53874969482422,22293952
2004-06-16,80.46875,80.859375,79.7085952758789,80.40625,50.16115188598633,21901504
2004-06-17,80.46875,81.5625,80.1875,81.24296569824219,50.6831169128418,19065792
2004-06-18,81.25,82.7750015258789,80.70703125,82.2578125,51.316226959228516,28632320
2004-06-21,82.421875,83.984375,82.26875305175781,83.6148452758789,52.16279983520508,26522560
2004-06-22,83.0523452758789,84.2562484741211,82.65625,83.99140930175781,52.397743225097656,23141632
2004-06-23,84.296875,84.359375,82.734375,83.1781234741211,51.89035415649414,26169152
2004-06-24,83.43281555175781,84.984375,82.8921890258789,84.5179672241211,52.726226806640625,32614720
2004-06-25,84.53125,85.9375,83.859375,85.6859359741211,53.4548454284668,28886528
2004-06-28,86.40625,87.78125,86.12890625,87.4671859741211,54.56606674194336,31393024
2004-06-29,87.578125,88.43672180175781,86.890625,87.29219055175781,54.4569091796875,44017472
2004-06-30,87.03125,87.8125,85.9546890258789,86.3140640258789,53.846710205078125,39124224
2004-07-01,87.1875,88.48124694824219,84.94999694824219,88.05000305175781,54.92967224121094,28275440
2004-07-02,85.328125,89.4375,85.328125,88.9593734741211,55.49697494506836,24930048
2004-07-05,89.14375305175781,90.3125,88.78125,89.34062194824219,55.734798431396484,15505536
2004-07-06,89.1875,89.75,87.8843765258789,89.15625,55.61980056762695,19217968
2004-07-07,87.7593765258789,88.9375,86.5687484741211,87.02812194824219,54.29216384887695,28427936
2004-07-08,87.5,88.7125015258789,83.20625305175781,84.515625,52.724761962890625,37858080
2004-07-09,81.25,86.8656234741211,80.3125,86.40625,53.90420150756836,22787760
2004-07-12,86.6875,87.46875,85.265625,86.0093765258789,53.656612396240234,22648144
2004-07-13,89.0625,89.5250015258789,86.8125,87.671875,54.69378662109375,38728000
2004-07-14,88.75,90.3125,88.375,88.80000305175781,55.397544860839844,29463584
2004-07-15,89.0250015258789,90.5562515258789,88.64375305175781,90.21562194824219,56.280662536621094,21826416
2004-07-16,90.21875,92.80000305175781,90.21875,92.359375,57.6180534362793,34887056
2004-07-19,92.375,93.25,91.375,92.390625,57.637550354003906,22012128
2004-07-20,92.125,92.48124694824219,90.1968765258789,90.48750305175781,56.450321197509766,21665664
2004-07-21,90.6875,91.25,89.07499694824219,89.83125305175781,56.04088592529297,22177072
2004-07-22,90.875,91.25,89.3812484741211,90.16874694824219,56.25143814086914,19465920
2004-07-23,90.625,91.54374694824219,90.1875,90.9468765258789,56.73686218261719,15554320
2004-07-26,89.92500305175781,91.5625,89.5093765258789,91.22187805175781,56.908424377441406,14673152
2004-07-27,91.875,92.9000015258789,91.44062805175781,92.45625305175781,57.67849349975586,23371088
2004-07-28,92.5,94.5625,92.2562484741211,94.26875305175781,58.8092155456543,31335104
2004-07-29,94.34687805175781,96.5625,94.34687805175781,95.9749984741211,59.87364196777344,21491184
2004-07-30,96.3187484741211,97.8125,95.625,97.09375,60.57159423828125,25009120
2004-08-02,96.875,97.89375305175781,96.875,97.25,60.66905212402344,17539728
2004-08-03,97.4937515258789,98.875,97.4312515258789,98.5562515258789,61.483951568603516,23723440
2004-08-04,98.6875,98.6875,96.375,96.7562484741211,60.361045837402344,17101728
2004-08-05,96.5,97.75,96.5,97.36250305175781,60.73925018310547,18405328
2004-08-06,96.9375,97.3125,94.4593734741211,95.42500305175781,59.530513763427734,23971584
2004-08-09,94.48750305175781,96.35624694824219,93.625,95.890625,59.82099533081055,19569968
2004-08-10,96.3125,96.3125,94.8125,95.3187484741211,59.4642219543457,15133312
2004-08-11,95.9375,96.54374694824219,93.44999694824219,94.0062484741211,58.64543151855469,21258032
2004-08-12,94.0,94.5562515258789,93.0,93.6656265258789,58.432945251464844,22696432
2004-08-13,93.125,95.5562515258789,92.1968765258789,92.4906234741211,57.699947357177734,21489920
2004-08-16,92.6875,93.3125,92.0,92.94999694824219,57.98651885986328,16502032
2004-08-17,93.6875,94.0625,92.25312805175781,92.65625,57.803253173828125,15134480
2004-08-18,92.6875,93.625,92.4375,92.92500305175781,57.970909118652344,17098976
2004-08-19,93.75,96.25,93.75,96.046875,59.91847229003906,31323920
2004-08-20,95.9375,97.1500015258789,95.3125,96.67500305175781,60.310340881347656,24660640
2004-08-23,97.375,98.8125,96.9468765258789,97.47187805175781,60.80746841430664,22006368
2004-08-24,97.5,98.2906265258789,96.703125,97.2437515258789,60.66514205932617,17164864
2004-08-25,97.2562484741211,97.7750015258789,94.75,95.94062805175781,59.85220718383789,20150288
2004-08-26,96.4375,97.375,95.7750015258789,96.59687805175781,60.2615852355957,20723296
2004-08-27,97.0562515258789,98.1875,96.3218765258789,97.83125305175781,61.031673431396484,15277728
2004-08-30,98.25,98.92500305175781,97.25,98.59062194824219,61.5053825378418,12084944
2004-08-31,98.75,99.3687515258789,97.6968765258789,98.46875,61.429378509521484,13549504
2004-09-01,98.4375,99.3125,98.125,98.82499694824219,61.651615142822266,8008016
2004-09-02,99.69062805175781,100.8375015258789,99.69062805175781,100.1656265258789,62.48795700073242,18522576
2004-09-03,100.3125,100.73750305175781,99.55937194824219,100.4124984741211,62.641971588134766,14033472
2004-09-06,100.625,100.9375,100.25,100.4937515258789,62.69267272949219,7469520
2004-09-07,100.37812805175781,101.21875,100.0,100.9625015258789,62.985084533691406,11782048
2004-09-08,101.1875,101.875,100.75,101.5625,63.359397888183594,13429216
2004-09-09,101.625,102.0625,101.0,101.4156265258789,63.267757415771484,13698032
2004-09-10,101.8812484741211,103.99687194824219,101.4156265258789,103.37812805175781,64.4920425415039,18587072
2004-09-13,105.3125,106.2437515258789,103.125,104.7406234741211,65.34204864501953,18370576
2004-09-14,104.98124694824219,106.61250305175781,104.83125305175781,106.3187484741211,66.32656860351562,30164176
2004-09-15,106.75,106.9906234741211,105.3125,106.3125,66.32264709472656,21460064
2004-09-16,106.078125,106.375,105.0093765258789,105.93437194824219,66.08675384521484,16680048
2004-09-17,105.99687194824219,105.99687194824219,104.390625,105.60624694824219,65.88208770751953,20388080
2004-09-20,105.0625,105.0625,103.4375,103.59375,64.62657928466797,20823424
2004-09-21,103.7593765258789,105.0625,103.5875015258789,104.7593765258789,65.35375213623047,27698816
2004-09-22,104.7593765258789,104.98124694824219,103.4375,103.96875,64.86052703857422,23176304
2004-09-23,103.73750305175781,103.73750305175781,101.625,101.89375305175781,63.56603240966797,23091104
2004-09-24,102.21875,102.92500305175781,100.4937515258789,100.87187194824219,62.92854690551758,20775696
2004-09-27,101.25,102.80000305175781,100.890625,102.48124694824219,63.93256759643555,16671776
2004-09-28,102.41874694824219,102.41874694824219,100.0625,100.7437515258789,62.84861755371094,18208848
2004-09-29,101.015625,102.8687515258789,100.640625,102.4937515258789,63.94034194946289,20993216
2004-09-30,104.375,106.375,102.8187484741211,105.96875,66.10820770263672,34462048
2004-10-01,108.4375,108.5625,105.69062805175781,106.453125,66.410400390625,20852576
2004-10-04,107.5,108.875,107.5,107.9937515258789,67.37149810791016,18128336
2004-10-05,108.140625,108.67500305175781,107.06562805175781,107.53125,67.08299255371094,13884688
2004-10-06,106.875,106.875,105.0,105.3656234741211,65.7319564819336,29443040
2004-10-07,106.25,107.0,105.01875305175781,106.59375,66.49811553955078,15432096
2004-10-08,106.75,108.0875015258789,106.3125,106.75312805175781,66.59754943847656,20248128
2004-10-11,106.578125,107.171875,105.0218734741211,105.40937805175781,65.75923156738281,14722064
2004-10-12,108.25,108.6875,106.375,106.9593734741211,66.72622680664062,36566784
2004-10-13,106.9593734741211,106.9593734741211,106.9593734741211,106.9593734741211,66.72622680664062,0
2004-10-14,107.6312484741211,114.0625,106.9468765258789,113.40625,70.7480697631836,49699776
2004-10-15,113.47187805175781,114.75,111.078125,111.671875,69.66607666015625,17571888
2004-10-18,112.5625,112.5625,109.453125,110.07499694824219,68.86259460449219,25400864
2004-10-19,111.25,111.54374694824219,109.3187484741211,110.4906234741211,69.12259674072266,31222048
2004-10-20,110.75,112.15625,109.5062484741211,109.92500305175781,68.76873779296875,26192688
2004-10-21,110.0218734741211,111.55000305175781,109.6875,111.234375,69.58786010742188,21814288
2004-10-22,111.234375,111.234375,111.234375,111.234375,69.58786010742188,0
2004-10-25,111.5718765258789,114.4937515258789,111.5718765258789,113.76875305175781,71.17339324951172,31941936
2004-10-26,113.8125,116.875,113.75,116.3125,72.76473999023438,24678512
2004-10-27,117.0,117.4937515258789,114.5218734741211,116.73750305175781,73.03060913085938,18445424
2004-10-28,117.5,122.35624694824219,117.5,121.80000305175781,76.19770050048828,45555712
2004-10-29,121.625,122.1875,118.8125,119.1468734741211,74.53790283203125,26163552
2004-11-01,119.25,122.0531234741211,118.4375,121.62812805175781,76.0901870727539,20272976
2004-11-02,121.5,121.5,119.1937484741211,119.4124984741211,74.70411682128906,20692816
2004-11-03,119.875,123.4375,119.875,122.55937194824219,76.67278289794922,26833088
2004-11-04,123.78125,125.54374694824219,123.78125,124.23124694824219,77.71870422363281,25218416
2004-11-05,125.9375,130.4812469482422,122.578125,123.5374984741211,77.2846908569336,17506880
2004-11-08,125.0,129.2937469482422,125.0,126.11250305175781,78.8956069946289,39839408
2004-11-09,126.875,127.8125,125.31562805175781,127.296875,79.63654327392578,23967216
2004-11-10,127.8125,128.125,125.9375,127.56562805175781,79.80465698242188,28240464
2004-11-11,127.5,127.5,125.6875,126.0687484741211,78.86823272705078,21130096
2004-11-12,127.5,127.98124694824219,125.9375,126.69999694824219,79.26313781738281,4572400
2004-11-15,126.69999694824219,126.69999694824219,126.69999694824219,126.69999694824219,79.26313781738281,0
2004-11-16,127.3125,128.3562469482422,127.0,128.0656280517578,80.1174545288086,19068224
2004-11-17,128.125,130.14999389648438,127.5,129.80624389648438,81.20637512207031,14579280
2004-11-18,129.3781280517578,130.0,128.5749969482422,128.9250030517578,80.65508270263672,10655520
2004-11-19,129.1875,129.6875,128.25,128.61563110351562,80.46155548095703,8931520
2004-11-22,128.0625,128.0625,125.375,126.75,79.29438781738281,9862432
2004-11-23,126.875,127.79374694824219,126.375,126.94062805175781,79.4136734008789,11034512
2004-11-24,126.5625,127.625,126.13749694824219,126.4937515258789,79.13408660888672,8668272
2004-11-25,126.89375305175781,127.73124694824219,126.3125,126.8499984741211,79.35696411132812,9810368
2004-11-26,126.8499984741211,126.8499984741211,126.8499984741211,126.8499984741211,79.35696411132812,0
2004-11-29,127.51249694824219,130.9375,127.0625,130.6750030517578,81.74987030029297,14059680
2004-11-30,131.25625610351562,135.5500030517578,131.25,134.3249969482422,84.03329467773438,28184384
2004-12-01,134.375,134.6875,131.3249969482422,131.77188110351562,82.43608093261719,20927696
2004-12-02,132.5,133.375,129.45938110351562,129.99374389648438,81.32367706298828,25157936
2004-12-03,130.0,130.38125610351562,127.75312805175781,128.20938110351562,80.2073974609375,25063136
2004-12-06,127.5,129.625,125.875,126.8843765258789,79.37850189208984,19835920
2004-12-07,124.375,128.9875030517578,124.375,127.4937515258789,79.75971221923828,16453888
2004-12-08,126.5250015258789,127.8125,126.25,126.9625015258789,79.42736053466797,14876688
2004-12-09,127.4375,128.75,127.1875,127.63749694824219,79.849609375,12779168
2004-12-10,128.25,128.75,126.5999984741211,127.0875015258789,79.50554656982422,12232480
2004-12-13,128.75,128.75,125.9593734741211,127.3499984741211,79.66978454589844,6849888
2004-12-14,127.8125,128.4187469482422,127.5625,128.203125,80.20346069335938,6764560
2004-12-15,128.7312469482422,131.96875,128.7312469482422,131.29061889648438,82.135009765625,17621776
2004-12-16,131.25,133.25,130.25,132.52188110351562,82.90528106689453,10711152
2004-12-17,131.5625,132.3125,130.0,130.56875610351562,81.68341064453125,11021392
2004-12-20,131.8562469482422,132.5625,131.06875610351562,132.11874389648438,82.653076171875,7299728
2004-12-21,132.5,133.71249389648438,131.8718719482422,132.19375610351562,82.70000457763672,10934976
2004-12-22,128.125,132.4375,128.125,130.0906219482422,81.38430786132812,24453024
2004-12-23,126.3125,130.25,126.3125,129.13125610351562,80.78414916992188,11333920
2004-12-24,129.9812469482422,129.9812469482422,127.328125,129.0749969482422,80.74890899658203,16076928
2004-12-27,128.75,130.0,127.89375305175781,128.6437530517578,80.47913360595703,6694624
2004-12-28,128.5,129.49374389648438,127.953125,128.859375,80.6140365600586,8115072
2004-12-29,129.375,131.7937469482422,129.0625,129.57186889648438,81.05974578857422,12955248
2004-12-30,129.375,130.93124389648438,127.078125,128.00936889648438,80.08226776123047,15631056
2004-12-31,128.75,130.9406280517578,127.99687194824219,130.7312469482422,81.7850570678711,12498704
2005-01-03,132.4375,149.875,130.96875,132.4718780517578,82.87400817871094,9104288
2005-01-04,132.8125,132.8125,130.0,130.6281280517578,81.72055053710938,10220864
2005-01-05,129.0625,130.0,125.0687484741211,128.28125,80.25237274169922,22197872
2005-01-06,127.578125,130.8718719482422,124.875,127.734375,79.91022491455078,27031104
2005-01-07,127.1875,129.0625,124.6875,128.1750030517578,80.18588256835938,33500080
2005-01-10,128.75,131.25,123.8125,124.6812515258789,78.00021362304688,24651840
2005-01-11,124.375,126.41874694824219,121.9437484741211,123.2281265258789,77.09114074707031,34083200
2005-01-12,126.5625,126.5625,117.1968765258789,119.140625,74.53399658203125,63117008
2005-01-13,128.1281280517578,128.1281280517578,120.625,123.0218734741211,76.96212005615234,35060464
2005-01-14,123.75,125.51875305175781,121.875,123.375,77.18302154541016,19852096
2005-01-17,123.875,125.875,120.94999694824219,124.85624694824219,78.10968017578125,19508400
2005-01-18,125.625,126.25,121.9937515258789,122.8375015258789,76.8467788696289,18835760
2005-01-19,122.1968765258789,124.359375,121.95625305175781,122.43437194824219,76.59456634521484,12037472
2005-01-20,122.0,123.625,120.125,122.796875,76.82136535644531,18539120
2005-01-24,122.5,122.8062515258789,118.2874984741211,119.09375,74.50469207763672,18662816
2005-01-25,119.3125,120.125,117.625,119.5531234741211,74.79206848144531,16201056
2005-01-27,120.625,122.78125,120.34687805175781,122.0062484741211,76.32672882080078,19668176
2005-01-28,122.5,127.9906234741211,121.57499694824219,127.3531265258789,79.6717300415039,17999552
2005-01-31,128.8125,131.1062469482422,127.0,129.29061889648438,80.88380432128906,23864720
2005-02-01,129.375,130.875,128.4375,128.859375,80.6140365600586,22166592
2005-02-02,129.5625,131.8125,129.0,129.4875030517578,81.00698852539062,12938256
2005-02-03,129.375,131.875,128.8874969482422,131.33438110351562,82.16239929199219,14813472
2005-02-04,132.1875,132.4875030517578,129.84375,130.33749389648438,81.53871154785156,9580576
2005-02-07,130.0,131.5625,126.25,126.87187194824219,79.37065887451172,31089440
2005-02-08,128.75,128.75,126.5625,127.7249984741211,79.90436553955078,17364464
2005-02-09,128.125,129.02499389648438,127.37812805175781,127.8125,79.9591064453125,8274208
2005-02-10,128.4375,128.4375,126.59687805175781,127.7750015258789,79.93563842773438,7435616
2005-02-11,129.375,131.7312469482422,129.375,131.47500610351562,82.25035095214844,18523056
2005-02-14,132.5,136.2312469482422,132.5,135.60311889648438,84.83289337158203,21044864
2005-02-15,135.625,136.75,134.0625,136.36874389648438,85.31187438964844,15539824
2005-02-16,136.5,137.84375,135.625,136.47811889648438,85.38028717041016,16757232
2005-02-17,135.625,136.2375030517578,133.4499969482422,135.8718719482422,85.00103759765625,17528720
2005-02-18,135.625,136.47811889648438,131.3125,135.2937469482422,84.63935852050781,6471376
2005-02-21,135.125,135.3125,133.125,133.99374389648438,83.82608795166016,8007472
2005-02-22,134.3125,135.9375,131.4812469482422,135.0625,84.49468231201172,8232832
2005-02-23,134.5437469482422,134.6875,133.4375,133.78750610351562,83.69705963134766,7623536
2005-02-24,134.0625,135.9375,133.75,135.2687530517578,84.62371826171875,13470832
2005-02-25,134.70938110351562,136.625,134.70938110351562,136.2156219482422,85.2160873413086,10544240
2005-02-28,138.0625,140.4968719482422,134.5656280517578,140.00625610351562,87.58749389648438,17478560
2005-03-01,140.0,140.0,135.9375,136.328125,85.28644561767578,11760288
2005-03-02,136.375,137.8125,134.3781280517578,136.6906280517578,85.51322937011719,15075504
2005-03-03,136.3125,139.1875,136.3125,138.4031219482422,86.58455657958984,14982720
2005-03-04,138.453125,140.6125030517578,138.4375,139.6374969482422,87.35679626464844,12496896
2005-03-07,139.6875,141.375,138.9093780517578,140.75625610351562,88.05669403076172,12252080
2005-03-08,140.625,142.6687469482422,140.0,141.50625610351562,88.52587890625,10757312
2005-03-09,140.625,142.0500030517578,139.1437530517578,140.74374389648438,88.04885864257812,8670176
2005-03-10,140.625,140.625,137.1875,139.5031280517578,87.27275085449219,13265920
2005-03-11,140.0,140.625,137.828125,138.41561889648438,86.59239959716797,9922640
2005-03-14,138.125,140.0625,136.875,139.13436889648438,87.04203033447266,10515408
2005-03-15,137.5,139.3625030517578,135.0,138.1750030517578,86.44188690185547,6268288
2005-03-16,137.25,139.0437469482422,136.63125610351562,137.06875610351562,85.74978637695312,10693536
2005-03-17,137.1875,137.7468719482422,135.69375610351562,136.31875610351562,85.28059387207031,8216112
2005-03-18,136.5437469482422,137.8125,134.0593719482422,137.4968719482422,86.01763153076172,15457456
2005-03-21,138.0625,140.5500030517578,137.1875,139.7843780517578,87.44868469238281,14841488
2005-03-22,141.1875,141.25,137.5,138.984375,86.94819641113281,13384816
2005-03-23,138.59375,138.9875030517578,134.4562530517578,135.14999389648438,84.54942321777344,11986160
2005-03-24,135.625,136.78125,134.375,134.94375610351562,84.42037200927734,12574736
2005-03-28,135.9375,138.5593719482422,135.4375,136.625,85.47218322753906,10014304
2005-03-29,136.75,136.75,134.375,135.41250610351562,84.7136459350586,8419616
2005-03-30,134.6906280517578,136.875,133.875,135.6437530517578,84.85831451416016,9733296
2005-03-31,139.0437469482422,144.6875,136.75625610351562,141.0749969482422,88.25607299804688,17932432
2005-04-01,141.24374389648438,141.24374389648438,138.27188110351562,139.74063110351562,87.42131805419922,13726912
2005-04-04,139.8125,141.0625,138.52499389648438,139.29061889648438,87.1397933959961,12920176
2005-04-05,140.625,151.4250030517578,138.3125,138.8406219482422,86.85823059082031,7810144
2005-04-06,139.0625,140.0,138.1875,139.7687530517578,87.43891906738281,9296960
2005-04-07,139.25,140.2937469482422,135.9718780517578,136.7687530517578,85.56208038330078,11027536
2005-04-08,135.96875,136.25,132.375,132.99374389648438,83.20048522949219,19671728
2005-04-11,133.0,133.0,129.390625,129.8625030517578,81.24158477783203,11956640
2005-04-12,124.0,133.125,124.0,132.3468780517578,82.79580688476562,17246368
2005-04-13,133.75,133.75,130.44686889648438,131.34375,82.16826629638672,19030976
2005-04-15,128.125,128.125,120.9375,122.3187484741211,76.5222396850586,34920000
2005-04-18,121.875,121.875,118.75,119.62187194824219,74.83506774902344,26963280
2005-04-19,120.875,123.41874694824219,118.75,119.5374984741211,74.78230285644531,24550800
2005-04-20,121.875,122.4781265258789,118.3343734741211,121.75,76.16645050048828,26726288
2005-04-21,121.25,121.875,118.9375,121.55000305175781,76.04132080078125,21352304
2005-04-22,123.75,125.5,121.73750305175781,124.953125,78.17027282714844,24501168
2005-04-25,126.125,126.125,123.4375,124.2750015258789,77.74603271484375,13649968
2005-04-26,123.6875,123.73124694824219,122.03437805175781,122.4124984741211,76.58087921142578,9105984
2005-04-27,119.6875,120.9375,117.375,119.6343765258789,74.8429183959961,32434624
2005-04-28,119.375,119.6875,118.125,119.0999984741211,74.50859832763672,22117360
2005-04-29,119.9375,119.9375,117.2750015258789,117.92500305175781,73.77352905273438,13801088
2005-05-02,118.5625,124.0875015258789,118.5625,119.6968765258789,74.88198852539062,11048400
2005-05-03,120.3125,120.3125,118.75,118.84062194824219,74.34635162353516,10467584
2005-05-04,118.75,121.6875,118.75,121.0999984741211,75.75978088378906,11367104
2005-05-05,123.125,125.4375,121.9468765258789,124.6968765258789,78.00994873046875,25562000
2005-05-06,125.1875,126.875,124.8125,126.34687805175781,79.04220581054688,15746112
2005-05-09,127.4375,131.46875,127.4375,131.03750610351562,81.97664642333984,19673888
2005-05-10,131.25,132.4375,128.125,128.6999969482422,80.5143051147461,18254896
2005-05-11,124.6875,130.0,124.6875,129.1218719482422,80.77822875976562,16088160
2005-05-12,128.9187469482422,129.125,127.5625,128.82186889648438,80.590576171875,11528144
2005-05-13,128.125,128.125,126.2750015258789,127.0562515258789,79.48601531982422,17406320
2005-05-16,127.5,130.30624389648438,127.5,129.86874389648438,81.24547576904297,16266704
2005-05-17,130.25,132.25,128.47500610351562,128.9968719482422,80.7000503540039,21067296
2005-05-18,128.75,128.86874389648438,124.5687484741211,127.640625,79.85157012939453,22171344
2005-05-19,129.0625,131.875,129.0625,131.046875,81.98253631591797,16827280
2005-05-20,132.125,134.375,129.625,133.78125,83.6931381225586,15354560
2005-05-23,134.25,134.25,132.2687530517578,133.4093780517578,83.46049499511719,5803728
2005-05-24,135.13125610351562,135.85000610351562,133.65625,134.71875,84.27964782714844,14293024
2005-05-25,133.1875,137.5,131.94686889648438,135.6999969482422,84.89348602294922,26165456
2005-05-26,135.3156280517578,139.25,135.3156280517578,137.8249969482422,86.222900390625,32570192
2005-05-27,134.0625,141.52499389648438,134.0625,139.52188110351562,87.28446960449219,21380368
2005-05-30,137.25625610351562,140.0593719482422,136.91250610351562,139.25,87.11437225341797,14170784
2005-05-31,138.4375,141.125,138.25,140.6531219482422,87.99217224121094,13518880
2005-06-01,140.9375,141.3125,138.0,138.875,87.1314697265625,12398224
2005-06-02,139.0625,139.5,137.2375030517578,137.58438110351562,86.32167053222656,7483248
2005-06-03,138.0625,142.18124389648438,136.875,140.99063110351562,88.45880889892578,12687696
2005-06-06,139.7062530517578,141.0625,137.7062530517578,138.5281219482422,86.91381072998047,7686736
2005-06-07,137.5625,140.25,137.5625,139.55313110351562,87.55690002441406,9777760
2005-06-08,138.9187469482422,144.0625,138.9187469482422,143.515625,90.0429916381836,16625040
2005-06-09,142.35311889648438,143.125,139.19375610351562,139.796875,87.7098388671875,12899920
2005-06-10,140.625,141.875,137.5,138.265625,86.74911499023438,11626192
2005-06-13,138.45938110351562,140.25,138.45938110351562,139.0031280517578,87.21183013916016,10288592
2005-06-14,140.0031280517578,141.25,139.0625,139.69686889648438,87.64710998535156,7697024
2005-06-15,140.0,141.5,139.3874969482422,141.04061889648438,88.49016571044922,13633088
2005-06-16,140.625,143.43124389648438,139.703125,142.5281219482422,89.42342376708984,17220736
2005-06-17,142.5,143.61874389648438,141.5,143.00625610351562,89.72342681884766,15500416
2005-06-20,143.4375,148.91561889648438,139.6687469482422,148.19375610351562,92.97810363769531,24363104
2005-06-21,146.875,150.0,145.70938110351562,149.59375,93.85647583007812,19560928
2005-06-22,147.20938110351562,150.8718719482422,147.20938110351562,149.3156280517578,93.6819839477539,25721616
2005-06-23,149.6875,149.6875,146.13436889648438,146.515625,91.92524719238281,16440688
2005-06-24,145.0,146.5625,143.88125610351562,144.5656280517578,90.7018051147461,15599808
2005-06-27,142.50625610351562,147.5625,142.50625610351562,146.14999389648438,91.69583892822266,14611440
2005-06-28,146.5,146.5,143.0,143.2937469482422,89.90382385253906,14810544
2005-06-29,144.5,145.9375,143.7531280517578,145.29061889648438,91.15665435791016,12836352
2005-06-30,146.375,149.36563110351562,146.25,147.390625,92.47422790527344,19464224
2005-07-01,146.5625,147.875,145.5124969482422,146.9406280517578,92.19190216064453,6114256
2005-07-04,146.875,149.9968719482422,145.7687530517578,149.6374969482422,93.88394927978516,7411168
2005-07-05,149.375,149.9375,145.00936889648438,145.6437530517578,91.37820434570312,9015648
2005-07-06,145.625,147.4875030517578,144.875,146.60311889648438,91.98011016845703,18818304
2005-07-07,147.0,148.36874389648438,144.16561889648438,144.99374389648438,90.97037506103516,14838352
2005-07-08,146.75,147.25,144.390625,145.9343719482422,91.56055450439453,10736608
2005-07-11,146.875,147.5,144.0656280517578,144.7375030517578,90.80962371826172,18666000
2005-07-12,145.0,145.0,137.20938110351562,138.828125,87.10205078125,48402112
2005-07-13,139.0625,140.671875,137.5,137.83749389648438,86.48051452636719,31356000
2005-07-14,138.4375,138.89999389648438,132.8249969482422,133.49063110351562,83.75324249267578,29139952
2005-07-15,137.1875,137.8125,133.69686889648438,137.24374389648438,86.10799407958984,16012224
2005-07-18,137.25625610351562,142.5,137.25625610351562,142.0,89.09207916259766,23144736
2005-07-19,142.0,142.5,140.625,141.02499389648438,88.48035430908203,11030832
2005-07-20,141.5437469482422,141.5437469482422,139.4375,139.5812530517578,87.57453918457031,10432608
2005-07-21,141.5437469482422,145.07186889648438,137.25,138.0625,86.62166595458984,12175056
2005-07-22,138.25,140.5,136.07186889648438,139.921875,87.78824615478516,17876544
2005-07-25,139.6875,141.1687469482422,138.765625,139.30624389648438,87.40201568603516,9055424
2005-07-26,139.375,139.6875,138.0625,139.14999389648438,87.30398559570312,8063296
2005-07-27,139.6875,140.25,138.625,139.41250610351562,87.46867370605469,7306432
2005-07-28,139.41250610351562,139.41250610351562,139.41250610351562,139.41250610351562,87.46867370605469,0
2005-07-29,138.8125,143.3125,138.8125,141.7781219482422,88.95287322998047,28194400
2005-08-01,137.625,142.14999389648438,137.625,141.5343780517578,88.7999267578125,7299632
2005-08-02,142.14999389648438,144.25,141.2843780517578,143.6999969482422,90.1586685180664,13529184
2005-08-03,144.375,147.8125,144.375,147.2531280517578,92.38795471191406,16539600
2005-08-04,147.8125,148.875,143.9562530517578,144.59375,90.71942901611328,11645728
2005-08-05,144.125,144.7531280517578,142.28125,143.21875,89.85674285888672,11954224
2005-08-08,143.2531280517578,143.2531280517578,140.625,141.91561889648438,89.03913116455078,9654112
2005-08-09,140.640625,143.0437469482422,140.640625,141.50625610351562,88.78230285644531,11292352
2005-08-10,142.75,145.4375,142.375,144.6875,90.7782211303711,12802928
2005-08-11,145.0625,145.3093719482422,142.8125,143.33749389648438,89.93125915527344,8460864
2005-08-12,144.375,144.375,140.7624969482422,141.3406219482422,88.67841339111328,11763968
2005-08-16,140.7624969482422,141.25,139.375,140.6218719482422,88.22746276855469,12505248
2005-08-17,140.5,145.55624389648438,139.85311889648438,144.86874389648438,90.89196014404297,20196512
2005-08-18,144.875,145.0,143.05313110351562,143.66561889648438,90.13713836669922,11132480
2005-08-19,145.0,145.0,142.0749969482422,143.83749389648438,90.24494171142578,7624864
2005-08-22,145.0,146.25,143.375,144.6843719482422,90.77629852294922,11903376
2005-08-23,144.375,145.3125,142.6531219482422,142.8249969482422,89.60971069335938,14301312
2005-08-24,143.4375,143.4375,140.6437530517578,141.5124969482422,88.7862319946289,12144704
2005-08-25,141.875,144.14999389648438,141.64688110351562,141.9875030517578,89.08424377441406,9222448
2005-08-26,142.5,144.3625030517578,141.25,141.8312530517578,88.9862060546875,11712048
2005-08-29,142.8125,144.1687469482422,140.6281280517578,143.8249969482422,90.23712158203125,11452032
2005-08-30,144.3125,146.9968719482422,143.875,146.68124389648438,92.02915954589844,13123360
2005-08-31,146.9968719482422,148.9375,145.6437530517578,148.50625610351562,93.17420959472656,12841792
2005-09-01,150.13125610351562,153.28125,150.06875610351562,151.60311889648438,95.11717987060547,13538608
2005-09-02,151.5625,153.1125030517578,148.75,149.1062469482422,93.55059051513672,10917808
2005-09-05,149.125,150.625,146.875,147.171875,92.33698272705078,10117952
2005-09-06,149.375,149.375,146.56875610351562,147.75,92.69970703125,9057808
2005-09-08,148.3562469482422,151.77499389648438,147.8125,151.39999389648438,94.98975372314453,11959088
2005-09-09,151.0,152.1687469482422,150.0625,151.0749969482422,94.78582000732422,9509824
2005-09-12,151.5625,152.4375,150.9718780517578,151.4343719482422,95.01129150390625,6922720
2005-09-13,152.125,153.125,151.03750610351562,152.8937530517578,95.92691802978516,11051552
2005-09-14,152.66250610351562,154.5,151.25,152.8562469482422,95.90339660644531,12849776
2005-09-15,153.0,153.4375,152.1875,153.1593780517578,96.09358978271484,6199904
2005-09-16,153.4375,154.0,152.5,152.9343719482422,95.9524154663086,6707744
2005-09-19,153.125,153.75,151.9499969482422,153.1437530517578,96.08379364013672,6897808
2005-09-20,153.375,157.4375,152.0124969482422,156.47500610351562,98.17387390136719,12896112
2005-09-21,156.8125,156.875,151.5625,153.8718719482422,96.54061126708984,13787296
2005-09-22,153.4250030517578,154.27499389648438,150.0031280517578,150.78125,94.60153198242188,10259648
2005-09-23,151.1875,152.5,148.27499389648438,149.9093780517578,94.05449676513672,13589840
2005-09-26,151.1875,155.9187469482422,149.78125,155.39688110351562,97.49742889404297,9939280
2005-09-27,155.39688110351562,156.6875,153.7531280517578,154.8625030517578,97.16213989257812,14758576
2005-09-28,154.375,154.64999389648438,151.5625,154.4250030517578,96.88763427734375,16086176
2005-09-29,154.6875,158.75,154.50936889648438,157.8874969482422,99.0600357055664,22313104
2005-09-30,158.75,160.0625,156.375,157.2062530517578,98.63262939453125,14860080
2005-10-03,157.8125,160.0,157.8125,159.5656280517578,100.11292266845703,8202864
2005-10-04,159.99374389648438,164.78125,158.44375610351562,164.24063110351562,103.04608917236328,21453312
2005-10-05,164.1875,166.3125,161.4562530517578,164.9968719482422,103.52056884765625,24255616
2005-10-06,163.75,166.55624389648438,161.5,163.06875610351562,102.31085205078125,25993216
2005-10-07,163.06875610351562,164.86874389648438,160.015625,160.7781219482422,100.87368774414062,17069872
2005-10-10,164.0625,165.375,161.375,163.8937530517578,102.82841491699219,19278240
2005-10-11,166.375,170.625,164.375,167.68124389648438,105.20474243164062,31311840
2005-10-13,165.75,167.75,162.09375,163.91561889648438,102.84217071533203,32686992
2005-10-14,164.625,165.25,161.875,162.59375,102.01277160644531,18580464
2005-10-17,163.625,164.30624389648438,161.390625,161.984375,101.88500213623047,15537200
2005-10-18,162.0,163.8718719482422,157.1875,158.1593780517578,99.47919464111328,26224816
2005-10-19,157.1875,157.75,154.4375,156.4812469482422,98.42371368408203,24415248
2005-10-20,157.75,160.9375,155.70938110351562,158.66250610351562,99.79561614990234,20649696
2005-10-21,158.75,160.75,157.5625,159.5749969482422,100.36956024169922,14781568
2005-10-24,160.0,160.9187469482422,155.95938110351562,156.9562530517578,98.72245025634766,8743696
2005-10-25,158.4375,159.9031219482422,156.6875,157.5812530517578,99.11556243896484,12948432
2005-10-26,156.1875,159.0437469482422,153.25,156.88436889648438,98.67720794677734,10297408
2005-10-27,157.1906280517578,157.8125,152.578125,154.140625,96.95144653320312,16793296
2005-10-28,153.125,154.0,150.0,150.96249389648438,94.95250701904297,12237088
2005-10-31,150.25,158.375,150.25,157.6218719482422,99.14109802246094,14165904
2005-11-02,159.375,162.74374389648438,156.0656280517578,161.65625,101.67864227294922,16822304
2005-11-04,161.65625,161.65625,161.65625,161.65625,101.67864227294922,0
2005-11-07,158.375,166.24374389648438,158.375,164.89688110351562,103.71695709228516,17561600
2005-11-08,164.8125,166.5625,164.38436889648438,165.2375030517578,103.93120574951172,13967440
2005-11-09,166.5625,167.4375,162.3781280517578,163.07186889648438,102.56905364990234,11048208
2005-11-10,163.125,166.625,162.6281280517578,165.8718719482422,104.3302001953125,14055392
2005-11-11,166.24374389648438,168.625,165.7531280517578,167.5656280517578,105.3955307006836,11651168
2005-11-14,167.9375,169.3125,164.44375610351562,165.7937469482422,104.2810287475586,12823568
2005-11-16,166.5625,171.8000030517578,165.9375,171.2937469482422,107.74044799804688,22726016
2005-11-17,171.25,171.5625,168.19375610351562,169.1906280517578,106.41761779785156,13644064
2005-11-18,170.0,171.53125,168.7624969482422,169.64999389648438,106.70655822753906,13989968
2005-11-21,169.9375,170.6218719482422,166.125,167.3125,105.23634338378906,14338112
2005-11-22,168.125,170.0,166.6875,167.2843780517578,105.2186050415039,12690544
2005-11-23,167.25,168.46875,166.5,167.69686889648438,105.47807312011719,10239136
2005-11-24,167.6875,170.5625,167.6875,168.8093719482422,106.17782592773438,16120992
2005-11-25,170.3125,172.5,169.25,171.28125,107.73258209228516,13458752
2005-11-28,171.875,172.9375,171.3125,172.39999389648438,108.436279296875,12002480
2005-11-29,171.875,171.875,169.5124969482422,171.0,107.5556869506836,12830160
2005-11-30,171.25,172.30624389648438,167.265625,167.7781219482422,105.52920532226562,12375648
2005-12-01,168.125,174.0625,166.625,172.99374389648438,108.8097152709961,19262256
2005-12-02,174.0625,180.9187469482422,174.0625,177.5749969482422,111.69123840332031,34275584
2005-12-05,179.0625,179.64999389648438,173.625,174.21249389648438,109.57627868652344,10846704
2005-12-06,174.375,177.0,173.25625610351562,174.6218719482422,109.83379364013672,12751936
2005-12-07,175.0,176.625,173.5,175.11563110351562,110.14434051513672,15383456
2005-12-08,175.625,177.6125030517578,174.6875,176.3312530517578,110.90896606445312,12289840
2005-12-09,176.5625,180.5625,175.7531280517578,179.5968780517578,112.96296691894531,11613184
2005-12-12,180.1875,183.5,179.14688110351562,182.8781280517578,115.02681732177734,12087616
2005-12-13,183.5,184.6875,181.5,184.1843719482422,115.848388671875,17659152
2005-12-14,183.75,184.1875,178.9375,180.3468780517578,113.4346923828125,17530304
2005-12-15,179.0625,183.3562469482422,179.0625,182.35311889648438,114.69659423828125,24098512
2005-12-16,184.375,187.625,181.5625,186.3937530517578,117.23804473876953,22891984
2005-12-19,183.375,189.6875,183.375,188.984375,118.86746215820312,11425008
2005-12-20,188.125,188.125,184.734375,185.6374969482422,116.76239013671875,6876768
2005-12-21,185.3125,187.9375,183.625,185.88436889648438,116.91764068603516,10226992
2005-12-22,187.375,187.625,185.75,186.4250030517578,117.25769805908203,7761200
2005-12-23,186.88125610351562,188.4343719482422,185.9375,186.32186889648438,117.1928482055664,10458144
2005-12-26,186.375,186.875,183.75625610351562,184.43124389648438,116.00369262695312,6277424
2005-12-27,184.6875,187.4968719482422,182.56875610351562,187.14999389648438,117.71375274658203,6468448
2005-12-28,187.4375,187.5,185.125,186.79061889648438,117.48768615722656,6864528
2005-12-29,187.1875,189.375,185.6875,186.7156219482422,117.44049835205078,17621552
2005-12-30,188.125,188.68124389648438,185.8874969482422,187.30313110351562,117.81005096435547,13610048
2006-01-02,187.9375,187.9375,185.8125,186.20938110351562,117.12210845947266,6648000
2006-01-03,186.875,188.4375,186.1906280517578,187.93124389648438,118.20509338378906,7959936
2006-01-04,188.19375610351562,191.5625,187.1999969482422,190.9562530517578,120.1077880859375,12552928
2006-01-05,191.5,191.86874389648438,190.078125,190.93124389648438,120.09205627441406,7556560
2006-01-06,190.625,191.875,188.640625,190.8249969482422,120.02525329589844,17007808
2006-01-09,191.875,192.49374389648438,189.078125,189.74063110351562,119.3431625366211,16070784
2006-01-10,190.953125,190.953125,185.0625,185.94686889648438,116.95694732666016,21501040
2006-01-12,184.375,184.375,172.6906280517578,177.3625030517578,111.55755615234375,78601776
2006-01-13,178.125,179.9375,176.9375,177.78750610351562,111.82489776611328,15359696
2006-01-16,176.8937530517578,178.4375,173.2687530517578,173.765625,109.29521942138672,22288528
2006-01-17,175.0,175.8093719482422,171.88125610351562,172.6374969482422,108.58565521240234,15081376
2006-01-18,173.125,173.125,168.75625610351562,171.24374389648438,107.7089614868164,20814656
2006-01-19,171.875,177.4187469482422,171.875,176.30624389648438,110.89325714111328,17848192
2006-01-20,177.8125,179.0625,175.125,175.85000610351562,110.60620880126953,11981008
2006-01-23,175.125,175.125,171.0124969482422,171.54061889648438,107.89578247070312,17982992
2006-01-24,172.75,176.9375,172.5,176.3718719482422,110.93449401855469,12704704
2006-01-25,176.9375,179.0625,175.69375610351562,176.74063110351562,111.16644287109375,17247776
2006-01-27,178.4375,181.93124389648438,178.0,181.43124389648438,114.11677551269531,16767456
2006-01-30,181.25,182.75,178.25936889648438,178.92813110351562,112.54232788085938,8504976
2006-01-31,173.8468780517578,180.625,173.8468780517578,180.0187530517578,113.2282943725586,4869184
2006-02-01,180.375,182.8125,178.5656280517578,179.7531280517578,113.06126403808594,12155984
2006-02-02,178.75,181.875,176.0812530517578,176.75625610351562,111.17623901367188,11890224
2006-02-03,176.75,176.75625610351562,173.828125,174.1750030517578,109.55274963378906,13423888
2006-02-06,174.375,178.1281280517578,174.0749969482422,177.65625,111.74232482910156,8457248
2006-02-07,177.5,180.625,176.89688110351562,179.53750610351562,112.92562866210938,12724864
2006-02-08,177.5,181.875,176.33438110351562,181.41561889648438,114.10692596435547,20326704
2006-02-10,180.625,182.5,178.0,179.02188110351562,112.60132598876953,23660048
2006-02-13,178.875,180.0,178.125,178.8781280517578,112.51087951660156,13821120
2006-02-14,179.0500030517578,179.0500030517578,176.03750610351562,176.36874389648438,110.93253326416016,13125968
2006-02-15,176.25,177.7937469482422,172.28750610351562,173.50936889648438,109.1340103149414,28173536
2006-02-16,173.75,176.6906280517578,173.29061889648438,173.81875610351562,109.32862854003906,13848576
2006-02-17,171.875,174.875,171.625,174.0906219482422,109.49964904785156,15374384
2006-02-20,174.0625,177.35311889648438,171.875,176.77499389648438,111.18803405761719,12612320
2006-02-21,176.875,177.7312469482422,175.25,176.10000610351562,110.76351165771484,8554512
2006-02-22,176.0625,176.25,173.8312530517578,175.03125,110.09127807617188,11238448
2006-02-23,175.625,177.55624389648438,173.5,174.6593780517578,109.85735321044922,18668240
2006-02-24,174.65625,175.61874389648438,171.8937530517578,172.3468780517578,108.4028549194336,10003424
2006-02-27,173.125,178.6593780517578,172.95938110351562,178.1593780517578,112.05876922607422,19161632
2006-02-28,178.6593780517578,180.5,175.1593780517578,176.8093719482422,111.20967102050781,22055488
2006-03-01,176.1875,182.1843719482422,174.6875,181.57186889648438,114.20516967773438,20575840
2006-03-02,181.875,182.375,177.8125,178.3937530517578,112.20618438720703,17470960
2006-03-03,178.75,180.125,175.0656280517578,176.52188110351562,111.02886199951172,13667856
2006-03-06,176.5,179.80624389648438,176.25,178.4375,112.23371887207031,10632720
2006-03-07,178.75,178.75,175.1875,176.21875,110.83820343017578,18575472
2006-03-08,176.5625,177.96249389648438,173.3125,175.07186889648438,110.11676025390625,27120256
2006-03-09,174.1875,178.4375,173.75,177.6875,111.76202392578125,14531072
2006-03-10,178.75,182.75,177.625,182.09375,114.53347778320312,19642368
2006-03-13,182.875,185.89999389648438,181.875,183.4499969482422,115.3864974975586,17846048
2006-03-14,187.33749389648438,187.33749389648438,181.625,183.2781219482422,115.27838134765625,14881840
2006-03-16,183.5,183.6875,181.54061889648438,182.6125030517578,114.85974884033203,20640000
2006-03-17,184.3125,184.3125,179.07186889648438,179.8718719482422,113.13594055175781,13591168
2006-03-20,179.6875,186.3125,179.6875,185.43124389648438,116.63262939453125,14761520
2006-03-21,185.625,187.375,182.8125,184.984375,116.35159301757812,16013216
2006-03-22,185.0,185.0,181.3125,182.5,114.78898620605469,7442064
2006-03-23,182.5,184.375,180.0,180.6531219482422,113.62731170654297,15045728
2006-03-24,180.6531219482422,182.1843719482422,180.0,181.02188110351562,113.8592758178711,10750080
2006-03-27,181.875,181.875,179.38125610351562,179.9562530517578,113.18901824951172,9298704
2006-03-28,181.2312469482422,186.09375,180.3125,185.0,116.36144256591797,17541456
2006-03-29,186.27188110351562,190.2468719482422,184.44375610351562,189.7843780517578,119.3707275390625,13873744
2006-03-30,190.31875610351562,192.125,188.265625,190.1875,119.624267578125,17695040
2006-03-31,190.5625,190.5625,185.625,186.33749389648438,117.20268249511719,15430112
2006-04-03,187.5,197.1875,187.5,196.38436889648438,123.52198028564453,25084640
2006-04-04,198.875,199.11874389648438,195.00936889648438,197.0437469482422,123.93668365478516,18142096
2006-04-05,197.1875,198.9375,193.8125,194.671875,122.44483184814453,15241792
2006-04-07,210.3156280517578,215.5625,197.171875,197.9375,124.49882507324219,62828320
2006-04-10,201.1875,204.375,198.3406219482422,199.3312530517578,125.37548828125,17288448
2006-04-12,201.5625,202.49374389648438,191.5968780517578,192.22811889648438,120.90779876708984,27119824
2006-04-13,193.5,196.5437469482422,186.375,188.67813110351562,118.6749038696289,41107040
2006-04-17,195.3125,202.8000030517578,193.75625610351562,201.8718719482422,126.97346496582031,41311184
2006-04-18,203.45938110351562,209.1875,203.45938110351562,208.5,131.14244079589844,25208544
2006-04-19,209.375,209.8125,203.125,204.9250030517578,128.8938751220703,14768784
2006-04-20,205.0,205.625,202.25936889648438,204.78750610351562,128.80735778808594,12678016
2006-04-21,205.625,207.7937469482422,203.25,206.3562469482422,129.79405212402344,15791040
2006-04-24,206.875,206.875,199.0625,200.3000030517578,125.98480224609375,17742992
2006-04-25,200.625,200.625,194.375,196.36563110351562,123.51019287109375,20161728
2006-04-26,197.5,202.8125,196.875,201.5593719482422,126.77696990966797,13430896
2006-04-27,202.0,202.0,194.5,195.7937469482422,123.15045166015625,30133936
2006-04-28,196.25,197.0,187.55624389648438,196.22811889648438,123.42366027832031,14637024
2006-05-02,199.33749389648438,202.1875,197.0,197.765625,124.3907699584961,15986176
2006-05-03,198.5625,199.4968719482422,196.1999969482422,198.21249389648438,124.67179870605469,11678928
2006-05-04,198.25,201.52499389648438,198.25,200.7062530517578,126.24034118652344,7749232
2006-05-05,200.9375,203.0625,199.375,200.75625610351562,126.27180480957031,8049840
2006-05-08,202.1875,202.46875,201.25,201.765625,126.90666961669922,4936400
2006-05-09,201.0625,203.9375,198.82186889648438,202.32186889648438,127.25650024414062,9276272
2006-05-10,202.1875,204.5,202.1875,203.515625,128.00738525390625,7891680
2006-05-11,203.3125,204.546875,200.94686889648438,203.5031280517578,127.99952697753906,8911760
2006-05-12,202.1875,205.3125,199.4375,202.6437530517578,127.45905303955078,8930512
2006-05-15,199.375,203.0625,194.4375,196.94375610351562,123.87381744384766,14559856
2006-05-16,197.5,206.25,191.3125,196.8781280517578,123.83255767822266,13823072
2006-05-17,199.36874389648438,203.0625,197.8125,200.5124969482422,126.11845397949219,10362320
2006-05-18,199.56875610351562,199.56875610351562,187.5,189.6218719482422,119.26851654052734,16559056
2006-05-19,195.0,196.5625,183.2531280517578,185.9031219482422,116.9294662475586,20115264
2006-05-22,189.0437469482422,193.6062469482422,173.4375,176.4812469482422,111.00330352783203,21428240
2006-05-23,176.875,184.0625,173.20938110351562,181.91561889648438,114.42138671875,16092064
2006-05-24,183.75,183.8125,175.6999969482422,178.8093719482422,112.46765899658203,18099376
2006-05-25,176.875,179.18124389648438,174.9375,176.7843780517578,112.71067810058594,27061504
2006-05-26,179.375,185.9187469482422,179.18124389648438,183.390625,116.92259216308594,14654752
2006-05-29,183.75,186.5,183.0,185.4812469482422,118.25546264648438,6655264
2006-05-30,185.875,192.8125,184.78125,189.15625,120.5985107421875,16896048
2006-05-31,185.625,187.4375,178.125,181.86563110351562,115.95033264160156,19133968
2006-06-01,184.3125,185.3125,175.31875610351562,176.86563110351562,112.76251220703125,23703648
2006-06-02,178.125,181.25,175.625,180.375,114.99995422363281,16122752
2006-06-05,182.375,182.75,175.640625,176.515625,112.53936004638672,16765696
2006-06-06,175.0,177.7468719482422,171.5968780517578,172.83749389648438,110.19428253173828,11165872
2006-06-07,172.125,174.375,168.75,172.703125,110.10865783691406,15958592
2006-06-08,174.08749389648438,174.08749389648438,162.83438110351562,168.9875030517578,107.73973846435547,26215328
2006-06-09,167.69686889648438,176.5625,167.69686889648438,174.66561889648438,111.35985565185547,14375360
2006-06-12,175.0,178.0,170.3125,172.6999969482422,110.10667419433594,12858304
2006-06-13,171.6875,171.875,163.77188110351562,164.94375610351562,105.16161346435547,14349504
2006-06-14,168.4187469482422,169.9375,153.125,155.3249969482422,99.02904510498047,34819152
2006-06-15,160.0,172.5625,158.75,170.4406280517578,108.66617584228516,19508336
2006-06-16,172.5625,182.1062469482422,172.5625,175.07186889648438,111.61885070800781,24844288
2006-06-19,175.0,180.625,173.4375,179.4499969482422,114.41019439697266,17583840
2006-06-20,178.625,179.375,175.0625,177.75,113.32637023925781,11280512
2006-06-21,176.5625,183.4375,175.625,182.703125,116.48424530029297,13676704
2006-06-22,187.1687469482422,187.1687469482422,183.1906280517578,184.49063110351562,117.6239013671875,12335936
2006-06-23,183.1906280517578,188.125,180.625,186.9718780517578,119.20587158203125,10917136
2006-06-26,187.4375,187.4375,180.625,181.2624969482422,115.5657730102539,10961984
2006-06-27,181.5625,186.25,177.63125610351562,185.4656219482422,118.24553680419922,16200736
2006-06-28,183.203125,187.125,180.0,185.90625,118.52645874023438,8796528
2006-06-29,187.125,188.75,186.578125,187.10311889648438,119.28953552246094,12236576
2006-06-30,192.75,195.625,189.0625,192.4343719482422,122.68849182128906,14027008
2006-07-03,192.8125,197.5,191.39688110351562,197.14688110351562,125.69303131103516,9845760
2006-07-04,197.5,199.3562469482422,195.9375,196.85311889648438,125.50575256347656,9697200
2006-07-05,198.75,200.2687530517578,194.4406280517578,199.63125610351562,127.27696990966797,16354128
2006-07-06,196.63125610351562,199.375,195.3125,197.74063110351562,126.07161712646484,7380336
2006-07-07,199.375,202.5,193.2531280517578,194.0625,123.72657775878906,11325776
2006-07-10,199.3125,199.6875,193.81875610351562,199.2531280517578,127.03588104248047,12224528
2006-07-11,199.9375,201.5625,195.9375,196.7624969482422,125.44798278808594,12966096
2006-07-12,206.25,212.5,200.3125,211.60311889648438,134.9097442626953,68016688
2006-07-13,218.5,224.875,208.25,210.24374389648438,134.04307556152344,11386312
2006-07-14,206.25,207.63125610351562,202.5,206.09375,131.39718627929688,13901696
2006-07-17,205.125,205.71249389648438,200.0,200.65625,127.93048095703125,12418848
2006-07-18,201.2937469482422,205.625,200.625,203.69375610351562,129.86708068847656,10584456
2006-07-19,207.625,207.625,199.6374969482422,200.56875610351562,127.87466430664062,11589456
2006-07-20,212.33749389648438,212.33749389648438,204.125,205.9812469482422,131.32546997070312,12027920
2006-07-21,204.35000610351562,204.35000610351562,197.5625,200.2624969482422,127.67941284179688,9124336
2006-07-24,199.96249389648438,202.4499969482422,196.5,201.41250610351562,128.41265869140625,10318504
2006-07-25,203.625,205.4875030517578,200.0,201.33749389648438,128.36480712890625,10798144
2006-07-26,203.1374969482422,206.85000610351562,200.0,205.8000030517578,131.20993041992188,12250056
2006-07-27,205.625,208.4250030517578,203.1875,207.2937469482422,132.16226196289062,14483288
2006-07-28,207.6374969482422,207.75625610351562,201.28750610351562,203.77499389648438,129.9188232421875,6279120
2006-07-31,205.625,208.75,204.5812530517578,206.94375610351562,131.93911743164062,14844888
2006-08-01,206.25,208.58749389648438,205.125,207.25,132.13436889648438,9172848
2006-08-02,207.125,209.875,206.25,208.3312530517578,132.82374572753906,9437032
2006-08-03,208.81875610351562,214.625,207.2624969482422,209.11874389648438,133.32583618164062,19218896
2006-08-04,209.375,211.9875030517578,208.75,210.0812530517578,133.93948364257812,9383824
2006-08-07,210.0,211.24374389648438,208.7375030517578,209.1999969482422,133.37762451171875,5687424
2006-08-08,209.375,211.25,209.2624969482422,210.53125,134.2263946533203,3511136
2006-08-09,210.25,213.5,208.75,212.75625610351562,135.64492797851562,9770304
2006-08-10,212.5,214.75,211.375,213.5749969482422,136.1669158935547,8956856
2006-08-11,213.75,218.75,213.13125610351562,217.77499389648438,138.84474182128906,12244656
2006-08-14,219.0,220.5812530517578,217.5124969482422,219.4375,139.90467834472656,6330792
2006-08-16,221.25,223.125,217.5437469482422,219.03750610351562,139.6496124267578,9409016
2006-08-17,220.00625610351562,221.6437530517578,218.06875610351562,219.6999969482422,140.0719757080078,8248312
2006-08-18,220.625,221.09375,201.25,220.25,140.42262268066406,4419160
2006-08-21,220.5,225.0,218.625,224.7624969482422,143.2996368408203,11419320
2006-08-22,225.125,226.125,221.89999389648438,222.6437530517578,141.94879150390625,4609584
2006-08-23,223.6062469482422,224.3125,219.75,220.9875030517578,140.89283752441406,6302656
2006-08-24,220.0,221.875,218.125,220.8625030517578,140.8131866455078,8702912
2006-08-25,221.75,222.49374389648438,220.0,220.83749389648438,140.7972412109375,5107408
2006-08-28,220.83749389648438,222.1374969482422,218.125,221.59375,141.2794189453125,4842896
2006-08-29,222.5,226.375,222.25,225.72500610351562,143.91329956054688,8916176
2006-08-30,226.25,226.25,223.88125610351562,225.14999389648438,143.5467071533203,5320704
2006-08-31,226.0,227.375,225.00625610351562,225.8000030517578,143.96112060546875,9828312
2006-09-01,226.25,226.875,225.0187530517578,226.3125,144.28785705566406,4831256
2006-09-04,226.5,231.875,226.3937530517578,230.96249389648438,147.25253295898438,6050408
2006-09-05,233.75,233.75,228.125,229.36874389648438,146.23641967773438,2980088
2006-09-06,231.25,231.25,228.71875,229.3625030517578,146.2324676513672,5890136
2006-09-07,228.08749389648438,228.6999969482422,224.875,225.8625030517578,144.00100708007812,10036408
2006-09-08,225.875,227.375,222.25,223.6750030517578,142.6062774658203,9983680
2006-09-11,225.1437530517578,225.1437530517578,215.0124969482422,216.69375610351562,138.15536499023438,7521536
2006-09-12,217.5,222.5,215.1374969482422,221.44375610351562,141.18374633789062,8129760
2006-09-13,223.75,226.875,223.75,226.18124389648438,144.20420837402344,9154136
2006-09-14,226.9187469482422,230.125,226.875,228.91250610351562,145.9455108642578,10625664
2006-09-15,229.375,229.375,223.63125610351562,226.3312530517578,144.29983520507812,7885912
2006-09-18,228.125,228.125,226.3125,227.1687469482422,144.8337860107422,5744536
2006-09-19,227.25,229.33749389648438,225.25,227.0500030517578,144.75807189941406,9704216
2006-09-20,225.0,229.875,224.53750610351562,228.80624389648438,145.8777618408203,7179560
2006-09-21,230.0,231.25,228.4562530517578,229.7624969482422,146.48745727539062,7663592
2006-09-22,228.0,229.75,226.4187469482422,228.75,145.84190368652344,5416664
2006-09-25,228.625,228.625,226.5,227.06875610351562,144.77000427246094,3144312
2006-09-26,229.375,230.8249969482422,227.625,229.9812469482422,146.62693786621094,5966920
2006-09-27,230.00625610351562,231.4875030517578,229.06875610351562,229.71249389648438,146.45559692382812,6157840
2006-09-28,230.0,234.39999389648438,227.75,232.2687530517578,148.0853271484375,8825544
2006-09-29,234.75,234.75,230.6374969482422,231.2062530517578,147.4078826904297,3980408
2006-10-03,234.375,234.375,226.5,227.27499389648438,144.9015350341797,8849912
2006-10-04,229.1125030517578,230.0,224.375,224.99374389648438,143.44711303710938,13197136
2006-10-05,228.0,233.75,226.875,233.14999389648438,148.6471710205078,9789080
2006-10-06,233.125,234.96249389648438,230.6687469482422,234.19375610351562,149.31263732910156,6755016
2006-10-09,233.125,239.99374389648438,231.3125,237.0187530517578,151.11375427246094,10756312
2006-10-10,239.10000610351562,243.75,237.50625610351562,238.27499389648438,151.91470336914062,16808400
2006-10-11,250.0,255.5500030517578,244.375,247.5,157.79617309570312,28620128
2006-10-12,251.9375,253.125,246.375,252.50625610351562,160.9879913330078,18510200
2006-10-13,253.75,262.4937438964844,253.75,261.1312561035156,166.48695373535156,24227584
2006-10-16,262.375,268.2250061035156,261.3125,262.5375061035156,167.38352966308594,17926504
2006-10-17,263.625,265.61248779296875,256.51873779296875,258.8374938964844,165.02452087402344,13177320
2006-10-18,257.51873779296875,262.3500061035156,257.5,259.1625061035156,165.23178100585938,12554088
2006-10-19,258.75,260.4624938964844,257.5,258.5625,165.2477264404297,7731416
2006-10-20,261.25,261.25,256.875,258.01251220703125,164.89622497558594,7461600
2006-10-23,262.5,262.5,254.375,255.19375610351562,163.0947265625,6216096
2006-10-26,255.19375610351562,260.0,255.19375610351562,259.16876220703125,165.63519287109375,12725480
2006-10-27,256.9375,264.375,256.9375,261.5687561035156,167.16900634765625,6841680
2006-10-30,261.875,266.875,258.75,265.9624938964844,169.9770965576172,5696096
2006-10-31,266.875,266.875,260.88751220703125,261.9375,167.40464782714844,8534712
2006-11-01,262.0,264.7250061035156,260.13751220703125,262.9312438964844,168.03981018066406,4436984
2006-11-02,261.625,262.5,259.625,260.59375,166.54592895507812,5602288
2006-11-03,261.1875,261.8500061035156,257.3812561035156,259.36248779296875,165.75897216796875,5849680
2006-11-06,261.23748779296875,261.23748779296875,256.9437561035156,258.75,165.36749267578125,3260760
2006-11-07,260.01251220703125,266.7124938964844,260.01251220703125,262.79376220703125,167.95193481445312,9325976
2006-11-08,265.0,269.0,263.4437561035156,265.73126220703125,169.8292694091797,13629480
2006-11-09,267.4937438964844,269.75,263.7875061035156,267.14373779296875,170.7319793701172,9479912
2006-11-10,268.125,269.7437438964844,266.75,267.4750061035156,170.94366455078125,12313296
2006-11-13,267.5,270.75,266.875,270.01873779296875,172.5693817138672,8334936
2006-11-14,271.86248779296875,278.375,271.86248779296875,276.3187561035156,176.59573364257812,18079232
2006-11-15,277.1812438964844,280.01873779296875,274.03125,277.83123779296875,177.5623779296875,7553520
2006-11-16,277.125,278.0874938964844,269.2562561035156,274.9937438964844,175.74896240234375,12040896
2006-11-17,275.25,276.11248779296875,270.03125,273.29998779296875,174.66641235351562,4314648
2006-11-20,271.25,282.79998779296875,269.03125,281.7250061035156,180.05091857910156,19513432
2006-11-21,283.125,283.125,276.96875,282.0625,180.2666015625,22702552
2006-11-22,275.0,281.125,272.48748779296875,278.1937561035156,177.7940673828125,13906048
2006-11-23,278.1937561035156,280.625,278.1937561035156,279.6312561035156,178.71275329589844,6254504
2006-11-24,278.75,280.8374938964844,277.79376220703125,279.4375,178.58892822265625,3503792
2006-11-27,279.375,279.92498779296875,276.6312561035156,277.2250061035156,177.1749267578125,3800096
2006-11-28,275.3374938964844,275.3374938964844,270.0,270.61248779296875,172.9488983154297,10662840
2006-11-29,273.73748779296875,274.85626220703125,266.5,269.58123779296875,172.2898406982422,12407320
2006-11-30,271.86248779296875,274.375,270.0,272.4624938964844,174.13125610351562,10146224
2006-12-01,273.625,275.75,273.125,274.3812561035156,175.3574981689453,4253008
2006-12-04,274.75,276.78125,272.63751220703125,275.90625,176.33213806152344,5804192
2006-12-05,277.5,281.125,277.5,279.88751220703125,178.87657165527344,10435272
2006-12-06,280.0,285.0,277.7749938964844,281.11248779296875,179.65945434570312,14148624
2006-12-07,281.11248779296875,281.7250061035156,275.5,277.9750061035156,177.6542510986328,12853768
2006-12-08,278.125,278.4750061035156,273.78125,274.4437561035156,175.39743041992188,8887960
2006-12-11,276.25,279.375,270.9437561035156,274.3500061035156,175.33753967285156,11614536
2006-12-12,274.75,278.25,267.6499938964844,270.53125,172.89695739746094,15534088
2006-12-13,270.75,272.5,265.6625061035156,268.70623779296875,171.73056030273438,12483816
2006-12-14,271.25,275.95623779296875,270.125,274.51251220703125,175.44139099121094,7347976
2006-12-15,274.375,280.0,274.375,279.1875,178.42916870117188,8628504
2006-12-18,279.75,282.5,272.76251220703125,278.0625,177.7101593017578,15773392
2006-12-19,276.2562561035156,276.5249938964844,266.875,269.70001220703125,172.36569213867188,17929632
2006-12-20,270.625,274.875,268.875,271.3374938964844,173.41224670410156,10131408
2006-12-21,271.875,271.875,268.125,270.4624938964844,172.85299682617188,6686032
2006-12-22,271.25,272.625,270.0062561035156,271.7250061035156,173.6598663330078,4135512
2006-12-26,270.625,278.0874938964844,270.625,277.4312438964844,177.3067169189453,6068072
2006-12-27,278.125,282.3999938964844,278.125,281.58123779296875,179.95901489257812,8637552
2006-12-28,284.375,284.48748779296875,280.0625,281.0249938964844,179.60353088378906,8981616
2006-12-29,281.5,283.2250061035156,278.29376220703125,280.2250061035156,179.09217834472656,6093568
2007-01-02,281.625,287.125,279.76251220703125,284.08123779296875,181.55679321289062,8629864
2007-01-03,284.08123779296875,290.0,284.08123779296875,288.91876220703125,184.6484832763672,10889256
2007-01-04,290.1499938964844,290.625,284.3812561035156,285.6625061035156,182.56732177734375,8777064
2007-01-05,285.75,288.125,281.9437561035156,284.3812561035156,181.74855041503906,7021952
2007-01-08,284.3812561035156,285.0,274.0625,275.70001220703125,176.20030212402344,18481368
2007-01-09,277.0,279.4312438964844,271.67498779296875,273.76251220703125,174.96206665039062,13416408
2007-01-10,275.0,275.0,269.17498779296875,270.5562438964844,172.9128875732422,15159184
2007-01-11,272.625,276.86248779296875,261.89373779296875,272.875,174.3948211669922,34092208
2007-01-12,275.0,278.9624938964844,275.0,277.92498779296875,177.62229919433594,13832688
2007-01-15,279.1187438964844,280.9437561035156,278.75,280.3687438964844,179.18414306640625,10134760
2007-01-16,280.6499938964844,281.25,277.01251220703125,277.7749938964844,177.5264892578125,5113808
2007-01-17,280.625,280.625,274.64373779296875,275.6812438964844,176.18829345703125,8803400
2007-01-18,275.75,279.125,275.75,278.01873779296875,177.68223571777344,7906152
2007-01-19,278.125,279.75,273.125,275.29376220703125,175.94068908691406,11551144
2007-01-22,276.875,282.5,275.54998779296875,281.75,180.0668487548828,9721392
2007-01-23,281.0,281.0,277.51873779296875,279.39373779296875,178.5609588623047,6907168
2007-01-24,275.125,282.125,275.125,279.2562561035156,178.47311401367188,3660880
2007-01-25,280.125,281.8374938964844,277.67498779296875,280.125,179.02833557128906,6798352
2007-01-29,279.375,281.875,276.54376220703125,280.54998779296875,179.2999725341797,6550912
2007-01-31,280.0,281.875,277.66876220703125,280.9125061035156,179.53160095214844,9171104
2007-02-01,281.25,284.375,279.79376220703125,283.6187438964844,181.26116943359375,3367264
2007-02-02,284.375,285.0,280.26251220703125,283.1937561035156,180.98960876464844,9842920
2007-02-05,279.375,284.54998779296875,279.375,283.6625061035156,181.2891845703125,7299072
2007-02-06,283.75,285.8687438964844,282.5,284.1187438964844,181.5807342529297,6560944
2007-02-07,281.9437561035156,296.25,281.9437561035156,294.6312561035156,188.29930114746094,14498464
2007-02-08,295.625,297.5,291.70001220703125,296.7124938964844,189.62939453125,6571448
2007-02-09,296.79998779296875,299.75,292.25,295.15625,188.63479614257812,6304808
2007-02-12,291.875,296.2124938964844,288.88751220703125,293.90625,187.83596801757812,4868088
2007-02-13,293.875,294.8125,284.57501220703125,288.0249938964844,184.07725524902344,7561016
2007-02-14,285.2749938964844,289.375,282.7124938964844,285.58123779296875,182.51541137695312,9642200
2007-02-15,290.61248779296875,301.875,286.875,297.8687438964844,190.36831665039062,9978848
2007-02-19,297.75,300.0,295.3687438964844,297.01251220703125,189.8210906982422,3086648
2007-02-20,296.8812561035156,298.4750061035156,293.875,294.9937438964844,188.53094482421875,2471920
2007-02-21,295.0,296.5,287.76251220703125,288.86248779296875,184.61244201660156,9348720
2007-02-22,288.5,291.875,283.75,285.9375,182.74302673339844,10388800
2007-02-23,284.75,288.875,276.5249938964844,279.7124938964844,178.7647247314453,11559176
2007-02-26,279.25,280.875,269.375,277.26873779296875,177.20289611816406,11670248
2007-02-27,278.75,278.75,270.65625,273.375,174.71434020996094,8956896
2007-02-28,272.5,272.5,256.25,259.6937561035156,165.970703125,25000392
2007-03-01,260.0,273.1187438964844,259.5,269.89373779296875,172.48951721191406,13634656
2007-03-02,271.70001220703125,272.375,259.375,261.6875,167.244873046875,12168104
2007-03-05,259.73748779296875,259.73748779296875,250.0,250.8937530517578,160.34664916992188,13950768
2007-03-06,251.625,269.2124938964844,251.625,264.3062438964844,168.91851806640625,14552864
2007-03-07,270.92498779296875,270.92498779296875,256.2875061035156,260.66876220703125,166.5938262939453,10270272
2007-03-08,261.25,268.25,260.15625,266.96875,170.6201629638672,12261208
2007-03-09,266.29376220703125,268.75,262.04376220703125,265.1187438964844,169.4378204345703,8085208
2007-03-12,265.0,267.9937438964844,262.5,264.4125061035156,168.9864501953125,9065944
2007-03-13,264.625,266.2437438964844,258.7250061035156,263.1312561035156,168.16758728027344,11465824
2007-03-14,259.375,261.2124938964844,251.53125,252.5,161.37315368652344,16009280
2007-03-15,256.375,263.11248779296875,254.5,259.92498779296875,166.11846923828125,17149040
2007-03-16,261.25,263.125,253.125,255.93124389648438,163.56607055664062,7567776
2007-03-19,258.75,261.46875,255.89999389648438,260.90625,166.74562072753906,5461816
2007-03-20,262.5,263.5874938964844,256.25,256.98748779296875,164.24111938476562,5378584
2007-03-21,257.70001220703125,262.5,256.04376220703125,261.7437438964844,167.28085327148438,9258712
2007-03-22,263.75,268.125,262.5,264.8812561035156,169.2860107421875,7974344
2007-03-23,265.0,266.875,260.125,261.57501220703125,167.1730194091797,10877280
2007-03-26,263.125,263.125,255.02499389648438,257.26873779296875,164.42083740234375,15948600
2007-03-28,253.75,253.75,248.5,249.00625610351562,159.14028930664062,21473904
2007-03-29,245.2375030517578,253.625,244.8874969482422,248.83749389648438,159.03245544433594,25927192
2007-03-30,249.375,253.71249389648438,249.375,252.3312530517578,161.26531982421875,14493552
2007-04-02,250.0,250.0,239.0,240.36874389648438,153.62005615234375,14738880
2007-04-03,240.625,246.8125,238.75,245.5812530517578,156.9513702392578,17553760
2007-04-04,247.5,249.9812469482422,243.77499389648438,249.28750610351562,159.32005310058594,12089584
2007-04-05,248.75,249.9875030517578,243.2062530517578,249.03750610351562,159.1603240966797,6129800
2007-04-09,245.0,256.75,245.0,255.94375610351562,163.5740203857422,6112144
2007-04-10,256.25,258.0,247.6374969482422,249.8562469482422,159.6835174560547,11851632
2007-04-11,250.625,254.875,248.46875,249.53125,159.47581481933594,12324768
2007-04-12,248.625,256.98748779296875,245.0,255.7312469482422,163.438232421875,18025880
2007-04-13,262.5,266.5,253.2937469482422,260.86248779296875,166.7176513671875,37096144
2007-04-16,268.75,269.5,260.875,266.0874938964844,170.0569610595703,13423280
2007-04-17,263.75,266.0,258.2562561035156,260.34375,166.38612365722656,13779368
2007-04-18,260.8125,262.3374938964844,257.8999938964844,259.5375061035156,165.870849609375,9491616
2007-04-19,256.26873779296875,257.17498779296875,253.15625,254.9875030517578,162.9629364013672,12689648
2007-04-20,261.8500061035156,261.8500061035156,256.14373779296875,256.88751220703125,164.1772003173828,7901224
2007-04-23,259.96875,259.96875,257.51873779296875,258.65625,165.3076171875,6204520
2007-04-24,253.1875,259.2250061035156,253.125,257.23748779296875,164.40087890625,10435904
2007-04-25,255.75,256.25,251.5,252.3125,161.25332641601562,11769504
2007-04-26,254.375,256.23748779296875,251.0,252.3562469482422,161.28125,11592024
2007-04-27,253.75,254.33749389648438,248.875,250.6437530517578,160.1868133544922,13179936
2007-04-30,250.625,257.5,250.625,256.35626220703125,163.83766174316406,7900544
2007-05-03,257.125,261.65625,257.125,260.20623779296875,166.29823303222656,8526624
2007-05-04,260.0375061035156,261.25,256.51873779296875,258.98748779296875,165.5193328857422,7354320
2007-05-07,259.0,259.375,254.4375,255.2312469482422,163.11868286132812,7725136
2007-05-08,253.75,254.375,249.3937530517578,250.28125,159.95513916015625,11778832
2007-05-09,250.25,250.8125,246.875,247.5749969482422,158.22560119628906,11830928
2007-05-10,251.125,251.83749389648438,246.25,246.77499389648438,157.7143096923828,12493392
2007-05-11,246.25,252.5,243.875,250.0749969482422,159.82334899902344,12702344
2007-05-14,252.25,252.96249389648438,247.8312530517578,250.2375030517578,159.92721557617188,7335704
2007-05-15,249.875,250.0,246.0,246.68124389648438,157.6543731689453,8705704
2007-05-16,246.625,247.75,242.0,243.96249389648438,155.9168243408203,15668240
2007-05-17,245.0,248.625,245.0,247.9375,158.45724487304688,17139072
2007-05-18,247.375,250.7375030517578,246.0,247.7375030517578,158.3294219970703,9588872
2007-05-21,248.25625610351562,249.0,243.78125,245.0500030517578,156.6118621826172,13263216
2007-05-22,243.7624969482422,245.1125030517578,241.375,243.34375,155.52139282226562,19028016
2007-05-23,243.75,244.25,240.0124969482422,240.71875,153.8437042236328,10531456
2007-05-24,240.625,243.7375030517578,239.75,242.125,154.74246215820312,19166928
2007-05-25,243.75,249.0,238.125,248.1875,158.61703491210938,17904664
2007-05-28,244.4562530517578,251.71249389648438,244.4562530517578,246.44375610351562,157.50257873535156,13356216
2007-05-29,246.875,246.875,243.16250610351562,244.21249389648438,156.0766143798828,6663480
2007-05-30,243.125,244.96875,237.625,238.2687530517578,152.27793884277344,20476856
2007-05-31,240.0,242.3874969482422,238.75,240.4375,153.66397094726562,13968520
2007-06-01,241.625,243.7375030517578,241.5,242.31875610351562,154.86627197265625,7742200
2007-06-04,243.75,246.08749389648438,238.60000610351562,239.53750610351562,153.08883666992188,9405184
2007-06-05,240.0,243.75,238.5,242.89999389648438,155.23776245117188,14302728
2007-06-06,246.75,246.75,241.25,242.2937469482422,155.37002563476562,16488016
2007-06-07,230.8562469482422,246.5,230.8562469482422,244.6437530517578,156.87696838378906,13315048
2007-06-08,243.7375030517578,246.875,238.9375,243.8562469482422,156.37196350097656,20947712
2007-06-11,246.75,249.5,246.25,247.47500610351562,158.69248962402344,18446208
2007-06-12,245.25,249.8625030517578,245.25,248.6875,159.4700164794922,9489648
2007-06-13,214.375,249.875,214.375,248.59375,159.40989685058594,6143208
2007-06-14,249.375,253.875,249.375,252.39999389648438,161.8506317138672,15894848
2007-06-15,253.75,254.75,250.0,251.1750030517578,161.0651092529297,8519312
2007-06-18,253.125,253.625,248.19375610351562,248.68124389648438,159.46600341796875,9880776
2007-06-19,248.75,248.8562469482422,242.75,244.5749969482422,156.83285522460938,14005784
2007-06-20,245.75,246.75,243.7687530517578,244.27499389648438,156.64051818847656,6835384
2007-06-21,244.25,245.75,241.89999389648438,244.80624389648438,156.9811553955078,6758680
2007-06-22,245.58749389648438,245.58749389648438,241.875,243.85000610351562,156.3679656982422,6673960
2007-06-25,243.85000610351562,245.3625030517578,239.875,242.0812530517578,155.23379516601562,5557352
2007-06-26,241.25,243.5,240.0,240.2687530517578,154.071533203125,6085936
2007-06-27,241.375,243.28125,241.0,241.9187469482422,155.1295928955078,5488248
2007-06-28,242.5,243.4499969482422,239.1374969482422,240.63125610351562,154.30397033691406,8399232
2007-06-29,243.75,246.25,240.0,241.13125610351562,154.6245880126953,13776528
2007-07-02,243.0,244.3625030517578,241.125,242.9812469482422,155.81088256835938,9189768
2007-07-03,243.75,244.13125610351562,241.91250610351562,243.4250030517578,156.09542846679688,5633960
2007-07-04,245.125,245.125,240.25,241.38125610351562,154.7848663330078,5838480
2007-07-05,241.3937530517578,242.5,238.75,239.60000610351562,153.6427001953125,7673904
2007-07-06,230.83749389648438,247.08749389648438,230.83749389648438,246.47500610351562,158.05130004882812,17535640
2007-07-09,248.625,251.1750030517578,248.2937469482422,249.21875,159.81065368652344,14444344
2007-07-10,249.375,255.24374389648438,249.375,252.5625,161.95484924316406,17479504
2007-07-11,250.0,250.0,240.625,241.2062530517578,154.67269897460938,37621888
2007-07-12,243.75,244.96249389648438,239.375,240.27499389648438,154.07553100585938,31228624
2007-07-13,241.5187530517578,244.8000030517578,240.25625610351562,242.47500610351562,155.4862823486328,26942344
2007-07-16,243.125,244.375,241.0,241.9812469482422,155.1696014404297,13679896
2007-07-17,242.5,244.83749389648438,241.75,242.31875610351562,155.38604736328125,8854256
2007-07-18,242.6374969482422,244.3125,241.89999389648438,243.06875610351562,155.8669891357422,6772224
2007-07-19,243.5,250.0,243.25,249.5625,160.03111267089844,16677152
2007-07-20,250.0,252.375,246.31875610351562,248.28125,159.2095489501953,13050288
2007-07-23,246.7624969482422,247.9875030517578,241.39999389648438,243.47500610351562,156.1274871826172,15034016
2007-07-24,243.47500610351562,247.4875030517578,242.56875610351562,246.8874969482422,158.31576538085938,8892384
2007-07-25,247.0,251.25,243.125,248.6062469482422,159.4178924560547,11647192
2007-07-26,249.75,256.25,249.375,254.2937469482422,163.0649871826172,22691384
2007-07-27,250.125,251.875,245.2062530517578,250.9812469482422,160.94085693359375,13866488
2007-07-30,250.9812469482422,251.25,245.7937469482422,248.3000030517578,159.22154235839844,5598216
2007-07-31,248.75,254.375,244.40625,246.97500610351562,158.3719024658203,7234104
2007-08-01,248.5,248.5,240.375,241.1875,154.6606903076172,11838920
2007-08-02,243.75,243.75,236.5625,237.39999389648438,152.23190307617188,11826664
2007-08-03,237.625,240.4250030517578,237.25,239.5812530517578,153.63063049316406,6699184
2007-08-06,242.47500610351562,242.47500610351562,232.5437469482422,233.16250610351562,149.51466369628906,9018400
2007-08-07,234.375,237.5,232.8874969482422,234.80624389648438,150.56871032714844,11022904
2007-08-08,236.25,249.75,236.25,245.90625,157.68653869628906,24515808
2007-08-09,248.75,250.625,240.625,241.78125,155.04141235351562,10244784
2007-08-10,231.8874969482422,245.875,231.8874969482422,244.9875030517578,157.097412109375,14852240
2007-08-13,246.25,246.25,240.14999389648438,243.7375030517578,156.29580688476562,6277472
2007-08-14,243.75,245.125,241.8312530517578,244.4250030517578,156.73667907714844,4490672
2007-08-16,233.75,240.875,232.77499389648438,239.1374969482422,153.34608459472656,14135888
2007-08-17,239.86874389648438,239.86874389648438,217.8937530517578,231.81875610351562,148.65293884277344,27524232
2007-08-20,239.375,239.375,227.5625,228.64999389648438,146.62103271484375,13752864
2007-08-21,228.875,231.2624969482422,219.03125,220.1687469482422,141.18243408203125,20084032
2007-08-22,220.625,226.0500030517578,218.75,223.58749389648438,143.3746795654297,9464336
2007-08-23,231.125,231.24374389648438,224.02499389648438,226.44375610351562,145.20631408691406,13791248
2007-08-24,222.6437530517578,229.1875,222.6437530517578,228.1999969482422,146.33248901367188,7405424
2007-08-27,229.875,231.375,227.03750610351562,230.96249389648438,148.10391235351562,5364912
2007-08-28,228.75,236.75,228.25,235.03125,150.71298217773438,10137472
2007-08-29,230.125,233.75,227.5625,229.65625,147.26626586914062,11615696
2007-08-30,231.25,233.8000030517578,230.125,233.14999389648438,149.50662231445312,8973008
2007-08-31,235.625,235.625,231.0,231.81875610351562,148.65293884277344,7885336
2007-09-03,233.125,233.75,231.875,232.5812530517578,149.14193725585938,4769872
2007-09-04,240.33749389648438,240.33749389648438,221.875,236.21249389648438,151.47044372558594,5593768
2007-09-05,235.5,240.61874389648438,235.40625,236.88125610351562,151.8992919921875,8701272
2007-09-06,234.5,238.625,234.5,237.97500610351562,152.60067749023438,3881216
2007-09-07,238.875,240.625,237.625,238.5625,152.97738647460938,5357776
2007-09-10,236.5625,238.08749389648438,233.2062530517578,233.9375,150.0116424560547,5928440
2007-09-11,235.75,235.75,226.875,227.85000610351562,146.1080322265625,7806928
2007-09-12,228.125,233.25,226.6437530517578,227.7312469482422,146.03187561035156,7977880
2007-09-13,228.125,232.75,227.9375,229.28125,147.02577209472656,9630800
2007-09-14,230.0,232.25,228.78750610351562,229.6374969482422,147.25425720214844,9550288
2007-09-17,231.75,231.8625030517578,224.0625,225.60000610351562,144.66525268554688,11030912
2007-09-18,225.0,226.84375,223.3125,225.56875610351562,144.64517211914062,13408016
2007-09-19,230.0,233.5,230.0,231.4499969482422,148.41650390625,17208904
2007-09-20,230.0,230.625,224.3937530517578,225.0500030517578,144.31253051757812,10340064
2007-09-21,223.75,231.25,219.125,228.2375030517578,146.35650634765625,15328600
2007-09-24,228.5,228.74374389648438,220.0,220.38125610351562,141.31875610351562,17386784
2007-09-25,223.125,224.375,218.5625,221.4187469482422,141.98403930664062,17385008
2007-09-26,222.5,229.33749389648438,221.25,228.1437530517578,146.2964324951172,13126264
2007-09-27,234.0124969482422,241.58749389648438,229.375,239.4812469482422,153.56651306152344,30952096
2007-09-28,240.625,243.75,233.375,236.59375,151.71495056152344,16135888
2007-10-01,236.875,239.375,231.58749389648438,238.1687469482422,152.7248992919922,12118896
2007-10-03,240.0,251.8625030517578,238.75,250.19375610351562,160.43588256835938,26572224
2007-10-04,251.25,251.25,245.25,249.8625030517578,160.22352600097656,14354928
2007-10-05,250.0,250.0,246.9499969482422,247.8625030517578,158.94100952148438,8433464
2007-10-08,250.0,253.125,248.0,250.4562530517578,160.60427856445312,8695752
2007-10-09,248.125,256.5,248.125,255.9250030517578,164.1110382080078,13053992
2007-10-10,261.83123779296875,267.7437438964844,257.5,265.6312561035156,170.33511352539062,22305808
2007-10-11,262.5,262.5,245.375,247.1062469482422,158.4560546875,35483448
2007-10-12,245.625,246.8625030517578,237.97500610351562,241.21249389648438,154.6766815185547,20546200
2007-10-15,245.97500610351562,245.97500610351562,239.25,240.97500610351562,154.52438354492188,14805752
2007-10-16,232.66250610351562,241.25,230.0124969482422,233.2937469482422,149.59884643554688,20676272
2007-10-17,225.0,238.5,223.125,236.28750610351562,151.51856994628906,16105088
2007-10-18,237.5,243.75,232.10000610351562,236.25,151.97689819335938,18871056
2007-10-19,237.5,241.25,234.5187530517578,238.7062530517578,153.5569610595703,11118784
2007-10-22,232.25,238.77499389648438,232.25,235.84375,151.71554565429688,10683432
2007-10-23,237.5,239.6999969482422,233.75,235.43124389648438,151.4502410888672,12346344
2007-10-24,237.625,239.75,229.1374969482422,230.5625,148.31822204589844,11446248
2007-10-25,231.375,234.47500610351562,228.125,229.63125610351562,147.71913146972656,12955840
2007-10-26,229.375,231.875,228.0,231.03125,148.6197509765625,8279104
2007-10-29,237.5,237.5,231.89999389648438,232.5749969482422,149.61280822753906,5328480
2007-10-30,233.75,235.5,229.9499969482422,231.77499389648438,149.09815979003906,5996440
2007-10-31,233.6875,235.6437530517578,227.2624969482422,229.68124389648438,147.75128173828125,10025528
2007-11-01,233.9562530517578,235.0,229.5,234.24374389648438,150.686279296875,9522528
2007-11-02,231.25,241.25,227.625,239.6437530517578,154.1600799560547,10208808
2007-11-05,237.5,241.08749389648438,230.0437469482422,231.75,149.08212280273438,6211480
2007-11-06,231.25,234.375,231.25,231.46875,148.90118408203125,4517832
2007-11-07,231.4187469482422,231.4187469482422,216.875,218.2375030517578,140.3896484375,23151400
2007-11-08,214.83749389648438,218.125,212.875,214.5437469482422,138.0134735107422,15705240
2007-11-12,209.375,209.375,201.2687530517578,205.2312469482422,132.0228729248047,25324832
2007-11-13,203.125,211.6374969482422,200.875,203.3937530517578,130.84085083007812,23517112
2007-11-14,210.0,216.25,207.0,213.49374389648438,137.33804321289062,16262008
2007-11-15,212.5,212.5,204.75,205.91250610351562,132.46112060546875,13053800
2007-11-16,205.91250610351562,208.0,202.25,203.125,130.66795349121094,9711528
2007-11-19,206.25,206.25,202.0,202.49374389648438,130.2618865966797,14441160
2007-11-20,200.875,202.5,194.1687469482422,195.71249389648438,125.89960479736328,22736872
2007-11-21,193.125,198.375,192.5,193.3874969482422,124.4039535522461,16523872
2007-11-22,193.74374389648438,195.0124969482422,189.875,191.4499969482422,123.15756225585938,12576744
2007-11-23,193.75,200.58749389648438,191.71249389648438,194.6875,125.24022674560547,16680696
2007-11-26,195.625,199.68124389648438,195.625,196.99374389648438,126.72377014160156,9515520
2007-11-27,196.99374389648438,198.25,195.34375,196.7062530517578,126.53886413574219,11749864
2007-11-28,198.625,199.375,194.875,196.16250610351562,126.18907165527344,9458944
2007-11-29,200.625,201.75,193.75,195.90625,126.02420806884766,24061072
2007-11-30,196.75,203.1125030517578,196.75,200.3125,128.85873413085938,27369392
2007-12-03,200.3125,204.0,198.5749969482422,200.0437469482422,128.68582153320312,20101040
2007-12-04,199.8125,203.46249389648438,198.85000610351562,201.91250610351562,129.8879852294922,11367656
2007-12-05,202.46249389648438,202.46249389648438,198.8125,200.4375,128.9391326904297,9996752
2007-12-06,201.41250610351562,206.125,201.41250610351562,204.4187469482422,131.50022888183594,14144400
2007-12-07,206.25,218.66250610351562,203.78125,215.28750610351562,138.49197387695312,21737160
2007-12-10,217.4375,220.96249389648438,212.5,218.58749389648438,140.6147918701172,12426168
2007-12-11,218.58749389648438,219.875,213.375,218.03750610351562,140.26100158691406,8444392
2007-12-12,213.75,215.0,207.125,210.71875,135.55296325683594,12351000
2007-12-13,211.75,212.3625030517578,206.53125,207.49374389648438,133.47836303710938,6652856
2007-12-14,206.5,209.33749389648438,204.7624969482422,205.78750610351562,132.38070678710938,4281176
2007-12-17,206.25,207.375,201.5,203.0437469482422,130.61569213867188,7347000
2007-12-18,191.7062530517578,209.375,191.7062530517578,202.24374389648438,130.10108947753906,8413376
2007-12-19,204.3249969482422,206.25,204.0187530517578,204.9250030517578,131.8258819580078,5297880
2007-12-20,205.875,215.0,205.58749389648438,211.94375610351562,136.34097290039062,15204048
2007-12-24,214.8000030517578,227.375,213.75,226.2687530517578,145.55604553222656,16365336
2007-12-26,227.5,228.19375610351562,221.25,227.22500610351562,146.17123413085938,4604376
2007-12-27,228.0,229.85000610351562,224.0187530517578,225.3000030517578,144.93284606933594,8358504
2007-12-28,221.25,226.25,213.7624969482422,224.53125,144.4384002685547,4784160
2007-12-31,225.125,225.625,219.8874969482422,221.2375030517578,142.31954956054688,5272944
2008-01-01,220.8249969482422,222.3249969482422,217.78125,218.3562469482422,140.46603393554688,2001624
2008-01-02,218.75,219.9187469482422,214.0500030517578,218.53750610351562,140.58265686035156,6155056
2008-01-03,224.625,224.625,211.25,213.63125610351562,137.42652893066406,12425960
2008-01-04,218.4250030517578,218.4250030517578,210.0,211.8625030517578,136.2886962890625,6166320
2008-01-07,208.75,211.25,202.875,204.6062469482422,131.62083435058594,13254200
2008-01-08,206.875,209.9875030517578,202.7687530517578,207.78125,133.66329956054688,15531264
2008-01-09,206.875,212.375,205.7937469482422,206.61874389648438,132.91542053222656,14714680
2008-01-10,210.9250030517578,211.25,198.5,200.31875610351562,128.86273193359375,15498280
2008-01-11,212.5,217.40625,195.625,197.71875,127.19017791748047,22633144
2008-01-14,199.875,201.25,190.625,191.1875,122.98868560791016,16050824
2008-01-15,193.0,194.3625030517578,187.5,187.7624969482422,120.7854232788086,12786224
2008-01-16,187.5,189.875,183.7624969482422,186.91250610351562,120.2386703491211,11127096
2008-01-17,187.5,190.65625,185.625,186.3000030517578,119.8446273803711,9699600
2008-01-18,186.625,187.25,181.36874389648438,183.5500030517578,118.07556915283203,8136992
2008-01-21,182.4875030517578,186.25,163.02499389648438,173.8874969482422,111.85986328125,22169536
2008-01-22,167.5,180.5,156.875,172.6125030517578,111.03961944580078,27680552
2008-01-23,181.125,182.3249969482422,171.52499389648438,177.75,114.34455871582031,17827184
2008-01-24,181.125,187.875,174.375,177.81875610351562,114.38874053955078,13942864
2008-01-25,178.75,192.35000610351562,178.75,189.9812469482422,122.21275329589844,6650192
2008-01-28,184.25,187.5,175.90625,180.7937469482422,116.30254364013672,7788688
2008-01-29,181.25,188.71875,181.25,186.5749969482422,120.02149200439453,9040664
2008-01-30,188.875,188.875,184.03125,186.65625,120.07379913330078,7139816
2008-01-31,187.0,191.8625030517578,183.77499389648438,187.38125610351562,120.5401611328125,17885296
2008-02-01,188.25,201.0,188.25,199.3249969482422,128.2235107421875,11143960
2008-02-04,204.3125,208.11874389648438,200.625,205.00625610351562,131.8781280517578,11361168
2008-02-05,204.625,204.625,198.125,201.16250610351562,129.405517578125,8020712
2008-02-06,188.125,196.8625030517578,187.5,188.74374389648438,121.41666412353516,9944016
2008-02-07,193.21249389648438,193.21249389648438,184.03125,185.2937469482422,119.19730377197266,4179600
2008-02-08,185.0,197.125,184.875,194.0437469482422,124.82611083984375,13180592
2008-02-11,193.75,200.0,190.03125,194.74374389648438,125.2763671875,13978800
2008-02-12,195.0,200.0,191.9187469482422,193.15625,124.2552261352539,8462432
2008-02-13,196.25,206.25625610351562,187.6687469482422,193.1750030517578,124.26724243164062,9893968
2008-02-14,190.6875,199.9250030517578,190.6875,193.34375,124.37574005126953,11749944
2008-02-15,192.5,197.5,187.625,195.6750030517578,125.87548065185547,8952256
2008-02-18,196.25,197.375,192.53125,194.3937530517578,125.05128479003906,3266176
2008-02-19,195.0,196.90625,190.8125,194.5625,125.15979766845703,5356392
2008-02-20,196.375,198.72500610351562,194.5625,196.1125030517578,126.15692901611328,7002904
2008-02-21,199.9875030517578,206.25,196.53750610351562,203.44375610351562,130.87298583984375,10366768
2008-02-22,201.5,202.85000610351562,196.44375610351562,197.5812530517578,127.1016616821289,4970504
2008-02-25,199.85000610351562,202.9812469482422,197.875,201.8937530517578,129.87591552734375,7592448
2008-02-26,202.375,209.0,201.25,207.8562469482422,133.7115020751953,8402704
2008-02-27,208.125,210.9250030517578,201.8937530517578,202.3625030517578,130.17747497558594,8432760
2008-02-28,201.125,202.5,199.0187530517578,199.9187469482422,128.60540771484375,11706032
2008-02-29,196.25,200.2375030517578,190.125,193.52499389648438,124.49237060546875,7945088
2008-03-03,192.625,192.625,181.25,183.4875030517578,118.03538513183594,12364736
2008-03-04,190.5124969482422,190.5124969482422,176.25,177.38125610351562,114.1073226928711,10798960
2008-03-05,178.125,187.5,175.625,184.85000610351562,118.91184997558594,11396696
2008-03-07,181.25,181.25,175.03750610351562,178.81875610351562,115.03204345703125,9164680
2008-03-10,176.75,184.8249969482422,175.0,178.8874969482422,115.07626342773438,5657136
2008-03-11,179.875,179.875,175.625,178.2937469482422,114.69426727294922,16043424
2008-03-12,184.25,184.375,172.0,173.1437530517578,111.3813705444336,13626184
2008-03-13,172.5,173.10000610351562,163.875,167.21249389648438,107.56590270996094,7881488
2008-03-14,166.875,173.625,166.25,171.27499389648438,110.17922973632812,9622768
2008-03-17,168.5,169.28750610351562,163.875,167.22500610351562,107.57393646240234,5832080
2008-03-18,167.5,170.125,162.5,164.3249969482422,105.70838165283203,14731424
2008-03-19,168.74374389648438,171.625,164.5,167.96249389648438,108.04834747314453,15637216
2008-03-24,169.65625,173.5,167.89999389648438,170.05624389648438,109.39519500732422,13596008
2008-03-25,175.2062530517578,193.3625030517578,173.75,186.53750610351562,119.99742889404297,22739080
2008-03-26,188.125,189.7312469482422,181.3874969482422,187.4375,120.57633972167969,11819184
2008-03-27,186.25625610351562,186.25625610351562,178.2624969482422,180.21875,115.93262481689453,16692504
2008-03-28,179.0,192.33749389648438,177.5,190.14999389648438,122.3213119506836,11829888
2008-03-31,185.25,187.5,175.5124969482422,179.9875030517578,115.78384399414062,20198320
2008-04-01,180.6374969482422,183.0,176.27499389648438,177.88125610351562,114.42896270751953,6289208
2008-04-02,184.375,187.375,183.125,185.35000610351562,119.2334976196289,11152080
2008-04-03,183.7624969482422,191.25,183.7624969482422,190.3125,122.42584228515625,9778160
2008-04-04,183.875,190.875,179.0,185.68124389648438,119.44662475585938,8028032
2008-04-07,187.375,191.0500030517578,184.53125,186.50625610351562,119.97731018066406,16097184
2008-04-08,186.5,186.875,181.53125,183.36874389648438,117.958984375,12385648
2008-04-09,183.36874389648438,186.0,181.375,184.99374389648438,119.00435638427734,9028552
2008-04-10,183.125,188.7375030517578,180.375,181.5749969482422,116.80509948730469,17130064
2008-04-11,183.75,185.0,176.625,177.7375030517578,114.33648681640625,24134312
2008-04-15,180.0,190.625,177.5,188.8000030517578,121.4528579711914,36402536
2008-04-16,190.625,201.875,190.0,200.02499389648438,128.67381286621094,30611608
2008-04-17,203.74374389648438,211.25,202.5,207.3874969482422,133.40997314453125,36919280
2008-04-21,209.875,214.625,203.5,205.72500610351562,132.3405303955078,14821992
2008-04-22,203.75,205.6437530517578,197.5,199.8249969482422,128.5451202392578,16797448
2008-04-23,200.0,206.6374969482422,199.6374969482422,205.99374389648438,132.51336669921875,16632104
2008-04-24,206.25,213.4875030517578,204.125,212.00625610351562,136.38116455078125,18346552
2008-04-25,212.49374389648438,214.4499969482422,206.375,210.53750610351562,135.4363250732422,15895984
2008-04-28,211.25,212.5,206.3874969482422,207.9562530517578,133.77587890625,8629856
2008-04-29,206.25,220.24374389648438,205.1374969482422,218.69375610351562,140.68321228027344,33966768
2008-04-30,220.0,226.25,216.2624969482422,219.1374969482422,140.96861267089844,20999336
2008-05-02,221.875,224.625,221.0437469482422,223.43124389648438,143.7307586669922,17349008
2008-05-05,223.375,226.25,220.5187530517578,223.24374389648438,143.610107421875,9792280
2008-05-06,220.6999969482422,231.25,217.0,225.93124389648438,145.3389434814453,17782656
2008-05-07,229.6125030517578,232.375,227.3249969482422,230.5187530517578,148.29005432128906,22085248
2008-05-08,225.625,229.375,218.18124389648438,223.0812530517578,143.5055694580078,15537672
2008-05-09,222.625,223.9250030517578,217.125,218.6687469482422,140.6670684814453,14412800
2008-05-12,221.1750030517578,224.875,211.9187469482422,221.6750030517578,142.60098266601562,16301840
2008-05-13,223.125,226.8625030517578,214.375,218.59375,140.61888122558594,18049576
2008-05-14,217.5,229.375,217.5,228.1125030517578,146.7421417236328,16222912
2008-05-15,228.0,238.5625,228.0,236.6374969482422,152.2261962890625,28982432
2008-05-16,237.125,239.40625,232.50625610351562,233.9250030517578,150.48126220703125,16864744
2008-05-20,233.125,239.125,226.875,235.96249389648438,151.7919464111328,13969280
2008-05-21,234.25,235.5,231.75,233.8312530517578,150.4209442138672,8559384
2008-05-22,232.5,237.375,230.875,232.9562530517578,149.85806274414062,12277912
2008-05-23,232.9562530517578,235.5,227.0437469482422,228.59375,147.05172729492188,11698168
2008-05-26,226.25,236.875,223.875,235.63125610351562,151.57884216308594,21397152
2008-05-27,236.25,237.375,233.25,235.3874969482422,151.42205810546875,10323560
2008-05-28,235.375,240.0,234.5625,238.9499969482422,153.71377563476562,15428808
2008-05-29,238.125,238.5625,232.06875610351562,235.68124389648438,153.80349731445312,15898512
2008-05-30,236.25,247.25,233.125,245.35000610351562,160.1132354736328,27614928
2008-06-02,247.5,253.75,242.5625,243.85000610351562,159.13436889648438,16651424
2008-06-03,240.625,243.77499389648438,235.125,240.28125,156.80540466308594,15588320
2008-06-04,240.0,240.0,231.6374969482422,233.83749389648438,152.60025024414062,12818832
2008-06-05,235.96249389648438,248.375,233.75,247.44375610351562,161.47958374023438,19144816
2008-06-06,250.0,255.8125,247.5749969482422,249.19375610351562,162.6216583251953,14816264
2008-06-09,242.63125610351562,246.25,235.8312530517578,237.6875,155.11277770996094,14026352
2008-06-10,236.25,240.0,224.5625,231.75625610351562,151.24208068847656,23390272
2008-06-11,235.625,238.0,232.77499389648438,236.6062469482422,154.40719604492188,9619728
2008-06-12,229.5124969482422,235.75,228.8874969482422,234.3625030517578,152.94288635253906,12400424
2008-06-13,236.375,239.3625030517578,231.8937530517578,233.3312530517578,152.26992797851562,10279888
2008-06-16,236.9875030517578,242.5,235.0,238.47500610351562,155.62667846679688,12636592
2008-06-17,243.75,243.75,235.49374389648438,238.94375610351562,155.93258666992188,10754704
2008-06-18,239.75,240.59375,231.75,232.80624389648438,151.9272918701172,10401800
2008-06-19,231.75,235.21249389648438,229.56875610351562,232.8000030517578,151.9232177734375,6695264
2008-06-20,233.125,235.6875,227.0,228.375,149.03553771972656,11694864
2008-06-23,226.9499969482422,233.35000610351562,225.1374969482422,230.72500610351562,150.56910705566406,9632840
2008-06-24,230.72500610351562,232.5,220.625,224.30624389648438,146.3802490234375,10872056
2008-06-25,223.75,223.75,212.64999389648438,218.34375,142.48919677734375,22294144
2008-06-26,217.5124969482422,225.0,217.5124969482422,223.1374969482422,145.61756896972656,17161832
2008-06-27,217.5187530517578,220.625,211.875,213.18124389648438,139.12020874023438,11410480
2008-06-30,214.375,218.60000610351562,213.75,217.10000610351562,141.6775665283203,11685696
2008-07-01,218.0,221.125,213.13125610351562,214.625,140.0623779296875,12359840
2008-07-02,215.625,230.5,215.25,227.5749969482422,148.51341247558594,14378920
2008-07-03,225.15625,225.15625,216.5,217.88125610351562,142.18736267089844,12169160
2008-07-04,218.5,223.625,216.4187469482422,219.47500610351562,143.2274627685547,9633904
2008-07-07,222.5,228.125,221.875,224.97500610351562,146.81671142578125,8322808
2008-07-08,222.125,222.125,213.96249389648438,217.0749969482422,141.66123962402344,12996936
2008-07-09,219.5,229.0,219.0,227.7375030517578,148.61949157714844,15005024
2008-07-10,235.625,235.625,222.5,225.65625,147.2612762451172,15071872
2008-07-11,230.625,234.3312530517578,205.1875,209.6062469482422,136.78720092773438,52769872
2008-07-14,207.53125,208.75,192.78750610351562,194.44375610351562,126.892333984375,29510328
2008-07-15,191.875,197.375,187.875,193.0812530517578,126.00313568115234,25855776
2008-07-16,195.14999389648438,197.125,191.0,193.4499969482422,126.24375915527344,12527008
2008-07-17,197.5,200.97500610351562,195.6374969482422,197.78750610351562,129.07437133789062,13024680
2008-07-18,198.125,199.875,187.875,193.4250030517578,126.22744750976562,17338848
2008-07-21,191.75,197.96249389648438,190.6374969482422,195.16250610351562,127.36131286621094,10304048
2008-07-22,194.8625030517578,199.78125,193.27499389648438,197.28750610351562,128.7481231689453,9302648
2008-07-23,200.0,206.2624969482422,194.4187469482422,200.28125,130.70175170898438,16016456
2008-07-24,202.625,202.625,185.63125610351562,195.91250610351562,127.85076904296875,22910080
2008-07-25,190.625,197.75,184.3937530517578,193.8312530517578,126.4925537109375,10614584
2008-07-28,194.16250610351562,199.5,190.75,192.43124389648438,125.5789566040039,10468480
2008-07-29,191.22500610351562,193.2375030517578,188.4875030517578,192.58749389648438,125.680908203125,8414120
2008-07-30,195.0124969482422,201.21875,194.25,200.25625610351562,130.6854705810547,14986328
2008-07-31,201.0,201.5,195.0437469482422,197.93124389648438,129.16818237304688,19956728
2008-08-01,195.0,205.8125,193.125,204.93124389648438,133.736328125,10149664
2008-08-04,204.75,210.49374389648438,203.0,207.3562469482422,135.31884765625,9726304
2008-08-05,207.3562469482422,211.94375610351562,202.2624969482422,209.81875610351562,136.9258575439453,14116240
2008-08-06,212.875,215.625,205.96249389648438,212.4187469482422,138.62258911132812,26720328
2008-08-07,212.875,216.75,210.25,215.7687530517578,140.8087615966797,7737432
2008-08-08,208.1687469482422,214.96875,208.1687469482422,209.9499969482422,137.0115203857422,9523408
2008-08-11,211.875,214.625,207.0749969482422,208.8000030517578,136.26104736328125,13456128
2008-08-12,206.88125610351562,212.10000610351562,198.1999969482422,200.4875030517578,130.8363494873047,26516792
2008-08-13,199.9250030517578,204.25,198.39999389648438,203.24374389648438,132.63507080078125,13614136
2008-08-14,205.0,213.0500030517578,202.375,211.6875,138.1453857421875,16376056
2008-08-18,212.625,217.125,211.8937530517578,213.0437469482422,139.03045654296875,9670840
2008-08-19,213.875,214.33749389648438,210.4187469482422,211.59375,138.08421325683594,6709328
2008-08-20,210.03125,213.71249389648438,210.03125,212.41250610351562,138.6185302734375,4518864
2008-08-21,212.5,212.875,206.58749389648438,207.68124389648438,135.53094482421875,4685448
2008-08-22,207.4875030517578,212.83749389648438,205.77499389648438,212.0625,138.39010620117188,8749992
2008-08-25,217.5,218.125,212.625,213.30624389648438,139.20176696777344,2461128
2008-08-26,215.0124969482422,217.4812469482422,211.25,212.25,138.51246643066406,18578752
2008-08-27,212.75,214.875,212.0625,213.52499389648438,139.34451293945312,10978448
2008-08-28,214.125,214.625,212.0,212.4250030517578,138.6266326904297,11480800
2008-08-29,213.625,218.75,213.625,218.6374969482422,142.68093872070312,9186688
2008-09-01,218.75,220.83749389648438,212.7375030517578,215.41250610351562,140.57632446289062,11153904
2008-09-02,218.625,222.75,215.1687469482422,221.90625,144.81407165527344,8403728
2008-09-04,220.1374969482422,225.625,218.9499969482422,223.625,145.9356689453125,21589384
2008-09-05,222.49374389648438,222.49374389648438,213.3125,214.03750610351562,139.6790008544922,11020920
2008-09-08,219.125,220.25,216.9187469482422,218.75625610351562,142.75840759277344,9518400
2008-09-09,218.4812469482422,219.75,214.64999389648438,218.68124389648438,142.70945739746094,9329816
2008-09-10,217.40625,221.53125,215.14999389648438,219.96875,143.54966735839844,10927472
2008-09-11,218.53125,220.0,216.5437469482422,218.8312530517578,142.80734252929688,13265864
2008-09-12,219.125,219.125,204.65625,205.5,134.10751342773438,24315128
2008-09-15,205.0,205.0,190.25,197.2687530517578,128.73582458496094,17211760
2008-09-16,191.25625610351562,198.25,188.75,195.8000030517578,127.7773666381836,15700792
2008-09-17,197.5,205.86874389648438,196.25,197.375,128.80519104003906,18332656
2008-09-18,188.7624969482422,195.0,177.65625,190.6750030517578,124.43280792236328,26780192
2008-09-19,196.875,205.7375030517578,194.5,203.11874389648438,132.55352783203125,31199944
2008-09-22,205.625,207.5437469482422,201.0,203.7375030517578,132.95726013183594,12823792
2008-09-23,200.0,203.0,192.0124969482422,192.99374389648438,125.946044921875,13378256
2008-09-24,193.75,195.97500610351562,186.25,190.53750610351562,124.34308624267578,19385704
2008-09-25,191.25625610351562,191.25625610351562,186.38125610351562,188.3562469482422,122.91956329345703,18414264
2008-09-26,187.75,188.3562469482422,179.50625610351562,180.8625030517578,118.02925109863281,9755960
2008-09-29,180.6374969482422,181.5,170.75,174.16250610351562,113.65689086914062,17209792
2008-09-30,171.25,181.71249389648438,165.0,174.75625610351562,114.04438781738281,23483064
2008-10-01,178.125,183.375,176.875,181.16250610351562,118.2250747680664,26368016
2008-10-03,179.125,180.0,172.5,173.9875030517578,113.54268646240234,13768264
2008-10-06,170.0,173.75,159.375,164.8312530517578,107.56744384765625,12918216
2008-10-07,167.0187530517578,171.625,158.2687530517578,162.72500610351562,106.19290924072266,18535736
2008-10-08,162.5,162.5,149.03125,156.78125,102.31405639648438,22855192
2008-10-10,150.0,160.0,130.0,153.14999389648438,99.94432067871094,37255704
2008-10-13,156.25,170.0,152.5,164.81875610351562,107.55927276611328,19877088
2008-10-14,173.125,176.4375,168.75,174.74374389648438,114.0362548828125,15414536
2008-10-15,172.5,172.5,163.625,166.9250030517578,108.93379211425781,12564520
2008-10-16,162.5,162.5,150.39999389648438,157.875,103.80516052246094,13400072
2008-10-17,159.38125610351562,163.625,148.78125,150.34375,98.85325622558594,12160624
2008-10-20,155.0,163.86874389648438,152.625,161.81875610351562,106.39824676513672,11699384
2008-10-21,165.0,174.25,162.875,168.4499969482422,110.7583999633789,18240528
2008-10-22,165.25,166.16250610351562,160.31875610351562,162.44375610351562,106.80917358398438,15020952
2008-10-23,159.875,169.8000030517578,154.4562530517578,160.40625,105.4695053100586,20359160
2008-10-24,156.16250610351562,162.5,150.0,155.7624969482422,102.41617584228516,18683728
2008-10-27,153.75,161.25,145.0,156.47500610351562,102.8846435546875,20009112
2008-10-29,165.6687469482422,168.75,160.0,163.0437469482422,107.20369720458984,24898056
2008-10-31,166.86874389648438,179.9875030517578,166.86874389648438,173.61874389648438,114.15689086914062,31084944
2008-11-03,175.1374969482422,180.875,168.8125,172.3249969482422,113.30626678466797,18262272
2008-11-04,168.75,172.24374389648438,160.625,166.4875030517578,109.46803283691406,22243704
2008-11-05,168.625,174.375,162.8874969482422,165.25,108.65435028076172,17302080
2008-11-06,161.875,164.75,153.75625610351562,155.71249389648438,102.3832778930664,13453256
2008-11-07,154.375,161.25,150.2687530517578,157.85000610351562,103.7887191772461,10109256
2008-11-10,160.625,169.3625030517578,154.625,167.3125,110.0104751586914,10322104
2008-11-11,167.3125,168.5500030517578,155.78750610351562,157.08749389648438,103.287353515625,9235216
2008-11-12,151.875,163.3562469482422,151.875,157.43124389648438,103.51341247558594,13394360
2008-11-14,160.125,161.83749389648438,148.5,151.64999389648438,99.71214294433594,16017160
2008-11-17,151.875,155.5,146.40625,154.0500030517578,101.29016876220703,18043056
2008-11-18,152.5,152.5,146.25,147.5625,97.02455139160156,15308640
2008-11-19,147.75,150.0,140.7937469482422,146.58749389648438,96.38345336914062,22541064
2008-11-20,144.8125,144.8125,137.6374969482422,140.2312469482422,92.20413970947266,11597904
2008-11-21,140.0,150.0,136.25,148.0812530517578,97.36560821533203,12197704
2008-11-24,141.875,152.47500610351562,141.875,149.52499389648438,98.3149185180664,14039264
2008-11-25,148.13125610351562,154.6125030517578,146.9499969482422,147.74374389648438,97.14372253417969,9909928
2008-11-26,147.375,149.375,142.7687530517578,148.3874969482422,97.56697845458984,14369440
2008-11-27,148.3874969482422,148.3874969482422,148.3874969482422,148.3874969482422,97.56697845458984,0
2008-11-28,146.2687530517578,156.875,140.0124969482422,155.4812469482422,102.23123931884766,24031424
2008-12-01,156.25,162.33749389648438,152.25,153.89999389648438,101.1915283203125,18738696
2008-12-02,153.0,153.0,147.125,151.0437469482422,99.31350708007812,12814328
2008-12-03,150.5,152.75,142.5,144.56875610351562,95.05610656738281,17869336
2008-12-04,145.0,149.74374389648438,143.5437469482422,149.0500030517578,98.00261688232422,11324040
2008-12-05,149.0,149.0,140.3249969482422,141.8125,93.24382781982422,12210128
2008-12-08,144.39999389648438,148.75,142.2624969482422,144.71875,95.15475463867188,23661144
2008-12-10,148.1125030517578,150.83749389648438,144.8874969482422,146.71875,96.46977233886719,22436400
2008-12-11,147.1062469482422,147.21249389648438,140.28750610351562,141.8625030517578,93.27669525146484,16501136
2008-12-12,140.0,140.0,134.64999389648438,138.1062469482422,90.80691528320312,13078352
2008-12-15,140.0,142.25,136.25625610351562,137.78750610351562,90.59732818603516,13738152
2008-12-16,137.875,141.625,135.63125610351562,140.60000610351562,92.44660186767578,8900720
2008-12-17,142.4562530517578,147.0,140.375,142.69375610351562,93.82324981689453,24437040
2008-12-18,143.125,148.0500030517578,143.125,147.13125610351562,96.74099731445312,12669424
2008-12-19,147.6374969482422,150.0,143.65625,148.91250610351562,97.91216278076172,12520736
2008-12-22,150.0,150.625,145.7624969482422,148.35000610351562,97.54231262207031,8749184
2008-12-23,146.97500610351562,148.75,145.4499969482422,147.00625610351562,96.65880584716797,7100208
2008-12-24,147.5,152.78125,145.96249389648438,146.75,96.49034118652344,8551056
2008-12-26,144.63125610351562,148.60000610351562,138.125,138.65625,91.16853332519531,11889320
2008-12-29,138.75625610351562,139.9499969482422,133.125,139.21875,91.53838348388672,14264688
2008-12-30,140.25,141.7312469482422,136.3937530517578,140.9875030517578,92.70138549804688,8457504
2008-12-31,141.875,142.375,137.8874969482422,139.43124389648438,91.6781234741211,7221320
2009-01-02,145.625,145.625,140.47500610351562,141.5124969482422,93.04656219482422,9012080
2009-01-05,142.5,148.08749389648438,142.46249389648438,146.60000610351562,96.39167022705078,11241232
2009-01-06,147.5,148.75,143.1687469482422,146.06875610351562,96.0423812866211,11563864
2009-01-07,146.3937530517578,149.69375610351562,143.1999969482422,148.44375610351562,97.6039810180664,22538352
2009-01-09,148.2624969482422,158.3249969482422,146.25,150.4250030517578,98.90666961669922,40182160
2009-01-12,143.9562530517578,151.24374389648438,142.28125,144.96249389648438,95.31500244140625,31269176
2009-01-13,147.49374389648438,155.3000030517578,139.875,153.5187530517578,100.94090270996094,43956656
2009-01-14,153.1875,164.25,153.1875,162.9499969482422,107.14205169677734,41551264
2009-01-15,157.5,157.9875030517578,151.875,156.46249389648438,102.87639617919922,25359176
2009-01-16,157.25,159.2375030517578,155.0,158.4250030517578,104.16678619384766,12717272
2009-01-19,158.375,159.09375,155.06875610351562,157.75625610351562,103.72708129882812,9543688
2009-01-20,155.0,157.125,153.75,156.46875,102.88052368164062,4974688
2009-01-21,153.875,156.4375,151.75,152.9812469482422,100.58741760253906,7770736
2009-01-22,154.375,154.875,150.375,153.8625030517578,101.1668701171875,8776080
2009-01-23,151.25,153.35000610351562,148.81875610351562,150.5812530517578,99.0094223022461,11625024
2009-01-27,152.375,157.5,151.875,156.5124969482422,102.90931701660156,10507184
2009-01-28,157.875,162.0,156.25,160.83749389648438,105.75300598144531,7187848
2009-01-29,161.25,164.875,160.875,163.7687530517578,107.68038177490234,26001752
2009-01-30,162.625,164.25,160.875,163.3312530517578,107.39273834228516,11631672
2009-02-02,161.5,162.125,158.49374389648438,159.9562530517578,105.17359161376953,16870008
2009-02-03,160.75,162.75,157.5749969482422,160.3125,105.40784454345703,16125072
2009-02-04,160.625,163.27499389648438,159.5437469482422,160.2062530517578,105.33799743652344,7574304
2009-02-05,160.75,161.875,154.6875,156.9812469482422,103.21748352050781,17537624
2009-02-06,157.3625030517578,162.1750030517578,156.0,161.1125030517578,105.93385314941406,14020016
2009-02-09,158.5,165.0,158.5,164.0124969482422,107.84066009521484,11513640
2009-02-10,164.3125,165.625,161.875,163.5500030517578,107.53653717041016,13367760
2009-02-11,161.25,163.1125030517578,160.0,162.7375030517578,107.00231170654297,7057024
2009-02-12,161.875,161.875,156.2624969482422,156.81875610351562,103.11066436767578,11242656
2009-02-13,158.74374389648438,159.99374389648438,155.50625610351562,156.4562530517578,102.8723373413086,12791336
2009-02-16,157.49374389648438,157.5,151.8874969482422,152.68124389648438,100.39019775390625,11885736
2009-02-17,151.0,152.35000610351562,145.625,146.74374389648438,96.48619842529297,15025184
2009-02-18,147.3125,148.5,139.4187469482422,147.35000610351562,96.88480377197266,11096656
2009-02-19,146.875,151.71249389648438,146.5,151.1062469482422,99.35460662841797,9882800
2009-02-20,148.75,149.5437469482422,145.625,147.1437530517578,96.74922180175781,7635856
2009-02-24,144.375,149.0,143.1875,148.19375610351562,97.43958282470703,7708808
2009-02-25,149.0,153.05624389648438,148.75,152.18124389648438,100.06140899658203,10625008
2009-02-26,150.5,155.0,150.0,154.5,101.5860366821289,16571848
2009-02-27,153.46249389648438,154.7312469482422,150.46875,153.90625,101.19568634033203,13326776
2009-03-02,152.25,153.47500610351562,148.75,152.38125610351562,100.19296264648438,11820592
2009-03-03,150.75,152.47500610351562,148.93124389648438,149.6999969482422,98.42993927001953,8818448
2009-03-04,150.125,152.125,147.5,149.89999389648438,98.56144714355469,8641608
2009-03-05,150.625,153.10000610351562,146.9499969482422,147.74374389648438,97.14372253417969,6939760
2009-03-06,147.75,154.75,143.9375,152.4187469482422,100.21760559082031,10278952
2009-03-09,150.6374969482422,152.0,148.7624969482422,150.25625610351562,98.79571533203125,9863440
2009-03-12,151.5124969482422,156.9812469482422,151.375,153.47500610351562,100.91207885742188,16502352
2009-03-13,156.1750030517578,162.49374389648438,155.0,162.13125610351562,106.60374450683594,14660976
2009-03-16,162.875,162.875,158.6374969482422,160.97500610351562,105.84346008300781,13499264
2009-03-17,160.5,160.5,157.125,158.1875,104.0106430053711,9897992
2009-03-18,158.125,162.75,158.125,159.75625610351562,105.0421142578125,14668304
2009-03-19,160.625,163.8249969482422,158.75,162.14999389648438,106.61605834960938,13425064
2009-03-20,165.4250030517578,165.4250030517578,160.625,162.02499389648438,106.53388214111328,9503144
2009-03-23,162.52499389648438,167.49374389648438,161.89999389648438,166.41250610351562,109.4186782836914,12242840
2009-03-24,168.125,170.03125,163.8874969482422,165.09375,108.55162811279297,10746656
2009-03-25,164.03125,168.75,164.03125,167.36874389648438,110.04744720458984,13099280
2009-03-26,168.125,174.6374969482422,167.77499389648438,172.3937530517578,113.3514404296875,23946120
2009-03-27,171.875,173.25,166.25625610351562,168.1125030517578,110.53646850585938,16699616
2009-03-30,165.0,166.125,158.2062530517578,162.66250610351562,106.9530029296875,12393408
2009-03-31,163.75,167.4875030517578,162.625,165.4875030517578,108.81048583984375,12775224
2009-04-01,166.3937530517578,172.49374389648438,163.1687469482422,171.71875,112.90762329101562,12438888
2009-04-02,174.5,179.375,172.81875610351562,177.4250030517578,116.65958404541016,15717736
2009-04-06,180.40625,183.625,173.00625610351562,176.75625610351562,116.21988677978516,13856976
2009-04-08,173.75625610351562,179.3312530517578,169.5625,178.1437530517578,117.13214111328125,19805776
2009-04-09,179.375,179.6125030517578,174.5,178.375,117.28421783447266,15061688
2009-04-13,179.375,183.36874389648438,172.14999389648438,176.16250610351562,115.82946014404297,18836512
2009-04-15,168.5,172.75,162.5187530517578,171.3249969482422,112.64872741699219,44636272
2009-04-16,171.5,175.0,165.0,168.14999389648438,110.5611343383789,27307312
2009-04-17,168.75,177.60000610351562,168.75,174.66250610351562,114.84317779541016,23499408
2009-04-20,173.13125610351562,176.25,171.625,174.18124389648438,114.52677154541016,14932696
2009-04-21,172.375,173.7375030517578,169.375,170.30624389648438,111.97887420654297,8013864
2009-04-22,170.25,173.5,169.4375,172.6374969482422,113.51172637939453,10622240
2009-04-23,171.3937530517578,182.46249389648438,169.5500030517578,181.30624389648438,119.21156311035156,12194592
2009-04-24,180.1374969482422,182.25,175.56875610351562,181.0749969482422,119.05947875976562,11411288
2009-04-27,180.9875030517578,181.2375030517578,176.875,179.4875030517578,118.01575469970703,9638104
2009-04-28,178.75,183.6374969482422,177.25,178.84375,117.59241485595703,9435696
2009-04-29,180.0,189.7062530517578,178.7937469482422,188.65625,124.04430389404297,15414232
2009-04-30,188.65625,188.65625,188.65625,188.65625,124.04430389404297,0
2009-05-04,190.0124969482422,204.4875030517578,190.0124969482422,203.52499389648438,133.82070922851562,20014080
2009-05-05,201.94375610351562,203.125,193.78750610351562,197.75625610351562,130.0276641845703,18430600
2009-05-06,196.9375,201.125,193.4875030517578,196.65625,129.3043975830078,14468192
2009-05-07,196.25,196.74374389648438,191.16250610351562,194.09375,127.61952209472656,14538144
2009-05-08,193.625,196.375,187.64999389648438,190.08749389648438,124.98535919189453,12951168
2009-05-11,190.0,192.33749389648438,186.52499389648438,189.7062530517578,124.73471069335938,6537800
2009-05-12,188.125,200.625,187.9499969482422,199.80624389648438,131.37554931640625,14131776
2009-05-13,200.03125,200.03125,195.0,196.74374389648438,129.36192321777344,7508488
2009-05-14,192.5,198.5,191.6125030517578,195.89999389648438,128.80714416503906,8547272
2009-05-15,196.375,200.875,195.06875610351562,199.10000610351562,130.91123962402344,8377648
2009-05-18,213.125,238.8625030517578,210.125,225.0124969482422,147.9490966796875,139624
2009-05-19,213.90625,224.375,193.5,194.86874389648438,128.12905883789062,44417904
2009-05-20,194.75,201.0,189.4187469482422,191.3625030517578,125.82367706298828,33408600
2009-05-21,190.125,194.375,186.5,187.8000030517578,123.48130798339844,19423488
2009-05-22,186.25,191.125,185.63125610351562,190.28750610351562,125.1168441772461,9119160
2009-05-25,191.25,191.25,186.31875610351562,188.88125610351562,124.19223022460938,10456560
2009-05-26,190.5124969482422,195.0749969482422,188.8874969482422,193.4562530517578,127.20040893554688,11653664
2009-05-27,195.25,199.625,194.5187530517578,198.5187530517578,130.529052734375,9898848
2009-05-28,189.69375610351562,203.625,189.69375610351562,197.375,129.77699279785156,20866896
2009-05-29,198.59375,201.875,196.875,200.6374969482422,131.922119140625,13918392
2009-06-01,201.9187469482422,210.71249389648438,200.6687469482422,209.5625,137.79043579101562,13187728
2009-06-02,212.4812469482422,213.5,207.875,211.0812530517578,138.78909301757812,10426160
2009-06-03,211.03125,213.5,201.64999389648438,205.1875,134.91380310058594,13714024
2009-06-04,204.35000610351562,206.1750030517578,200.125,203.7375030517578,135.07127380371094,10945016
2009-06-05,206.5,214.375,204.375,212.3625030517578,140.78939819335938,16594680
2009-06-08,212.25,219.0,211.5,217.7624969482422,144.369384765625,11278384
2009-06-09,216.25,225.0,215.02499389648438,224.35000610351562,148.73672485351562,16875544
2009-06-10,223.75,229.75,220.375,226.10000610351562,149.89691162109375,17733368
2009-06-11,230.5500030517578,230.5500030517578,215.0749969482422,218.86874389648438,145.1028289794922,16257800
2009-06-12,220.125,221.875,214.125,216.05624389648438,143.2382049560547,9467072
2009-06-15,215.6125030517578,221.99374389648438,210.5187530517578,214.3874969482422,142.13189697265625,16612752
2009-06-16,213.5,216.86874389648438,210.625,215.5812530517578,142.92330932617188,9519696
2009-06-17,212.25,217.7624969482422,209.5437469482422,213.93124389648438,141.82937622070312,13470704
2009-06-18,211.5,220.25,210.7062530517578,215.71875,143.01443481445312,12714408
2009-06-19,216.0,223.1374969482422,214.6437530517578,221.3000030517578,146.7146759033203,14974920
2009-06-22,222.52499389648438,223.64999389648438,218.5,220.8000030517578,146.38319396972656,9418608
2009-06-23,217.65625,221.2375030517578,212.625,218.4187469482422,144.80442810058594,12632032
2009-06-24,218.7937469482422,221.8625030517578,215.27499389648438,219.69375610351562,145.6497344970703,10190424
2009-06-25,220.5625,224.72500610351562,218.52499389648438,219.8874969482422,145.77822875976562,13230880
2009-06-26,223.125,230.0,219.375,228.3874969482422,151.41339111328125,12946176
2009-06-29,232.4875030517578,258.75,221.375,222.86874389648438,147.75466918945312,9795432
2009-06-30,224.375,224.875,219.77499389648438,222.0625,147.2201690673828,8956848
2009-07-01,221.31875610351562,226.46875,220.5749969482422,224.39999389648438,148.76983642578125,7992144
2009-07-02,223.8937530517578,225.5,220.6374969482422,224.5812530517578,148.88999938964844,8419040
2009-07-03,223.14999389648438,227.0,218.4562530517578,225.6437530517578,149.5944061279297,8891848
2009-07-06,226.25,227.4250030517578,218.7937469482422,220.14999389648438,145.9522705078125,13548688
2009-07-07,224.625,224.625,215.625,217.2375030517578,144.0213165283203,12685960
2009-07-08,216.125,217.25,211.25,213.3000030517578,141.41090393066406,9024592
2009-07-09,213.75,213.75,208.75,209.69375610351562,139.02008056640625,10921792
2009-07-10,212.5,221.22500610351562,208.125,215.1437530517578,142.6332550048828,24205400
2009-07-13,214.10000610351562,221.8625030517578,212.6374969482422,221.2624969482422,146.6898193359375,8249000
2009-07-14,221.2375030517578,227.49374389648438,218.8874969482422,226.47500610351562,150.14547729492188,11646872
2009-07-15,225.2062530517578,227.93124389648438,219.375,223.9562530517578,148.47567749023438,15574832
2009-07-16,225.0,227.1999969482422,220.8625030517578,224.3874969482422,148.7615509033203,9393272
2009-07-17,225.28125,234.25,225.25,233.28750610351562,154.66195678710938,12571528
2009-07-20,233.7624969482422,249.25,233.7624969482422,246.4250030517578,163.37171936035156,20075736
2009-07-21,245.6125030517578,246.25,240.69375610351562,242.8937530517578,161.0306396484375,14524536
2009-07-22,242.8937530517578,246.85000610351562,236.5812530517578,239.97500610351562,159.09555053710938,15314264
2009-07-23,240.0,247.31875610351562,240.0,244.84375,162.3234100341797,17288488
2009-07-24,245.0124969482422,252.125,245.0124969482422,250.4562530517578,166.0443115234375,14041208
2009-07-27,250.0,255.6125030517578,249.41250610351562,253.4875030517578,168.05392456054688,10443320
2009-07-28,251.875,254.81875610351562,245.875,249.63125610351562,165.49732971191406,14101128
2009-07-29,245.03750610351562,249.7375030517578,243.02499389648438,248.08749389648438,164.47389221191406,13927608
2009-07-30,248.28125,252.75,248.28125,251.74374389648438,166.89785766601562,22281496
2009-07-31,253.9875030517578,259.875,253.33749389648438,258.04376220703125,171.0745391845703,16582960
2009-08-03,258.0,261.67498779296875,256.01873779296875,259.5562438964844,172.07728576660156,14640824
2009-08-04,260.0,260.9312438964844,252.625,255.46875,169.36741638183594,9584856
2009-08-05,257.4624938964844,263.375,257.4624938964844,262.32501220703125,173.91293334960938,10347128
2009-08-06,262.5,262.5,255.0124969482422,257.29998779296875,170.58148193359375,6832848
2009-08-07,257.25,257.25,253.13125610351562,254.9562530517578,169.02764892578125,9850600
2009-08-10,256.25,264.375,256.25,260.9624938964844,173.00958251953125,12412080
2009-08-11,259.875,263.75,257.4312438964844,260.5874938964844,172.76100158691406,9207256
2009-08-12,258.5,258.75,249.5,255.35000610351562,169.2886962890625,7314200
2009-08-13,256.39373779296875,260.4624938964844,254.5749969482422,257.9750061035156,171.02899169921875,11459720
2009-08-14,258.125,258.125,253.25,255.2937469482422,169.25140380859375,4906088
2009-08-17,253.13125610351562,253.13125610351562,246.40625,247.8125,164.2915802001953,10796904
2009-08-18,246.25,249.625,244.375,246.6687469482422,163.53329467773438,10879064
2009-08-19,248.125,248.125,241.875,243.9375,161.7225799560547,7609192
2009-08-20,246.375,249.5749969482422,245.0,248.80624389648438,164.95040893554688,4696576
2009-08-21,249.375,255.625,246.25,254.1374969482422,168.48483276367188,9837224
2009-08-24,257.48748779296875,260.54998779296875,256.33123779296875,259.48748779296875,172.03167724609375,5919008
2009-08-25,256.40625,263.1187438964844,254.375,261.875,173.6145782470703,8148232
2009-08-26,263.125,273.5,263.125,272.45623779296875,180.6295928955078,14303176
2009-08-27,272.4624938964844,275.5,270.07501220703125,273.9750061035156,181.63645935058594,13123784
2009-08-28,272.625,274.875,267.6499938964844,273.83123779296875,181.54110717773438,7292688
2009-08-31,270.70001220703125,270.70001220703125,265.28125,266.39373779296875,176.61029052734375,10788632
2009-09-01,267.4937438964844,273.75,265.32501220703125,268.11248779296875,177.74984741210938,11446120
2009-09-02,267.5,272.5,265.0,270.60626220703125,179.403076171875,7847928
2009-09-03,271.375,275.5,266.98748779296875,273.3999938964844,181.25523376464844,13643728
2009-09-04,272.4937438964844,277.0,270.13751220703125,275.1312561035156,182.40298461914062,9014920
2009-09-07,276.875,278.75,274.5249938964844,278.0249938964844,184.32142639160156,8133400
2009-09-08,278.51251220703125,279.875,274.66876220703125,275.4750061035156,182.6309051513672,7909128
2009-09-09,275.63751220703125,277.3125,272.125,273.7124938964844,181.46241760253906,7556600
2009-09-10,276.75,281.23748779296875,276.75,280.0375061035156,185.65565490722656,8824944
2009-09-11,275.98126220703125,284.36248779296875,275.98126220703125,283.42498779296875,187.90145874023438,9594120
2009-09-14,278.48126220703125,282.96875,278.48126220703125,281.26873779296875,186.4719696044922,6304472
2009-09-15,280.73748779296875,284.375,280.0,283.8187561035156,188.16258239746094,6428216
2009-09-16,284.98126220703125,290.625,284.0249938964844,290.0062561035156,192.26466369628906,10085952
2009-09-17,291.25,296.2250061035156,290.0,295.23748779296875,195.7327880859375,10261328
2009-09-18,293.95001220703125,298.5,292.6937561035156,295.53125,195.92755126953125,5975112
2009-09-22,294.90625,302.625,293.76251220703125,301.26873779296875,199.73129272460938,13272872
2009-09-23,300.0,300.48126220703125,294.76251220703125,295.8687438964844,196.1512451171875,10933336
2009-09-24,292.5,292.5,282.4937438964844,285.5562438964844,189.3144073486328,44169688
2009-09-25,286.23748779296875,286.5375061035156,279.13751220703125,280.0625,185.6722869873047,21200256
2009-09-29,284.89373779296875,287.5,284.1499938964844,286.91876220703125,190.2177276611328,6782824
2009-09-30,283.0,290.625,283.0,288.29998779296875,191.1334991455078,8042976
2009-10-01,291.25,293.75,286.0375061035156,292.09375,193.64854431152344,15046512
2009-10-05,289.375,291.875,286.39373779296875,290.38751220703125,192.51742553710938,7023408
2009-10-06,292.48748779296875,294.07501220703125,285.15625,289.04376220703125,191.6265411376953,10445384
2009-10-07,289.3812561035156,291.01251220703125,278.375,281.59375,186.68743896484375,15837168
2009-10-08,282.75,283.1187438964844,273.65625,276.3500061035156,183.21099853515625,18074064
2009-10-09,278.75,284.6000061035156,270.82501220703125,272.20001220703125,180.4596710205078,25903608
2009-10-12,273.75,280.625,273.5,279.92498779296875,185.5811004638672,9146696
2009-10-13,279.92498779296875,279.92498779296875,279.92498779296875,279.92498779296875,185.5811004638672,0
2009-10-14,286.0,286.0,276.375,281.98126220703125,186.94435119628906,8163800
2009-10-15,283.125,283.95623779296875,273.25,277.17498779296875,184.5761260986328,7204728
2009-10-16,277.25,279.95001220703125,273.1312561035156,273.7437438964844,182.29122924804688,8313992
2009-10-20,274.875,277.875,271.2749938964844,273.54376220703125,182.15806579589844,12591872
2009-10-21,275.6000061035156,279.875,272.5,277.07501220703125,184.5095672607422,12899344
2009-10-22,275.0,281.25,273.8999938964844,276.64373779296875,184.22235107421875,15117160
2009-10-23,278.75,284.375,276.51873779296875,282.5,188.12217712402344,12532216
2009-10-26,283.17498779296875,287.42498779296875,278.75,284.23748779296875,189.27923583984375,10029776
2009-10-27,283.125,287.4937438964844,276.95623779296875,280.32501220703125,186.67381286621094,14337256
2009-10-28,280.07501220703125,283.5,277.54376220703125,282.0874938964844,187.8474578857422,12262776
2009-10-29,281.125,281.125,274.3999938964844,276.04376220703125,183.8228759765625,15260688
2009-10-30,278.5,281.125,267.76873779296875,275.7749938964844,183.64385986328125,14282728
2009-11-03,275.375,280.9125061035156,266.26251220703125,267.8812561035156,178.38723754882812,12042264
2009-11-04,269.875,282.5,269.875,279.64373779296875,186.22010803222656,12771288
2009-11-05,278.26873779296875,280.28125,270.60626220703125,277.70623779296875,184.92994689941406,9016400
2009-11-06,280.04998779296875,281.25,274.0687561035156,277.32501220703125,184.67604064941406,6601328
2009-11-09,278.75,280.0,275.0,279.01251220703125,185.79981994628906,5086712
2009-11-10,283.25,283.73126220703125,275.07501220703125,277.2437438964844,184.62191772460938,6127880
2009-11-11,276.5,289.375,276.25,288.34375,192.01365661621094,9474696
2009-11-12,285.8374938964844,293.625,285.8374938964844,290.79998779296875,193.64927673339844,8001216
2009-11-13,291.61248779296875,296.8125,289.07501220703125,294.9624938964844,196.42115783691406,7251216
2009-11-16,295.92498779296875,296.8374938964844,291.9125061035156,293.9937438964844,195.77609252929688,5099088
2009-11-17,294.5062561035156,300.6000061035156,294.5062561035156,299.7875061035156,199.6342315673828,8147944
2009-11-18,299.95623779296875,305.42498779296875,299.9125061035156,304.1625061035156,202.54762268066406,8816704
2009-11-19,295.98126220703125,302.5,295.98126220703125,301.2437438964844,200.60400390625,6498616
2009-11-20,300.13751220703125,306.125,297.5,303.3374938964844,201.99826049804688,6156416
2009-11-23,302.61248779296875,302.61248779296875,298.875,300.8687438964844,200.35430908203125,4655008
2009-11-24,301.5874938964844,305.86248779296875,298.78125,304.3374938964844,202.6642303466797,7325904
2009-11-25,304.5,307.125,302.0249938964844,304.8187561035156,202.9846649169922,5025976
2009-11-26,305.625,305.67498779296875,295.875,299.1812438964844,199.23057556152344,7643840
2009-11-27,294.5,299.375,288.38751220703125,290.98126220703125,193.77003479003906,8169288
2009-11-30,294.07501220703125,299.11248779296875,293.78125,297.41876220703125,198.05690002441406,7009016
2009-12-01,303.375,303.375,294.375,299.46875,199.42193603515625,6511080
2009-12-02,300.61248779296875,301.0,294.75,299.42498779296875,199.39280700683594,7410024
2009-12-03,300.25,302.375,295.51251220703125,297.1187438964844,197.85704040527344,7344480
2009-12-04,297.75,302.9375,296.28125,297.95001220703125,198.41065979003906,7718720
2009-12-07,299.36248779296875,303.3062438964844,296.875,298.82501220703125,198.9932861328125,6889896
2009-12-08,299.9624938964844,306.375,297.51873779296875,305.8125,203.64642333984375,8611792
2009-12-09,303.75,307.75,302.76873779296875,307.0687561035156,204.4829559326172,7670064
2009-12-10,308.0562438964844,308.0562438964844,303.76251220703125,306.6187438964844,204.18331909179688,4517448
2009-12-11,308.125,311.08123779296875,306.4437561035156,307.59375,204.8325653076172,6840432
2009-12-14,306.875,314.75,306.2562561035156,312.34375,207.99569702148438,9189776
2009-12-15,311.25,314.375,310.6499938964844,313.2562561035156,208.6033477783203,8746848
2009-12-16,313.25,319.5,310.82501220703125,318.11248779296875,211.8372039794922,9163072
2009-12-17,318.125,321.4937438964844,316.8999938964844,319.875,213.01087951660156,8603088
2009-12-18,320.5,320.5,313.625,315.7437438964844,210.25987243652344,11180776
2009-12-21,310.35626220703125,318.1000061035156,309.59375,313.76251220703125,208.94049072265625,8766008
2009-12-22,314.98748779296875,316.26251220703125,312.1000061035156,312.79998779296875,208.2994842529297,5762168
2009-12-23,313.875,324.375,313.875,322.96875,215.07102966308594,10708656
2009-12-24,324.23748779296875,325.0,320.01873779296875,323.9750061035156,215.7411651611328,5583144
2009-12-29,324.38751220703125,325.23748779296875,320.4125061035156,322.14373779296875,214.52169799804688,6281944
2009-12-30,320.88751220703125,326.25,320.4624938964844,322.5,214.75904846191406,4970400
2009-12-31,323.125,326.75,323.125,325.13751220703125,216.5153045654297,9255248
2010-01-04,326.25,328.75,324.4125061035156,326.57501220703125,217.47259521484375,4069264
2010-01-05,327.5,328.8374938964844,325.01251220703125,327.66876220703125,218.20091247558594,6895528
2010-01-06,335.375,335.375,321.88751220703125,322.88751220703125,215.01702880859375,6817288
2010-01-07,323.32501220703125,323.32501220703125,314.7749938964844,315.6312561035156,210.18487548828125,10892600
2010-01-08,314.875,315.4125061035156,307.25,308.0249938964844,205.11973571777344,12649312
2010-01-11,309.38751220703125,313.0874938964844,309.25,311.20623779296875,207.23822021484375,7849656
2010-01-12,312.5,324.25,312.5,323.3687438964844,215.33746337890625,24859680
2010-01-13,309.60626220703125,336.875,309.60626220703125,335.4375,223.37429809570312,19704040
2010-01-14,334.875,337.86248779296875,331.2749938964844,336.21875,223.89453125,8413904
2010-01-15,336.21875,336.5625,331.76873779296875,334.4750061035156,222.73333740234375,5049504
2010-01-18,332.875,336.25,332.0,335.83123779296875,223.63645935058594,6140088
2010-01-19,335.0,336.0,328.51251220703125,329.48748779296875,219.41204833984375,5837512
2010-01-20,331.08123779296875,334.1499938964844,329.75,332.2124938964844,221.2266845703125,6091992
2010-01-21,330.375,333.0874938964844,325.0,328.1499938964844,218.5214080810547,6682792
2010-01-22,325.0,326.25,319.0,321.95001220703125,214.39268493652344,13486496
2010-01-25,318.75,321.2437438964844,314.75,317.7875061035156,211.620849609375,6498712
2010-01-27,316.5,316.73126220703125,310.64373779296875,312.78125,208.28704833984375,9840856
2010-01-28,314.125,319.36248779296875,309.9375,311.46875,207.4130096435547,12732872
2010-01-29,306.54998779296875,312.5,300.6000061035156,309.4375,206.0603790283203,15012280
2010-02-01,305.875,316.25,298.76251220703125,306.40625,204.04180908203125,12308784
2010-02-02,312.625,312.625,302.70623779296875,304.9937438964844,203.10125732421875,9889384
2010-02-03,306.25,312.5,306.25,309.1499938964844,205.8689727783203,6405608
2010-02-04,308.125,308.75,301.5625,303.6312561035156,202.1939239501953,6176408
2010-02-05,298.79998779296875,299.8062438964844,291.125,294.0874938964844,195.83856201171875,13544872
2010-02-08,296.86248779296875,305.25,293.0625,300.45001220703125,200.07545471191406,9252480
2010-02-09,300.5,310.25,299.28125,309.2250061035156,205.9188995361328,10387392
2010-02-10,311.375,312.0249938964844,306.0,308.3687438964844,205.3486328125,7187984
2010-02-11,309.125,314.76873779296875,308.75,312.3062438964844,207.970703125,6453888
2010-02-15,313.375,317.79998779296875,309.35626220703125,312.33123779296875,207.9874267578125,8950128
2010-02-16,312.5,318.875,311.03125,317.6812438964844,211.54998779296875,4418096
2010-02-17,318.7749938964844,320.79998779296875,314.20001220703125,314.83123779296875,209.6522216796875,7991184
2010-02-18,315.375,318.375,314.0,316.70623779296875,210.90081787109375,3721696
2010-02-19,315.61248779296875,318.0625,313.14373779296875,316.54998779296875,210.7967529296875,5998992
2010-02-22,319.38751220703125,323.9624938964844,319.38751220703125,321.04376220703125,213.78916931152344,5855400
2010-02-23,319.76251220703125,323.625,319.375,322.6625061035156,214.86708068847656,3786032
2010-02-24,321.0,324.7875061035156,318.875,322.0375061035156,214.45094299316406,5427016
2010-02-25,321.32501220703125,328.7124938964844,321.32501220703125,327.16876220703125,217.86798095703125,8729568
2010-02-26,327.375,328.75,322.76251220703125,325.2437438964844,216.58604431152344,10546368
2010-03-02,328.9437561035156,331.34375,327.83123779296875,330.125,219.83663940429688,8534656
2010-03-03,331.38751220703125,334.5625,329.08123779296875,333.28125,221.93832397460938,5904976
2010-03-04,332.75,333.0,325.5,327.9750061035156,218.40489196777344,6755240
2010-03-05,329.23748779296875,330.0,326.6312561035156,329.4624938964844,219.39537048339844,4984808
2010-03-08,331.625,334.91876220703125,329.76251220703125,332.4437561035156,221.3806610107422,8664992
2010-03-09,331.2562561035156,337.6875,327.23126220703125,335.4937438964844,223.4116973876953,7958752
2010-03-10,334.36248779296875,336.4312438964844,331.25,332.40625,221.355712890625,7330952
2010-03-11,333.125,336.875,331.25,335.3687438964844,223.3284912109375,4298424
2010-03-12,337.48748779296875,338.0,332.0375061035156,334.15625,222.5211181640625,3176920
2010-03-15,331.79998779296875,339.0625,329.5,337.65625,224.85174560546875,10582856
2010-03-16,337.5,343.1187438964844,335.2875061035156,341.54376220703125,227.44052124023438,5881344
2010-03-17,341.875,344.2124938964844,339.125,342.2875061035156,227.9358367919922,6352000
2010-03-18,342.5,349.23748779296875,342.5,348.45001220703125,232.03956604003906,8923048
2010-03-19,347.51251220703125,349.375,345.0062561035156,346.54376220703125,230.77012634277344,12582544
2010-03-22,344.01251220703125,347.125,342.86248779296875,344.67498779296875,229.52566528320312,4108528
2010-03-23,346.2562561035156,349.875,345.51873779296875,346.9375,231.03236389160156,4792560
2010-03-25,346.375,358.75,343.85626220703125,351.7437438964844,234.23287963867188,15207528
2010-03-26,352.0,353.125,345.375,346.85626220703125,230.9781494140625,9105680
2010-03-29,344.75,346.25,337.53125,339.58123779296875,226.1336669921875,13981704
2010-03-30,339.375,339.375,328.82501220703125,330.51251220703125,220.09469604492188,10649936
2010-03-31,331.73748779296875,334.5874938964844,325.82501220703125,326.9937438964844,217.75144958496094,13070104
2010-04-01,327.5249938964844,334.75,327.5,333.8062438964844,222.28797912597656,8187000
2010-04-05,334.875,336.25,329.75,334.7437438964844,222.9123077392578,7318616
2010-04-06,335.25,335.625,330.65625,331.40625,220.6898193359375,5348808
2010-04-07,331.9437561035156,334.3500061035156,327.17498779296875,330.46875,220.0654754638672,8380880
2010-04-08,330.0,334.73748779296875,328.75,332.96875,221.73025512695312,7227984
2010-04-09,333.75,337.2124938964844,333.125,334.5249938964844,222.76658630371094,8260312
2010-04-12,335.73748779296875,337.25,331.5062561035156,335.38751220703125,223.34100341796875,8325648
2010-04-13,336.25,349.23126220703125,329.375,347.73748779296875,231.56507873535156,57635400
2010-04-15,348.5,353.0874938964844,344.9125061035156,350.20001220703125,233.20489501953125,22395128
2010-04-16,349.01251220703125,351.125,346.3812561035156,348.57501220703125,232.122802734375,6244344
2010-04-19,346.83123779296875,346.83123779296875,342.0,343.98748779296875,229.06785583496094,8754896
2010-04-20,345.6875,348.7437438964844,340.0,340.9125061035156,227.0202178955078,9542128
2010-04-21,342.875,343.71875,337.5375061035156,339.0562438964844,225.7840576171875,6496288
2010-04-22,338.5,345.35626220703125,336.625,339.79998779296875,226.27932739257812,6978144
2010-04-23,341.875,344.2124938964844,339.60626220703125,340.8687438964844,226.9911346435547,5888336
2010-04-26,341.26251220703125,344.25,340.6312561035156,342.3687438964844,227.98989868164062,4454288
2010-04-27,341.13751220703125,342.79998779296875,340.79998779296875,342.1812438964844,227.86508178710938,3280256
2010-04-28,338.76251220703125,341.4937438964844,336.38751220703125,337.4375,224.70616149902344,5544496
2010-04-29,337.375,341.61248779296875,334.375,338.64373779296875,225.50927734375,11319960
2010-04-30,339.0,344.8500061035156,334.63751220703125,342.26873779296875,227.92327880859375,8067024
2010-05-03,338.5,339.3687438964844,335.25,336.86248779296875,224.32321166992188,5408952
2010-05-04,338.125,338.25,331.9375,333.26873779296875,221.93008422851562,6576208
2010-05-05,331.17498779296875,338.5,326.25,336.625,224.1650390625,12122080
2010-05-06,336.2875061035156,336.2875061035156,330.6937561035156,332.26873779296875,221.26419067382812,7808360
2010-05-07,329.76251220703125,330.66876220703125,325.8812561035156,327.10626220703125,217.82638549804688,8984392
2010-05-10,327.5,335.4750061035156,327.5,334.4624938964844,222.7249298095703,5635408
2010-05-11,333.7250061035156,334.3125,329.5,332.59375,221.48057556152344,5802824
2010-05-12,332.0,337.36248779296875,331.53125,335.2124938964844,223.22438049316406,9185176
2010-05-13,335.5,340.375,332.65625,338.26873779296875,225.2596435546875,4923880
2010-05-14,338.75,340.875,328.75,331.48748779296875,220.74391174316406,6824496
2010-05-17,329.375,331.0062561035156,322.0062561035156,327.04376220703125,217.78469848632812,8170824
2010-05-18,332.5,332.5,322.7562561035156,328.6499938964844,218.85435485839844,7144600
2010-05-19,328.25,331.54376220703125,324.1812438964844,325.35626220703125,216.66094970703125,11939240
2010-05-20,326.5,329.3187561035156,323.3125,325.09375,216.4861602783203,6508872
2010-05-21,321.0,326.0,319.79376220703125,322.71875,214.90463256835938,7127200
2010-05-24,326.375,328.75,322.40625,325.04998779296875,216.45701599121094,7186104
2010-05-25,323.35626220703125,323.35626220703125,313.76251220703125,316.67498779296875,210.8799285888672,8838128
2010-05-26,320.6312561035156,329.98748779296875,319.53125,327.6312561035156,219.47549438476562,7868856
2010-05-27,328.4750061035156,333.0,324.38751220703125,330.41876220703125,221.3427276611328,11312696
2010-05-28,333.7562561035156,335.54998779296875,329.6625061035156,334.6812438964844,224.1981201171875,6793992
2010-05-31,341.875,341.875,328.0687561035156,332.25,222.5695037841797,7020752
2010-06-01,331.875,332.1875,327.20001220703125,328.04376220703125,219.75177001953125,5782888
2010-06-02,329.375,331.4937438964844,328.01251220703125,330.03125,221.08319091796875,6557144
2010-06-03,332.5,338.2250061035156,332.5,337.25,225.91883850097656,5517096
2010-06-04,337.25,342.25,335.3062438964844,341.1187438964844,228.51051330566406,4950400
2010-06-07,338.75,338.75,331.25,333.95623779296875,223.71243286132812,7781952
2010-06-08,333.95623779296875,336.125,330.98126220703125,331.8125,222.27639770507812,6651144
2010-06-09,333.5,333.5,327.0625,328.1187438964844,219.80198669433594,5427120
2010-06-10,328.1499938964844,331.75,327.5687561035156,330.6937561035156,221.52699279785156,5187448
2010-06-11,333.11248779296875,336.36248779296875,327.625,328.84375,220.2876434326172,9912864
2010-06-14,331.26251220703125,344.85626220703125,331.26251220703125,343.29998779296875,229.97174072265625,9728848
2010-06-15,343.3125,347.5,340.26251220703125,341.8374938964844,228.99195861816406,7946312
2010-06-16,344.36248779296875,347.4375,342.75,346.17498779296875,231.8975830078125,5720064
2010-06-17,347.0,347.9750061035156,342.0,345.60626220703125,231.5166015625,5639240
2010-06-18,338.48126220703125,351.875,338.48126220703125,348.2749938964844,233.3043670654297,8356232
2010-06-21,349.92498779296875,352.3500061035156,348.90625,350.1000061035156,234.5269317626953,7164752
2010-06-22,348.75,349.91876220703125,345.0,345.88751220703125,231.70497131347656,4763688
2010-06-23,343.38751220703125,350.6187438964844,339.73126220703125,349.71875,234.2715606689453,4948088
2010-06-24,351.79998779296875,354.2124938964844,347.8812561035156,352.8374938964844,236.36074829101562,12316104
2010-06-25,351.25,351.4937438964844,346.375,347.2124938964844,232.5926513671875,3345664
2010-06-28,346.25,352.125,346.25,351.125,235.21360778808594,3834168
2010-06-29,349.1312561035156,351.70001220703125,345.88751220703125,349.1937561035156,233.9197998046875,3773072
2010-06-30,347.25,351.08123779296875,341.5,348.875,233.70628356933594,9449976
2010-07-01,348.875,348.875,343.875,345.8812561035156,231.7008514404297,5847248
2010-07-02,346.8687438964844,346.8687438964844,339.5,340.9375,228.38912963867188,11169440
2010-07-05,341.25,344.0,340.0,342.9312438964844,229.72467041015625,3616720
2010-07-06,342.875,349.875,342.875,348.13751220703125,233.2122802734375,5872600
2010-07-07,349.95001220703125,349.95001220703125,345.6499938964844,347.71875,232.9317626953125,5923392
2010-07-08,350.75,355.79998779296875,350.01251220703125,353.5625,236.84645080566406,6278192
2010-07-09,354.76251220703125,360.0625,354.76251220703125,359.2250061035156,240.63963317871094,7859112
2010-07-12,356.2562561035156,363.75,356.25,361.98748779296875,242.49014282226562,8597240
2010-07-13,358.75,359.3812561035156,347.625,349.59375,234.1878204345703,25502384
2010-07-14,348.7437438964844,351.125,342.125,342.86248779296875,229.6786651611328,14193928
2010-07-15,343.6187438964844,347.0,342.5,344.95001220703125,231.07699584960938,8328136
2010-07-16,344.375,348.875,343.875,347.125,232.53402709960938,8205560
2010-07-19,343.625,349.1000061035156,341.96875,346.3062438964844,231.98550415039062,7047120
2010-07-20,346.3062438964844,347.8125,344.1875,344.95623779296875,231.08119201660156,5054736
2010-07-21,345.9125061035156,347.375,345.0,346.45623779296875,232.0859832763672,2634480
2010-07-22,345.59375,345.59375,340.8812561035156,344.3125,230.64996337890625,8226952
2010-07-23,348.375,358.7562561035156,345.625,348.3062438964844,233.32525634765625,5323096
2010-07-26,348.75,351.25,348.75,350.5562438964844,234.83255004882812,4470816
2010-07-27,350.375,354.25,350.375,353.6000061035156,236.87147521972656,5093960
2010-07-28,353.625,354.8125,351.5,354.01251220703125,237.14791870117188,3725168
2010-07-29,353.1000061035156,355.0,351.35626220703125,354.14373779296875,237.2357940673828,3613008
2010-07-30,351.875,353.90625,345.0,348.54998779296875,233.48855590820312,4472672
2010-08-02,350.0,351.6000061035156,347.64373779296875,349.6187438964844,234.20449829101562,3815232
2010-08-03,350.625,352.375,346.1875,348.0375061035156,233.14524841308594,2434584
2010-08-04,348.75,361.5,348.75,359.3125,240.69818115234375,9536024
2010-08-05,360.0,363.3500061035156,357.6937561035156,358.65625,240.2586212158203,6594296
2010-08-06,357.625,361.5,356.5,357.9750061035156,239.80223083496094,3676480
2010-08-09,356.0625,360.36248779296875,352.03125,359.33123779296875,240.71080017089844,4201544
2010-08-10,358.75,358.75,351.875,353.6312561035156,236.89239501953125,4811984
2010-08-11,354.25,357.23748779296875,350.0,351.36248779296875,235.37258911132812,5344800
2010-08-12,349.5,349.5,344.25,346.5874938964844,232.17401123046875,6973400
2010-08-13,346.875,349.75,344.375,347.15625,232.55494689941406,5561808
2010-08-16,345.0,347.25,343.75,345.23748779296875,231.2696533203125,5193608
2010-08-17,344.375,347.0625,341.25,343.8125,230.31497192382812,5140640
2010-08-18,345.63751220703125,352.4375,344.76873779296875,350.90625,235.06700134277344,6128144
2010-08-19,351.875,353.125,348.4937438964844,350.57501220703125,234.84515380859375,4826744
2010-08-20,350.375,350.375,344.25,346.20001220703125,231.91439819335938,4624824
2010-08-23,346.5,351.25,345.1625061035156,350.39373779296875,234.7237091064453,4511832
2010-08-24,348.625,348.625,344.3999938964844,345.65625,231.55015563964844,5247552
2010-08-25,345.25,349.2437438964844,344.4937438964844,346.36248779296875,232.0232391357422,3502008
2010-08-26,346.875,347.8687438964844,343.41876220703125,345.70623779296875,231.58364868164062,7834984
2010-08-27,344.75,344.75,335.17498779296875,338.73748779296875,226.9153594970703,6973800
2010-08-30,339.91876220703125,342.0,333.2875061035156,337.5562438964844,226.12405395507812,4781168
2010-08-31,335.625,340.5,334.51873779296875,339.23126220703125,227.24609375,7722280
2010-09-01,339.23126220703125,348.0625,338.53125,347.01873779296875,232.46282958984375,10131800
2010-09-02,349.875,351.75,343.23748779296875,344.125,230.52435302734375,3402512
2010-09-03,345.13751220703125,350.5,345.13751220703125,347.1812438964844,232.5717315673828,7606688
2010-09-06,348.28125,355.0,348.20001220703125,353.95623779296875,237.1102752685547,6391192
2010-09-07,355.0,359.11248779296875,351.2749938964844,358.1187438964844,239.89854431152344,8321272
2010-09-08,357.125,360.82501220703125,353.125,359.92498779296875,241.10848999023438,9386496
2010-09-09,358.76251220703125,362.5,357.25,361.875,242.4147491455078,7591392
2010-09-13,361.25,368.125,360.25,367.11248779296875,245.92333984375,6650488
2010-09-14,368.82501220703125,375.0,368.75,371.95001220703125,249.16392517089844,9767144
2010-09-15,371.875,382.5,371.125,381.60626220703125,255.63255310058594,14344648
2010-09-16,379.0062561035156,379.0062561035156,369.78125,370.7437438964844,248.3558807373047,7088984
2010-09-17,370.7437438964844,376.5625,369.92498779296875,371.26873779296875,248.70750427246094,8616488
2010-09-20,371.875,377.25,371.875,376.07501220703125,251.92721557617188,5025976
2010-09-21,376.875,383.125,374.57501220703125,382.39373779296875,256.15997314453125,9223912
2010-09-22,382.5625,382.86248779296875,374.3062438964844,376.7875061035156,252.40452575683594,10806440
2010-09-23,375.6312561035156,379.34375,371.6312561035156,377.86248779296875,253.12464904785156,11181376
2010-09-24,377.86248779296875,382.3374938964844,374.20623779296875,381.13751220703125,255.31849670410156,8791520
2010-09-27,381.875,382.5,377.91876220703125,379.07501220703125,253.9368438720703,7210320
2010-09-28,378.125,378.51251220703125,375.125,377.07501220703125,252.5970916748047,6209144
2010-09-29,378.25,384.875,375.32501220703125,378.8812561035156,253.80709838867188,8972920
2010-09-30,380.8687438964844,384.375,375.9312438964844,381.3125,255.4356689453125,13665816
2010-10-01,381.375,388.7562561035156,378.2875061035156,387.76873779296875,259.7607116699219,8086512
2010-10-04,389.0,395.25,382.8187561035156,384.8062438964844,257.7760925292969,7636640
2010-10-05,384.375,388.875,383.75,385.5874938964844,258.29949951171875,5189152
2010-10-06,388.25,390.36248779296875,384.57501220703125,387.9750061035156,259.8988342285156,5788528
2010-10-07,386.125,387.1875,380.25,381.6812438964844,255.6827850341797,6833672
2010-10-08,382.5,385.70623779296875,379.6312561035156,384.5375061035156,257.5961608886719,6548160
2010-10-11,385.0375061035156,387.125,382.33123779296875,384.3062438964844,257.441162109375,4493832
2010-10-12,384.0,385.6187438964844,381.2875061035156,384.3999938964844,257.5039978027344,4625624
2010-10-13,385.125,395.6000061035156,384.3999938964844,394.10626220703125,264.0061340332031,13024504
2010-10-14,395.63751220703125,403.6187438964844,394.5249938964844,398.15625,266.71905517578125,9193376
2010-10-15,400.0,404.75,382.64373779296875,384.5375061035156,257.5961608886719,25870360
2010-10-18,385.0625,389.86248779296875,379.9125061035156,388.3812561035156,260.1709289550781,12591096
2010-10-19,386.8374938964844,388.1312561035156,375.125,376.2749938964844,252.06114196777344,14077712
2010-10-20,376.2250061035156,380.57501220703125,373.75,377.32501220703125,252.7646484375,7093856
2010-10-21,374.73126220703125,379.79998779296875,372.51251220703125,379.3062438964844,257.5039978027344,9231920
2010-10-22,375.65625,385.61248779296875,375.375,381.64373779296875,259.0909118652344,11345744
2010-10-25,382.3500061035156,384.36248779296875,376.26251220703125,377.39373779296875,256.20562744140625,5224432
2010-10-26,377.5,380.4125061035156,375.3374938964844,376.73126220703125,255.75587463378906,6925872
2010-10-27,375.25,376.25,370.8999938964844,372.5249938964844,252.9003143310547,9072696
2010-10-28,373.0,379.11248779296875,368.5062561035156,371.35626220703125,252.10696411132812,18232152
2010-10-29,373.625,374.75,368.0,371.4624938964844,252.17901611328125,6886024
2010-11-01,372.875,378.9937438964844,372.875,375.20623779296875,254.72061157226562,4552944
2010-11-02,375.25,379.07501220703125,373.1000061035156,378.3812561035156,256.8760681152344,4998504
2010-11-03,378.9937438964844,380.59375,376.8812561035156,378.04376220703125,256.64691162109375,3047536
2010-11-04,380.5,385.625,379.1187438964844,384.64373779296875,261.1275329589844,5514792
2010-11-08,385.5,385.5,375.84375,376.98748779296875,255.9298553466797,5381520
2010-11-09,379.6000061035156,384.375,378.75,382.4750061035156,259.6552429199219,5266960
2010-11-10,381.0,388.125,378.76251220703125,385.33123779296875,261.5943298339844,9728432
2010-11-11,385.5,385.5,381.375,381.83123779296875,259.2182312011719,5586392
2010-11-12,379.75,379.84375,373.625,374.73126220703125,254.39816284179688,7499456
2010-11-15,375.375,380.6187438964844,372.20001220703125,378.7562561035156,257.13055419921875,5850488
2010-11-16,376.5,377.375,367.53125,371.3687438964844,252.11537170410156,8375136
2010-11-18,373.625,378.98126220703125,369.83123779296875,375.4937438964844,254.9158172607422,7128224
2010-11-19,373.4437561035156,376.0874938964844,368.125,370.4750061035156,251.50863647460938,5664792
2010-11-22,371.41876220703125,383.5,371.41876220703125,380.4624938964844,258.2889709472656,8780144
2010-11-23,378.48748779296875,382.3500061035156,372.4937438964844,376.51251220703125,255.6073455810547,4579872
2010-11-24,377.98748779296875,379.36248779296875,368.78125,374.48748779296875,254.23260498046875,4038888
2010-11-25,375.6937561035156,388.875,375.6937561035156,383.04376220703125,260.041259765625,18331976
2010-11-26,383.75,388.0,378.3687438964844,380.2562561035156,258.1490173339844,9515792
2010-11-29,383.125,386.95623779296875,381.39373779296875,382.9937438964844,260.00738525390625,4964328
2010-11-30,380.4375,385.3374938964844,376.5249938964844,381.375,258.9083557128906,9072544
2010-12-01,381.2250061035156,383.3125,379.375,381.54998779296875,259.0272521972656,4624096
2010-12-02,382.0,388.67498779296875,379.0,387.3125,262.9393005371094,7197360
2010-12-03,388.375,393.48748779296875,387.875,390.625,265.18804931640625,6647816
2010-12-06,391.25,397.04998779296875,390.75,392.92498779296875,266.7495422363281,6023648
2010-12-07,393.23126220703125,399.375,392.5249938964844,397.32501220703125,269.7366638183594,6085496
2010-12-08,394.875,395.51251220703125,389.25,391.39373779296875,265.7100524902344,6951112
2010-12-09,393.125,397.76251220703125,392.64373779296875,393.9312438964844,267.4326477050781,7931128
2010-12-10,393.125,395.25,389.7250061035156,393.03125,266.8216857910156,6125120
2010-12-13,393.625,394.54998779296875,384.375,393.1625061035156,266.9107360839844,6849080
2010-12-14,395.4624938964844,396.75,390.8500061035156,394.83123779296875,268.0436096191406,3933584
2010-12-15,393.3374938964844,401.125,393.3374938964844,400.4312438964844,271.8453369140625,8254392
2010-12-16,402.42498779296875,412.5,401.25,411.6625061035156,279.4700622558594,8509144
2010-12-20,406.51251220703125,420.4750061035156,406.5,418.7437438964844,284.27734375,11346320
2010-12-21,418.8187561035156,421.20001220703125,413.8812561035156,416.15625,282.5207824707031,8059840
2010-12-22,415.625,419.9624938964844,414.21875,416.5625,282.79656982421875,5927280
2010-12-23,418.0,421.5,416.15625,420.98748779296875,285.80059814453125,6231504
2010-12-24,418.375,422.7250061035156,417.7562561035156,421.26873779296875,285.99151611328125,3620064
2010-12-27,419.625,423.9750061035156,419.625,422.11248779296875,286.5644226074219,3691760
2010-12-28,421.375,423.7437438964844,420.4375,422.83123779296875,287.0523986816406,2554440
2010-12-29,422.625,426.875,421.38751220703125,425.61248779296875,288.9404602050781,3802920
2010-12-30,426.25,431.75,425.25,430.8687438964844,292.5089416503906,8991688
2010-12-31,429.125,431.375,425.64373779296875,430.34375,292.1523742675781,5859728
2011-01-03,430.5,433.7124938964844,428.4624938964844,432.29376220703125,293.4762268066406,5048544
2011-01-04,432.125,437.375,432.125,435.1812438964844,295.43646240234375,8119288
2011-01-05,433.125,434.625,430.63751220703125,432.45001220703125,293.58233642578125,3523160
2011-01-06,435.0,436.625,430.51251220703125,434.76873779296875,295.1564636230469,4691840
2011-01-07,432.91876220703125,436.875,419.54376220703125,421.34375,286.04241943359375,8550928
2011-01-10,421.875,430.39373779296875,419.0,424.46875,288.1639709472656,10390408
2011-01-11,417.5,427.92498779296875,411.01251220703125,415.7124938964844,282.2194519042969,12319416
2011-01-12,418.75,423.75,414.7749938964844,422.1625061035156,286.5984191894531,10035400
2011-01-13,411.625,412.375,399.375,400.6499938964844,271.9937744140625,22352872
2011-01-14,398.26873779296875,409.73748779296875,398.125,400.5375061035156,271.9175109863281,10321640
2011-01-17,400.0,410.2124938964844,398.90625,408.6000061035156,277.3909606933594,8218616
2011-01-18,406.25,416.9624938964844,406.25,415.375,281.9903564453125,9797168
2011-01-19,413.39373779296875,414.25,404.4750061035156,406.20001220703125,275.76165771484375,6935088
2011-01-20,404.0,413.42498779296875,402.26251220703125,411.98748779296875,279.6907043457031,7231848
2011-01-21,408.875,409.75,403.875,405.48126220703125,275.27374267578125,4626824
2011-01-24,405.0,411.25,403.4125061035156,410.58123779296875,278.7359924316406,7501360
2011-01-25,408.125,413.10626220703125,404.5062561035156,407.45623779296875,276.6144714355469,9925912
2011-01-27,408.625,408.625,398.1875,399.61248779296875,271.28961181640625,12710648
2011-01-28,400.7250061035156,408.5687561035156,392.58123779296875,396.01873779296875,268.84979248046875,12684296
2011-01-31,392.3125,392.3125,385.7749938964844,389.7124938964844,264.568603515625,7749368
2011-02-01,390.7875061035156,391.04998779296875,380.38751220703125,386.1499938964844,262.150146484375,10301688
2011-02-02,389.125,395.5,383.125,386.15625,262.15435791015625,9174728
2011-02-03,387.67498779296875,394.125,385.7749938964844,389.70001220703125,264.5601806640625,6049408
2011-02-04,387.375,390.4624938964844,378.29998779296875,380.98748779296875,258.64532470703125,6959880
2011-02-07,384.36248779296875,389.23748779296875,382.625,385.9312438964844,262.0015869140625,7341128
2011-02-08,387.5,390.0,384.0,387.07501220703125,262.7781066894531,6023992
2011-02-09,385.625,394.9624938964844,383.48748779296875,391.3374938964844,265.6717529296875,7504144
2011-02-10,388.20623779296875,389.25,380.125,381.6499938964844,259.0950927734375,8252152
2011-02-11,378.7749938964844,383.5874938964844,377.54376220703125,380.10626220703125,258.0471496582031,11214152
2011-02-14,380.5,389.7875061035156,380.0625,388.0687561035156,263.45263671875,6979048
2011-02-15,387.5,391.125,384.26873779296875,388.3187561035156,263.6224365234375,4599952
2011-02-16,385.28125,390.4624938964844,385.13751220703125,387.875,263.32122802734375,2920384
2011-02-17,389.8125,391.0,387.7749938964844,389.16876220703125,264.19952392578125,3392984
2011-02-18,390.625,393.125,386.13751220703125,387.5375061035156,263.0920715332031,7102304
2011-02-21,387.5,397.2250061035156,384.5,395.65625,268.6037292480469,9398952
2011-02-22,392.5249938964844,395.875,389.25,392.73126220703125,266.6180114746094,6085648
2011-02-23,388.23748779296875,388.23748779296875,383.7562561035156,384.8500061035156,261.267578125,7076384
2011-02-24,381.25,385.0,374.375,376.1000061035156,255.3273468017578,16486520
2011-02-25,377.8999938964844,380.33123779296875,370.75,375.9125061035156,255.20004272460938,10366720
2011-02-28,377.75,391.8500061035156,370.92498779296875,374.63751220703125,254.3345184326172,14514472
2011-03-01,378.75,388.5,376.0,385.29998779296875,261.5730285644531,8377632
2011-03-03,382.26251220703125,382.375,375.125,378.26251220703125,256.7954406738281,12571856
2011-03-04,383.375,386.25,381.0,382.7749938964844,259.8589172363281,9770912
2011-03-07,379.5,384.375,378.1875,380.3374938964844,258.2040710449219,7357728
2011-03-08,378.78125,391.5,377.5249938964844,389.5375061035156,264.4498596191406,8514512
2011-03-09,390.0,391.6000061035156,383.875,386.9375,262.68475341796875,6676440
2011-03-10,386.875,387.5,382.8125,386.28125,262.23919677734375,3438200
2011-03-11,383.5,384.875,380.625,381.73748779296875,259.1545104980469,7278272
2011-03-14,379.375,388.5,378.83123779296875,387.6000061035156,263.13458251953125,3557952
2011-03-15,379.0,382.36248779296875,375.75,378.76873779296875,257.1391296386719,9037824
2011-03-16,378.125,382.6812438964844,377.5062561035156,378.86248779296875,257.2027282714844,5594720
2011-03-17,373.01251220703125,374.875,371.375,372.3374938964844,252.77297973632812,8321376
2011-03-18,372.51873779296875,374.3500061035156,366.57501220703125,367.63751220703125,249.58233642578125,7468000
2011-03-21,368.92498779296875,369.625,363.04376220703125,365.2875061035156,247.98690795898438,6607096
2011-03-22,366.89373779296875,369.59375,365.5,367.8812561035156,249.74774169921875,5119744
2011-03-23,366.84375,374.8500061035156,365.875,374.16876220703125,254.0161590576172,7266720
2011-03-24,374.1187438964844,376.5249938964844,372.34375,375.3500061035156,254.81814575195312,8189232
2011-03-25,380.5,398.125,380.0062561035156,395.3812561035156,268.4169921875,12662792
2011-03-28,392.375,394.6937561035156,388.71875,392.4437561035156,266.4228210449219,12056632
2011-03-29,391.5,398.5874938964844,391.1187438964844,396.66876220703125,269.2911376953125,9860592
2011-03-30,396.5,400.4375,394.58123779296875,396.36248779296875,269.0830993652344,5608128
2011-03-31,397.75,408.125,395.48748779296875,405.1625061035156,275.0572814941406,18839928
2011-04-01,404.38751220703125,407.03125,401.0,402.26873779296875,273.0928039550781,5588288
2011-04-04,403.125,412.0,402.625,410.39373779296875,278.6087341308594,7375992
2011-04-05,409.6187438964844,411.625,403.88751220703125,410.40625,278.61724853515625,4302536
2011-04-06,409.875,412.375,406.5062561035156,409.39373779296875,277.92987060546875,6766920
2011-04-07,407.73748779296875,407.73748779296875,404.7124938964844,405.73748779296875,275.44769287109375,3800288
2011-04-08,405.25,408.08123779296875,400.9312438964844,403.4125061035156,273.8692932128906,4832928
2011-04-11,399.4125061035156,407.7250061035156,397.625,405.20001220703125,275.082763671875,8000064
2011-04-13,401.375,414.63751220703125,399.5,413.2749938964844,280.5647888183594,11068904
2011-04-15,412.01873779296875,412.32501220703125,372.1875,373.6875,253.68951416015625,81019736
2011-04-18,364.875,370.875,360.0,363.26251220703125,246.61224365234375,41086712
2011-04-19,363.25,365.875,360.125,360.91876220703125,245.02108764648438,19210632
2011-04-20,364.875,365.98748779296875,361.375,363.4125061035156,246.7140350341797,17949856
2011-04-21,364.8374938964844,367.5625,362.63751220703125,363.75,246.9431610107422,23953696
2011-04-25,364.375,370.4937438964844,363.42498779296875,367.6625061035156,249.5992889404297,15527240
2011-04-26,366.875,369.3687438964844,365.0,367.79376220703125,249.68836975097656,18230880
2011-04-27,368.125,370.58123779296875,367.8125,369.14373779296875,250.6048126220703,9981328
2011-04-28,368.625,369.75,365.125,366.14373779296875,248.5682830810547,23419304
2011-04-29,363.75,366.125,360.9937438964844,363.28125,246.6249237060547,16254336
2011-05-02,364.8812561035156,368.0,363.75,365.3187561035156,248.00814819335938,13468184
2011-05-03,365.0,369.64373779296875,362.4937438964844,363.8812561035156,247.0322265625,13234040
2011-05-04,362.625,363.125,355.34375,358.71875,243.52749633789062,16924400
2011-05-05,358.4125061035156,359.86248779296875,354.625,356.0625,241.7242431640625,12661232
2011-05-06,357.23748779296875,363.75,356.0,361.625,245.5006103515625,11930664
2011-05-09,363.75,364.625,358.4375,363.5687561035156,246.82005310058594,4938200
2011-05-10,363.4624938964844,365.61248779296875,359.0,360.0062561035156,244.40158081054688,4873368
2011-05-11,360.25,365.5,359.9937438964844,363.2562561035156,246.60789489746094,6410072
2011-05-12,362.23748779296875,363.625,359.0,360.15625,244.50340270996094,4996480
2011-05-13,360.3999938964844,364.0,358.90625,359.79376220703125,244.25732421875,8282336
2011-05-16,359.5,359.5,355.29376220703125,356.29998779296875,241.8854522705078,6469368
2011-05-17,356.04998779296875,359.6625061035156,352.9937438964844,355.51873779296875,241.35513305664062,7570472
2011-05-18,356.25,360.29376220703125,350.375,355.3125,241.21507263183594,10176496
2011-05-19,357.4624938964844,357.4624938964844,354.45001220703125,355.8062438964844,241.55023193359375,7455960
2011-05-20,355.625,357.9624938964844,354.01873779296875,356.23126220703125,241.8388671875,8023672
2011-05-23,355.98126220703125,356.6000061035156,353.48126220703125,354.6312561035156,240.75262451171875,6778880
2011-05-24,354.125,357.98126220703125,354.125,355.5625,241.38479614257812,7625464
2011-05-25,353.4624938964844,353.4624938964844,344.57501220703125,348.58123779296875,236.64535522460938,11075416
2011-05-26,349.25,349.71875,344.75,347.0687561035156,237.32064819335938,8476176
2011-05-27,345.0,350.875,345.0,348.4375,238.25657653808594,6264944
2011-05-30,350.76251220703125,350.76251220703125,345.125,347.57501220703125,237.66680908203125,6867352
2011-05-31,349.125,352.25,347.0687561035156,348.20623779296875,238.0984344482422,20410608
2011-06-01,349.25,353.0,348.0,351.4437561035156,240.31214904785156,8105864
2011-06-02,347.5,352.5,347.125,350.3812561035156,239.5856475830078,7117288
2011-06-03,351.375,355.3500061035156,351.36248779296875,352.0249938964844,240.70962524414062,6293384
2011-06-06,352.75,355.7437438964844,349.39373779296875,354.73748779296875,242.56442260742188,3769264
2011-06-07,353.7562561035156,363.0,353.7562561035156,361.5687561035156,247.235595703125,7978664
2011-06-08,361.125,361.5249938964844,358.40625,358.9624938964844,245.45339965820312,5945968
2011-06-09,360.1875,360.1875,356.8187561035156,357.6875,244.5815887451172,4221616
2011-06-10,358.5625,360.1000061035156,356.3999938964844,357.79376220703125,244.65423583984375,7187264
2011-06-13,356.0625,360.2749938964844,352.4624938964844,359.70001220703125,245.95773315429688,7733184
2011-06-14,359.7250061035156,360.4375,358.09375,359.0375061035156,245.50474548339844,7870104
2011-06-15,357.71875,357.71875,353.36248779296875,354.45001220703125,242.36782836914062,7335880
2011-06-16,353.625,353.625,349.3812561035156,350.0375061035156,239.3505859375,7628960
2011-06-17,350.01251220703125,350.41876220703125,341.4125061035156,346.20623779296875,236.73086547851562,8525168
2011-06-20,346.0375061035156,347.46875,331.5625,338.6937561035156,231.59396362304688,12458152
2011-06-21,340.375,344.375,336.6625061035156,340.89373779296875,233.09823608398438,7542816
2011-06-22,344.125,347.7124938964844,342.76251220703125,344.3812561035156,235.48292541503906,5625000
2011-06-23,343.75,348.63751220703125,341.9375,347.38751220703125,237.53855895996094,4158768
2011-06-24,348.875,359.7124938964844,348.875,357.4937438964844,244.44906616210938,11219288
2011-06-27,353.95623779296875,365.375,352.53125,358.8812561035156,245.39776611328125,10724296
2011-06-28,358.7562561035156,359.60626220703125,355.4750061035156,358.1625061035156,244.9063720703125,4486792
2011-06-29,358.5,363.375,358.5,360.21875,246.31248474121094,4800752
2011-06-30,360.7562561035156,364.875,360.1875,363.8062438964844,248.7654571533203,11341840
2011-07-01,366.875,371.2437438964844,365.51251220703125,366.76873779296875,250.79119873046875,6402464
2011-07-04,370.83123779296875,372.125,366.875,367.3687438964844,251.20143127441406,4114592
2011-07-05,369.625,371.23748779296875,365.75,369.5562438964844,252.697265625,6423728
2011-07-06,368.375,371.5562438964844,367.13751220703125,369.2124938964844,252.46221923828125,3440224
2011-07-07,369.3999938964844,375.0,367.875,374.4624938964844,256.0520324707031,5751472
2011-07-08,375.0,377.98748779296875,370.90625,372.0687561035156,254.415283203125,5669792
2011-07-11,369.23748779296875,372.01251220703125,361.0687561035156,365.14373779296875,249.68008422851562,9206520
2011-07-12,356.25,356.25,343.3500061035156,348.9437561035156,238.60275268554688,29652656
2011-07-13,345.75,350.91876220703125,345.1312561035156,347.1625061035156,237.38475036621094,13338168
2011-07-14,345.03125,345.5,341.375,342.54376220703125,234.22645568847656,10891224
2011-07-15,343.0,345.3687438964844,340.0,341.41876220703125,233.45724487304688,6392624
2011-07-18,341.875,342.90625,338.41876220703125,339.17498779296875,231.92298889160156,9408656
2011-07-19,340.125,345.25,339.58123779296875,343.8125,235.093994140625,8324424
2011-07-20,346.6000061035156,346.6000061035156,343.125,344.0562438964844,235.2606658935547,6222712
2011-07-21,343.1499938964844,348.0625,342.1000061035156,346.01251220703125,236.59835815429688,5897088
2011-07-22,348.0375061035156,355.5,346.25,353.53125,241.7395477294922,7749624
2011-07-25,352.25,353.1312561035156,348.88751220703125,350.96875,239.9873809814453,7404256
2011-07-26,351.125,353.0,348.4375,350.2250061035156,239.47872924804688,6848736
2011-07-27,350.125,354.48748779296875,348.8999938964844,349.58123779296875,239.0386199951172,8506440
2011-07-28,345.625,346.73748779296875,341.8125,343.88751220703125,235.14523315429688,9481376
2011-07-29,342.625,347.8062438964844,340.67498779296875,346.98748779296875,237.2650146484375,9757592
2011-08-01,347.51251220703125,352.9750061035156,347.51251220703125,351.88751220703125,240.6155548095703,6094952
2011-08-02,349.8187561035156,349.8187561035156,343.125,343.8687438964844,235.13247680664062,4932528
2011-08-03,341.875,342.4624938964844,338.5625,341.57501220703125,233.5640869140625,5646088
2011-08-04,342.5,344.9937438964844,338.0,338.64373779296875,231.5596923828125,6529888
2011-08-05,330.45001220703125,330.45001220703125,315.625,323.8999938964844,221.4781494140625,15758072
2011-08-08,312.5,312.5,303.875,308.8125,211.16151428222656,16170240
2011-08-09,293.875,304.9937438964844,293.7749938964844,296.8187561035156,202.96031188964844,16849744
2011-08-10,306.0,309.54998779296875,301.38751220703125,305.88751220703125,209.16146850585938,13955960
2011-08-11,304.0,308.625,301.8687438964844,305.07501220703125,208.60586547851562,8206232
2011-08-12,311.0,311.0,292.79376220703125,296.8999938964844,203.0159454345703,14098080
2011-08-16,303.75,304.78125,296.5375061035156,299.9125061035156,205.0758514404297,10146704
2011-08-17,299.5,308.1875,299.5,306.1187438964844,209.31961059570312,8531328
2011-08-18,308.125,308.51251220703125,292.875,294.26251220703125,201.21243286132812,10674664
2011-08-19,284.25,284.25,271.45001220703125,278.0874938964844,190.15223693847656,28899200
2011-08-22,276.73748779296875,280.63751220703125,271.875,274.32501220703125,187.57945251464844,15708072
2011-08-23,275.15625,287.83123779296875,274.25,284.6187438964844,194.61817932128906,17143440
2011-08-24,285.0,285.6187438964844,278.75,281.36248779296875,192.39163208007812,8606144
2011-08-25,281.2749938964844,283.13751220703125,270.1875,272.92498779296875,186.6221466064453,26853752
2011-08-26,273.3125,281.61248779296875,272.83123779296875,275.3187561035156,188.2589874267578,21021960
2011-08-29,279.875,289.03125,279.0,287.03125,196.267822265625,11222528
2011-08-30,291.375,295.0,285.0,292.8687438964844,200.25936889648438,12142920
2011-09-02,298.125,298.125,284.4125061035156,289.8999938964844,198.2294464111328,14960904
2011-09-05,286.7124938964844,286.7124938964844,280.0249938964844,283.13751220703125,193.60536193847656,10902544
2011-09-06,281.73748779296875,290.0,277.78125,287.8187561035156,196.8063201904297,10816696
2011-09-07,287.23748779296875,289.2875061035156,283.45623779296875,286.4312438964844,195.85752868652344,13157432
2011-09-08,287.5,294.25,287.375,292.3062438964844,199.8748016357422,11027872
2011-09-09,291.01251220703125,291.01251220703125,282.625,284.2875061035156,194.3917236328125,12392104
2011-09-12,276.0,277.16876220703125,272.58123779296875,274.8062438964844,187.90853881835938,8198264
2011-09-13,277.88751220703125,282.4624938964844,274.46875,277.7562561035156,189.92568969726562,10365216
2011-09-14,281.375,295.86248779296875,281.125,293.95623779296875,201.00299072265625,17236880
2011-09-15,297.25,303.5625,291.25,301.23748779296875,205.9818572998047,13703456
2011-09-16,307.23748779296875,307.23748779296875,296.70001220703125,299.39373779296875,204.7210693359375,11304104
2011-09-19,299.875,301.45001220703125,294.51251220703125,295.33123779296875,201.9432830810547,6558432
2011-09-20,297.125,305.0,296.89373779296875,304.5687561035156,208.25970458984375,9008904
2011-09-21,305.0,306.86248779296875,302.5,304.45623779296875,208.18275451660156,7402480
2011-09-22,298.0,301.4750061035156,292.08123779296875,294.07501220703125,201.08428955078125,9037856
2011-09-23,291.0,298.7250061035156,290.125,292.3500061035156,199.90469360351562,10448432
2011-09-26,293.125,295.625,287.63751220703125,294.375,201.2893829345703,6544288
2011-09-27,297.1499938964844,308.58123779296875,297.1499938964844,305.51873779296875,208.90924072265625,10341024
2011-09-28,310.0,317.5,306.5625,308.78125,211.14016723632812,20061760
2011-09-29,310.25,321.2437438964844,308.90625,318.88751220703125,218.05064392089844,23256344
2011-09-30,316.48748779296875,320.5,313.5249938964844,316.6312561035156,216.5079345703125,10730656
2011-10-03,311.25,314.75,308.4624938964844,309.48748779296875,211.62313842773438,9885128
2011-10-04,306.5249938964844,310.21875,301.70001220703125,304.8125,208.42637634277344,7838480
2011-10-05,307.2437438964844,312.375,303.51251220703125,305.8687438964844,209.1486053466797,10771856
2011-10-07,320.0,321.86248779296875,310.95623779296875,313.5874938964844,214.42660522460938,18457728
2011-10-10,318.125,325.11248779296875,316.04998779296875,323.7437438964844,221.3712921142578,16946432
2011-10-11,324.17498779296875,324.375,311.25,313.0687561035156,214.07191467285156,22339248
2011-10-12,324.375,336.0,324.375,334.91876220703125,229.0125732421875,34633704
2011-10-13,339.875,341.125,335.625,337.0874938964844,230.49560546875,18041536
2011-10-14,338.88751220703125,344.5874938964844,335.7875061035156,342.96875,234.51707458496094,19600992
2011-10-17,345.13751220703125,345.61248779296875,340.0249938964844,343.3187561035156,234.75633239746094,14145496
2011-10-18,337.48748779296875,340.625,335.9624938964844,337.6937561035156,230.91006469726562,10518136
2011-10-19,340.25,341.875,337.63751220703125,340.96875,233.14955139160156,10135320
2011-10-20,336.5,344.625,335.9437561035156,343.4437561035156,236.1403350830078,5573680
2011-10-21,343.4437561035156,343.625,338.375,340.33123779296875,234.00039672851562,6858312
2011-10-24,343.75,346.8500061035156,342.6499938964844,345.9125061035156,237.837890625,6075592
2011-10-25,351.375,362.375,351.375,357.3374938964844,245.69332885742188,15677584
2011-10-28,365.125,371.41876220703125,355.6312561035156,357.33123779296875,245.68898010253906,24868784
2011-10-31,357.0,362.21875,357.0,359.6937561035156,247.3134307861328,10291624
2011-11-01,355.0,359.26251220703125,352.25,354.57501220703125,243.7939453125,7906192
2011-11-02,352.5,356.73748779296875,352.17498779296875,354.29998779296875,243.6047821044922,5317856
2011-11-03,354.25,355.25,345.8999938964844,350.26251220703125,240.82879638671875,10779624
2011-11-04,355.625,356.36248779296875,348.9437561035156,353.2437438964844,242.8785858154297,7643688
2011-11-08,351.8812561035156,356.0,348.85626220703125,355.26251220703125,244.26661682128906,6107336
2011-11-09,355.625,358.40625,353.125,354.4125061035156,243.6821746826172,6679648
2011-11-11,326.3374938964844,350.9624938964844,326.3374938964844,346.9624938964844,238.55979919433594,9441224
2011-11-14,351.26873779296875,354.04998779296875,349.75,351.1000061035156,241.4046173095703,4633040
2011-11-15,350.01251220703125,352.5,347.6937561035156,349.7875061035156,240.50218200683594,5098024
2011-11-16,349.375,350.5,344.7875061035156,347.2875061035156,238.7833251953125,6552648
2011-11-17,346.0375061035156,348.625,341.61248779296875,344.1875,236.65182495117188,6366984
2011-11-18,341.3812561035156,345.5562438964844,340.0,342.6000061035156,235.56033325195312,4737896
2011-11-21,340.0,341.85626220703125,328.2875061035156,333.76251220703125,229.4839630126953,9365792
2011-11-22,325.0,345.61248779296875,325.0,340.5,234.11642456054688,14859512
2011-11-23,334.375,336.1937561035156,327.16876220703125,331.58123779296875,227.984130859375,12792816
2011-11-24,330.125,335.5,323.32501220703125,333.2749938964844,229.14877319335938,13231776
2011-11-25,331.875,331.875,323.875,324.9624938964844,223.43333435058594,8022528
2011-11-28,327.5062561035156,331.23748779296875,326.5562438964844,329.51873779296875,226.5660858154297,7290208
2011-11-29,327.7749938964844,328.5062561035156,322.65625,324.7437438964844,223.28289794921875,10659368
2011-11-30,322.625,328.125,320.125,325.85626220703125,224.04786682128906,11640232
2011-12-01,334.25,336.35626220703125,328.82501220703125,331.91876220703125,228.21621704101562,8125208
2011-12-02,331.375,339.4312438964844,330.98748779296875,336.76873779296875,231.55087280273438,9451408
2011-12-05,336.25,339.71875,334.3999938964844,337.64373779296875,232.15248107910156,7468184
2011-12-07,338.125,346.54998779296875,335.5062561035156,344.8687438964844,237.12020874023438,8070392
2011-12-08,343.375,344.75,337.01251220703125,340.4312438964844,234.069091796875,7295584
2011-12-09,333.51873779296875,342.4750061035156,332.5249938964844,338.7875061035156,232.93899536132812,10570752
2011-12-12,339.98748779296875,344.5,337.2250061035156,342.53125,235.5129852294922,11025800
2011-12-13,341.4125061035156,345.61248779296875,338.5874938964844,344.0249938964844,236.54010009765625,9648336
2011-12-14,343.75,345.90625,340.625,342.53125,235.5129852294922,9857632
2011-12-15,340.7875061035156,341.79376220703125,333.125,339.54376220703125,233.45889282226562,10053168
2011-12-16,336.875,348.6000061035156,336.4937438964844,340.5625,234.15939331054688,13669288
2011-12-19,336.25,337.9437561035156,331.9750061035156,334.54998779296875,230.02537536621094,12064432
2011-12-20,336.25,337.26873779296875,331.38751220703125,333.59375,229.36795043945312,10484608
2011-12-21,339.875,344.3500061035156,335.0,342.875,235.74940490722656,8422920
2011-12-22,331.25,343.5,331.25,340.10626220703125,233.8456573486328,12707136
2011-12-23,342.5,342.5,335.40625,336.84375,231.60247802734375,7045296
2011-12-26,336.375,348.375,336.375,346.98126220703125,238.5727081298828,4236568
2011-12-27,345.625,349.875,342.03125,344.92498779296875,237.1588897705078,6178200
2011-12-28,346.125,350.5,343.9437561035156,347.75,239.10128784179688,6851248
2011-12-29,344.75,346.86248779296875,341.3812561035156,342.76251220703125,235.6720428466797,8837168
2011-12-30,343.0,346.875,342.6875,345.95623779296875,237.8679656982422,5308816
2012-01-02,344.8999938964844,352.08123779296875,342.75,351.1187438964844,241.4174346923828,5826176
2012-01-03,353.01251220703125,360.8687438964844,352.5,358.0375061035156,246.1746063232422,8903008
2012-01-04,355.625,359.375,355.1312561035156,356.79998779296875,245.32373046875,7341424
2012-01-05,354.8999938964844,359.5,353.9312438964844,355.01873779296875,244.09901428222656,7125272
2012-01-06,354.75,358.45001220703125,351.38751220703125,354.01873779296875,243.41143798828125,7087632
2012-01-09,355.9375,358.2875061035156,352.1499938964844,354.5687561035156,243.78956604003906,8265784
2012-01-10,358.75,359.42498779296875,356.2749938964844,357.95001220703125,246.11441040039062,11179176
2012-01-11,358.5,361.86248779296875,351.625,353.32501220703125,242.9344482421875,13795800
2012-01-12,343.75,343.75,322.2562561035156,323.53125,222.44923400878906,48970600
2012-01-13,327.25,327.375,319.03125,323.0249938964844,222.10118103027344,20898944
2012-01-16,322.65625,330.5,322.38751220703125,330.01873779296875,226.9098358154297,13188736
2012-01-17,331.25,334.1000061035156,329.23126220703125,332.7562561035156,228.79202270507812,8740424
2012-01-18,330.5,330.5,323.125,326.5062561035156,224.4947967529297,9700424
2012-01-19,327.0,327.8500061035156,322.07501220703125,324.3374938964844,223.003662109375,9652336
2012-01-20,324.5,326.2124938964844,322.0375061035156,323.6000061035156,222.49655151367188,11635712
2012-01-23,323.75,326.9375,323.625,325.0375061035156,223.48487854003906,5160864
2012-01-24,327.25,329.95001220703125,324.375,327.6000061035156,225.24679565429688,5653208
2012-01-25,329.375,334.375,328.125,333.2250061035156,229.11439514160156,10545360
2012-01-27,337.75,341.875,335.7749938964844,340.625,234.20237731933594,12218872
2012-01-30,337.36248779296875,340.6499938964844,336.25,339.0375061035156,233.1107940673828,9588456
2012-01-31,339.0,344.33123779296875,338.25,343.25,236.00717163085938,8658896
2012-02-01,342.4624938964844,343.5,336.95623779296875,342.8374938964844,235.7235870361328,6269336
2012-02-02,342.51251220703125,347.875,341.25,344.625,236.95262145996094,11538256
2012-02-03,342.5062561035156,349.0,342.5062561035156,347.90625,239.20870971679688,11637200
2012-02-06,350.63751220703125,350.98748779296875,344.01251220703125,347.13751220703125,238.68014526367188,7937680
2012-02-07,350.625,350.625,339.20623779296875,340.9375,234.4172821044922,7221640
2012-02-08,343.5,347.75,342.66876220703125,346.14373779296875,237.996826171875,6671496
2012-02-09,343.625,352.76251220703125,341.48126220703125,351.23748779296875,241.4991912841797,10156840
2012-02-10,349.875,350.25,343.89373779296875,348.79998779296875,239.82322692871094,5177616
2012-02-13,346.90625,350.0625,344.63751220703125,348.54998779296875,239.65139770507812,5734008
2012-02-14,347.0,351.23748779296875,345.5,350.1312561035156,240.73851013183594,5477768
2012-02-15,351.875,359.375,351.875,358.01251220703125,246.15733337402344,7178328
2012-02-16,358.0,364.7124938964844,357.5687561035156,363.6187438964844,250.0120391845703,8256552
2012-02-17,364.53125,372.25,362.51873779296875,368.4750061035156,253.35108947753906,11457280
2012-02-21,366.25,369.98748779296875,363.90625,367.28125,252.53028869628906,6049224
2012-02-22,363.1499938964844,374.25,363.1499938964844,369.03125,253.73348999023438,10413120
2012-02-23,367.375,372.82501220703125,364.5249938964844,366.64373779296875,252.09197998046875,10474960
2012-02-24,366.5,371.75,365.4375,368.5062561035156,253.37255859375,8536440
2012-02-27,370.625,370.625,359.0,360.41876220703125,247.81187438964844,6910568
2012-02-28,360.75,363.75,356.8687438964844,359.04998779296875,246.87081909179688,7950200
2012-02-29,361.75,363.51251220703125,358.0249938964844,360.4312438964844,247.82049560546875,8868408
2012-03-01,356.4437561035156,359.375,350.625,357.08123779296875,245.5171356201172,9806632
2012-03-02,358.125,358.125,351.63751220703125,355.7124938964844,244.57603454589844,6077656
2012-03-05,357.26251220703125,357.98126220703125,349.5874938964844,351.23126220703125,241.49485778808594,5780456
2012-03-06,350.63751220703125,360.0,350.13751220703125,356.5562438964844,245.1562042236328,10349688
2012-03-07,355.25,361.875,354.38751220703125,360.48126220703125,247.8548126220703,7908568
2012-03-09,361.75,362.875,356.0,356.9125061035156,245.4012451171875,6644808
2012-03-12,364.375,364.375,347.625,352.17498779296875,242.14370727539062,7294472
2012-03-13,355.4937438964844,358.73126220703125,355.25,357.4750061035156,245.78790283203125,7710424
2012-03-14,361.25,364.375,356.7437438964844,359.85626220703125,247.4251251220703,10602088
2012-03-15,361.875,363.14373779296875,358.8125,360.23748779296875,247.687255859375,6251360
2012-03-16,363.125,364.125,355.89373779296875,358.1187438964844,246.23043823242188,9031008
2012-03-19,361.875,362.5,351.4125061035156,354.6875,243.8712921142578,6061528
2012-03-20,353.25,356.6499938964844,350.375,353.91876220703125,243.3427276611328,9225384
2012-03-21,354.0562438964844,361.25,352.625,358.4125061035156,246.4324188232422,6250664
2012-03-22,359.25,359.3187561035156,351.7875061035156,353.5375061035156,243.08045959472656,5664640
2012-03-23,354.125,360.34375,353.79998779296875,359.0874938964844,246.8965301513672,5497736
2012-03-26,358.625,358.625,352.63751220703125,353.84375,243.29116821289062,4922664
2012-03-27,357.5,362.96875,354.0375061035156,359.48748779296875,247.171630859375,7590752
2012-03-28,358.25,359.3374938964844,353.0,355.38751220703125,244.3525848388672,5919920
2012-03-29,352.5625,354.79376220703125,345.9750061035156,349.0,239.96075439453125,14000208
2012-03-30,351.23748779296875,359.125,350.375,358.2875061035156,246.3464813232422,7963600
2012-04-02,358.0,361.09375,355.125,356.2749938964844,244.96275329589844,4851584
2012-04-03,358.2875061035156,359.70623779296875,355.3187561035156,357.3062438964844,245.67185974121094,5451584
2012-04-04,356.125,359.3687438964844,355.5,356.38751220703125,245.04013061523438,5254144
2012-04-09,354.6875,357.41876220703125,351.54998779296875,352.84375,242.60354614257812,6541568
2012-04-10,355.25,355.95623779296875,342.125,346.42498779296875,238.19027709960938,7243056
2012-04-11,346.1187438964844,353.125,342.8999938964844,350.54998779296875,241.02642822265625,8179640
2012-04-12,352.84375,353.98126220703125,342.3062438964844,343.83123779296875,236.40682983398438,11805608
2012-04-13,314.75,315.3374938964844,298.63751220703125,300.3187561035156,206.48915100097656,75255568
2012-04-16,300.0,303.3187561035156,291.6312561035156,295.5687561035156,203.22320556640625,33491480
2012-04-17,299.875,299.875,292.01251220703125,297.5874938964844,204.61122131347656,23687088
2012-04-18,300.0,300.3187561035156,294.375,296.40625,203.7989959716797,19165328
2012-04-19,297.48748779296875,301.8687438964844,296.0,300.67498779296875,206.73406982421875,17113512
2012-04-20,299.34375,303.54998779296875,295.3125,300.92498779296875,206.90599060058594,11507520
2012-04-23,298.75,298.75,288.125,288.86248779296875,198.61215209960938,18136696
2012-04-24,288.83123779296875,295.6000061035156,274.7875061035156,293.6937561035156,201.93402099609375,53037912
2012-04-25,293.7124938964844,295.625,287.90625,293.7437438964844,201.9683837890625,24638504
2012-04-26,293.75,297.3500061035156,292.79376220703125,294.5249938964844,202.50555419921875,17137064
2012-04-27,294.625,299.75,294.375,298.875,205.49649047851562,14062464
2012-04-30,299.0,308.5,298.79376220703125,307.76251220703125,211.60723876953125,10869608
2012-05-02,308.125,311.0,307.71875,309.0,212.45809936523438,10124688
2012-05-03,307.5,312.15625,307.5,310.36248779296875,213.39486694335938,11400728
2012-05-04,310.25,312.25,302.92498779296875,305.2437438964844,209.8753662109375,10800888
2012-05-07,301.125,306.1000061035156,295.98748779296875,304.70001220703125,209.50155639648438,10710000
2012-05-08,299.375,300.96875,291.14373779296875,299.23748779296875,205.7456512451172,11526640
2012-05-09,296.0,299.3500061035156,294.07501220703125,295.78125,203.3693084716797,10498144
2012-05-10,296.0,298.10626220703125,290.2875061035156,293.0249938964844,201.4741668701172,9084024
2012-05-11,293.0,295.0,286.5062561035156,288.9125061035156,198.64662170410156,8901312
2012-05-14,290.0249938964844,293.1875,288.01251220703125,292.3687438964844,201.0229949951172,7918416
2012-05-15,288.125,303.625,288.125,301.8999938964844,207.5763397216797,10267152
2012-05-16,297.25,298.125,294.25,296.0562438964844,203.5584259033203,8589288
2012-05-17,296.0562438964844,297.1812438964844,293.29998779296875,296.3187561035156,203.7388916015625,5807416
2012-05-18,290.66876220703125,300.625,287.76873779296875,297.85626220703125,204.79603576660156,5938160
2012-05-21,298.11248779296875,298.1875,290.5,292.5562438964844,201.1519317626953,4776760
2012-05-22,294.375,296.0062561035156,290.45623779296875,292.63751220703125,201.20777893066406,5823208
2012-05-23,294.375,295.6000061035156,288.3999938964844,293.5249938964844,201.81796264648438,5402032
2012-05-24,293.625,298.61248779296875,289.125,297.6000061035156,207.44677734375,7612048
2012-05-25,295.375,298.125,293.8812561035156,296.60626220703125,206.75405883789062,4313728
2012-05-28,299.25,299.75,295.32501220703125,298.2250061035156,207.88247680664062,4725784
2012-05-29,298.875,303.125,297.25,301.1875,209.94740295410156,5144760
2012-05-30,300.875,307.3500061035156,299.0874938964844,304.0375061035156,211.9342041015625,8051488
2012-05-31,301.0,319.0,298.88751220703125,303.66876220703125,211.67715454101562,21626352
2012-06-01,301.875,303.9375,297.875,298.6499938964844,208.1786651611328,6543040
2012-06-04,296.75,299.54376220703125,293.125,298.20001220703125,207.86505126953125,4812088
2012-06-05,298.125,301.48748779296875,296.8374938964844,298.60626220703125,208.14822387695312,5992720
2012-06-06,299.6499938964844,304.16876220703125,299.54998779296875,301.9375,210.47027587890625,8777184
2012-06-07,306.0,308.10626220703125,304.51873779296875,306.6187438964844,213.73345947265625,6647088
2012-06-08,311.11248779296875,311.11248779296875,299.1000061035156,302.40625,210.79705810546875,5564824
2012-06-11,303.375,306.59375,301.86248779296875,303.20623779296875,211.35472106933594,3553784
2012-06-12,300.2749938964844,308.75,300.2749938964844,307.2562561035156,214.17782592773438,4134680
2012-06-13,306.40625,311.2124938964844,305.25,308.76251220703125,215.227783203125,6157784
2012-06-14,307.625,313.75,307.625,312.2875061035156,217.6849822998047,7883336
2012-06-15,313.7562561035156,316.5,312.84375,315.3187561035156,219.79791259765625,6311512
2012-06-18,316.875,318.04376220703125,312.0625,313.9624938964844,218.8524932861328,7117032
2012-06-19,312.5,313.125,307.23748779296875,309.625,215.8290252685547,6414080
2012-06-20,310.0,310.625,306.6187438964844,308.76251220703125,215.227783203125,6535976
2012-06-21,307.0,312.875,305.01873779296875,311.4125061035156,217.074951171875,6536616
2012-06-22,306.21875,310.5625,303.3062438964844,309.3062438964844,215.60682678222656,6414328
2012-06-25,309.36248779296875,311.0,307.28125,308.51873779296875,215.057861328125,7949448
2012-06-26,306.63751220703125,307.48748779296875,303.6937561035156,305.04998779296875,212.63987731933594,10330160
2012-06-27,306.5,309.375,306.0562438964844,308.51251220703125,215.0535888671875,8677384
2012-06-28,308.125,312.125,306.04376220703125,309.1625061035156,215.50660705566406,7612976
2012-06-29,311.75,314.875,309.5249938964844,313.6499938964844,218.6346893310547,9364968
2012-07-02,312.875,314.8500061035156,311.3374938964844,312.42498779296875,217.78074645996094,5175216
2012-07-03,314.53125,314.53125,309.57501220703125,311.3187561035156,217.00965881347656,6428808
2012-07-04,312.5,313.10626220703125,308.625,309.92498779296875,216.0380859375,6390816
2012-07-05,310.03125,311.0,307.8125,310.03125,216.1121826171875,5780464
2012-07-06,309.5,310.625,305.0,305.58123779296875,213.01022338867188,4887440
2012-07-09,302.63751220703125,308.61248779296875,300.25,304.7437438964844,212.42648315429688,7314680
2012-07-10,305.5,307.9125061035156,305.16876220703125,307.42498779296875,214.2954559326172,7054720
2012-07-11,306.25,312.79998779296875,305.625,308.875,215.30624389648438,16945880
2012-07-12,281.25,285.0,277.375,283.04998779296875,197.30442810058594,54271864
2012-07-13,277.25,282.3500061035156,277.25,278.7250061035156,194.28964233398438,26756504
2012-07-16,278.75,280.17498779296875,270.40625,271.4125061035156,189.1923828125,18441096
2012-07-17,273.11248779296875,274.75,270.2875061035156,271.40625,189.18801879882812,13503128
2012-07-18,271.40625,273.61248779296875,270.375,272.36248779296875,189.8545684814453,7873264
2012-07-19,275.0,281.25,274.15625,280.6499938964844,195.63150024414062,10912392
2012-07-20,280.61248779296875,280.61248779296875,275.6625061035156,277.34375,193.32688903808594,5153832
2012-07-23,275.0,276.23748779296875,272.82501220703125,273.63751220703125,190.74334716796875,3890800
2012-07-24,273.8125,276.5,270.63751220703125,271.08123779296875,188.9614715576172,7153512
2012-07-25,271.75,272.5,268.75,271.0687561035156,188.95272827148438,7036544
2012-07-26,270.875,270.875,262.65625,265.4750061035156,185.05357360839844,11975336
2012-07-27,270.25,270.5,263.6625061035156,268.58123779296875,187.21873474121094,9862488
2012-07-30,270.0,276.875,269.6937561035156,276.2124938964844,192.5382537841797,7166920
2012-07-31,276.875,279.5,273.125,278.3687438964844,194.04132080078125,6914440
2012-08-01,276.875,278.79998779296875,275.09375,277.3187561035156,193.3094024658203,3047984
2012-08-02,277.25,278.3500061035156,274.375,275.71875,192.19412231445312,2420032
2012-08-03,274.53125,277.16876220703125,273.13751220703125,276.0625,192.43374633789062,3095592
2012-08-06,277.7749938964844,279.36248779296875,275.92498779296875,277.1000061035156,193.1569366455078,3250784
2012-08-07,279.0,283.67498779296875,277.76251220703125,281.6625061035156,196.33726501464844,5465344
2012-08-08,282.75,286.875,282.5,285.45001220703125,198.97743225097656,8039104
2012-08-09,286.28125,288.9375,284.375,285.2562561035156,198.84239196777344,6931096
2012-08-10,284.75,290.125,283.0,289.1312561035156,201.54354858398438,5635688
2012-08-13,287.6625061035156,291.375,287.51251220703125,290.01251220703125,202.15773010253906,4013928
2012-08-14,289.1625061035156,291.875,286.16876220703125,291.16876220703125,202.96377563476562,4044816
2012-08-16,291.01873779296875,291.01873779296875,287.6312561035156,289.4312438964844,201.75262451171875,3729624
2012-08-17,290.5,294.375,289.5375061035156,293.8812561035156,204.8545684814453,8493280
2012-08-21,295.625,304.875,295.625,301.125,209.9039306640625,12206136
2012-08-22,300.36248779296875,305.0,299.26873779296875,304.20001220703125,212.0474090576172,5149168
2012-08-23,304.375,310.375,303.03125,309.6499938964844,215.846435546875,14722856
2012-08-24,306.0,307.29376220703125,304.25,305.6000061035156,213.0233154296875,6724512
2012-08-27,303.7749938964844,305.8125,300.70001220703125,301.48748779296875,210.15660095214844,7891360
2012-08-28,299.625,306.4312438964844,299.625,302.64373779296875,210.96261596679688,5666056
2012-08-29,302.75,302.75,297.8062438964844,298.5375061035156,208.1002960205078,5616416
2012-08-30,297.98126220703125,300.76873779296875,296.2562561035156,299.0874938964844,208.48365783691406,11175392
2012-08-31,298.25,298.25,294.34375,295.20623779296875,205.77813720703125,5811064
2012-09-03,295.75,299.86248779296875,294.75,295.63751220703125,206.07875061035156,4321512
2012-09-04,295.04376220703125,296.5,293.01251220703125,295.1000061035156,205.70413208007812,2333328
2012-09-05,293.375,294.625,291.5249938964844,292.4312438964844,203.8437957763672,4013224
2012-09-06,293.8125,303.48748779296875,293.8125,302.75,211.03663635253906,7623384
2012-09-07,306.875,311.75,306.38751220703125,310.90625,216.7220458984375,6075696
2012-09-10,312.0,315.875,309.84375,314.04376220703125,218.90919494628906,7337320
2012-09-11,312.5,316.9937438964844,309.32501220703125,316.1875,220.40345764160156,5441904
2012-09-12,316.375,318.7437438964844,315.14373779296875,317.4624938964844,221.29226684570312,5083328
2012-09-13,317.3500061035156,320.86248779296875,314.75,319.3812561035156,222.6297149658203,5249704
2012-09-14,323.5,330.5874938964844,323.26251220703125,329.01251220703125,229.3433074951172,10627848
2012-09-17,331.125,331.125,318.375,320.5625,223.4531707763672,9859272
2012-09-18,322.5,327.375,322.25,325.1000061035156,226.61611938476562,7184200
2012-09-20,319.57501220703125,330.625,319.57501220703125,327.1499938964844,228.0451202392578,11625136
2012-09-21,326.91876220703125,331.25,322.95001220703125,324.1625061035156,225.9625701904297,12293872
2012-09-24,325.0,326.23748779296875,321.89373779296875,325.01873779296875,226.55946350097656,8854032
2012-09-25,323.75,326.375,323.5062561035156,324.7562561035156,226.37644958496094,8849752
2012-09-26,322.25,325.0,320.89373779296875,323.6625061035156,225.61407470703125,8489904
2012-09-27,324.0625,324.125,316.84375,318.66876220703125,222.1331024169922,13822880
2012-09-28,320.125,322.48748779296875,315.7749938964844,316.8687438964844,220.8783721923828,9685224
2012-10-01,318.9125061035156,327.5249938964844,318.625,326.20623779296875,227.38717651367188,8826288
2012-10-03,325.65625,327.39373779296875,320.0625,322.28125,224.65126037597656,7823624
2012-10-04,321.88751220703125,324.36248779296875,319.6312561035156,321.95623779296875,224.42462158203125,7164280
2012-10-05,323.125,323.125,257.5687561035156,315.85626220703125,220.17263793945312,11632000
2012-10-08,315.6000061035156,317.86248779296875,307.5,311.0249938964844,216.8048858642578,8077440
2012-10-09,313.125,318.75,310.5,317.03125,220.9916229248047,9084320
2012-10-10,313.38751220703125,316.01873779296875,311.20001220703125,313.01873779296875,218.19467163085938,5932104
2012-10-11,312.0,322.5062561035156,310.1499938964844,316.6499938964844,220.72586059570312,14966400
2012-10-12,293.75,305.98126220703125,288.875,299.41876220703125,208.71450805664062,56701776
2012-10-15,298.2124938964844,301.5,294.1000061035156,295.70001220703125,206.12232971191406,14790120
2012-10-16,297.48748779296875,298.625,293.375,294.4624938964844,205.2597198486328,7282048
2012-10-17,297.0062561035156,297.375,294.65625,296.26873779296875,206.51882934570312,5707320
2012-10-18,295.5,299.625,293.13751220703125,297.20001220703125,208.48736572265625,10192576
2012-10-19,295.75,299.625,295.75,297.91876220703125,208.99163818359375,10937200
2012-10-22,296.03125,299.75,296.03125,298.1937561035156,209.1845703125,4566864
2012-10-23,295.25,298.0,293.75,294.13751220703125,206.33905029296875,4743144
2012-10-25,292.875,294.63751220703125,291.26873779296875,293.09375,205.6068572998047,11256776
2012-10-29,290.125,292.375,288.4125061035156,291.9375,204.79571533203125,4736664
2012-10-30,290.75,295.625,290.75,294.79376220703125,206.7993927001953,5728256
2012-10-31,293.75,296.8125,293.1937561035156,295.375,207.2071075439453,6517320
2012-11-01,295.25,296.25,292.63751220703125,295.58123779296875,207.3518524169922,7010976
2012-11-02,296.375,300.57501220703125,296.13751220703125,298.51251220703125,209.4081573486328,7049216
2012-11-05,297.88751220703125,298.82501220703125,295.9375,297.3062438964844,208.56192016601562,4959200
2012-11-06,298.0,300.8125,296.40625,297.70623779296875,208.84255981445312,6815768
2012-11-07,297.75,301.75,296.8812561035156,300.54998779296875,210.8374481201172,4695264
2012-11-08,296.5,298.0687561035156,295.625,296.9125061035156,208.28570556640625,5229160
2012-11-09,295.625,295.625,293.125,293.5874938964844,205.95323181152344,5938920
2012-11-12,294.375,296.125,291.6937561035156,294.8687438964844,206.85205078125,3696192
2012-11-15,291.89373779296875,292.125,284.8500061035156,287.0375061035156,201.3583221435547,9133048
2012-11-16,286.375,298.375,286.375,292.91876220703125,205.4840850830078,13693104
2012-11-19,293.0,297.6499938964844,292.08123779296875,294.8187561035156,206.8169708251953,4036128
2012-11-20,297.14373779296875,297.14373779296875,289.1000061035156,290.59375,203.85308837890625,5440304
2012-11-21,291.2124938964844,295.48748779296875,290.17498779296875,293.73126220703125,206.05404663085938,6989808
2012-11-22,293.5,299.0,291.875,297.82501220703125,208.92588806152344,5827312
2012-11-23,297.75,299.875,294.6312561035156,297.1937561035156,208.48300170898438,3477736
2012-11-26,298.84375,302.625,298.84375,302.17498779296875,211.9774169921875,3788056
2012-11-27,302.75,310.0,302.73126220703125,308.83123779296875,216.646728515625,5717304
2012-11-29,306.25,307.40625,303.3125,305.65625,214.4195098876953,10365096
2012-11-30,305.20001220703125,309.5562438964844,303.1312561035156,304.60626220703125,213.68296813964844,7050712
2012-12-03,304.625,306.625,303.04376220703125,304.89373779296875,213.88458251953125,5202984
2012-12-04,303.625,305.875,301.875,304.6812438964844,213.73550415039062,4510288
2012-12-05,303.625,303.75,297.1875,297.8125,208.91708374023438,13995024
2012-12-06,299.25,299.25,289.2437438964844,292.2875061035156,205.041259765625,11011928
2012-12-07,290.125,293.5625,288.88751220703125,290.14373779296875,203.5374298095703,9485912
2012-12-10,290.1187438964844,293.0,287.375,289.1937561035156,202.8709716796875,6829920
2012-12-11,289.5,292.0062561035156,285.35626220703125,286.7562561035156,201.1610565185547,11384424
2012-12-12,288.75,290.4750061035156,285.78125,287.2250061035156,201.4899139404297,15359688
2012-12-13,288.1187438964844,289.20623779296875,284.04998779296875,285.4437561035156,200.2403106689453,9967112
2012-12-14,284.125,286.8812561035156,283.25,284.8500061035156,199.82379150390625,8507992
2012-12-17,283.375,286.48126220703125,282.1187438964844,283.28125,198.72337341308594,10961640
2012-12-18,282.5,284.2749938964844,280.625,283.875,199.139892578125,8292000
2012-12-19,284.25,287.48748779296875,283.7562561035156,287.01873779296875,201.34523010253906,9991896
2012-12-20,288.26251220703125,288.75,284.75,287.45001220703125,201.64773559570312,8441728
2012-12-21,287.375,290.1625061035156,285.8500061035156,287.10626220703125,201.40660095214844,6924016
2012-12-24,290.13751220703125,291.04998779296875,289.125,290.2875061035156,203.6382293701172,4323992
2012-12-26,290.375,291.36248779296875,288.04376220703125,289.40625,203.02003479003906,3263560
2012-12-27,290.9750061035156,291.125,284.58123779296875,285.96875,200.6085968017578,8110232
2012-12-28,287.76251220703125,290.6875,286.0562438964844,290.3999938964844,203.7172088623047,7064256
2012-12-31,289.375,290.51251220703125,287.9624938964844,289.8374938964844,203.3225555419922,3451824
2013-01-01,290.95001220703125,291.23748779296875,288.1937561035156,288.60626220703125,202.4588623046875,2959992
2013-01-02,289.5249938964844,291.0,287.9375,288.6499938964844,202.48951721191406,4349944
2013-01-03,289.375,293.60626220703125,288.875,292.23748779296875,205.00616455078125,10599288
2013-01-04,293.54998779296875,294.3687438964844,291.5,293.6937561035156,206.02780151367188,8454008
2013-01-07,293.88751220703125,297.48748779296875,291.9437561035156,296.8500061035156,208.24191284179688,8761624
2013-01-08,295.625,295.9937438964844,290.4375,293.0,205.54112243652344,12867424
2013-01-09,292.5249938964844,295.2250061035156,290.4125061035156,291.375,204.40113830566406,6149968
2013-01-10,291.375,292.83123779296875,288.6499938964844,290.2875061035156,203.6382293701172,10901016
2013-01-11,315.125,340.25,315.125,339.01251220703125,237.81918334960938,92852568
2013-01-14,344.9750061035156,354.6187438964844,344.03125,350.8125,246.09690856933594,50924760
2013-01-15,350.75,351.1812438964844,346.8125,348.3812561035156,244.39132690429688,20377880
2013-01-16,347.625,348.6000061035156,344.4375,345.9312438964844,242.6726837158203,11660824
2013-01-17,349.0,350.83123779296875,347.3999938964844,349.7437438964844,245.3471221923828,11767072
2013-01-18,350.625,351.25,347.1812438964844,348.5062561035156,244.47900390625,7290592
2013-01-21,345.3812561035156,351.32501220703125,345.3812561035156,349.5375061035156,245.2025146484375,5899560
2013-01-22,349.20001220703125,349.83123779296875,347.125,347.9437561035156,244.0844268798828,5110280
2013-01-23,347.625,349.75,347.625,348.70001220703125,244.61488342285156,7458712
2013-01-24,351.25,353.5,348.84375,349.7749938964844,245.36898803710938,11211296
2013-01-25,351.25,353.5,348.89373779296875,351.83123779296875,246.81143188476562,8442536
2013-01-28,351.5,353.45001220703125,350.125,351.33123779296875,246.46078491210938,6723008
2013-01-29,350.75,353.125,348.5687561035156,349.875,245.4392547607422,6197184
2013-01-30,350.59375,350.7437438964844,347.5687561035156,348.83123779296875,244.70697021484375,6805528
2013-01-31,349.0,350.88751220703125,346.25,348.6875,244.6061248779297,17480440
2013-02-01,348.88751220703125,350.23748779296875,344.0,346.3687438964844,242.9795684814453,7899648
2013-02-04,347.625,348.75,343.125,345.95001220703125,242.68582153320312,7500016
2013-02-05,345.40625,347.79376220703125,343.1937561035156,344.48748779296875,241.6598358154297,6166112
2013-02-06,346.90625,348.5062561035156,344.48126220703125,347.0,243.42245483398438,9097344
2013-02-07,348.25,349.875,347.5062561035156,348.6875,244.6061248779297,10704472
2013-02-08,347.89373779296875,352.0874938964844,346.53125,348.6812438964844,244.6017608642578,5482696
2013-02-11,350.15625,351.8687438964844,348.11248779296875,349.0062561035156,244.82981872558594,7394792
2013-02-12,346.25,346.76251220703125,342.71875,344.40625,241.6029052734375,4442392
2013-02-13,344.625,349.64373779296875,343.125,348.6937561035156,244.61056518554688,6322888
2013-02-14,349.29998779296875,353.5,349.29376220703125,351.59375,246.6449432373047,6894000
2013-02-15,348.75,351.0625,347.0375061035156,348.57501220703125,244.52728271484375,5194256
2013-02-18,347.875,348.3374938964844,345.375,347.51251220703125,243.78192138671875,2754784
2013-02-19,347.51251220703125,353.125,345.8812561035156,352.5562438964844,247.320068359375,4643344
2013-02-20,353.15625,354.04376220703125,351.0625,352.4312438964844,247.23245239257812,5545224
2013-02-21,350.20001220703125,352.48748779296875,349.14373779296875,350.9750061035156,246.21087646484375,5558744
2013-02-22,349.8374938964844,356.875,349.63751220703125,355.0687561035156,249.0825958251953,8703536
2013-02-25,358.75,365.25,358.45001220703125,364.7250061035156,255.85655212402344,10457648
2013-02-26,364.5,371.17498779296875,364.5,369.9750061035156,259.5395202636719,12173544
2013-02-27,368.5,368.5,362.76251220703125,363.8187561035156,255.2207794189453,7029760
2013-02-28,364.4125061035156,366.98126220703125,360.67498779296875,363.375,254.9096221923828,11808104
2013-03-01,364.25,370.17498779296875,361.5,364.2250061035156,255.50582885742188,8414632
2013-03-04,365.75,367.8125,359.01873779296875,362.9312438964844,254.5982208251953,10108320
2013-03-05,365.5687561035156,367.42498779296875,364.15625,365.1625061035156,256.1634521484375,7171944
2013-03-06,368.375,372.0874938964844,365.78125,371.26251220703125,260.4427185058594,12205480
2013-03-07,372.65625,376.2250061035156,372.5,375.54376220703125,263.4459533691406,13715360
2013-03-08,373.5,373.625,369.65625,371.28125,260.4557800292969,6162896
2013-03-11,372.7250061035156,373.75,366.25,368.21875,258.3074645996094,4866160
2013-03-12,367.5,368.0874938964844,364.0,364.76251220703125,255.88290405273438,5714056
2013-03-13,361.25,361.25,356.26251220703125,357.9312438964844,251.0906982421875,10730136
2013-03-14,358.25,361.11248779296875,355.36248779296875,359.26251220703125,252.02450561523438,8332320
2013-03-15,359.54376220703125,363.95623779296875,358.5062561035156,359.78125,252.38845825195312,7260792
2013-03-18,358.28125,361.25,356.375,357.59375,250.85394287109375,6446824
2013-03-19,359.375,360.7749938964844,355.13751220703125,357.0,250.43736267089844,11976144
2013-03-20,358.1000061035156,359.3374938964844,353.4437561035156,358.20623779296875,251.2836151123047,8994640
2013-03-21,360.375,361.8125,357.75,359.1000061035156,251.91053771972656,9940080
2013-03-22,356.2437438964844,359.4375,353.75,357.8999938964844,251.06881713867188,7370288
2013-03-25,355.6499938964844,358.125,354.08123779296875,356.59375,250.15243530273438,5036856
2013-03-26,355.625,358.70623779296875,354.25,356.8187561035156,250.31028747558594,3415584
2013-03-28,358.125,362.1187438964844,356.3999938964844,361.16876220703125,253.36184692382812,12348048
2013-04-01,363.84375,369.1937561035156,363.84375,368.0249938964844,258.1715087890625,7422040
2013-04-02,366.25,373.7124938964844,364.35626220703125,371.1312561035156,260.3505554199219,9720888
2013-04-03,368.61248779296875,374.9437561035156,368.5,371.0562438964844,260.2979736328125,8355472
2013-04-04,368.125,368.64373779296875,359.0062561035156,360.0062561035156,252.5463409423828,7499960
2013-04-05,359.875,362.375,356.25,358.23126220703125,251.30117797851562,4372960
2013-04-08,356.25,359.20623779296875,353.40625,353.98748779296875,248.3240966796875,3716360
2013-04-09,354.1937561035156,354.8687438964844,344.53125,345.79376220703125,242.57611083984375,10840656
2013-04-10,350.375,353.4750061035156,347.03125,351.95623779296875,246.89920043945312,6551616
2013-04-11,358.3125,366.95001220703125,354.36248779296875,364.5874938964844,255.76010131835938,17018672
2013-04-12,328.1312561035156,328.1312561035156,283.5874938964844,287.08123779296875,201.3890380859375,98027744
2013-04-15,286.25,294.625,275.5,292.3812561035156,205.1070556640625,66559976
2013-04-16,289.875,290.75,285.875,287.03125,201.35397338867188,14301736
2013-04-17,287.5,288.9937438964844,281.25,285.48126220703125,200.26666259765625,15149144
2013-04-18,285.79998779296875,290.375,285.1625061035156,286.9624938964844,201.3057098388672,13224368
2013-04-22,286.45001220703125,286.625,277.9437561035156,280.5687561035156,196.82049560546875,15401288
2013-04-23,281.25,283.82501220703125,280.54998779296875,282.78125,198.37257385253906,7869960
2013-04-25,281.0,281.25,277.89373779296875,278.4624938964844,195.3429412841797,13762344
2013-04-26,277.51251220703125,279.7250061035156,275.3125,276.5,193.9662322998047,11129584
2013-04-29,275.75,281.1000061035156,273.25,278.6625061035156,195.4832305908203,8965680
2013-04-30,279.25,280.29376220703125,277.7749938964844,279.4312438964844,196.02255249023438,8840720
2013-05-02,279.5,286.4312438964844,279.5,285.8374938964844,200.5165252685547,9376184
2013-05-03,287.09375,290.5,284.7749938964844,288.4937438964844,202.3799285888672,9117192
2013-05-06,289.375,293.125,289.375,292.63751220703125,205.2867889404297,6000104
2013-05-07,293.75,294.375,290.59375,293.6000061035156,205.9619903564453,6983104
2013-05-08,295.625,297.5,292.2562561035156,293.83123779296875,206.12417602539062,7278352
2013-05-09,293.98748779296875,296.11248779296875,293.75,295.17498779296875,207.06680297851562,4561424
2013-05-10,295.26251220703125,298.125,294.63751220703125,296.4437561035156,207.95687866210938,4534040
2013-05-13,294.375,295.26873779296875,291.2875061035156,292.45001220703125,205.15525817871094,5014960
2013-05-14,292.1625061035156,296.3500061035156,292.1625061035156,293.7562561035156,206.0716094970703,4484448
2013-05-15,294.125,296.5874938964844,293.42498779296875,295.0562438964844,206.98358154296875,8893176
2013-05-16,294.1875,294.9750061035156,289.15625,291.57501220703125,204.54148864746094,6991752
2013-05-17,292.11248779296875,296.125,291.875,293.96875,206.22067260742188,6431752
2013-05-20,293.25,297.875,293.0,296.5062561035156,208.00071716308594,8758288
2013-05-21,296.2749938964844,302.1312561035156,295.8687438964844,299.70001220703125,210.2411346435547,5660128
2013-05-22,300.0,304.125,297.28125,298.1625061035156,209.1626434326172,6245672
2013-05-23,297.0,302.40625,294.51873779296875,294.98126220703125,206.930908203125,5100584
2013-05-24,295.20001220703125,298.125,291.75,293.48748779296875,205.88308715820312,3688648
2013-05-27,292.6499938964844,298.25,291.2875061035156,296.5874938964844,208.0577392578125,3325168
2013-05-28,296.25,297.5,294.20623779296875,295.7749938964844,207.4877166748047,4234952
2013-05-29,296.25,298.875,291.625,294.04998779296875,206.27769470214844,5166528
2013-05-30,291.6875,293.58123779296875,289.5625,292.6812438964844,207.70138549804688,6338632
2013-05-31,292.75,304.36248779296875,292.75,301.4624938964844,213.93309020996094,18498304
2013-06-03,315.625,328.125,309.39373779296875,314.26251220703125,223.01654052734375,33215248
2013-06-04,311.25,314.9312438964844,307.95001220703125,311.98748779296875,221.40216064453125,11714560
2013-06-05,310.0,311.2749938964844,306.875,307.65625,218.32847595214844,5078784
2013-06-06,306.25,306.83123779296875,301.98748779296875,303.70623779296875,215.52528381347656,7509232
2013-06-07,303.125,309.11248779296875,302.5,305.8500061035156,217.04669189453125,6618168
2013-06-10,307.5,312.25,307.1499938964844,310.84375,220.59042358398438,4289040
2013-06-11,311.25,314.3125,308.23126220703125,309.4375,219.59249877929688,5957704
2013-06-12,307.78125,313.29998779296875,301.60626220703125,302.66876220703125,214.78903198242188,5927288
2013-06-13,303.0,303.125,296.875,297.48748779296875,211.1121826171875,4154328
2013-06-14,298.9624938964844,301.125,297.14373779296875,299.3687438964844,212.44720458984375,5584064
2013-06-17,301.4312438964844,303.25,299.35626220703125,302.82501220703125,214.89993286132812,2720504
2013-06-18,303.75,307.5,303.0874938964844,305.8187561035156,217.02444458007812,4284904
2013-06-19,305.75,306.0874938964844,300.9125061035156,304.79376220703125,216.29705810546875,5836832
2013-06-20,303.5,306.0,292.84375,296.13751220703125,210.15414428710938,6802928
2013-06-21,296.32501220703125,304.0,296.32501220703125,302.34375,214.55841064453125,6161368
2013-06-24,300.3125,300.40625,293.98748779296875,297.54998779296875,211.156494140625,7336552
2013-06-25,297.5,298.35626220703125,293.125,296.73748779296875,210.57994079589844,5790640
2013-06-26,298.95001220703125,301.82501220703125,296.45623779296875,299.92498779296875,212.84193420410156,5567232
2013-06-27,302.625,312.4937438964844,301.57501220703125,310.3500061035156,220.24005126953125,10670944
2013-06-28,308.8999938964844,313.46875,303.0,312.35626220703125,221.66380310058594,11707392
2013-07-01,308.625,309.1875,305.13751220703125,306.375,217.41921997070312,4209080
2013-07-02,306.01251220703125,307.9437561035156,300.0,300.4937438964844,213.24554443359375,5110832
2013-07-03,300.125,306.48748779296875,299.07501220703125,300.5625,213.2943572998047,5349856
2013-07-04,304.125,309.39373779296875,302.5,308.5,218.9271697998047,5210784
2013-07-05,308.375,310.4437561035156,304.8374938964844,307.0249938964844,217.8804931640625,4337360
2013-07-08,310.625,311.75,307.5625,308.51873779296875,218.94044494628906,5415168
2013-07-09,310.125,314.25,310.125,312.2749938964844,221.6061248779297,8611368
2013-07-10,313.125,315.0,311.625,312.64373779296875,221.86782836914062,6865416
2013-07-11,316.875,320.4312438964844,313.71875,316.04376220703125,224.28060913085938,15704960
2013-07-12,347.64373779296875,363.20001220703125,343.75,350.5249938964844,248.75027465820312,52873040
2013-07-15,348.1312561035156,348.75,341.0375061035156,342.8374938964844,243.29476928710938,12874240
2013-07-16,337.7562561035156,346.32501220703125,335.1312561035156,341.1000061035156,242.061767578125,6301536
2013-07-17,341.45623779296875,344.79376220703125,341.45623779296875,343.85626220703125,244.01779174804688,6575048
2013-07-18,344.25,352.1875,342.35626220703125,350.09375,248.44418334960938,13078696
2013-07-19,350.375,358.125,350.375,355.9312438964844,252.58673095703125,16402840
2013-07-22,352.7749938964844,361.86248779296875,352.75,359.59375,255.18588256835938,6751136
2013-07-23,361.25,364.64373779296875,361.25,362.7437438964844,257.42132568359375,6168480
2013-07-24,360.0,365.875,360.0,363.57501220703125,258.01123046875,4875280
2013-07-25,363.625,368.16876220703125,362.625,364.4125061035156,258.60552978515625,7177688
2013-07-26,366.25,369.125,362.82501220703125,364.1625061035156,258.4281311035156,6899640
2013-07-29,363.75,368.0,363.75,365.1499938964844,259.12896728515625,4362952
2013-07-30,366.375,371.625,366.375,369.4624938964844,262.1892395019531,6336208
2013-07-31,371.125,373.95001220703125,366.0249938964844,371.20623779296875,263.4267272949219,11807328
2013-08-01,373.5,374.39373779296875,369.59375,371.83123779296875,263.8702392578125,8690632
2013-08-02,373.125,377.5,372.63751220703125,376.1000061035156,266.8995056152344,11962296
2013-08-05,374.8500061035156,378.125,374.5625,376.1312561035156,266.9217529296875,8502784
2013-08-06,376.0,376.5,368.8812561035156,373.41876220703125,264.9967956542969,10031832
2013-08-07,371.875,375.3500061035156,368.90625,370.41876220703125,262.8678894042969,6503608
2013-08-08,367.5,372.25,367.5,370.5687561035156,262.9742736816406,5765368
2013-08-12,372.0,377.5,371.375,375.67498779296875,266.5979309082031,7594376
2013-08-13,376.01251220703125,386.75,376.0,385.45001220703125,273.53485107421875,10334312
2013-08-14,383.75,386.86248779296875,380.3187561035156,383.70623779296875,272.29736328125,9211208
2013-08-16,377.5,379.9937438964844,370.95623779296875,372.29998779296875,264.20281982421875,12087616
2013-08-19,373.76251220703125,378.3687438964844,368.8687438964844,375.625,266.5624694824219,5259328
2013-08-20,377.5,377.625,372.8125,375.83123779296875,266.70880126953125,10362056
2013-08-21,374.3500061035156,374.3500061035156,365.26251220703125,369.84375,262.4598083496094,7526584
2013-08-22,373.625,379.5562438964844,370.5,377.5249938964844,267.910888671875,10965816
2013-08-23,375.625,377.4937438964844,372.7875061035156,375.0874938964844,266.18096923828125,5498864
2013-08-26,377.4937438964844,381.23126220703125,376.0625,378.8374938964844,268.8422546386719,5571544
2013-08-27,379.0,385.0,378.98748779296875,382.0062561035156,271.0908508300781,8525552
2013-08-28,381.5,391.25,381.5,389.53125,276.4310607910156,14329696
2013-08-29,383.75,390.8687438964844,382.625,388.07501220703125,275.3976135253906,20086288
2013-08-30,386.5,390.36248779296875,379.6875,388.23126220703125,275.508544921875,12678560
2013-09-02,384.63751220703125,390.95001220703125,383.07501220703125,385.73748779296875,273.7388000488281,5125040
2013-09-03,384.0,386.8125,377.1000061035156,379.2124938964844,269.1083679199219,6267312
2013-09-04,382.4624938964844,392.48748779296875,381.95001220703125,389.0874938964844,276.1161804199219,8979400
2013-09-05,387.0874938964844,387.0874938964844,374.38751220703125,375.6000061035156,266.54473876953125,9457072
2013-09-06,375.73748779296875,383.98748779296875,375.73748779296875,378.6312561035156,268.6959228515625,13465928
2013-09-10,379.0,398.5,379.0,394.86248779296875,280.2143859863281,21879136
2013-09-11,393.125,396.6187438964844,388.46875,389.88751220703125,276.683837890625,9145680
2013-09-12,388.125,389.88751220703125,381.0,383.23126220703125,271.96026611328125,6957440
2013-09-13,382.53125,383.23126220703125,376.6625061035156,378.5062561035156,268.607177734375,9255384
2013-09-16,378.125,382.2437438964844,372.51251220703125,374.17498779296875,265.5334777832031,6332184
2013-09-17,377.125,378.7437438964844,373.875,377.82501220703125,268.123779296875,8027280
2013-09-18,378.125,378.65625,375.625,377.14373779296875,267.6402893066406,7439816
2013-09-19,374.875,379.375,374.0375061035156,377.375,267.8043518066406,15327808
2013-09-20,375.0,379.0,372.9375,374.39373779296875,265.6888122558594,7991712
2013-09-23,375.625,380.4937438964844,375.1312561035156,377.42498779296875,267.8398742675781,8886376
2013-09-24,378.75,378.875,374.61248779296875,376.88751220703125,267.4584655761719,11752256
2013-09-25,378.9750061035156,379.375,374.08123779296875,376.20623779296875,266.97491455078125,8080776
2013-09-26,379.25,379.60626220703125,375.125,376.5375061035156,267.2100830078125,10682440
2013-09-27,378.0,381.375,373.875,375.82501220703125,266.7044372558594,5701568
2013-09-30,377.5249938964844,381.875,374.6937561035156,376.625,267.2720947265625,8679184
2013-10-01,378.75,379.7875061035156,375.375,376.875,267.4495849609375,5310216
2013-10-03,379.375,380.875,377.5,379.64373779296875,269.4143371582031,14686712
2013-10-04,378.28125,379.875,375.625,377.04998779296875,267.57366943359375,7352816
2013-10-07,376.875,379.96875,375.79998779296875,377.73126220703125,268.0572204589844,9795344
2013-10-08,380.0375061035156,381.5,377.7875061035156,379.26873779296875,269.14825439453125,17982912
2013-10-09,378.375,391.42498779296875,376.25,388.73126220703125,275.8633117675781,17371792
2013-10-10,390.63751220703125,395.1187438964844,386.34375,390.95001220703125,277.4379577636719,17434688
2013-10-11,416.875,417.25,394.6000061035156,409.3125,290.4688720703125,41290600
2013-10-14,407.0,416.9437561035156,407.0,415.54376220703125,294.8908996582031,12231712
2013-10-15,415.5,420.8812561035156,414.1000061035156,419.3500061035156,297.59197998046875,9221320
2013-10-17,416.2749938964844,419.73748779296875,407.5,408.5625,291.6754455566406,11513008
2013-10-18,410.75,415.48748779296875,407.625,414.3187561035156,295.78485107421875,10944776
2013-10-21,416.625,422.2124938964844,408.13751220703125,416.9312438964844,297.6499328613281,9383368
2013-10-22,417.25,420.5249938964844,415.67498779296875,417.79376220703125,298.265625,7208760
2013-10-23,415.0,417.3500061035156,409.875,415.6000061035156,296.6995544433594,6561584
2013-10-24,412.7875061035156,421.875,411.2562561035156,413.59375,295.2672424316406,6480560
2013-10-25,416.0,418.75,413.2875061035156,416.4437561035156,297.30194091796875,6011344
2013-10-28,414.6499938964844,416.86248779296875,411.64373779296875,415.4312438964844,296.5791015625,3412448
2013-10-29,414.9375,420.6187438964844,413.34375,416.95001220703125,297.66326904296875,5200392
2013-10-30,413.875,417.35626220703125,413.4312438964844,415.48748779296875,296.61920166015625,5591088
2013-10-31,413.0375061035156,416.0,412.0249938964844,413.73748779296875,295.3699035644531,9687544
2013-11-01,412.5,414.375,408.67498779296875,409.5874938964844,292.4071350097656,6166704
2013-11-05,406.5,411.3187561035156,404.125,408.23126220703125,291.4389953613281,5320232
2013-11-06,409.4125061035156,414.0249938964844,409.4125061035156,413.26873779296875,295.0353088378906,3704664
2013-11-07,415.20623779296875,424.9937438964844,414.20001220703125,419.70001220703125,299.6265869140625,7192712
2013-11-08,418.75,423.6499938964844,418.75,420.0062561035156,299.84527587890625,8616112
2013-11-11,418.75,424.75,417.51251220703125,420.32501220703125,300.0727844238281,7803200
2013-11-12,420.3125,421.875,416.01251220703125,417.10626220703125,297.7748718261719,6452184
2013-11-13,414.5062561035156,419.82501220703125,414.5062561035156,416.5062561035156,297.3465576171875,4687512
2013-11-14,419.0375061035156,421.875,418.7562561035156,419.28125,299.3276672363281,4343528
2013-11-18,423.875,426.875,423.48126220703125,425.51251220703125,303.77618408203125,6326536
2013-11-19,425.75,431.0,425.0062561035156,430.3687438964844,307.2430419921875,8975208
2013-11-20,426.125,430.4125061035156,424.375,425.2749938964844,303.6065979003906,4306608
2013-11-21,424.5,425.0,414.13751220703125,418.04376220703125,298.44415283203125,8495496
2013-11-22,418.25,421.875,417.0,418.45001220703125,298.73419189453125,2720936
2013-11-25,419.0,422.3500061035156,413.375,415.75,296.8066101074219,5707296
2013-11-26,415.0,418.625,411.58123779296875,414.5249938964844,295.9320373535156,7321096
2013-11-27,415.0,416.98126220703125,410.7250061035156,411.6625061035156,293.88861083984375,6779624
2013-11-28,412.67498779296875,417.25,408.125,415.9750061035156,296.9672546386719,7499968
2013-11-29,417.0,420.75,413.75,419.3187561035156,299.35443115234375,5411560
2013-12-02,419.0,422.11248779296875,415.63751220703125,417.3374938964844,297.9399108886719,4711376
2013-12-03,415.0,419.9375,415.0,418.59375,298.83685302734375,7001240
2013-12-04,418.75,423.25,417.1000061035156,420.66876220703125,300.3182373046875,8443120
2013-12-05,422.5,424.875,417.75,418.9125061035156,299.0643615722656,6317072
2013-12-06,417.3812561035156,418.625,414.7749938964844,415.7250061035156,296.7887878417969,6544848
2013-12-09,420.625,423.0062561035156,415.1312561035156,417.3500061035156,297.94891357421875,8856632
2013-12-10,416.875,423.73126220703125,416.4437561035156,421.35626220703125,300.8089599609375,12345896
2013-12-11,420.625,422.7124938964844,417.5,421.79376220703125,301.1213073730469,6256960
2013-12-12,420.54998779296875,423.2124938964844,418.5,420.48126220703125,300.1842956542969,5520232
2013-12-13,418.125,422.5,418.125,421.73126220703125,301.0767517089844,8315624
2013-12-16,422.5,433.0,419.2250061035156,431.53125,308.072998046875,10117696
2013-12-17,430.63751220703125,435.61248779296875,430.63751220703125,432.04376220703125,308.4388122558594,10713952
2013-12-18,431.25,434.21875,430.9375,432.1812438964844,308.53704833984375,9183344
2013-12-19,432.8125,443.1187438964844,431.875,439.03125,313.42730712890625,7331456
2013-12-20,440.625,446.625,438.54998779296875,443.91876220703125,316.91656494140625,8685456
2013-12-23,437.5,442.48748779296875,432.5687561035156,433.5562438964844,309.51861572265625,8845904
2013-12-24,435.75,437.86248779296875,433.26251220703125,435.79998779296875,311.12042236328125,7109912
2013-12-26,435.875,441.79998779296875,435.46875,440.08123779296875,314.1768798828125,6869928
2013-12-27,441.25,446.5,441.2437438964844,445.1625061035156,317.8044738769531,7382064
2013-12-30,445.9624938964844,446.875,434.375,437.79376220703125,312.54376220703125,11863432
2013-12-31,437.5,440.2124938964844,435.03125,435.70623779296875,311.0536193847656,3590808
2014-01-01,436.5,437.375,432.7562561035156,433.5,309.47857666015625,1478688
2014-01-02,432.90625,438.5,432.90625,435.0687561035156,310.59844970703125,4404744
2014-01-03,434.375,446.875,431.78125,445.64373779296875,318.1479187011719,10046344
2014-01-06,446.88751220703125,447.5625,433.57501220703125,439.73748779296875,313.9315185546875,11098328
2014-01-07,439.8812561035156,440.73748779296875,430.8374938964844,432.14373779296875,308.5101623535156,7713688
2014-01-08,432.625,434.375,427.625,428.51251220703125,305.9179382324219,8990392
2014-01-09,430.0,435.25,427.23126220703125,431.3500061035156,307.943603515625,12590808
2014-01-10,436.25,446.875,431.0,443.90625,316.90753173828125,30258176
2014-01-13,447.75,459.375,447.75,458.125,327.05841064453125,17119912
2014-01-14,455.625,461.875,455.0562438964844,460.84375,328.99932861328125,7425832
2014-01-15,461.9125061035156,465.54376220703125,460.125,464.0062561035156,331.257080078125,17130144
2014-01-16,462.375,467.1812438964844,461.70623779296875,465.6312561035156,332.4171447753906,17608232
2014-01-17,466.125,470.58123779296875,465.0,466.21875,332.8366394042969,25667896
2014-01-20,464.0,469.9937438964844,463.0562438964844,468.6625061035156,334.58123779296875,9761944
2014-01-21,468.75,471.25,464.79376220703125,469.79376220703125,335.3888854980469,12102464
2014-01-22,467.6499938964844,472.25,467.5062561035156,470.73748779296875,336.06256103515625,6769760
2014-01-23,473.01251220703125,474.875,470.10626220703125,474.0625,338.4363708496094,7907344
2014-01-24,470.625,474.6187438964844,469.3374938964844,469.76873779296875,335.3710021972656,6876584
2014-01-27,465.0,470.48748779296875,463.8999938964844,466.5249938964844,333.0552062988281,8099048
2014-01-28,463.375,463.5874938964844,458.35626220703125,459.38751220703125,327.9597473144531,14108544
2014-01-29,458.25,467.9624938964844,456.70623779296875,464.7250061035156,331.7702331542969,8102080
2014-01-30,462.9624938964844,464.5874938964844,457.5,463.03125,330.5610046386719,7183632
2014-01-31,462.5,467.46875,460.8187561035156,462.63751220703125,330.2799377441406,5369928
2014-02-03,460.625,461.5,453.1000061035156,453.64373779296875,323.8592529296875,4384112
2014-02-04,447.625,448.9937438964844,443.3187561035156,445.13751220703125,317.78662109375,4535112
2014-02-05,447.5,448.625,442.84375,447.65625,319.584716796875,4326992
2014-02-06,446.5,447.875,442.625,445.4624938964844,318.0185852050781,5749904
2014-02-07,448.375,450.23126220703125,443.60626220703125,445.8187561035156,318.27294921875,7551456
2014-02-10,447.48748779296875,448.25,444.6875,446.7250061035156,318.919921875,6049424
2014-02-11,448.0,452.75,446.6875,449.53125,320.9233093261719,5833592
2014-02-12,450.0625,453.4312438964844,449.1499938964844,450.01251220703125,321.2669372558594,4208712
2014-02-13,450.6000061035156,452.2437438964844,447.5062561035156,448.2250061035156,319.9907531738281,3588320
2014-02-14,451.9437561035156,458.0,450.40625,455.5375061035156,325.21124267578125,5962168
2014-02-17,460.625,460.625,456.10626220703125,457.26873779296875,326.4471130371094,13569920
2014-02-18,455.875,461.82501220703125,455.875,460.25,328.5755310058594,4978240
2014-02-19,461.95623779296875,470.25,461.88751220703125,469.17498779296875,334.9471130371094,7064304
2014-02-20,468.11248779296875,468.11248779296875,463.25,463.90625,331.1856689453125,8816848
2014-02-21,467.0,469.42498779296875,465.90625,468.8374938964844,334.7061462402344,5517984
2014-02-24,468.25,469.2124938964844,466.25,468.73748779296875,334.63482666015625,4357608
2014-02-25,469.375,474.01251220703125,469.375,472.86248779296875,337.5796203613281,8099512
2014-02-26,472.5,477.2250061035156,471.51251220703125,475.9375,339.77490234375,7352168
2014-02-28,470.13751220703125,479.64373779296875,470.13751220703125,478.10626220703125,341.3232116699219,9839496
2014-03-03,478.125,481.2437438964844,473.9937438964844,474.78125,338.949462890625,7204176
2014-03-04,471.25,478.0562438964844,470.23748779296875,474.9437561035156,339.0654602050781,6937912
2014-03-05,478.48748779296875,480.54998779296875,476.23748779296875,477.7124938964844,341.0421142578125,4943504
2014-03-06,479.75,481.2437438964844,477.16876220703125,478.98748779296875,341.95233154296875,6226312
2014-03-07,478.375,479.25,463.5375061035156,467.5375061035156,333.778076171875,15072744
2014-03-10,466.2124938964844,466.2124938964844,455.6625061035156,458.95001220703125,327.6474609375,7432472
2014-03-11,456.625,463.61248779296875,453.8812561035156,459.41876220703125,327.9820556640625,4124272
2014-03-12,459.17498779296875,462.91876220703125,456.5,458.9125061035156,327.62060546875,3940104
2014-03-13,427.5,429.98748779296875,417.5,419.70001220703125,299.6265869140625,40790880
2014-03-14,417.5,425.48748779296875,416.8812561035156,424.26873779296875,302.88824462890625,11167544
2014-03-18,425.0,426.48748779296875,417.5,418.8187561035156,298.9974365234375,11804312
2014-03-19,418.75,419.73126220703125,404.84375,408.96875,291.9654846191406,15777848
2014-03-20,408.75,418.6875,408.75,412.8812561035156,294.7586669921875,8023032
2014-03-21,416.25,417.25,408.8125,413.20623779296875,294.9905700683594,12380320
2014-03-24,409.0249938964844,414.8062438964844,408.75,409.4750061035156,292.3268737792969,8160344
2014-03-25,406.0,409.9624938964844,405.75,406.79998779296875,290.4171447753906,7548064
2014-03-26,407.5,408.6187438964844,403.82501220703125,406.11248779296875,289.9263916015625,8458568
2014-03-27,406.0,407.86248779296875,401.9937438964844,403.8812561035156,288.3334655761719,13599368
2014-03-28,405.01251220703125,409.875,403.4125061035156,407.82501220703125,291.1490173339844,7146824
2014-03-31,410.6625061035156,413.1187438964844,403.7562561035156,410.3500061035156,292.9515075683594,9176928
2014-04-01,410.3812561035156,415.625,409.375,414.2437438964844,295.7313537597656,8628352
2014-04-02,418.6000061035156,418.75,413.8125,415.2562561035156,296.45416259765625,5644400
2014-04-03,417.4375,418.5,414.8812561035156,417.26873779296875,297.89093017578125,4700216
2014-04-04,418.875,419.5,413.26251220703125,414.5062561035156,295.9187316894531,3925584
2014-04-07,412.25,414.3062438964844,407.0,411.67498779296875,293.8974914550781,7097544
2014-04-09,410.1312561035156,413.7250061035156,403.8125,406.8187561035156,290.4305114746094,10664680
2014-04-10,406.8125,407.21875,398.26873779296875,400.1499938964844,285.66973876953125,21263240
2014-04-11,401.25,406.95001220703125,395.625,404.39373779296875,288.69940185546875,18678336
2014-04-15,416.5249938964844,423.5,405.9375,407.4750061035156,290.89898681640625,20782384
2014-04-16,405.2437438964844,405.2437438964844,393.4375,394.6625061035156,281.752197265625,13198304
2014-04-17,397.5,401.2562561035156,394.79376220703125,399.0062561035156,284.8531188964844,8391912
2014-04-21,401.25,402.5,396.25,397.8687438964844,284.04107666015625,6119624
2014-04-22,396.5062561035156,400.0,392.79998779296875,393.83123779296875,281.15869140625,6626896
2014-04-23,396.7562561035156,398.98126220703125,395.5,396.58123779296875,283.12188720703125,12016720
2014-04-24,396.58123779296875,396.58123779296875,396.58123779296875,396.58123779296875,283.12188720703125,0
2014-04-25,398.5,400.0,395.41876220703125,396.95001220703125,283.3851623535156,5962904
2014-04-28,396.125,399.125,395.625,397.2562561035156,283.60382080078125,6042480
2014-04-29,397.875,399.375,396.375,397.21875,283.5770568847656,4835464
2014-04-30,397.20623779296875,398.75,396.375,397.6000061035156,283.84918212890625,7741936
2014-05-02,398.125,405.875,398.125,402.4624938964844,287.3205871582031,4764392
2014-05-05,399.0,404.125,396.8187561035156,397.11248779296875,283.5012512207031,4196688
2014-05-06,397.11248779296875,398.0625,394.375,395.64373779296875,282.45269775390625,4566024
2014-05-07,393.875,396.25,381.25,383.41876220703125,273.72509765625,15596072
2014-05-08,383.75,386.04998779296875,380.8062438964844,383.1625061035156,273.54217529296875,9161992
2014-05-09,383.125,390.625,381.60626220703125,388.9312438964844,277.66058349609375,6179400
2014-05-12,389.7749938964844,398.3125,388.1312561035156,396.88751220703125,283.34063720703125,7044200
2014-05-13,397.875,409.375,397.875,408.15625,291.3853454589844,7299968
2014-05-14,406.28125,408.125,402.14373779296875,406.76251220703125,290.3904113769531,5184688
2014-05-15,406.76251220703125,411.85626220703125,400.65625,409.0562438964844,292.0279235839844,8409192
2014-05-16,412.375,417.5,382.3812561035156,397.1937561035156,283.5592346191406,14188792
2014-05-19,399.75,399.75,375.01251220703125,376.8812561035156,269.05804443359375,17246512
2014-05-20,381.125,392.35626220703125,380.2749938964844,390.2749938964844,278.6199035644531,8787344
2014-05-21,389.75,395.5375061035156,387.3812561035156,394.63751220703125,281.7343444824219,6788304
2014-05-22,395.0,397.5,385.14373779296875,389.23748779296875,277.87921142578125,9832744
2014-05-23,390.625,396.375,376.51873779296875,383.6937561035156,273.92144775390625,9081776
2014-05-26,383.875,388.8687438964844,381.26873779296875,386.85626220703125,276.1792297363281,5750544
2014-05-27,387.5,394.375,387.4375,391.7562561035156,279.67730712890625,4984128
2014-05-28,390.4375,398.5,389.75,396.6625061035156,283.1799621582031,5389320
2014-05-29,378.125,378.125,364.375,365.5625,264.5624694824219,41341328
2014-05-30,367.5,369.9312438964844,360.0,367.42498779296875,265.9103698730469,28035616
2014-06-02,370.0625,374.7124938964844,370.0625,374.14373779296875,270.7727966308594,6229856
2014-06-03,376.0,379.6187438964844,371.84375,377.1499938964844,272.94842529296875,6824936
2014-06-04,376.875,378.41876220703125,369.1875,373.0625,269.99029541015625,5508008
2014-06-05,375.0,383.54998779296875,370.25,380.14373779296875,275.1150817871094,12153720
2014-06-06,375.01873779296875,376.25,368.75,375.3812561035156,271.6684265136719,16882424
2014-06-09,375.75,376.875,372.01251220703125,373.3062438964844,270.16668701171875,10858344
2014-06-10,375.0,386.1499938964844,374.54376220703125,384.39373779296875,278.19091796875,10479176
2014-06-11,388.125,407.15625,386.29376220703125,399.16876220703125,288.8836975097656,20375704
2014-06-12,410.0,412.1312561035156,390.0874938964844,396.8812561035156,287.228271484375,21128856
2014-06-13,398.5625,400.875,391.3812561035156,398.375,288.3092041015625,10151744
2014-06-16,398.25,407.4624938964844,397.5,405.51873779296875,293.4792785644531,9375328
2014-06-17,406.125,408.375,402.3187561035156,405.85626220703125,293.7234802246094,10079392
2014-06-18,405.625,409.375,401.59375,405.0625,293.1490783691406,9791280
2014-06-19,405.73126220703125,415.375,405.63751220703125,413.98748779296875,299.6082458496094,11313704
2014-06-20,415.0,417.42498779296875,411.60626220703125,414.57501220703125,300.03350830078125,8853000
2014-06-23,412.5,413.6187438964844,402.6812438964844,404.0687561035156,292.429931640625,6328112
2014-06-24,403.75,404.36248779296875,399.01873779296875,400.4750061035156,289.8291015625,10638024
2014-06-25,405.625,405.625,400.75,401.40625,290.50299072265625,6433520
2014-06-26,402.5,404.375,396.09375,397.8125,287.9021911621094,7376552
2014-06-27,400.0,404.45001220703125,396.5,402.92498779296875,291.6021728515625,6890744
2014-06-30,402.5,407.875,401.42498779296875,406.9437561035156,294.5105895996094,7290576
2014-07-01,405.625,406.8500061035156,400.75,402.6312561035156,291.3896179199219,4662512
2014-07-02,401.5,405.45001220703125,399.7749938964844,401.9125061035156,290.86944580078125,6119632
2014-07-03,401.2749938964844,403.54998779296875,398.8125,401.3374938964844,290.4532775878906,7504912
2014-07-04,400.0062561035156,407.29998779296875,400.0062561035156,405.7437438964844,293.6420593261719,5752968
2014-07-07,408.125,421.0,407.5,418.1812438964844,302.6433410644531,11638312
2014-07-08,418.625,425.79376220703125,412.8812561035156,417.76873779296875,302.34478759765625,11460480
2014-07-09,416.25,423.0,411.25,413.79376220703125,299.4680480957031,8270752
2014-07-10,414.375,422.7124938964844,406.32501220703125,411.5874938964844,297.8713684082031,11345616
2014-07-11,425.17498779296875,429.0,412.54376220703125,415.83123779296875,300.94256591796875,15826360
2014-07-14,414.375,414.375,398.2250061035156,403.15625,291.7695007324219,8231600
2014-07-15,404.875,407.2437438964844,402.1312561035156,403.20623779296875,291.80572509765625,4139800
2014-07-16,405.0,405.625,400.40625,403.70001220703125,292.1630859375,4589488
2014-07-17,407.51251220703125,418.23748779296875,403.95623779296875,404.9125061035156,293.04052734375,4946672
2014-07-18,406.625,409.3374938964844,405.45001220703125,406.4437561035156,294.14874267578125,4098368
2014-07-21,406.875,409.16876220703125,398.51251220703125,400.0874938964844,289.5486755371094,7435968
2014-07-22,400.625,405.8374938964844,399.7562561035156,404.2124938964844,292.533935546875,8733360
2014-07-23,406.125,419.375,406.125,418.6812438964844,303.005126953125,11827336
2014-07-24,418.0,424.375,415.1812438964844,422.78125,305.9723205566406,5571560
2014-07-25,424.875,424.875,413.0874938964844,419.0249938964844,303.25390625,5337672
2014-07-28,418.125,423.375,415.10626220703125,421.38751220703125,304.96368408203125,4601448
2014-07-30,424.25,424.25,418.20001220703125,421.5249938964844,305.0632629394531,9934720
2014-07-31,422.5,424.36248779296875,417.8999938964844,420.95623779296875,304.6515808105469,8457168
2014-08-01,418.75,424.0,416.25,417.6625061035156,302.2679443359375,7607008
2014-08-04,419.375,435.36248779296875,418.6625061035156,433.1937561035156,313.5081481933594,13086960
2014-08-05,434.5,440.0,433.7562561035156,439.125,317.8006286621094,10985624
2014-08-06,440.625,451.04376220703125,440.625,446.98126220703125,323.486328125,18004184
2014-08-07,437.375,443.04998779296875,435.29376220703125,438.41876220703125,317.2894592285156,7754224
2014-08-08,437.5,440.0,434.375,435.33123779296875,315.0550537109375,3811352
2014-08-11,440.5,447.9624938964844,438.75,446.6875,323.273681640625,5628672
2014-08-12,449.875,449.875,442.625,447.1000061035156,323.5722351074219,5916936
2014-08-13,445.0062561035156,453.125,443.84375,451.04998779296875,326.4308776855469,8941360
2014-08-14,451.0,453.4624938964844,448.32501220703125,451.5687561035156,326.80633544921875,6762480
2014-08-18,451.5,451.5,443.75,444.9750061035156,322.03436279296875,6777888
2014-08-19,445.125,448.625,441.25,443.4750061035156,320.9486999511719,6424824
2014-08-20,445.375,447.8125,443.375,444.3187561035156,321.5594177246094,3938224
2014-08-21,444.53125,445.42498779296875,441.25,443.6187438964844,321.0527648925781,4298880
2014-08-22,443.6187438964844,451.0,443.5,450.125,325.7614440917969,4855040
2014-08-25,449.875,454.4624938964844,445.2562561035156,453.4750061035156,328.1860046386719,4198352
2014-08-26,452.75,455.0,450.0,453.01873779296875,327.855712890625,5842128
2014-08-27,453.75,456.25,450.13751220703125,453.8187561035156,328.4346618652344,5569872
2014-08-28,453.625,454.20623779296875,447.6499938964844,449.8500061035156,325.5624694824219,7599304
2014-09-01,451.2562561035156,452.36248779296875,448.125,449.95623779296875,325.6393737792969,3643152
2014-09-02,450.0,453.125,444.4437561035156,451.71875,326.9148254394531,3583832
2014-09-03,451.25,468.29998779296875,451.25,466.78125,337.8157653808594,11857560
2014-09-04,465.625,465.625,462.23126220703125,463.59375,335.5088806152344,6238464
2014-09-05,466.5,474.375,463.16876220703125,466.34375,337.4991455078125,6468352
2014-09-08,466.5874938964844,473.8125,466.5874938964844,472.70623779296875,342.1037292480469,6517296
2014-09-09,468.5,469.4312438964844,465.0,467.0062561035156,337.9786071777344,4316800
2014-09-10,463.5,463.5,457.5,458.4125061035156,331.7592468261719,5080752
2014-09-11,459.25,462.4624938964844,453.82501220703125,460.51873779296875,333.2835388183594,5013032
2014-09-12,461.0,463.5,456.25,458.73748779296875,331.99444580078125,3907552
2014-09-15,458.125,458.5,453.4125061035156,455.1625061035156,329.40716552734375,4958800
2014-09-16,455.75,461.3125,452.95001220703125,456.40625,330.3072814941406,5034904
2014-09-17,459.98748779296875,468.51251220703125,458.88751220703125,467.6312561035156,338.4309997558594,7926120
2014-09-18,459.2437438964844,466.2124938964844,456.8062438964844,462.125,334.446044921875,9104776
2014-09-19,462.375,473.48748779296875,460.1625061035156,462.7562561035156,334.9028625488281,14755016
2014-09-22,460.0,460.34375,454.0,456.32501220703125,330.24853515625,8612040
2014-09-23,455.625,460.4312438964844,449.4437561035156,450.88751220703125,326.31329345703125,12962304
2014-09-24,453.75,459.03125,449.78125,455.6000061035156,329.7237854003906,5564560
2014-09-25,456.25,464.8500061035156,455.75,461.375,333.9031677246094,24975512
2014-09-26,460.625,465.03125,457.5625,460.01873779296875,332.9216613769531,8864840
2014-09-29,462.625,470.1187438964844,460.13751220703125,468.6312561035156,339.1546936035156,4996144
2014-09-30,468.0249938964844,469.5375061035156,462.63751220703125,468.46875,339.03704833984375,6927368
2014-10-01,465.25,482.4937438964844,465.25,480.9125061035156,348.0427551269531,9470864
2014-10-07,471.1625061035156,486.6187438964844,471.1625061035156,478.9125061035156,346.5953674316406,20063456
2014-10-08,473.125,474.0,455.125,456.26873779296875,330.20782470703125,20327680
2014-10-09,462.5,464.25,453.23748779296875,455.8500061035156,329.9046936035156,12432832
2014-10-10,457.5,488.5,446.5874938964844,486.08123779296875,351.783447265625,45893056
2014-10-13,486.1625061035156,498.125,486.1625061035156,492.8187561035156,356.65948486328125,17726984
2014-10-14,495.625,495.625,487.5,489.7875061035156,354.46575927734375,6860512
2014-10-15,489.7875061035156,489.7875061035156,489.7875061035156,489.7875061035156,354.46575927734375,0
2014-10-16,487.51251220703125,492.2875061035156,481.79376220703125,483.1625061035156,352.36907958984375,10017392
2014-10-17,483.11248779296875,490.3500061035156,479.63751220703125,481.45623779296875,351.1245422363281,8190016
2014-10-20,481.625,482.8187561035156,475.26251220703125,476.54376220703125,347.5420227050781,7702720
2014-10-21,481.23748779296875,481.23748779296875,463.75,471.6187438964844,343.9501953125,26081384
2014-10-22,476.1625061035156,476.48748779296875,472.0249938964844,474.5062561035156,346.05596923828125,5353320
2014-10-27,481.25,481.25,472.7749938964844,475.3812561035156,346.69415283203125,4767752
2014-10-28,470.625,476.54376220703125,470.625,473.53125,345.3449401855469,6666368
2014-10-29,476.6187438964844,486.5874938964844,476.6187438964844,485.1812438964844,353.8412780761719,8229336
2014-10-30,487.0,497.65625,487.0,493.3187561035156,359.77593994140625,15245208
2014-10-31,498.3812561035156,508.25,498.3812561035156,506.40625,369.3205871582031,8670800
2014-11-03,509.61248779296875,513.75,504.0562438964844,510.73748779296875,372.4793395996094,8578408
2014-11-05,510.625,519.25,507.125,515.5999755859375,376.0255126953125,10241080
2014-11-07,514.7874755859375,522.875,514.7874755859375,520.8250122070312,379.8361511230469,9970400
2014-11-10,521.8812255859375,522.6375122070312,517.5,520.6875,379.7359313964844,5594168
2014-11-11,520.625,520.625,512.9749755859375,515.6500244140625,376.06207275390625,6255088
2014-11-12,515.125,518.8375244140625,512.1375122070312,513.25,374.311767578125,5392896
2014-11-13,515.25,525.1312255859375,514.0499877929688,522.3250122070312,380.9300842285156,4956680
2014-11-14,524.25,526.4312744140625,521.75,523.9562377929688,382.1197509765625,5233176
2014-11-17,523.125,528.4874877929688,518.5125122070312,527.3062744140625,384.5628967285156,5458184
2014-11-18,528.125,528.4749755859375,521.5125122070312,522.7937622070312,381.2718811035156,5267120
2014-11-19,522.5,523.7437744140625,517.46875,521.6687622070312,380.45147705078125,5201120
2014-11-20,523.75,529.0625,522.9812622070312,528.2000122070312,385.2147521972656,5347928
2014-11-21,521.25,522.375,512.7000122070312,518.2687377929688,377.9719543457031,10463272
2014-11-24,525.0,535.2062377929688,523.9937744140625,534.3875122070312,389.7271728515625,11047440
2014-11-25,536.875,539.9937744140625,530.75,537.9000244140625,392.2888488769531,14886576
2014-11-26,537.5,539.7125244140625,533.9500122070312,537.5562744140625,392.03826904296875,7930800
2014-11-27,540.2374877929688,547.0499877929688,539.0,545.7374877929688,398.0047302246094,17389032
2014-11-28,546.2625122070312,549.75,542.9249877929688,544.9812622070312,397.4532165527344,14347264
2014-12-01,548.375,550.2750244140625,536.5750122070312,543.7312622070312,396.54156494140625,18341864
2014-12-02,541.2374877929688,541.2374877929688,528.75,531.6500244140625,387.7307434082031,10654992
2014-12-03,525.375,533.2374877929688,521.1375122070312,530.875,387.1656799316406,12775044
2014-12-04,527.5,536.2249755859375,523.75,525.4500122070312,383.2091369628906,9399228
2014-12-05,528.75,529.1500244140625,514.9500122070312,517.5750122070312,377.4659423828125,7358760
2014-12-08,502.25,504.75,489.4375,492.5375061035156,359.2061462402344,166320408
2014-12-09,495.6875,496.5,488.11248779296875,491.20001220703125,358.2307434082031,10050460
2014-12-10,491.5,496.25,489.7749938964844,490.9375,358.0392761230469,7804712
2014-12-11,487.75,488.48748779296875,478.75,480.26251220703125,350.2540588378906,8285932
2014-12-12,484.76251220703125,490.1000061035156,479.5249938964844,484.6625061035156,353.4629821777344,14572500
2014-12-15,476.23748779296875,489.3125,476.2250061035156,481.20001220703125,350.9377746582031,12966284
2014-12-16,481.42498779296875,487.8999938964844,481.42498779296875,484.5,353.3443908691406,17792756
2014-12-17,484.0,488.875,474.07501220703125,484.625,353.4355773925781,17851776
2014-12-18,488.5,495.45001220703125,486.1875,491.4750061035156,358.4312438964844,19949980
2014-12-19,499.3999938964844,502.0,496.5,499.6625061035156,364.4023742675781,14294632
2014-12-22,501.5,502.5249938964844,493.8374938964844,499.8999938964844,364.57562255859375,10465104
2014-12-23,500.2124938964844,505.4750061035156,490.8999938964844,492.9125061035156,359.4795837402344,8196952
2014-12-24,494.0,496.75,478.76251220703125,482.63751220703125,351.9861145019531,27339488
2014-12-26,486.2749938964844,490.17498779296875,482.73748779296875,488.0625,355.94256591796875,2268748
2014-12-29,489.01251220703125,493.20001220703125,488.125,489.45001220703125,356.95440673828125,2792676
2014-12-30,490.5625,493.75,489.20001220703125,491.5874938964844,358.51336669921875,4640552
2014-12-31,488.75,494.73748779296875,487.5,493.13751220703125,359.64373779296875,6968808
2015-01-01,492.23748779296875,495.5,489.2250061035156,493.6000061035156,359.9810485839844,2002764
2015-01-02,493.0,504.76251220703125,493.0,503.29998779296875,367.0551452636719,6778320
2015-01-05,502.4750061035156,507.5,494.375,498.9750061035156,363.90093994140625,9937024
2015-01-06,495.0,496.25,483.5249938964844,488.54998779296875,356.29815673828125,9667316
2015-01-07,491.25,493.6875,487.5,490.88751220703125,358.0028381347656,7249916
2015-01-08,496.3999938964844,499.25,487.5,493.36248779296875,359.8078308105469,13564920
2015-01-09,495.0249938964844,527.25,478.26251220703125,518.6124877929688,378.22259521484375,44863328
2015-01-12,523.0,529.7999877929688,518.75,528.9874877929688,385.7890319824219,12758888
2015-01-13,526.9500122070312,526.9500122070312,518.75,522.2249755859375,380.85711669921875,8801236
2015-01-14,524.625,533.25,523.1500244140625,532.1624755859375,388.1045227050781,9921260
2015-01-15,533.7999877929688,538.2000122070312,528.0625,533.5625,389.1255798339844,8342452
2015-01-16,537.0,540.0,528.0,529.5750122070312,386.217529296875,6690960
2015-01-19,530.0,533.0875244140625,523.6500244140625,525.625,383.33673095703125,4087744
2015-01-20,526.75,533.25,525.3624877929688,531.0499877929688,387.293212890625,6804504
2015-01-21,532.875,543.9874877929688,529.5,542.4749755859375,395.62542724609375,8494908
2015-01-22,543.7000122070312,550.75,540.3250122070312,549.1124877929688,400.46612548828125,9958396
2015-01-23,550.0,556.25,541.2750244140625,553.7625122070312,403.8573913574219,9486328
2015-01-27,555.25,555.25,532.5250244140625,534.125,389.5357666015625,13739968
2015-01-28,537.5,538.7000122070312,532.5750122070312,536.1375122070312,391.00347900390625,13134356
2015-01-29,536.25,537.4749755859375,531.9000244140625,536.375,391.1766357421875,15369424
2015-01-30,540.375,540.6375122070312,531.7374877929688,535.4749755859375,390.52032470703125,10833744
2015-02-02,535.375,538.0,531.5125122070312,534.2125244140625,389.59967041015625,8702540
2015-02-03,534.2125244140625,534.9874877929688,525.5,530.2249755859375,386.6915283203125,5265956
2015-02-04,534.9749755859375,537.5,531.5999755859375,535.7125244140625,390.69354248046875,5160016
2015-02-05,537.7000122070312,555.0,537.0,548.4500122070312,399.98297119140625,11875936
2015-02-06,551.25,561.9500122070312,547.125,557.625,406.6742858886719,7453728
2015-02-09,550.0,563.5,550.0,562.2249755859375,410.0289611816406,6536868
2015-02-10,560.75,574.5,560.25,569.5750122070312,415.3893737792969,8516920
2015-02-11,570.125,573.2999877929688,564.0625,571.2125244140625,416.5835876464844,5796972
2015-02-12,570.75,580.4874877929688,568.25,577.7999877929688,421.3878173828125,6287536
2015-02-13,574.9000244140625,581.6749877929688,571.5,574.0250244140625,418.6346740722656,5657516
2015-02-16,570.0750122070312,576.7249755859375,566.3125,569.6875,415.4713439941406,6244276
2015-02-18,572.6375122070312,576.2374877929688,564.5374755859375,574.125,418.7077331542969,8613764
2015-02-19,573.5,583.5,573.0125122070312,581.1749877929688,423.8492736816406,9673624
2015-02-20,582.125,584.0,569.2249755859375,570.7750244140625,416.2646789550781,6971628
2015-02-23,575.0,577.2999877929688,562.0250244140625,566.4000244140625,413.0738220214844,5090488
2015-02-24,569.75,573.9874877929688,564.4000244140625,568.2000122070312,414.3865661621094,6437676
2015-02-25,572.2249755859375,583.7000122070312,570.0,579.4000244140625,422.5547180175781,6044972
2015-02-26,576.875,577.25,561.3499755859375,564.5250244140625,411.7064514160156,6445776
2015-02-27,568.7249755859375,570.1624755859375,562.875,566.4375,413.1011657714844,7801076
2015-03-02,575.75,577.125,569.5125122070312,572.9249877929688,417.83258056640625,7040992
2015-03-03,572.5,575.7374877929688,569.5750122070312,574.4625244140625,418.953857421875,4905552
2015-03-04,575.0,578.4749755859375,562.9749755859375,568.6624755859375,414.7239074707031,4375228
2015-03-05,566.7625122070312,574.6875,558.3375244140625,561.9000244140625,409.79205322265625,5684916
2015-03-09,564.75,564.75,544.75,547.5125122070312,399.29931640625,7984720
2015-03-10,549.5250244140625,551.7374877929688,540.0499877929688,549.5,400.7486877441406,6329916
2015-03-11,548.5250244140625,560.0,542.2750244140625,545.5499877929688,397.8680419921875,6780912
2015-03-12,544.75,556.6124877929688,544.25,554.5750122070312,404.4499206542969,5688564
2015-03-13,556.25,557.5,548.0999755859375,555.0999755859375,404.832763671875,6179684
2015-03-16,552.6375122070312,570.5,552.6375122070312,566.6624755859375,413.265380859375,6818632
2015-03-17,566.6624755859375,569.875,554.3125,560.125,408.4975891113281,5539312
2015-03-18,563.625,565.7125244140625,555.6375122070312,557.375,406.4919128417969,4905564
2015-03-19,558.6500244140625,562.25,555.6875,557.6124877929688,406.6651306152344,6891740
2015-03-20,560.25,567.2249755859375,558.2374877929688,564.3624877929688,411.5880126953125,6430896
2015-03-23,563.25,568.75,556.375,558.3624877929688,407.2121276855469,5078700
2015-03-24,558.7249755859375,563.3499755859375,551.5,552.8624877929688,403.2009582519531,6736532
2015-03-25,555.7249755859375,557.2874755859375,550.1875,554.7750244140625,404.5958251953125,6170968
2015-03-26,552.0,553.7249755859375,533.0,536.5875244140625,391.33172607421875,15740840
2015-03-27,541.0,556.1749877929688,540.75,550.5374755859375,401.5053405761719,10074220
2015-03-30,551.4000244140625,560.0,548.7249755859375,557.0,406.2185363769531,4623088
2015-03-31,561.25,568.4124755859375,551.0875244140625,554.5875244140625,404.4590148925781,8016412
2015-04-01,549.7249755859375,549.875,539.4249877929688,543.4874877929688,396.36383056640625,6738488
2015-04-06,544.75,546.1749877929688,540.0999755859375,544.5499877929688,397.13873291015625,7741752
2015-04-07,543.75,545.7000122070312,534.5,539.875,393.729248046875,8542268
2015-04-08,545.625,551.2249755859375,543.2625122070312,550.1375122070312,401.2136535644531,10185576
2015-04-09,552.8499755859375,554.7249755859375,546.0999755859375,553.75,403.8482360839844,10581548
2015-04-10,552.5499877929688,559.5,552.5499877929688,558.4874877929688,407.3033142089844,7123776
2015-04-13,559.5,561.0,554.0250244140625,559.7000122070312,408.1875305175781,4872336
2015-04-15,559.125,561.25,548.7625122070312,553.4249877929688,403.6112365722656,6237784
2015-04-16,555.5,557.75,540.125,548.6624755859375,400.137939453125,9007812
2015-04-17,545.0125122070312,548.7374877929688,538.3624877929688,544.8125,397.3302307128906,6450316
2015-04-20,544.0,545.0,528.7874755859375,533.0374755859375,388.7427062988281,12825384
2015-04-21,537.0,538.7750244140625,530.0250244140625,535.6500244140625,390.64801025390625,8881648
2015-04-22,537.7625122070312,538.75,524.4874877929688,534.4249877929688,389.7545471191406,12350984
2015-04-23,537.1749877929688,537.5,528.0,530.5,386.89202880859375,11891800
2015-04-24,533.9749755859375,537.5499877929688,495.0,498.79998779296875,363.77337646484375,43565452
2015-04-27,500.0,500.5,487.0249938964844,496.1625061035156,361.8498840332031,19822640
2015-04-28,495.5,495.5,488.0,490.2250061035156,357.51971435546875,10393500
2015-04-29,490.2250061035156,493.0,484.48748779296875,490.2875061035156,357.5652160644531,8289056
2015-04-30,490.0,491.25,483.07501220703125,485.5625,354.1192932128906,13134260
2015-05-04,489.875,500.0,487.4750061035156,498.2749938964844,363.3905029296875,13361592
2015-05-05,500.0,500.92498779296875,488.01251220703125,490.6875,357.85693359375,9408516
2015-05-06,493.75,493.75,478.82501220703125,480.51251220703125,350.4363098144531,10508408
2015-05-07,480.5,491.7749938964844,477.5,486.0,354.4383850097656,6779984
2015-05-08,489.5,491.88751220703125,486.3125,489.48748779296875,356.9817199707031,5777676
2015-05-11,491.25,500.0,488.04998779296875,498.4125061035156,363.49078369140625,4785512
2015-05-12,498.4125061035156,498.6499938964844,485.5,486.7749938964844,355.0036315917969,8284892
2015-05-13,487.9375,491.2250061035156,482.125,489.17498779296875,356.75396728515625,7099084
2015-05-14,490.0,490.20001220703125,477.0,483.70001220703125,352.760986328125,6233844
2015-05-15,483.75,491.6499938964844,483.07501220703125,490.4375,357.6746520996094,5189344
2015-05-18,492.5,499.7250061035156,490.3999938964844,498.26251220703125,363.38134765625,6469976
2015-05-19,496.82501220703125,508.92498779296875,496.5,505.5874938964844,368.7234802246094,10272076
2015-05-20,510.0,513.0,508.3999938964844,511.82501220703125,373.27252197265625,5882188
2015-05-21,512.2249755859375,515.4749755859375,509.3125,512.1124877929688,373.4821472167969,10059312
2015-05-22,511.0,512.8875122070312,507.5249938964844,511.61248779296875,373.1175231933594,6888824
2015-05-25,512.625,514.1375122070312,501.76251220703125,504.20001220703125,367.7115783691406,4675808
2015-05-26,505.0,507.86248779296875,500.5375061035156,501.82501220703125,365.97955322265625,3965040
2015-05-27,501.75,502.25,488.75,492.125,358.9053649902344,8454708
2015-05-28,493.79998779296875,508.0,493.79998779296875,504.1499938964844,367.6751708984375,10980540
2015-05-29,501.2124938964844,514.1124877929688,500.25,505.7875061035156,368.8693542480469,18993044
2015-06-01,508.20001220703125,516.0,505.8125,511.95001220703125,373.3636474609375,5724892
2015-06-02,512.0250244140625,513.7750244140625,501.25,502.1625061035156,366.2256164550781,4673140
2015-06-03,504.54998779296875,509.86248779296875,502.0,505.2250061035156,368.4590759277344,5495796
2015-06-04,507.5,513.75,503.1499938964844,507.01251220703125,369.7627258300781,7489464
2015-06-05,507.5,511.0,502.0375061035156,502.9125061035156,366.77264404296875,6125788
2015-06-08,505.0,506.1625061035156,496.75,500.01251220703125,364.65765380859375,6141048
2015-06-09,500.9375,501.9125061035156,495.75,498.0249938964844,363.2081604003906,7561740
2015-06-10,497.5,509.8374938964844,496.25,506.625,369.4800720214844,6385840
2015-06-11,508.98748779296875,511.1875,498.76251220703125,499.4125061035156,364.2200927734375,9229464
2015-06-12,501.25,506.38751220703125,488.875,493.76251220703125,360.0994873046875,9852924
2015-06-15,488.4750061035156,499.3999938964844,484.0,495.2250061035156,366.64239501953125,5236426
2015-06-16,497.17498779296875,501.5,492.5,499.67498779296875,369.93701171875,5223444
2015-06-17,505.5,510.5,496.1000061035156,497.8500061035156,368.5858154296875,6412068
2015-06-18,502.79998779296875,503.9750061035156,497.8999938964844,500.9750061035156,370.8995056152344,3474426
2015-06-19,505.1499938964844,505.20001220703125,496.54998779296875,497.67498779296875,368.4563293457031,6670458
2015-06-22,502.45001220703125,514.375,498.5,511.92498779296875,379.0063171386719,5710868
2015-06-23,512.5,513.7000122070312,499.07501220703125,500.20001220703125,370.3257141113281,6952116
2015-06-24,507.5,507.5,495.6000061035156,497.54998779296875,368.36370849609375,7073694
2015-06-25,499.6000061035156,501.75,493.82501220703125,495.2250061035156,366.64239501953125,7117466
2015-06-26,499.5,505.79998779296875,499.04998779296875,502.625,372.1210021972656,5320284
2015-06-29,493.5,499.75,491.25,495.07501220703125,366.5314025878906,5690668
2015-06-30,495.0,496.7250061035156,490.0,492.17498779296875,364.3843994140625,6212530
2015-07-01,494.5,502.5,493.0,498.70001220703125,369.2152099609375,6880852
2015-07-02,499.5,500.70001220703125,492.5249938964844,494.0,365.7355041503906,4007568
2015-07-03,494.0,496.5,491.0,495.1499938964844,366.5869140625,2695306
2015-07-06,492.5,494.0,487.5,491.6499938964844,363.99560546875,4305602
2015-07-07,492.5,495.0,489.5,490.25,362.9591064453125,3497418
2015-07-08,489.5,489.5,477.3999938964844,478.75,354.4450988769531,7024178
2015-07-09,478.75,483.0,467.0249938964844,469.0,347.2265930175781,8587772
2015-07-10,474.04998779296875,476.04998779296875,466.32501220703125,468.75,347.04150390625,7411522
2015-07-13,470.5,477.5,467.0249938964844,475.07501220703125,351.7243347167969,6531768
2015-07-14,477.5,486.75,472.75,485.625,359.5350341796875,5367074
2015-07-15,485.0,492.9750061035156,484.0,492.0,364.25482177734375,4129566
2015-07-16,493.8500061035156,495.75,489.75,494.5249938964844,366.12420654296875,3472938
2015-07-17,495.5,502.25,494.54998779296875,500.92498779296875,370.86248779296875,3447978
2015-07-20,500.70001220703125,505.3999938964844,493.70001220703125,500.625,370.64031982421875,4377180
2015-07-21,517.5,574.5,517.5,556.3250122070312,411.8781433105469,38310112
2015-07-22,552.5,556.0,538.3250122070312,551.5750122070312,408.3614807128906,12665660
2015-07-23,551.9749755859375,558.5,545.0,549.0,406.45501708984375,7710748
2015-07-24,547.7750244140625,553.2249755859375,541.5499877929688,543.7999877929688,402.6052551269531,4480302
2015-07-27,543.4500122070312,543.9749755859375,530.2249755859375,532.6500244140625,394.35028076171875,6752244
2015-07-28,534.25,538.0,527.125,531.4249877929688,393.4432373046875,8476602
2015-07-29,537.0,546.0,532.5,542.7000122070312,401.79083251953125,7071334
2015-07-30,545.0,545.0,529.0,535.0,396.0901184082031,11956598
2015-07-31,539.2750244140625,540.6749877929688,530.0,538.5250244140625,398.6998596191406,7931012
2015-08-03,539.0,546.0,534.4749755859375,539.4749755859375,399.40313720703125,7961012
2015-08-04,539.0,539.4749755859375,525.5,528.625,391.37030029296875,9099054
2015-08-05,531.0,545.0,530.9749755859375,543.1749877929688,402.1424255371094,4753476
2015-08-06,547.0,552.75,538.5,543.4749755859375,402.3646240234375,7238252
2015-08-07,539.75,550.5,539.25,547.7999877929688,405.56658935546875,4988058
2015-08-10,549.0,553.1749877929688,533.5,543.0,402.01287841796875,3992754
2015-08-11,549.4000244140625,558.4500122070312,547.8499755859375,554.5750122070312,410.5824890136719,7574406
2015-08-12,557.5,574.5,555.5,572.2000122070312,423.6313171386719,10168440
2015-08-13,573.5,583.4249877929688,527.7750244140625,579.0,428.6656799316406,9787960
2015-08-14,582.5,584.3499755859375,571.5499877929688,574.625,425.4267272949219,5109066
2015-08-17,575.0,576.7249755859375,561.25,571.0750122070312,422.7983703613281,3107436
2015-08-18,575.0,588.8499755859375,575.0,582.1749877929688,431.0163269042969,4150446
2015-08-19,585.0,593.0999755859375,581.4000244140625,587.7750244140625,435.162353515625,6869518
2015-08-20,579.5,584.25,564.0,567.2750244140625,419.985107421875,8369114
2015-08-21,570.4500122070312,580.4749755859375,558.75,574.9500122070312,425.6672668457031,10822142
2015-08-24,554.9749755859375,561.5,539.2999877929688,546.0250244140625,404.2525329589844,14122684
2015-08-25,550.0,559.5,522.25,542.8250122070312,401.8833312988281,13735078
2015-08-26,544.9000244140625,548.5,529.5,532.2999877929688,394.09112548828125,11498212
2015-08-27,544.0,550.0499877929688,539.0250244140625,541.4000244140625,400.828369140625,15343392
2015-08-28,550.7999877929688,562.4500122070312,550.7999877929688,555.5250244140625,411.28582763671875,7208820
2015-08-31,567.4249877929688,567.4249877929688,541.25,547.2000122070312,405.1223449707031,9917064
2015-09-01,545.0,557.2999877929688,541.0,544.5,403.12347412109375,9071550
2015-09-02,549.0,557.5,545.0,549.7249755859375,406.9918212890625,11171830
2015-09-03,555.0750122070312,556.0,546.25,549.6749877929688,406.95477294921875,8590536
2015-09-04,551.5,555.5,533.5,536.9749755859375,397.5522155761719,7318888
2015-09-07,542.4749755859375,542.5,527.5,529.375,391.92559814453125,5180988
2015-09-08,531.0,537.0,526.1500244140625,529.4000244140625,391.944091796875,5459496
2015-09-09,543.5499877929688,549.7999877929688,536.0,544.3499755859375,403.0124206542969,9148664
2015-09-10,542.4500122070312,545.75,530.5,540.2249755859375,399.9584045410156,8363004
2015-09-11,545.7750244140625,553.2000122070312,542.75,545.375,403.7712097167969,9883810
2015-09-14,549.5,552.0,541.3250122070312,549.875,407.1028137207031,6557076
2015-09-15,549.7000122070312,551.5999755859375,544.0750122070312,549.5999755859375,406.89923095703125,5291886
2015-09-16,554.0,554.875,549.1500244140625,550.8250122070312,407.80615234375,7478240
2015-09-18,555.9000244140625,558.9500122070312,549.5250244140625,552.2249755859375,408.84259033203125,11576876
2015-09-21,550.0,554.4249877929688,546.25,552.3250122070312,408.91668701171875,4351234
2015-09-22,557.5,567.9749755859375,550.5499877929688,553.7249755859375,409.9531555175781,9626986
2015-09-23,553.7249755859375,563.1749877929688,548.7249755859375,558.125,413.21075439453125,4758254
2015-09-24,556.75,576.3499755859375,555.0,570.2750244140625,422.20611572265625,13399262
2015-09-28,569.9749755859375,571.4249877929688,550.5,552.7750244140625,409.2499084472656,9788464
2015-09-29,551.0,566.7000122070312,548.75,560.9249877929688,415.28369140625,8699370
2015-09-30,567.2000122070312,584.4749755859375,562.9749755859375,580.9749755859375,430.1278076171875,9495692
2015-10-01,584.9500122070312,598.875,580.0,586.5250244140625,434.23687744140625,10864394
2015-10-05,586.5,594.6749877929688,581.0,590.875,437.4574279785156,6881760
2015-10-06,593.5250244140625,596.2750244140625,574.0499877929688,577.2999877929688,427.4071044921875,8711880
2015-10-07,578.0,584.375,564.2249755859375,566.5999755859375,419.4853210449219,9182488
2015-10-08,568.2000122070312,574.7999877929688,563.0250244140625,566.0750122070312,419.0965576171875,9080874
2015-10-09,568.0,586.4500122070312,568.0,583.7000122070312,432.1454162597656,11782138
2015-10-12,599.5,609.9000244140625,554.5,561.4500122070312,415.6724548339844,30404970
2015-10-13,553.7249755859375,555.5,542.5999755859375,549.7000122070312,406.97332763671875,15326862
2015-10-14,545.7249755859375,557.7750244140625,543.5999755859375,548.7999877929688,406.3069152832031,8865510
2015-10-15,549.9500122070312,552.1749877929688,544.5499877929688,548.6749877929688,406.2143859863281,8255666
2015-10-16,549.5,550.7000122070312,545.0,547.4500122070312,409.0350036621094,6418992
2015-10-19,551.0,558.0,550.25,555.9749755859375,415.40447998046875,7347494
2015-10-20,556.5,565.0,555.2999877929688,562.9749755859375,420.6346740722656,8788310
2015-10-21,562.5,573.4249877929688,562.5,569.2000122070312,425.2857666015625,7278098
2015-10-23,570.9000244140625,576.5,562.5499877929688,574.9500122070312,429.5820007324219,6033362
2015-10-26,577.0,579.25,571.5750122070312,576.0750122070312,430.4226379394531,3195942
2015-10-27,575.0,577.5,572.0499877929688,574.7000122070312,429.39520263671875,5263748
2015-10-28,572.25,579.0,569.5,576.5999755859375,430.8148193359375,5255472
2015-10-29,576.5499877929688,577.9500122070312,568.0250244140625,572.5250244140625,427.7699890136719,5887324
2015-10-30,572.5,572.5,565.0,567.7249755859375,424.18377685546875,4044676
2015-11-02,565.0,567.9000244140625,557.0499877929688,565.5999755859375,422.5959777832031,3544988
2015-11-03,566.7000122070312,575.2249755859375,566.7000122070312,572.75,427.9381408691406,3614682
2015-11-04,575.0499877929688,578.7999877929688,566.1500244140625,568.4000244140625,424.6881103515625,3205572
2015-11-05,571.4749755859375,572.5,559.7000122070312,561.4500122070312,419.49530029296875,2345306
2015-11-06,561.5,571.9500122070312,561.4500122070312,569.1500244140625,425.2484436035156,3026172
2015-11-09,560.0,570.0,557.5999755859375,567.2999877929688,423.8661804199219,6125676
2015-11-10,563.75,563.75,550.0499877929688,551.9249877929688,412.3785400390625,4680052
2015-11-13,549.9749755859375,553.0,545.0,550.4000244140625,411.2391357421875,3520868
2015-11-16,541.8250122070312,547.0,533.5999755859375,540.0999755859375,403.5432434082031,6808334
2015-11-17,540.0,541.4500122070312,526.0,530.75,396.5572814941406,7184106
2015-11-18,520.5,522.5750122070312,505.625,510.0,381.0537414550781,10125252
2015-11-19,515.125,526.0,511.8999938964844,523.9000244140625,391.4393005371094,8539622
2015-11-20,524.0,531.5999755859375,521.0250244140625,526.2000122070312,393.15771484375,6082978
2015-11-23,525.0,531.2000122070312,519.0,526.8499755859375,393.6434020996094,5616350
2015-11-24,525.0,525.4000244140625,518.5,520.5750122070312,388.9549560546875,4325802
2015-11-26,520.4749755859375,529.75,520.0250244140625,526.2000122070312,393.15771484375,9853968
2015-11-27,529.0,535.0,522.5,533.1749877929688,398.3692321777344,5142478
2015-11-30,535.0,549.1500244140625,528.0999755859375,543.9500122070312,406.41986083984375,18105534
2015-12-01,544.0,547.5,536.4749755859375,539.5,403.09503173828125,5898550
2015-12-02,539.9749755859375,539.9749755859375,529.5,530.3499755859375,396.2584228515625,6397616
2015-12-03,530.5,532.4000244140625,524.5250244140625,528.875,395.15643310546875,5504726
2015-12-04,524.5,532.4500122070312,520.0499877929688,524.5250244140625,391.90625,8375530
2015-12-07,527.6500244140625,529.5,520.0,523.125,390.86016845703125,4513870
2015-12-08,522.5250244140625,531.375,519.6500244140625,522.2000122070312,390.1690979003906,5724372
2015-12-09,521.5,523.4749755859375,511.2749938964844,514.0999755859375,384.1169738769531,6818254
2015-12-10,518.2999877929688,525.7999877929688,515.1500244140625,523.6749877929688,391.27117919921875,5587746
2015-12-11,527.0,530.9500122070312,522.9500122070312,526.4000244140625,393.30718994140625,5390198
2015-12-14,524.75,536.5750122070312,524.0250244140625,534.75,399.5460510253906,4816672
2015-12-15,536.625,539.5499877929688,529.4000244140625,538.7750244140625,402.55328369140625,5431808
2015-12-16,541.7000122070312,549.0,541.7000122070312,547.9249877929688,409.38983154296875,5495852
2015-12-17,550.0,554.9000244140625,544.0,553.5499877929688,413.59259033203125,4958782
2015-12-18,551.7000122070312,551.7000122070312,539.7249755859375,541.5750122070312,404.6453857421875,7219820
2015-12-21,538.5,553.7000122070312,532.9749755859375,551.7249755859375,412.2289733886719,4331012
2015-12-22,548.7249755859375,548.7249755859375,540.0499877929688,541.875,404.8695068359375,4109254
2015-12-23,547.5250244140625,551.25,543.5250244140625,550.4249877929688,411.2577819824219,2870928
2015-12-24,551.0250244140625,552.2249755859375,545.0499877929688,548.1749877929688,409.57659912109375,1230054
2015-12-28,545.0,555.0,545.0,552.375,412.71478271484375,5526952
2015-12-29,550.625,555.0,548.6500244140625,552.3499755859375,412.6960144042969,3345062
2015-12-30,550.5499877929688,553.2999877929688,541.5,543.1500244140625,405.8221435546875,5153970
2015-12-31,545.0750122070312,554.9749755859375,543.5,552.7000122070312,412.95758056640625,7943938
2016-01-01,550.0,554.4749755859375,546.5999755859375,552.625,412.9014892578125,1806550
2016-01-04,549.9749755859375,551.2249755859375,538.0250244140625,539.4500122070312,403.05767822265625,3975362
2016-01-05,542.75,542.75,531.125,537.0250244140625,401.2458190917969,4949786
2016-01-06,537.3250122070312,537.3250122070312,529.4500122070312,534.6749877929688,399.4900207519531,5588328
2016-01-07,530.0250244140625,533.9500122070312,523.9500122070312,525.4000244140625,392.5600280761719,5294088
2016-01-08,530.75,533.7000122070312,527.75,531.6500244140625,397.22979736328125,3156716
2016-01-11,528.1500244140625,534.9749755859375,526.0499877929688,527.8499755859375,394.3904724121094,5360622
2016-01-12,531.0,531.4749755859375,515.4249877929688,524.9749755859375,392.242431640625,6565212
2016-01-13,528.5,545.5,524.0499877929688,541.7000122070312,404.7388000488281,8751294
2016-01-14,533.0,577.5,527.1749877929688,566.5,423.2684326171875,30227006
2016-01-15,574.0,582.0,568.7750244140625,569.9500122070312,425.84613037109375,13036614
2016-01-18,569.9500122070312,581.0499877929688,564.1749877929688,565.9500122070312,422.8574523925781,10066612
2016-01-19,567.5,579.4749755859375,564.2750244140625,569.8250122070312,425.75274658203125,7500436
2016-01-20,567.0,580.0,558.5,560.625,418.8787841796875,7507998
2016-01-21,567.5,571.25,561.0,568.5250244140625,424.781494140625,6743000
2016-01-22,574.0499877929688,576.25,565.5,568.125,424.48260498046875,6436018
2016-01-25,570.125,573.4249877929688,562.2750244140625,568.8250122070312,425.0055847167969,4579262
2016-01-27,573.2249755859375,574.7999877929688,567.5,569.25,425.3231506347656,6971962
2016-01-28,568.0,571.2999877929688,563.0999755859375,564.7999877929688,421.9981994628906,7788598
2016-01-29,569.0,585.0,565.7999877929688,582.4500122070312,435.1856994628906,10232108
2016-02-01,585.0,589.9500122070312,580.7999877929688,586.6749877929688,438.3424987792969,4251126
2016-02-02,588.4249877929688,595.0,582.0,587.7750244140625,439.16436767578125,7632702
2016-02-03,583.9000244140625,587.9500122070312,576.375,578.8499755859375,432.49591064453125,5245966
2016-02-04,580.0250244140625,597.4749755859375,580.0250244140625,589.875,440.73333740234375,5549346
2016-02-05,587.75,593.3250122070312,585.9249877929688,587.3499755859375,438.8466796875,3984224
2016-02-08,581.875,586.0999755859375,571.9000244140625,575.4000244140625,429.9182434082031,4221044
2016-02-09,564.1500244140625,564.1500244140625,546.75,553.8250122070312,413.7981262207031,7579572
2016-02-10,554.0,563.75,552.5,554.2750244140625,414.1344299316406,5866054
2016-02-11,555.5,556.5,535.5750122070312,539.3250122070312,402.9642333984375,5214378
2016-02-12,547.3499755859375,552.2000122070312,533.5,542.3250122070312,405.20574951171875,7408096
2016-02-15,548.125,550.0999755859375,543.2999877929688,545.875,407.8581848144531,5093478
2016-02-16,543.5,546.375,536.8499755859375,539.5750122070312,403.1510009765625,5125448
2016-02-17,540.875,551.5,538.5,548.9249877929688,410.1369934082031,4164598
2016-02-18,550.0,563.5,550.0,561.7000122070312,419.6820373535156,4189072
2016-02-19,559.5999755859375,567.0999755859375,556.9249877929688,563.625,421.12030029296875,3974018
2016-02-22,565.5,566.9749755859375,557.0250244140625,563.3250122070312,420.8961486816406,3857010
2016-02-23,565.125,566.25,558.0250244140625,561.9500122070312,419.8688049316406,2501960
2016-02-24,559.75,571.875,559.1749877929688,562.6749877929688,420.4104309082031,4950714
2016-02-25,562.7000122070312,565.2999877929688,550.5499877929688,555.1500244140625,414.78814697265625,4484528
2016-02-26,560.0750122070312,566.0,558.0,560.5750122070312,418.8414306640625,4235636
2016-02-29,564.75,565.2000122070312,534.1500244140625,542.0250244140625,404.98162841796875,8166076
2016-03-01,547.4000244140625,565.1500244140625,547.4000244140625,562.7249755859375,420.4478454589844,6386154
2016-03-02,568.5250244140625,581.75,562.5,578.0,431.8608093261719,7214898
2016-03-03,584.0,596.4249877929688,577.0,584.6500244140625,436.8294982910156,5814304
2016-03-04,587.7999877929688,592.5,579.5499877929688,585.3250122070312,437.3338623046875,4281680
2016-03-08,581.5,595.25,573.7000122070312,581.7249755859375,434.64404296875,7617746
2016-03-09,572.5,591.875,571.4749755859375,589.25,440.2663879394531,6305782
2016-03-10,581.4500122070312,581.4500122070312,569.6749877929688,571.25,426.81744384765625,24381016
2016-03-11,573.0999755859375,577.9749755859375,569.0999755859375,571.5,427.0042724609375,4058548
2016-03-14,573.0,577.125,569.25,570.5999755859375,426.331787109375,4174262
2016-03-15,572.0,577.25,564.4749755859375,567.2000122070312,423.79144287109375,6720258
2016-03-16,570.9500122070312,577.5,565.7750244140625,576.2249755859375,430.53460693359375,5588850
2016-03-17,578.4500122070312,584.875,577.0250244140625,580.875,434.0090026855469,6474622
2016-03-18,581.4000244140625,599.5,581.0,596.7000122070312,445.8328857421875,8477422
2016-03-21,594.0,599.5,590.0250244140625,597.4500122070312,446.39312744140625,5138392
2016-03-22,595.625,597.0,586.0,594.9749755859375,444.5439147949219,7097950
2016-03-23,595.0,605.3499755859375,591.0499877929688,603.9000244140625,451.2123107910156,6333176
2016-03-28,616.2000122070312,618.5,597.875,602.4500122070312,450.12896728515625,10787510
2016-03-29,599.5,609.4500122070312,595.7750244140625,598.625,447.2711486816406,6995356
2016-03-30,598.7999877929688,605.0,597.7750244140625,602.9749755859375,450.5212707519531,5756818
2016-03-31,605.125,614.9500122070312,600.1500244140625,609.1500244140625,455.13507080078125,17996320
2016-04-01,608.0,611.0999755859375,597.5499877929688,602.7249755859375,450.3343811035156,5511428
2016-04-04,606.7750244140625,624.0,606.7750244140625,621.8499755859375,464.6238708496094,4577054
2016-04-05,621.0,621.1500244140625,607.0,609.9000244140625,455.6953430175781,4790716
2016-04-06,614.0,614.0,598.0,600.3499755859375,448.55987548828125,4931354
2016-04-07,604.2000122070312,604.2000122070312,587.5,590.75,441.38720703125,5657890
2016-04-08,587.9249877929688,588.75,581.0250244140625,582.875,435.5032043457031,4195578
2016-04-11,582.9000244140625,593.375,575.5499877929688,591.9500122070312,442.2838134765625,5768678
2016-04-12,590.25,597.4500122070312,589.2999877929688,591.0999755859375,441.648681640625,5842138
2016-04-13,597.4749755859375,597.4749755859375,583.1749877929688,586.3499755859375,438.0995788574219,12511386
2016-04-18,625.0,633.9500122070312,616.75,619.3499755859375,462.756103515625,25015990
2016-04-20,622.0,623.2249755859375,612.9000244140625,621.7999877929688,464.5865783691406,8072848
2016-04-21,625.5,625.5,609.0499877929688,613.1500244140625,458.12371826171875,5441100
2016-04-22,613.1500244140625,614.25,603.5,605.625,452.50128173828125,5143938
2016-04-25,606.0250244140625,612.4000244140625,600.5499877929688,607.9249877929688,454.2197265625,5364134
2016-04-26,607.7249755859375,619.7750244140625,604.2999877929688,616.0750122070312,460.30908203125,5846744
2016-04-27,614.5999755859375,621.1749877929688,614.2750244140625,620.0750122070312,463.2978210449219,4486208
2016-04-28,615.5,619.7999877929688,603.5,604.5750122070312,451.7166442871094,12165168
2016-04-29,605.7249755859375,611.7750244140625,602.5,604.0499877929688,451.3244323730469,5036410
2016-05-02,605.0,605.5750122070312,598.0750122070312,600.5250244140625,448.69073486328125,3615250
2016-05-03,601.375,606.0999755859375,585.9000244140625,588.9000244140625,440.00494384765625,6824810
2016-05-04,590.5,596.5,585.3250122070312,594.4249877929688,444.1330261230469,5812842
2016-05-05,597.5750122070312,599.5,590.5499877929688,596.2249755859375,445.4779052734375,6302668
2016-05-06,594.9000244140625,594.9000244140625,588.5250244140625,590.75,441.38720703125,2596720
2016-05-09,591.0,600.7750244140625,590.2999877929688,599.5250244140625,447.943603515625,5123678
2016-05-10,601.25,608.3250122070312,598.2999877929688,606.4000244140625,453.0802917480469,3395704
2016-05-11,599.25,607.3499755859375,596.25,600.9249877929688,448.98944091796875,3709888
2016-05-12,601.9500122070312,606.5,598.4000244140625,605.0,452.03424072265625,3406932
2016-05-13,603.0,605.0,596.0750122070312,603.625,451.0069274902344,5652064
2016-05-16,605.0999755859375,611.8250122070312,602.5,607.5,453.9020690917969,4533878
2016-05-17,610.0,612.875,604.0750122070312,607.125,453.6221008300781,3796294
2016-05-18,599.5,607.0,598.9500122070312,604.9249877929688,451.9781494140625,4256596
2016-05-19,605.4749755859375,608.0750122070312,600.5,602.875,450.4466552734375,3954400
2016-05-20,602.5,609.75,600.0,600.7999877929688,448.8962097167969,3994548
2016-05-23,601.7000122070312,602.5750122070312,592.5,594.0,443.8155822753906,4585946
2016-05-24,595.5250244140625,595.875,588.7999877929688,593.875,443.72198486328125,3485060
2016-05-25,597.0499877929688,606.5499877929688,597.0499877929688,604.3250122070312,451.5299072265625,3857396
2016-05-26,605.0499877929688,619.9000244140625,605.0499877929688,617.0750122070312,461.0561828613281,6136436
2016-05-27,615.7999877929688,629.75,615.7999877929688,623.75,466.04364013671875,6180764
2016-05-30,620.75,636.0,620.75,633.7999877929688,473.5526123046875,5285700
2016-05-31,632.5,633.375,619.5,624.3250122070312,466.4731750488281,13782038
2016-06-01,623.0250244140625,634.25,623.0,629.0999755859375,470.0408935546875,4840534
2016-06-02,627.5,637.4500122070312,627.0,630.7750244140625,471.2923583984375,5053552
2016-06-03,630.0250244140625,639.6500244140625,630.0250244140625,633.4500122070312,473.2910461425781,3998380
2016-06-06,632.4500122070312,638.5,630.5499877929688,633.375,473.2349853515625,4225768
2016-06-07,633.5,636.25,627.5499877929688,628.7000122070312,469.74200439453125,5692420
2016-06-08,631.9749755859375,631.9749755859375,617.6749877929688,619.0499877929688,462.5318298339844,8741370
2016-06-09,613.125,613.125,590.0250244140625,592.75,448.03814697265625,12740804
2016-06-10,587.7000122070312,595.0,585.0499877929688,590.2999877929688,446.1864013671875,6383956
2016-06-13,588.4000244140625,592.4500122070312,583.0,590.4500122070312,446.29974365234375,5286722
2016-06-14,591.2000122070312,591.2000122070312,583.625,587.5,444.0699768066406,2940728
2016-06-15,591.8499755859375,596.3250122070312,589.5250244140625,594.9749755859375,449.7201232910156,6711572
2016-06-16,594.75,594.75,585.0499877929688,593.0,448.2271423339844,5302564
2016-06-17,594.5,596.375,587.5499877929688,589.75,445.7706604003906,8515082
2016-06-20,590.5,605.9000244140625,589.8499755859375,604.375,456.8252258300781,6229566
2016-06-21,605.5999755859375,607.4000244140625,597.8250122070312,603.0499877929688,455.8236083984375,4761724
2016-06-22,602.0,605.9749755859375,594.0750122070312,599.75,453.3292236328125,3031258
2016-06-23,598.6500244140625,607.4249877929688,596.6749877929688,605.7999877929688,457.90228271484375,3828626
2016-06-24,594.0,599.5,580.0,597.2750244140625,451.45843505859375,7808348
2016-06-27,586.0250244140625,591.5999755859375,580.0,583.0999755859375,440.74420166015625,5583778
2016-06-28,581.4000244140625,586.25,577.5499877929688,579.5750122070312,438.0796813964844,7655974
2016-06-29,584.5,589.9500122070312,580.0999755859375,588.4249877929688,444.7691345214844,5459150
2016-06-30,590.25,592.25,583.9749755859375,585.4000244140625,442.4826354980469,9346224
2016-07-01,590.0,590.0,585.0499877929688,586.2000122070312,443.0873718261719,3991912
2016-07-04,588.0999755859375,597.2999877929688,588.0999755859375,591.9749755859375,447.4524841308594,5381322
2016-07-05,592.5,593.75,585.5250244140625,587.7249755859375,444.24005126953125,3596416
2016-07-07,584.3499755859375,585.5,577.5,578.625,437.3617248535156,5954876
2016-07-08,581.5,583.5,576.75,579.0999755859375,437.7206115722656,5551648
2016-07-11,583.7000122070312,589.3499755859375,580.0,587.5250244140625,444.08880615234375,6668882
2016-07-12,590.0,590.1749877929688,584.0,588.2750244140625,444.6556701660156,6197368
2016-07-13,590.0,597.9000244140625,587.5999755859375,596.9000244140625,451.1751708984375,5275420
2016-07-14,597.5,598.0250244140625,582.0,588.125,444.5423583984375,7413328
2016-07-15,594.75,594.9500122070312,526.0,536.2750244140625,405.3507995605469,61484126
2016-07-18,538.625,542.4500122070312,527.5750122070312,540.9749755859375,408.90338134765625,14332824
2016-07-19,544.2999877929688,545.0,537.0499877929688,543.4749755859375,410.79302978515625,10404644
2016-07-20,535.0,544.9500122070312,535.0,541.5499877929688,409.3380126953125,9822896
2016-07-21,539.5,543.5999755859375,537.7999877929688,539.9500122070312,408.1285400390625,8668002
2016-07-22,535.0,539.9500122070312,533.3499755859375,536.2249755859375,405.31304931640625,9386538
2016-07-25,531.5,541.625,531.5,540.4249877929688,408.48760986328125,8469552
2016-07-26,535.1749877929688,544.9500122070312,535.1749877929688,544.3499755859375,411.4544372558594,7189610
2016-07-27,542.3499755859375,548.25,539.2750244140625,542.6749877929688,410.1883239746094,7431820
2016-07-28,542.7000122070312,543.4749755859375,537.0250244140625,538.75,407.2216491699219,11258562
2016-07-29,536.2999877929688,538.375,533.25,536.9249877929688,405.8421325683594,8156784
2016-08-01,535.75,543.9249877929688,534.1749877929688,542.625,410.15057373046875,9096662
2016-08-02,539.9500122070312,542.5,537.5,541.9000244140625,409.60260009765625,6822502
2016-08-03,542.8250122070312,543.25,535.1500244140625,542.4500122070312,410.0183410644531,7213460
2016-08-04,543.2000122070312,543.4500122070312,535.0250244140625,535.9000244140625,405.0674133300781,4237278
2016-08-05,536.0,536.7249755859375,530.0,534.0,403.63128662109375,5609968
2016-08-08,534.5,540.5,531.2750244140625,539.3499755859375,407.67510986328125,4643064
2016-08-09,538.5,542.25,535.75,541.7000122070312,409.4513854980469,7192664
2016-08-10,538.0,543.9500122070312,537.5999755859375,541.1749877929688,409.05462646484375,5576454
2016-08-11,540.8499755859375,547.5,537.625,538.6749877929688,407.16485595703125,5038552
2016-08-12,537.5250244140625,539.4000244140625,530.0,531.2750244140625,401.5714111328125,7449928
2016-08-16,521.0,529.0250244140625,514.0,525.9000244140625,397.5086975097656,16429408
2016-08-17,524.9749755859375,526.3250122070312,515.25,516.6500244140625,390.5170593261719,6599316
2016-08-18,518.25,519.5499877929688,510.75,511.70001220703125,386.7755432128906,8434000
2016-08-19,515.0,519.5,509.2250061035156,510.6499938964844,385.9818115234375,5686016
2016-08-22,509.0,515.0,504.54998779296875,507.7250061035156,383.77093505859375,10253518
2016-08-23,510.04998779296875,521.0,510.04998779296875,519.8250122070312,392.9168701171875,7406138
2016-08-24,523.5,531.0250244140625,523.5,528.7000122070312,399.6251220703125,6129966
2016-08-25,527.5,528.7999877929688,516.0499877929688,518.0750122070312,391.5941162109375,4796562
2016-08-26,518.0,523.0,508.5249938964844,510.125,385.5849914550781,6881054
2016-08-29,508.79998779296875,515.0,505.5,511.3999938964844,386.5487976074219,5220282
2016-08-30,516.2249755859375,522.5,512.5,520.2000122070312,393.2003173828125,4375438
2016-08-31,518.5499877929688,522.875,513.9000244140625,517.9249877929688,391.480712890625,11139814
2016-09-01,519.0,520.2249755859375,516.0,518.7750244140625,392.12322998046875,2877826
2016-09-02,519.5250244140625,520.0,513.0999755859375,515.9249877929688,389.968994140625,3332592
2016-09-06,519.125,524.4500122070312,517.7999877929688,522.5,394.9388427734375,8215044
2016-09-07,524.0,529.5,522.0,527.1749877929688,398.47247314453125,7425470
2016-09-08,522.5,522.5,512.0,518.8250122070312,392.1610107421875,9092774
2016-09-09,518.5,520.5,513.2750244140625,517.75,391.3485107421875,5053438
2016-09-12,512.625,529.0,512.625,527.0,398.3401794433594,6203096
2016-09-14,526.9749755859375,528.9000244140625,520.3250122070312,522.7999877929688,395.1655578613281,5152418
2016-09-15,522.7999877929688,523.4000244140625,517.6749877929688,521.0999755859375,393.880615234375,4701722
2016-09-16,524.5,532.25,519.0499877929688,530.0750122070312,400.66448974609375,9949384
2016-09-19,523.0,534.4500122070312,520.6749877929688,530.5999755859375,401.061279296875,5809154
2016-09-20,526.6500244140625,528.5750122070312,522.875,525.0750122070312,396.88519287109375,4214004
2016-09-21,527.0,530.625,525.5250244140625,527.875,399.0015869140625,4231532
2016-09-22,529.5,530.5,526.0,529.4000244140625,400.154296875,3629514
2016-09-23,528.5,529.4000244140625,520.0,521.2750244140625,394.012939453125,5205294
2016-09-26,521.375,522.0,515.5,517.9500122070312,391.4996643066406,6371798
2016-09-27,517.5250244140625,524.9500122070312,516.6749877929688,519.875,392.9547119140625,6525660
2016-09-28,520.0,521.1500244140625,516.625,519.4749755859375,392.65228271484375,5434708
2016-09-29,522.4749755859375,522.4749755859375,512.0,514.5999755859375,388.967529296875,8902638
2016-09-30,515.5499877929688,521.9500122070312,515.5499877929688,518.0250244140625,391.5563659667969,6502354
2016-10-03,517.75,520.0,513.0499877929688,519.0499877929688,392.3310241699219,3656160
2016-10-04,520.0,525.7000122070312,519.1500244140625,524.5999755859375,396.526123046875,5066586
2016-10-05,524.5999755859375,524.9249877929688,518.5,520.75,393.6160583496094,2307574
2016-10-06,522.5,522.5,512.9749755859375,513.7000122070312,388.28717041015625,3721882
2016-10-07,514.9749755859375,516.9000244140625,505.04998779296875,506.2749938964844,382.6748962402344,6288558
2016-10-10,508.5,515.875,505.0,514.9749755859375,389.2508850097656,5413170
2016-10-13,510.70001220703125,529.0,510.70001220703125,526.1749877929688,397.716552734375,9778690
2016-10-14,526.4500122070312,541.3499755859375,498.125,513.5750122070312,388.1927185058594,33461690
2016-10-17,517.4749755859375,520.9000244140625,508.67498779296875,511.20001220703125,386.3975830078125,8014858
2016-10-18,515.0,520.25,513.6500244140625,519.5250244140625,392.6900939941406,6388134
2016-10-19,521.0,522.8499755859375,518.0,520.9000244140625,393.72943115234375,3509836
2016-10-20,522.375,525.3499755859375,516.9000244140625,518.3250122070312,391.78302001953125,3535490
2016-10-21,517.5,520.5,511.25,519.1500244140625,396.6152648925781,3863620
2016-10-24,518.75,521.3499755859375,512.75,513.5499877929688,392.3368835449219,2902974
2016-10-25,518.25,519.4500122070312,507.6000061035156,508.6000061035156,388.5553283691406,5636014
2016-10-26,508.5,509.92498779296875,504.6499938964844,507.1000061035156,387.40936279296875,2775216
2016-10-27,508.95001220703125,508.9750061035156,500.54998779296875,501.75,383.3221130371094,7227790
2016-10-28,502.6000061035156,505.0,496.57501220703125,498.75,381.0301818847656,5840706
2016-11-01,503.3999938964844,503.3999938964844,493.20001220703125,494.7250061035156,377.9552307128906,6332798
2016-11-02,492.3999938964844,493.75,490.0,490.5249938964844,374.74652099609375,5377194
2016-11-03,490.5249938964844,491.0,482.54998779296875,483.42498779296875,369.3223571777344,5225108
2016-11-04,483.5,489.6000061035156,480.5,485.5,370.90753173828125,6005548
2016-11-07,492.5,493.0,487.5,488.9750061035156,373.5623779296875,4537672
2016-11-08,493.45001220703125,493.875,485.29998779296875,491.29998779296875,375.338623046875,5261108
2016-11-09,465.0,487.29998779296875,450.5,479.1499938964844,366.056396484375,12764158
2016-11-10,481.25,481.25,467.5,469.70001220703125,358.83685302734375,7287330
2016-11-11,470.0,472.5,459.3500061035156,460.7749938964844,352.0184020996094,7096782
2016-11-15,462.0,469.9750061035156,454.2749938964844,461.7749938964844,352.7823791503906,9235850
2016-11-16,465.0,478.42498779296875,464.2749938964844,470.45001220703125,359.4098205566406,12222616
2016-11-17,467.125,474.5,463.20001220703125,464.8999938964844,355.1697998046875,5706730
2016-11-18,465.0,466.625,458.75,460.0,351.42633056640625,6040228
2016-11-21,463.45001220703125,463.45001220703125,453.4750061035156,455.54998779296875,348.0267028808594,7940568
2016-11-22,458.45001220703125,464.32501220703125,455.82501220703125,457.1000061035156,349.21087646484375,5483126
2016-11-23,461.04998779296875,461.45001220703125,456.2250061035156,460.125,351.5218505859375,8251786
2016-11-24,464.1000061035156,469.95001220703125,461.6499938964844,465.1499938964844,355.3608703613281,16780644
2016-11-25,465.2250061035156,492.5,465.2250061035156,488.75,373.3905029296875,12631380
2016-11-28,489.6499938964844,491.7250061035156,485.29998779296875,489.875,374.24993896484375,7365712
2016-11-29,489.3999938964844,492.3500061035156,483.54998779296875,486.29998779296875,371.518798828125,6125506
2016-11-30,486.5,488.5,480.5249938964844,487.7749938964844,372.6456604003906,8500918
2016-12-01,488.0,491.7749938964844,483.5,487.79998779296875,372.6646728515625,4611590
2016-12-02,482.3999938964844,484.79998779296875,480.54998779296875,482.25,368.4246520996094,4453228
2016-12-05,482.95001220703125,484.29998779296875,479.0,480.82501220703125,367.3360290527344,3659576
2016-12-06,480.8999938964844,489.75,480.82501220703125,483.25,369.1885986328125,3562110
2016-12-07,484.0,486.5,480.1000061035156,483.20001220703125,369.150390625,3385980
2016-12-08,485.0249938964844,493.04998779296875,485.0249938964844,492.32501220703125,376.1216125488281,5941662
2016-12-09,492.5,504.07501220703125,490.75,494.67498779296875,377.9169921875,8648384
2016-12-12,491.3999938964844,491.3999938964844,482.6000061035156,488.67498779296875,373.3331604003906,5345020
2016-12-13,490.25,496.42498779296875,485.54998779296875,495.1000061035156,378.2417297363281,4854282
2016-12-14,495.5,502.4750061035156,492.04998779296875,499.875,381.8896484375,5382614
2016-12-15,498.70001220703125,509.4750061035156,494.5,496.17498779296875,379.0629577636719,7966416
2016-12-16,501.8999938964844,504.8500061035156,498.875,502.57501220703125,383.9523620605469,6436742
2016-12-19,503.04998779296875,504.125,497.04998779296875,502.32501220703125,383.7613830566406,4124134
2016-12-20,501.0,509.5,500.6499938964844,506.07501220703125,386.6263122558594,7636498
2016-12-21,508.0,511.0,499.125,500.7749938964844,382.57720947265625,7343976
2016-12-22,501.25,503.5,484.75,492.3500061035156,376.14080810546875,7060054
2016-12-23,492.45001220703125,503.29998779296875,486.79998779296875,494.2250061035156,377.5732727050781,7306036
2016-12-26,494.0,497.0,487.54998779296875,491.375,375.3959045410156,3213828
2016-12-27,491.375,500.95001220703125,490.0,499.4750061035156,381.5841064453125,4912816
2016-12-28,501.4750061035156,504.8999938964844,497.5,499.25,381.4122314453125,5476816
2016-12-29,501.875,504.0,494.07501220703125,496.17498779296875,379.0629577636719,6240124
2016-12-30,499.0,506.0,496.375,505.29998779296875,386.0341796875,7267768
2017-01-02,505.54998779296875,506.4750061035156,499.67498779296875,500.54998779296875,382.40533447265625,2335222
2017-01-03,502.04998779296875,502.45001220703125,491.0,496.92498779296875,379.63592529296875,6778482
2017-01-04,497.5249938964844,502.1000061035156,496.125,498.875,381.125732421875,7073586
2017-01-05,500.79998779296875,504.75,494.375,498.07501220703125,380.5145263671875,8207074
2017-01-06,497.45001220703125,499.42498779296875,484.0249938964844,486.125,371.38507080078125,14393448
2017-01-09,486.125,488.4750061035156,482.5,485.17498779296875,370.6593322753906,10545692
2017-01-10,488.5,490.5,483.9750061035156,485.2749938964844,370.7356872558594,11939854
2017-01-11,487.1000061035156,489.2250061035156,481.9750061035156,484.54998779296875,370.1817932128906,12241574
2017-01-12,488.7749938964844,502.20001220703125,488.7749938964844,500.0249938964844,382.00421142578125,11855740
2017-01-13,515.0,520.0,481.3500061035156,487.8999938964844,372.74114990234375,31276246
2017-01-16,482.5,482.7250061035156,476.2250061035156,477.82501220703125,365.0441589355469,12351372
2017-01-17,478.125,482.0,476.20001220703125,477.70001220703125,364.9485778808594,5560094
2017-01-18,479.04998779296875,480.5,474.8999938964844,475.3999938964844,363.1915283203125,5952962
2017-01-19,475.5,479.79998779296875,474.04998779296875,479.04998779296875,365.97998046875,8876480
2017-01-20,475.0,476.57501220703125,473.0,474.3500061035156,362.3893737792969,9124742
2017-01-23,472.5,479.0,470.0,476.3500061035156,363.9172668457031,7948580
2017-01-24,475.0,475.0,470.04998779296875,472.7749938964844,361.1860656738281,6826010
2017-01-25,473.04998779296875,473.3999938964844,467.3999938964844,468.29998779296875,357.76727294921875,9978090
2017-01-27,466.92498779296875,473.7749938964844,450.57501220703125,471.07501220703125,359.88726806640625,10635138
2017-01-30,468.75,475.75,464.42498779296875,474.67498779296875,362.6376037597656,11369208
2017-01-31,470.75,470.75,452.17498779296875,464.29998779296875,354.7113952636719,24068534
2017-02-01,460.54998779296875,461.6000061035156,452.57501220703125,458.375,350.1848449707031,11531782
2017-02-02,458.5,472.5,455.04998779296875,467.95001220703125,357.49993896484375,11828268
2017-02-03,466.8999938964844,470.45001220703125,460.5249938964844,468.04998779296875,357.5763244628906,8423958
2017-02-06,468.625,471.875,465.2749938964844,467.625,357.2515869140625,6727934
2017-02-07,466.5,474.8999938964844,464.2749938964844,471.125,359.925537109375,9268002
2017-02-08,468.0,472.04998779296875,466.2250061035156,468.25,357.7290954589844,6319962
2017-02-09,468.5,475.0,468.2749938964844,473.0,361.35791015625,11907266
2017-02-10,473.125,486.0,471.6499938964844,484.1499938964844,369.8761901855469,12252452
2017-02-13,486.42498779296875,493.04998779296875,481.42498779296875,492.17498779296875,376.0071105957031,13724268
2017-02-14,490.0,494.5,486.17498779296875,493.8500061035156,377.2867126464844,9338818
2017-02-15,494.6000061035156,499.3999938964844,484.3999938964844,490.8999938964844,375.0330505371094,7259486
2017-02-16,495.5,506.95001220703125,495.0249938964844,506.04998779296875,386.607177734375,12815858
2017-02-17,506.875,506.875,496.3500061035156,500.04998779296875,382.0232849121094,4851208
2017-02-20,498.25,515.5,496.75,505.125,385.9005126953125,4650662
2017-02-21,511.04998779296875,512.25,500.0249938964844,506.79998779296875,387.1801452636719,7613996
2017-02-22,507.5,507.5,493.20001220703125,495.07501220703125,378.2226257324219,6607838
2017-02-23,499.45001220703125,510.0,496.67498779296875,504.42498779296875,385.36572265625,9542656
2017-02-27,503.6499938964844,511.5,503.4750061035156,506.20001220703125,386.72174072265625,5328696
2017-02-28,505.92498779296875,511.3500061035156,504.625,506.20001220703125,386.72174072265625,5940132
2017-03-01,506.0,513.5,505.04998779296875,512.5750122070312,391.59210205078125,4282448
2017-03-02,512.2000122070312,514.0,508.25,511.6499938964844,390.88543701171875,2948498
2017-03-03,505.125,517.1500244140625,500.20001220703125,515.5999755859375,393.9030456542969,5401612
2017-03-06,510.0249938964844,517.9749755859375,509.8500061035156,516.9500122070312,394.9344482421875,5286386
2017-03-07,511.0,512.9000244140625,507.3500061035156,509.8999938964844,389.5484619140625,4644496
2017-03-08,508.45001220703125,508.45001220703125,502.2250061035156,503.8999938964844,384.9646301269531,6179176
2017-03-09,503.8999938964844,506.5,499.5,505.7749938964844,386.3971252441406,3480630
2017-03-10,507.5,513.8250122070312,506.70001220703125,510.92498779296875,390.33154296875,4550324
2017-03-14,511.3999938964844,520.9500122070312,511.3999938964844,517.4000244140625,395.2782897949219,7878396
2017-03-15,517.4500122070312,517.4500122070312,503.75,505.9750061035156,386.54986572265625,6373978
2017-03-16,506.6499938964844,515.8499755859375,506.6499938964844,514.4249877929688,393.00537109375,6702956
2017-03-17,517.7000122070312,521.4500122070312,509.625,520.1500244140625,397.37921142578125,9507846
2017-03-20,513.2750244140625,513.2750244140625,507.54998779296875,510.75,390.1978759765625,4427388
2017-03-21,510.45001220703125,517.4749755859375,509.3999938964844,516.4249877929688,394.5333557128906,4869584
2017-03-22,511.2250061035156,519.9749755859375,510.20001220703125,513.8499755859375,392.5661315917969,3990852
2017-03-23,514.125,521.5,513.2999877929688,520.2249755859375,397.43646240234375,4501662
2017-03-24,519.0,522.0,513.8499755859375,515.7000122070312,393.9795227050781,4883896
2017-03-27,513.5999755859375,520.9249877929688,512.25,514.4249877929688,393.00537109375,7684824
2017-03-28,515.75,519.5,515.0250244140625,517.5750122070312,395.4119567871094,4796796
2017-03-29,517.1500244140625,520.75,512.9249877929688,515.9249877929688,394.1513977050781,6981186
2017-03-30,517.0,517.9500122070312,510.125,512.75,391.72576904296875,12157180
2017-03-31,511.625,514.6500244140625,504.0,511.125,390.4842834472656,14153854
2017-04-03,516.0750122070312,516.2249755859375,503.04998779296875,504.3999938964844,385.3466796875,4315600
2017-04-05,502.5,502.70001220703125,495.5,497.9750061035156,380.4381408691406,7398338
2017-04-06,499.07501220703125,502.8999938964844,496.0,499.79998779296875,381.8323974609375,5379008
2017-04-07,500.45001220703125,500.45001220703125,489.5,490.7749938964844,374.93756103515625,6404508
2017-04-10,492.45001220703125,494.75,475.04998779296875,476.70001220703125,364.1846923828125,9528472
2017-04-11,478.0249938964844,485.8500061035156,478.0249938964844,483.57501220703125,369.43695068359375,8655466
2017-04-12,485.0,488.45001220703125,480.17498779296875,484.42498779296875,370.08636474609375,6696752
2017-04-13,485.0,495.0,463.32501220703125,465.70001220703125,355.7810974121094,30973188
2017-04-17,465.0,466.04998779296875,461.75,462.45001220703125,353.298095703125,7213434
2017-04-18,462.375,467.0,459.54998779296875,461.32501220703125,352.4385681152344,4647518
2017-04-19,461.5,465.0,456.32501220703125,459.6000061035156,351.1207275390625,10071702
2017-04-20,460.75,464.8500061035156,459.2749938964844,463.6499938964844,354.21478271484375,4549000
2017-04-21,467.3999938964844,467.3999938964844,460.54998779296875,461.8500061035156,352.83966064453125,3577466
2017-04-24,458.75,464.25,456.5,463.2749938964844,353.9283142089844,5556666
2017-04-25,462.95001220703125,466.5,460.2749938964844,464.67498779296875,354.9979248046875,4737060
2017-04-26,464.9750061035156,467.7749938964844,455.1000061035156,457.125,349.2299499511719,9084496
2017-04-27,458.0,464.5,458.0,462.625,353.4317932128906,7797208
2017-04-28,463.42498779296875,463.70001220703125,457.79998779296875,459.4750061035156,351.0252685546875,5029702
2017-05-02,462.0,463.20001220703125,457.54998779296875,461.29998779296875,352.4194641113281,3231126
2017-05-03,463.25,469.54998779296875,458.82501220703125,467.1499938964844,356.88873291015625,4659448
2017-05-04,468.5,469.82501220703125,464.45001220703125,468.82501220703125,358.1683044433594,5279806
2017-05-05,468.0,468.67498779296875,460.0,465.75,355.8191833496094,4432788
2017-05-08,469.0,474.2749938964844,466.0,472.75,361.1670227050781,4707098
2017-05-09,475.29998779296875,475.9750061035156,471.04998779296875,473.32501220703125,361.60626220703125,5649372
2017-05-10,473.57501220703125,475.0,468.57501220703125,471.82501220703125,360.4603576660156,3364302
2017-05-11,473.42498779296875,474.92498779296875,468.7749938964844,472.04998779296875,360.63214111328125,3229482
2017-05-12,476.5,483.0,475.7250061035156,482.125,368.3292236328125,10979996
2017-05-15,481.75,481.75,474.54998779296875,475.7749938964844,363.47796630859375,7297164
2017-05-16,476.54998779296875,480.07501220703125,473.4750061035156,477.5,364.7957763671875,6130168
2017-05-17,475.79998779296875,479.2250061035156,471.92498779296875,476.3999938964844,363.9554748535156,2915508
2017-05-18,471.5,486.95001220703125,471.42498779296875,480.875,367.374267578125,8057848
2017-05-19,480.75,481.3500061035156,473.92498779296875,478.9750061035156,365.9226989746094,4257396
2017-05-22,479.20001220703125,483.45001220703125,478.2749938964844,480.7250061035156,367.2596740722656,5503052
2017-05-23,482.32501220703125,483.5,477.04998779296875,478.6499938964844,365.67425537109375,4039982
2017-05-24,480.0,482.75,474.79998779296875,477.3999938964844,364.71942138671875,5636286
2017-05-25,480.5,493.29998779296875,480.5,491.6499938964844,375.60601806640625,10438514
2017-05-26,493.5,500.0,490.29998779296875,497.8500061035156,380.3426513671875,4988004
2017-05-29,495.45001220703125,498.3500061035156,487.8500061035156,492.57501220703125,376.3126525878906,6308434
2017-05-30,491.0,500.0,489.32501220703125,498.1000061035156,380.53363037109375,3716910
2017-05-31,496.7749938964844,496.7749938964844,487.42498779296875,488.5249938964844,373.21856689453125,7763900
2017-06-01,484.6499938964844,489.8500061035156,479.2749938964844,485.70001220703125,376.74798583984375,5508606
2017-06-02,486.70001220703125,487.7250061035156,482.1000061035156,484.7250061035156,375.9916687011719,3917966
2017-06-05,485.0,486.0,478.5249938964844,479.375,371.8417663574219,5462698
2017-06-06,482.5,493.75,482.20001220703125,489.67498779296875,379.8312683105469,7008686
2017-06-07,492.5,494.45001220703125,472.5,480.6499938964844,372.8307189941406,12455046
2017-06-08,481.4750061035156,481.4750061035156,474.07501220703125,478.2250061035156,370.94970703125,6195352
2017-06-09,469.2749938964844,475.4750061035156,461.5,474.29998779296875,367.9051818847656,14757662
2017-06-12,471.67498779296875,482.6000061035156,470.04998779296875,481.92498779296875,373.81976318359375,8591676
2017-06-13,476.75,481.4750061035156,475.79998779296875,478.8999938964844,371.4732666015625,4937794
2017-06-14,480.0,480.95001220703125,475.6000061035156,479.29998779296875,371.7835998535156,7438110
2017-06-15,479.82501220703125,483.9750061035156,474.79998779296875,476.04998779296875,369.2626037597656,5528062
2017-06-16,474.54998779296875,476.92498779296875,468.0,470.125,364.666748046875,10948450
2017-06-19,469.9750061035156,470.125,464.0,464.92498779296875,360.6332092285156,6855860
2017-06-20,467.5,473.45001220703125,467.0249938964844,471.7749938964844,365.94659423828125,5184396
2017-06-21,472.5,474.5,468.0249938964844,471.67498779296875,365.8690185546875,3735864
2017-06-22,473.8500061035156,484.3500061035156,467.54998779296875,470.07501220703125,364.62799072265625,9465242
2017-06-23,472.5,474.57501220703125,469.0,471.625,365.8302001953125,6403018
2017-06-27,472.5,474.0,461.875,463.5249938964844,359.5472106933594,6904660
2017-06-28,466.3999938964844,466.5,460.5,462.3500061035156,358.6358337402344,5905224
2017-06-29,465.1000061035156,473.9750061035156,463.29998779296875,465.1000061035156,360.7688903808594,15914040
2017-06-30,465.3999938964844,469.0,464.5,467.7749938964844,362.8438720703125,4216700
2017-07-03,470.54998779296875,477.5,467.29998779296875,475.95001220703125,369.18505859375,5088924
2017-07-04,476.92498779296875,485.0,474.70001220703125,481.07501220703125,373.16046142578125,5167726
2017-07-05,479.5,479.5,472.70001220703125,475.45001220703125,368.7972412109375,4226228
2017-07-06,472.5,478.5,472.1000061035156,473.5,367.28466796875,3829720
2017-07-07,471.92498779296875,472.7250061035156,466.5249938964844,467.70001220703125,362.7857360839844,5776886
2017-07-10,471.6000061035156,479.8999938964844,470.0,478.5249938964844,371.18243408203125,1464376
2017-07-11,478.32501220703125,494.75,478.32501220703125,487.67498779296875,378.2799072265625,11539708
2017-07-12,487.4750061035156,490.75,484.375,486.17498779296875,377.11639404296875,6275976
2017-07-13,488.625,491.7250061035156,482.04998779296875,488.5249938964844,378.9392395019531,5170392
2017-07-14,499.7250061035156,503.42498779296875,483.0249938964844,486.0249938964844,377.0,22478180
2017-07-17,487.5,496.0,487.0,492.0249938964844,381.654052734375,7698250
2017-07-18,493.0249938964844,502.3999938964844,490.54998779296875,492.79998779296875,382.2552795410156,8260180
2017-07-19,490.7250061035156,494.32501220703125,484.54998779296875,489.92498779296875,380.0251770019531,5890278
2017-07-20,489.6499938964844,489.92498779296875,483.4750061035156,484.7250061035156,375.9916687011719,6809740
2017-07-21,486.5,491.2749938964844,485.70001220703125,490.04998779296875,380.1221618652344,5980754
2017-07-24,491.75,497.0,491.29998779296875,495.2749938964844,384.1750793457031,6129176
2017-07-25,495.0,499.5,493.1000061035156,496.92498779296875,385.4549865722656,7145614
2017-07-26,499.04998779296875,499.5,495.20001220703125,497.0249938964844,385.53253173828125,6870024
2017-07-27,498.0,502.0,483.3999938964844,485.5249938964844,376.6122131347656,12676852
2017-07-28,488.0,501.5,481.1499938964844,498.67498779296875,386.81231689453125,11098428
2017-07-31,495.95001220703125,510.8500061035156,493.375,505.6000061035156,392.18402099609375,19158248
2017-08-01,505.5,508.5,499.17498779296875,502.7749938964844,389.9927062988281,7689398
2017-08-02,503.0,506.375,493.6000061035156,496.67498779296875,385.2610168457031,4257584
2017-08-03,495.5,499.375,490.125,492.0,381.6347351074219,4640348
2017-08-04,494.0,494.5,488.0249938964844,491.875,381.5378112792969,5349018
2017-08-07,491.75,491.875,482.8500061035156,484.125,375.5262145996094,6073744
2017-08-08,484.25,485.125,477.5249938964844,481.92498779296875,373.81976318359375,6004648
2017-08-09,483.82501220703125,486.95001220703125,482.2749938964844,484.67498779296875,375.9528503417969,3922410
2017-08-10,484.95001220703125,493.75,484.67498779296875,490.625,380.5682067871094,9140684
2017-08-11,488.0,498.5,484.79998779296875,493.8500061035156,383.06976318359375,6544156
2017-08-14,494.0,494.6000061035156,488.57501220703125,490.7250061035156,380.645751953125,3816470
2017-08-16,491.0,493.04998779296875,484.5,487.6000061035156,378.22174072265625,6178080
2017-08-17,502.5,514.625,499.0249938964844,510.42498779296875,395.9266052246094,25784260
2017-08-18,508.95001220703125,508.95001220703125,442.1000061035156,461.625,358.07342529296875,164404960
2017-08-21,462.0,462.0,435.0,436.70001220703125,338.7396545410156,90407176
2017-08-22,447.6000061035156,448.5249938964844,430.0,437.70001220703125,339.5153503417969,49242598
2017-08-23,440.0,451.8500061035156,436.95001220703125,446.3999938964844,346.2637023925781,61284190
2017-08-24,455.0,459.125,451.17498779296875,456.07501220703125,353.76837158203125,42380524
2017-08-28,471.9750061035156,476.9750061035156,469.0,470.5,364.9576110839844,40712108
2017-08-29,470.7250061035156,471.0,462.7749938964844,463.7250061035156,359.7023620605469,13369392
2017-08-30,468.6000061035156,469.5,462.04998779296875,463.32501220703125,359.3921203613281,16149664
2017-08-31,464.3999938964844,464.4750061035156,456.45001220703125,457.4750061035156,354.8544006347656,15022452
2017-09-01,457.9750061035156,462.95001220703125,455.0,459.9750061035156,356.79351806640625,8433922
2017-09-04,460.5,460.54998779296875,446.75,450.1000061035156,349.1336975097656,10177108
2017-09-05,451.0,452.5,448.625,450.95001220703125,349.7929992675781,9783392
2017-09-06,450.0,450.1499938964844,445.0,447.79998779296875,347.3496398925781,7735910
2017-09-07,450.0,450.25,446.17498779296875,447.875,347.4079284667969,6241192
2017-09-08,449.5,449.5,441.04998779296875,442.1499938964844,342.96710205078125,8604542
2017-09-11,445.20001220703125,445.8999938964844,436.82501220703125,439.3500061035156,340.7951965332031,13787642
2017-09-12,441.2749938964844,443.875,439.3999938964844,442.0249938964844,342.8700866699219,17241354
2017-09-13,442.75,443.79998779296875,440.5,441.875,342.7536926269531,11478228
2017-09-14,442.25,448.29998779296875,440.79998779296875,446.20001220703125,346.1086120605469,13698006
2017-09-15,446.1499938964844,456.625,446.1000061035156,454.125,352.2558898925781,13459460
2017-09-18,455.0,458.875,453.1499938964844,454.54998779296875,352.5854797363281,8475860
2017-09-19,454.0,458.0,451.75,456.125,353.80718994140625,6033330
2017-09-20,458.5,458.5,453.7250061035156,456.3500061035156,353.9817810058594,5767830
2017-09-21,457.5,457.625,454.07501220703125,454.7749938964844,352.76007080078125,8204152
2017-09-22,454.07501220703125,455.125,444.0,449.1499938964844,348.3968811035156,17604088
2017-09-25,450.5,450.9750061035156,444.54998779296875,447.67498779296875,347.252685546875,9088700
2017-09-26,448.5,454.20001220703125,447.1499938964844,452.95001220703125,351.34442138671875,7366478
2017-09-27,453.04998779296875,453.95001220703125,447.54998779296875,449.8999938964844,348.97857666015625,6000138
2017-09-28,448.04998779296875,451.95001220703125,447.1499938964844,448.0,347.5047912597656,17537266
2017-09-29,449.0,451.20001220703125,447.5,449.95001220703125,349.0173645019531,5705832
2017-10-03,455.04998779296875,456.0,450.79998779296875,451.7749938964844,350.4329528808594,4947522
2017-10-04,451.5,452.70001220703125,448.57501220703125,449.79998779296875,348.9010314941406,4991492
2017-10-05,450.0,452.4750061035156,449.5,451.5249938964844,350.23907470703125,8611300
2017-10-06,452.0,461.0,451.9750061035156,460.07501220703125,356.87115478515625,8574308
2017-10-09,460.0,464.5,457.0,461.95001220703125,358.3255615234375,3504832
2017-10-10,469.9750061035156,469.9750061035156,464.7749938964844,467.7250061035156,362.8050842285156,7143220
2017-10-11,467.7250061035156,469.0,464.0,465.3500061035156,360.962890625,5982504
2017-10-12,465.0,467.17498779296875,459.7749938964844,463.6499938964844,359.6441650390625,10280972
2017-10-13,466.3999938964844,466.75,463.7749938964844,465.04998779296875,360.7301940917969,7180728
2017-10-16,467.9750061035156,471.0,466.5,469.5,364.1819152832031,5758750
2017-10-17,468.3999938964844,468.3999938964844,464.75,465.25,360.88531494140625,5625102
2017-10-18,464.45001220703125,465.0,461.4750061035156,462.17498779296875,358.5000915527344,7231852
2017-10-19,465.0,466.0,462.6000061035156,463.4750061035156,359.5085144042969,1091434
2017-10-23,465.0,471.0,464.04998779296875,469.75,364.3757629394531,9154096
2017-10-24,473.0,473.32501220703125,460.79998779296875,463.25,359.3339538574219,14529328
2017-10-25,459.5,472.3500061035156,457.625,467.6499938964844,362.7468566894531,13984134
2017-10-26,471.0,475.8999938964844,470.04998779296875,473.67498779296875,367.42034912109375,33659258
2017-10-27,477.5,478.8500061035156,472.0,473.17498779296875,367.0325012207031,8524956
2017-10-30,477.32501220703125,477.32501220703125,470.5249938964844,472.04998779296875,366.1598815917969,12968326
2017-10-31,462.5,465.0,460.0,460.92498779296875,362.52227783203125,9954988
2017-11-01,462.5,464.70001220703125,461.6499938964844,463.5249938964844,364.5672607421875,5633134
2017-11-02,461.5249938964844,463.0,460.0,461.45001220703125,362.93524169921875,4686138
2017-11-03,458.5,464.95001220703125,458.4750061035156,463.32501220703125,364.4099426269531,3699086
2017-11-06,461.57501220703125,467.5,461.32501220703125,464.3500061035156,365.21612548828125,5066534
2017-11-07,463.125,480.0,462.92498779296875,477.75,375.75531005859375,13442820
2017-11-08,480.125,480.92498779296875,473.75,476.1499938964844,374.49688720703125,5369994
2017-11-09,476.5,481.5,474.125,477.25,375.362060546875,4723232
2017-11-10,479.3999938964844,482.17498779296875,475.0,481.0249938964844,378.3312072753906,6589428
2017-11-13,481.0249938964844,484.70001220703125,474.67498779296875,475.9750061035156,374.35931396484375,5021216
2017-11-14,475.9750061035156,477.42498779296875,471.625,474.54998779296875,373.2384948730469,5733710
2017-11-15,472.57501220703125,476.75,472.25,475.8999938964844,374.3002624511719,7023516
2017-11-16,475.8999938964844,497.95001220703125,474.25,494.20001220703125,388.6934814453125,15687502
2017-11-17,492.75,492.75,482.57501220703125,485.4750061035156,381.8310852050781,8057670
2017-11-20,484.5,485.5,478.625,480.2749938964844,377.7412414550781,5661190
2017-11-21,480.6499938964844,485.75,480.0249938964844,483.125,379.9827880859375,5364656
2017-11-22,483.29998779296875,485.5249938964844,481.6499938964844,483.1499938964844,380.0025329589844,6084920
2017-11-23,485.75,497.2250061035156,484.5,495.625,389.8141784667969,11894618
2017-11-24,495.45001220703125,509.6499938964844,495.1000061035156,504.7749938964844,397.0107116699219,18619912
2017-11-27,503.3500061035156,503.3500061035156,496.6499938964844,499.375,392.7636413574219,6017730
2017-11-28,497.20001220703125,499.95001220703125,490.6499938964844,492.3500061035156,387.2384033203125,4616868
2017-11-29,493.82501220703125,495.9750061035156,490.1499938964844,491.3500061035156,386.4518127441406,3838070
2017-11-30,494.7250061035156,494.7250061035156,484.17498779296875,488.04998779296875,383.85638427734375,17266944
2017-12-01,489.70001220703125,491.6000061035156,478.5249938964844,479.3999938964844,377.0531005859375,4085000
2017-12-04,490.0,498.3999938964844,484.2749938964844,492.67498779296875,387.4939880371094,17811606
2017-12-05,492.67498779296875,501.5,489.5,492.17498779296875,387.100830078125,9976738
2017-12-06,492.5,497.04998779296875,492.0,495.1499938964844,389.44061279296875,7490094
2017-12-07,494.5,501.45001220703125,492.79998779296875,499.8999938964844,393.176513671875,7549544
2017-12-08,500.5,503.5,497.5,500.92498779296875,393.9828186035156,5983244
2017-12-11,497.4750061035156,503.45001220703125,496.9750061035156,502.6499938964844,395.3394470214844,5139098
2017-12-12,501.0,507.0,501.0,505.25,397.3844299316406,9320434
2017-12-13,505.45001220703125,509.5,498.82501220703125,501.875,394.72991943359375,5362398
2017-12-14,502.625,507.5,499.6499938964844,506.54998779296875,398.40679931640625,6023572
2017-12-15,506.5,513.2000122070312,505.92498779296875,511.45001220703125,402.2607727050781,10384134
2017-12-18,505.95001220703125,515.3499755859375,502.8999938964844,508.29998779296875,399.7831726074219,4035448
2017-12-19,508.7250061035156,508.9750061035156,499.7749938964844,501.9750061035156,394.8085632324219,7118898
2017-12-20,502.54998779296875,509.29998779296875,500.5,507.92498779296875,399.4883117675781,4186326
2017-12-21,507.3999938964844,514.4749755859375,499.20001220703125,511.0249938964844,401.9264831542969,11059162
2017-12-22,508.0,522.4000244140625,508.0,519.6749877929688,408.7297668457031,12906940
2017-12-26,515.0,520.75,511.5,517.7999877929688,407.2550964355469,10808906
2017-12-27,514.0,519.5499877929688,513.7000122070312,517.125,406.7242126464844,6970172
2017-12-28,515.0,520.0,511.8999938964844,516.625,406.3309020996094,8433472
2017-12-29,515.0499877929688,524.4000244140625,515.0,521.0250244140625,409.79156494140625,6601768
2018-01-01,518.8499755859375,522.25,515.0,516.7750244140625,406.4489440917969,5431340
2018-01-02,518.625,521.0,511.5,514.8499755859375,404.93487548828125,6112248
2018-01-03,514.25,515.7999877929688,509.29998779296875,510.6499938964844,401.631591796875,6846552
2018-01-04,510.5,510.5,504.79998779296875,507.70001220703125,399.3113098144531,8947614
2018-01-05,507.6499938964844,513.2000122070312,503.0,506.0,397.9742736816406,11025976
2018-01-08,512.4500122070312,519.5,510.0249938964844,518.0250244140625,407.4320983886719,5594690
2018-01-09,520.0,522.4500122070312,514.4500122070312,520.6749877929688,409.51629638671875,9948236
2018-01-10,523.4000244140625,528.0,516.5250244140625,526.125,413.8027648925781,9468634
2018-01-11,527.625,541.7000122070312,527.625,537.9000244140625,423.06402587890625,16775298
2018-01-12,542.9000244140625,542.9500122070312,535.2750244140625,539.2249755859375,424.1060485839844,18016528
2018-01-15,540.0,546.4749755859375,532.5499877929688,540.5750122070312,425.16796875,10649250
2018-01-16,540.625,567.4000244140625,540.625,561.4249877929688,441.5665283203125,22646966
2018-01-17,562.4249877929688,580.9000244140625,561.5,576.0499877929688,453.0693664550781,26154088
2018-01-18,572.5,582.4500122070312,566.0499877929688,576.3499755859375,453.3052062988281,13204970
2018-01-19,572.5,573.9500122070312,568.0,571.7249755859375,449.6676940917969,5988278
2018-01-22,566.0750122070312,578.4749755859375,566.0,575.0,452.24346923828125,9650214
2018-01-23,577.5,594.0,577.5,588.5499877929688,462.90069580078125,15403796
2018-01-24,587.4000244140625,610.5250244140625,583.75,592.9000244140625,466.3219909667969,20604718
2018-01-25,591.0,591.7000122070312,581.125,587.7000122070312,462.2322082519531,13548914
2018-01-29,583.2750244140625,598.125,582.5999755859375,591.4500122070312,465.1815490722656,10823002
2018-01-30,589.4500122070312,591.5499877929688,581.3499755859375,585.3250122070312,460.3642272949219,8628312
2018-01-31,579.5750122070312,583.2999877929688,571.0750122070312,575.125,452.3418273925781,9213698
2018-02-01,571.0999755859375,578.9500122070312,559.2750244140625,572.2999877929688,450.1198425292969,13005454
2018-02-02,567.625,581.4500122070312,565.0499877929688,571.625,449.5889587402344,10244486
2018-02-05,570.0,577.4249877929688,567.9249877929688,569.0999755859375,447.60302734375,9860220
2018-02-06,549.9749755859375,564.1749877929688,547.5750122070312,553.875,435.6284484863281,10552078
2018-02-07,558.0,562.4000244140625,551.7750244140625,554.5250244140625,436.13970947265625,8342056
2018-02-08,561.4000244140625,573.2000122070312,558.2750244140625,567.125,446.04974365234375,8807244
2018-02-09,559.0,560.1500244140625,553.0,554.5750122070312,436.17901611328125,4382690
2018-02-12,557.4000244140625,560.2999877929688,548.9000244140625,551.4000244140625,433.6818542480469,6291972
2018-02-14,553.0,558.6500244140625,545.0999755859375,548.875,431.6959533691406,8345712
2018-02-15,551.5,564.8499755859375,551.5,557.2249755859375,438.2632751464844,7986736
2018-02-16,562.5,570.8250122070312,559.0499877929688,564.0250244140625,443.6114807128906,9889222
2018-02-19,564.2000122070312,568.0,560.1500244140625,565.875,445.06658935546875,6461840
2018-02-20,551.875,574.75,551.875,568.4749755859375,447.1114196777344,7188594
2018-02-21,573.75,575.9500122070312,570.0,573.7000122070312,451.2210388183594,13771358
2018-02-22,572.7750244140625,582.0,570.2249755859375,580.375,456.4710998535156,17859974
2018-02-23,581.75,583.0,573.375,577.8250122070312,454.46539306640625,9459828
2018-02-26,575.5,577.5250244140625,567.1749877929688,569.2999877929688,447.76031494140625,5083608
2018-02-27,572.4749755859375,576.8250122070312,562.8250122070312,575.0999755859375,452.3221130371094,6616026
2018-02-28,573.7999877929688,594.75,571.2750244140625,586.2999877929688,461.13104248046875,17268416
2018-03-01,584.7999877929688,584.7999877929688,578.0250244140625,580.375,456.4710998535156,6579852
2018-03-05,580.375,585.4000244140625,571.625,577.9500122070312,454.563720703125,8101456
2018-03-06,581.2750244140625,582.7000122070312,571.7999877929688,575.6749877929688,452.7744445800781,6689734
2018-03-07,577.5,580.0,569.0250244140625,572.0499877929688,449.9233093261719,6370416
2018-03-08,574.5,582.9000244140625,574.5,578.3250122070312,454.8585510253906,6093014
2018-03-09,581.1749877929688,583.0,577.7750244140625,581.7000122070312,457.5131530761719,4220964
2018-03-12,588.0,595.9249877929688,585.875,592.875,466.3023681640625,7676970
2018-03-13,590.0999755859375,598.5,587.5750122070312,591.9000244140625,465.53546142578125,8581052
2018-03-14,590.0,595.2999877929688,584.5499877929688,590.4000244140625,464.3557434082031,4429710
2018-03-15,590.0,594.2000122070312,586.0,591.25,465.02447509765625,6101500
2018-03-16,591.0,591.2000122070312,584.625,585.9500122070312,460.8558044433594,17954826
2018-03-19,582.0,590.25,571.3250122070312,573.375,450.96539306640625,7526620
2018-03-20,574.2999877929688,585.0,574.2999877929688,582.2750244140625,457.96533203125,8553766
2018-03-21,585.0,587.75,581.0999755859375,583.75,459.1253967285156,7692994
2018-03-22,582.25,588.7249755859375,577.6500244140625,580.6500244140625,456.687255859375,6813168
2018-03-23,573.5,586.9000244140625,571.1749877929688,583.7999877929688,459.1647033691406,12008084
2018-03-26,583.4500122070312,583.4500122070312,572.0,577.625,454.3081359863281,8930722
2018-03-27,580.0,580.6500244140625,575.0499877929688,577.0,453.81646728515625,3802088
2018-03-28,575.375,575.375,563.125,565.9000244140625,445.0862731933594,12558322
2018-04-02,570.5,574.7750244140625,560.6500244140625,568.5750122070312,447.19012451171875,8072702
2018-04-03,567.3499755859375,571.7750244140625,564.0499877929688,570.2249755859375,448.48785400390625,4077168
2018-04-04,572.0,572.2750244140625,560.0,562.0999755859375,442.09759521484375,4813302
2018-04-05,569.7750244140625,575.6500244140625,564.5499877929688,573.7750244140625,451.2800598144531,7763544
2018-04-06,571.5,573.0,561.0499877929688,563.5,443.1986389160156,5937742
2018-04-09,562.5,562.9000244140625,553.2750244140625,555.625,437.0047912597656,7202882
2018-04-10,556.0,562.25,552.7000122070312,556.7000122070312,437.85028076171875,8926058
2018-04-11,559.0,565.75,558.25,562.125,442.1171875,9025574
2018-04-12,564.7249755859375,586.375,562.5,581.2999877929688,457.198486328125,17044366
2018-04-13,587.0,592.9500122070312,575.125,585.7249755859375,460.67877197265625,21227038
2018-04-16,551.0,570.0,551.0,566.5999755859375,445.6368713378906,24745084
2018-04-17,563.5,563.7000122070312,557.5,562.5999755859375,442.49078369140625,10397940
2018-04-18,561.4249877929688,567.375,556.9249877929688,562.9749755859375,442.7857360839844,10430380
2018-04-19,562.0,569.9000244140625,561.5499877929688,566.4249877929688,445.4991455078125,8525542
2018-04-20,569.5,596.8499755859375,568.4749755859375,589.2249755859375,463.431640625,24272692
2018-04-23,584.0,607.2000122070312,577.625,593.8499755859375,467.0691833496094,21830638
2018-04-24,592.5,598.2000122070312,575.0499877929688,577.25,454.0130920410156,8526216
2018-04-25,576.0,585.5,572.5999755859375,580.1749877929688,456.31365966796875,11594178
2018-04-26,587.0,590.8250122070312,580.0,588.2249755859375,462.64508056640625,11302084
2018-04-27,590.0,595.7999877929688,587.0999755859375,592.5999755859375,466.0860900878906,7663370
2018-04-30,590.8499755859375,603.9749755859375,590.3250122070312,599.75,471.70953369140625,5511678
2018-05-02,599.4500122070312,600.7999877929688,590.5,598.5250244140625,470.74615478515625,10295042
2018-05-03,598.625,602.3499755859375,588.0499877929688,591.2750244140625,465.0439453125,5332230
2018-05-04,592.5,593.0,577.5,586.5499877929688,461.32769775390625,6023368
2018-05-07,590.625,595.0,587.75,591.5,465.2208557128906,4638960
2018-05-08,588.9500122070312,588.9500122070312,580.5250244140625,582.7750244140625,458.3586120605469,5718556
2018-05-09,583.75,588.4500122070312,581.5,585.3499755859375,460.38385009765625,3783504
2018-05-10,588.0,591.5,581.4249877929688,584.0,459.32208251953125,3182862
2018-05-11,586.1500244140625,591.5999755859375,583.0250244140625,590.375,464.3360290527344,3311706
2018-05-14,592.1749877929688,595.75,585.0,594.6500244140625,467.6983947753906,4432094
2018-05-15,594.0499877929688,604.0,594.0499877929688,597.2750244140625,469.7630310058594,5611974
2018-05-16,593.625,599.0,592.25,594.9749755859375,467.9540710449219,6205004
2018-05-17,598.0,598.7249755859375,586.7750244140625,591.4500122070312,465.1815490722656,9519598
2018-05-18,591.5,593.2750244140625,586.5,591.5999755859375,465.29949951171875,7139660
2018-05-21,589.7750244140625,594.2000122070312,585.0,589.75,463.8446350097656,8475320
2018-05-22,587.5,599.0,586.9500122070312,596.9249877929688,469.4877624511719,5636804
2018-05-23,597.5,603.8250122070312,590.75,592.4500122070312,465.9681091308594,9538442
2018-05-24,599.0,613.7750244140625,599.0,610.5,480.16461181640625,9740570
2018-05-25,615.0499877929688,624.3250122070312,610.4000244140625,614.1500244140625,483.0353698730469,8901438
2018-05-28,615.5,616.2999877929688,603.0,607.2000122070312,477.5691833496094,5739794
2018-05-29,607.0250244140625,613.2750244140625,603.0999755859375,608.3499755859375,478.4735107421875,3388934
2018-05-30,608.5,614.375,602.7999877929688,605.8499755859375,476.5072937011719,6323066
2018-05-31,605.8499755859375,621.0,605.125,615.9000244140625,484.4117126464844,19720340
2018-06-01,615.2000122070312,623.125,608.5999755859375,610.4000244140625,480.0860290527344,4998356
2018-06-04,610.5499877929688,621.5,606.0,619.7000122070312,487.4003601074219,4270156
2018-06-05,621.0,621.0,608.5,610.4249877929688,480.1056213378906,4710862
2018-06-06,612.5999755859375,620.7750244140625,610.0250244140625,618.7249755859375,486.6336364746094,4038184
2018-06-07,619.0,629.0,619.0,626.2249755859375,492.5324401855469,6676226
2018-06-08,624.0,631.0,623.0250244140625,630.0250244140625,495.5212097167969,6459878
2018-06-11,632.7750244140625,635.0,627.5250244140625,631.2000122070312,496.44537353515625,5171290
2018-06-12,632.875,635.625,625.2249755859375,629.25,494.9116516113281,7839820
2018-06-13,633.4000244140625,642.0,633.4000244140625,637.4000244140625,501.3217468261719,5766928
2018-06-14,626.5,626.5,617.0499877929688,619.8499755859375,499.4683532714844,7598848
2018-06-15,618.5,645.75,617.5,640.625,516.2086791992188,19957760
2018-06-18,642.0,645.625,631.1749877929688,633.7000122070312,510.6285400390625,8214846
2018-06-19,631.5,631.7000122070312,619.0250244140625,620.7999877929688,500.2339172363281,7545700
2018-06-20,624.25,626.1749877929688,619.0,621.5750122070312,500.8584289550781,5371802
2018-06-21,622.9749755859375,628.25,618.0,623.2750244140625,502.22821044921875,5798790
2018-06-22,621.5,627.75,620.5999755859375,623.9249877929688,502.75201416015625,4343118
2018-06-25,628.5750122070312,639.4000244140625,627.0,636.2249755859375,512.6632080078125,7731178
2018-06-26,634.5,641.9500122070312,633.125,638.9249877929688,514.8388061523438,4483504
2018-06-27,641.9749755859375,646.7249755859375,632.7999877929688,635.0,511.676025390625,6952142
2018-06-28,638.1500244140625,649.0,638.125,644.7999877929688,519.5728759765625,10996818
2018-06-29,649.0250244140625,657.5,641.625,653.5999755859375,526.6637573242188,9966600
2018-07-02,657.0,670.0,657.0,667.3499755859375,537.7433471679688,4830144
2018-07-03,665.9500122070312,678.9500122070312,665.875,676.875,545.4185180664062,8127452
2018-07-04,676.0250244140625,676.3250122070312,669.4249877929688,672.5999755859375,541.9737548828125,5025722
2018-07-05,673.5499877929688,673.625,634.0499877929688,642.0,517.3167114257812,17019902
2018-07-06,645.125,650.9249877929688,634.5,642.125,517.41748046875,11215356
2018-07-09,648.5,651.5,639.5250244140625,649.4249877929688,523.2997436523438,6644998
2018-07-10,654.25,657.7249755859375,647.1500244140625,650.7000122070312,524.3270874023438,5974488
2018-07-11,658.7750244140625,671.0499877929688,645.6749877929688,660.2249755859375,532.0022583007812,11899832
2018-07-12,663.0499877929688,663.5499877929688,642.2249755859375,647.1749877929688,521.4865112304688,13272240
2018-07-13,657.5,665.7999877929688,649.1749877929688,658.7000122070312,530.7733764648438,19496158
2018-07-16,658.7000122070312,692.2000122070312,643.8499755859375,666.4249877929688,536.9981079101562,35344680
2018-07-17,664.8499755859375,674.75,656.3499755859375,663.9500122070312,535.003662109375,11161690
2018-07-18,669.9000244140625,671.7000122070312,657.0,661.2750244140625,532.8482666015625,6919016
2018-07-19,661.5,665.9500122070312,654.5499877929688,658.3499755859375,530.4913330078125,5118864
2018-07-20,663.0,683.5750122070312,660.6500244140625,674.0499877929688,543.14208984375,11705738
2018-07-23,676.0750122070312,684.0,668.125,677.9749755859375,546.3049926757812,7675702
2018-07-24,687.2000122070312,691.2000122070312,678.0,688.5750122070312,554.84619140625,6172246
2018-07-25,689.5,696.9000244140625,682.7249755859375,691.875,557.5053100585938,6936922
2018-07-26,689.2750244140625,695.2000122070312,684.5999755859375,686.625,553.2750854492188,7362218
2018-07-27,686.5999755859375,694.5,684.1500244140625,686.7249755859375,553.35546875,6493232
2018-07-30,685.0,686.5,674.0,675.5,544.3106079101562,6409970
2018-07-31,674.2750244140625,685.0,667.7750244140625,682.5499877929688,549.991455078125,7943996
2018-08-01,681.9000244140625,684.2249755859375,675.5,677.0250244140625,545.5394287109375,4675706
2018-08-02,679.7999877929688,683.375,675.0750122070312,676.8250122070312,545.3782348632812,5940742
2018-08-03,683.0999755859375,683.0999755859375,678.0,682.0499877929688,549.5885009765625,3970390
2018-08-06,683.0250244140625,687.5,673.75,680.3250122070312,548.198486328125,6178930
2018-08-07,687.0,689.9749755859375,680.3250122070312,683.9749755859375,551.1397094726562,7351528
2018-08-08,685.9000244140625,686.25,676.6500244140625,681.375,549.044677734375,3992358
2018-08-09,686.8250122070312,694.7249755859375,686.8250122070312,689.9749755859375,555.974365234375,6409524
2018-08-10,692.9000244140625,694.5,686.5250244140625,692.7249755859375,558.190185546875,4779520
2018-08-13,695.0,704.9249877929688,689.3499755859375,704.375,567.5776977539062,9979746
2018-08-14,706.9749755859375,712.2750244140625,702.0,704.1500244140625,567.3964233398438,6151320
2018-08-16,707.4749755859375,717.4500122070312,705.625,714.7750244140625,575.9578857421875,6626774
2018-08-17,715.4500122070312,718.8250122070312,711.5,715.1749877929688,576.2802124023438,6390408
2018-08-20,694.0,703.9749755859375,686.75,692.125,557.7068481445312,16101876
2018-08-21,695.0,698.0,686.875,691.9749755859375,557.5859985351562,8361482
2018-08-23,696.5,700.75,692.6749877929688,698.7000122070312,563.0049438476562,7717182
2018-08-24,698.25,700.9500122070312,688.0499877929688,689.1500244140625,555.3095703125,7053000
2018-08-27,691.5,709.9749755859375,690.7000122070312,707.7000122070312,570.2569580078125,7012950
2018-08-28,708.5999755859375,719.2000122070312,705.75,712.3499755859375,574.0040283203125,6496890
2018-08-29,716.7999877929688,716.7999877929688,702.5750122070312,705.0499877929688,568.12158203125,5646496
2018-08-30,706.4000244140625,710.7750244140625,698.0750122070312,708.0999755859375,570.5794067382812,11507962
2018-08-31,712.5499877929688,727.1500244140625,710.5499877929688,720.5499877929688,580.6112670898438,10875864
2018-09-03,724.5,733.9500122070312,715.0,717.125,577.8516845703125,10976328
2018-09-04,722.0,748.5,716.0,737.1500244140625,593.9874877929688,15370124
2018-09-05,741.9500122070312,744.0499877929688,725.4000244140625,729.9000244140625,588.1455078125,8658978
2018-09-06,732.5499877929688,735.5,724.0999755859375,727.1500244140625,585.9295654296875,5598659
2018-09-07,734.3499755859375,735.1500244140625,723.7999877929688,732.7999877929688,590.4822998046875,6510605
2018-09-10,737.75,747.0,729.4000244140625,730.8499755859375,588.9110107421875,5629871
2018-09-11,735.9000244140625,744.75,732.0,734.2999877929688,591.6909790039062,6963561
2018-09-12,744.4000244140625,746.5,736.25,742.9000244140625,598.620849609375,4636617
2018-09-14,741.9000244140625,745.0,729.0499877929688,733.7000122070312,591.2074584960938,7896514
2018-09-17,735.0,740.0,724.5999755859375,725.9500122070312,584.962646484375,5427054
2018-09-18,730.0,730.0,717.0,719.0999755859375,579.44287109375,7729732
2018-09-19,727.0,727.0,713.2000122070312,719.75,579.9667358398438,4849498
2018-09-21,713.8499755859375,717.4000244140625,692.0,705.2999877929688,568.3231201171875,14350769
2018-09-24,706.5,729.9500122070312,706.5,718.25,578.7581176757812,8637881
2018-09-25,718.25,736.0,717.0,726.2000122070312,585.1641845703125,9602273
2018-09-26,731.2000122070312,731.8499755859375,712.0,717.8499755859375,578.4356689453125,6599606
2018-09-27,722.0,730.7999877929688,717.4500122070312,724.7999877929688,584.0360107421875,14592616
2018-09-28,721.0,734.5499877929688,715.2000122070312,730.0499877929688,588.2662963867188,7490031
2018-10-01,737.5,754.9000244140625,733.0,746.6500244140625,601.6424560546875,8252398
2018-10-03,743.7999877929688,751.9500122070312,726.2999877929688,728.5,587.0174560546875,7792464
2018-10-04,728.5,729.75,702.5,707.2000122070312,569.8541259765625,6173037
2018-10-05,713.0,731.5,709.2999877929688,724.5999755859375,583.8749389648438,8543578
2018-10-08,725.0499877929688,728.7000122070312,709.25,714.4500122070312,575.6961059570312,7259306
2018-10-09,717.0999755859375,722.4000244140625,702.6500244140625,717.75,578.3551025390625,6777212
2018-10-10,719.9000244140625,719.9000244140625,695.4000244140625,700.4500122070312,564.4150390625,8866251
2018-10-11,685.0,692.9000244140625,663.2999877929688,673.3499755859375,542.5782470703125,10985897
2018-10-12,676.4000244140625,684.0499877929688,661.5,678.7999877929688,546.9696044921875,8909221
2018-10-15,688.5999755859375,705.0,681.5,698.7999877929688,563.08544921875,6222176
2018-10-16,710.0,713.9000244140625,689.4000244140625,695.25,560.224853515625,11588963
2018-10-17,710.0,721.7999877929688,701.3499755859375,705.3499755859375,568.36328125,20360697
2018-10-19,687.0,687.7000122070312,678.0,683.5499877929688,550.7970581054688,10421001
2018-10-22,688.7000122070312,695.0499877929688,673.7999877929688,679.9500122070312,547.8963623046875,6672840
2018-10-23,675.9500122070312,682.0,653.2999877929688,657.5999755859375,529.8869018554688,9041701
2018-10-24,663.0,666.5,647.1500244140625,649.7999877929688,523.601806640625,7058164
2018-10-25,643.0,656.3499755859375,636.25,648.75,528.4484252929688,8270469
2018-10-26,645.2999877929688,648.7000122070312,629.9000244140625,633.5999755859375,516.1077880859375,5464141
2018-10-29,633.7000122070312,650.5499877929688,631.5,644.75,525.190185546875,7137446
2018-10-30,641.0999755859375,663.7999877929688,637.4500122070312,659.5999755859375,537.2864990234375,8793411
2018-10-31,663.9000244140625,692.9500122070312,663.0499877929688,686.4000244140625,559.1168212890625,11947995
2018-11-01,689.7000122070312,689.7000122070312,659.5999755859375,666.7000122070312,543.0697631835938,5860244
2018-11-02,665.9500122070312,675.7999877929688,660.0999755859375,662.25,539.445068359375,6654067
2018-11-05,663.5,668.5999755859375,657.0,666.0,542.4996948242188,5799426
2018-11-06,667.9000244140625,675.0,660.6500244140625,666.4500122070312,542.8662109375,6975525
2018-11-07,673.0,677.5,672.0,675.5,550.238037109375,758956
2018-11-09,679.0,679.0,655.5,659.5,537.2050170898438,9694143
2018-11-12,666.0,676.4000244140625,662.2999877929688,664.2000122070312,541.033447265625,7118080
2018-11-13,663.5,667.75,656.2999877929688,665.7000122070312,542.25537109375,4137808
2018-11-14,665.7000122070312,665.7000122070312,640.5,653.2000122070312,532.0731811523438,7323026
2018-11-15,654.0,666.0,646.7000122070312,656.4000244140625,534.6798706054688,5513390
2018-11-16,659.9000244140625,662.5,644.2000122070312,650.8499755859375,530.1590576171875,8583785
2018-11-19,659.0,662.0,649.25,651.7000122070312,530.851318359375,6018930
2018-11-20,651.7000122070312,656.0,640.0999755859375,641.4000244140625,522.46142578125,5384830
2018-11-21,640.0,640.0499877929688,612.0999755859375,619.0999755859375,504.2965087890625,14359086
2018-11-22,622.25,628.1500244140625,616.75,620.75,505.6407470703125,6632975
2018-11-26,621.0,628.0,599.8499755859375,621.4500122070312,506.2108154296875,15075209
2018-11-27,625.5,641.0,625.2999877929688,638.9000244140625,520.4249877929688,12285851
2018-11-28,640.9500122070312,668.7000122070312,640.0,666.4000244140625,542.8256225585938,17719890
2018-11-29,671.0,674.9000244140625,658.7999877929688,661.0499877929688,538.4675903320312,13399070
2018-11-30,661.0,672.0,660.9500122070312,667.4500122070312,543.6808471679688,10445773
2018-12-03,673.1500244140625,679.0,665.9500122070312,670.3499755859375,546.0429077148438,8260890
2018-12-04,672.5499877929688,688.25,671.2999877929688,685.25,558.1799926757812,7827923
2018-12-05,683.0,683.6500244140625,672.5,681.4000244140625,555.0438842773438,5177288
2018-12-06,676.0999755859375,685.4500122070312,664.5499877929688,668.5,544.5359497070312,8039771
2018-12-07,672.0,685.75,665.5999755859375,682.7999877929688,556.184326171875,5553948
2018-12-10,669.9000244140625,683.7999877929688,665.2000122070312,669.2000122070312,545.1063232421875,5121196
2018-12-11,669.2000122070312,681.9000244140625,660.5999755859375,674.5,549.4234619140625,7120933
2018-12-12,677.0999755859375,680.6500244140625,670.5999755859375,678.5,552.6817016601562,6926183
2018-12-13,682.0,700.0,680.0,697.75,568.362060546875,7521474
2018-12-14,697.4500122070312,713.7000122070312,694.4000244140625,706.0499877929688,575.1228637695312,9560576
2018-12-17,711.8499755859375,711.8499755859375,692.75,694.4000244140625,565.6332397460938,4778465
2018-12-18,686.5,686.5,674.5499877929688,676.5999755859375,551.1340942382812,8021298
2018-12-19,671.5499877929688,671.5499877929688,661.0999755859375,664.8499755859375,541.5628662109375,8295459
2018-12-20,660.0,671.5499877929688,656.4000244140625,667.0499877929688,543.3550415039062,11705260
2018-12-21,659.5,659.5,643.4500122070312,646.2000122070312,526.3712158203125,12802132
2018-12-24,657.0,658.7999877929688,647.5999755859375,649.0,528.6521606445312,8379825
2018-12-26,647.0,647.0,637.3499755859375,644.0499877929688,524.619873046875,6178552
2018-12-27,652.75,663.25,649.0,656.7999877929688,535.005615234375,15333902
2018-12-28,663.3499755859375,663.5,653.2999877929688,656.9500122070312,535.1278686523438,4736598
2018-12-31,660.0,662.0,655.7999877929688,658.9500122070312,536.7569580078125,3373319
2019-01-01,660.9500122070312,666.2999877929688,654.1500244140625,665.0499877929688,541.725830078125,2943390
2019-01-02,666.0,674.0,662.0499877929688,669.0499877929688,544.9839477539062,7416655
2019-01-03,672.0,677.0,663.0999755859375,669.1500244140625,545.0655517578125,6827249
2019-01-04,671.75,673.9000244140625,651.0,661.0499877929688,538.4675903320312,7889310
2019-01-07,665.0,673.5999755859375,661.5,671.7000122070312,547.1427001953125,8046340
2019-01-08,674.9500122070312,677.4500122070312,668.5499877929688,670.0499877929688,545.798583984375,8621545
2019-01-09,686.2000122070312,689.7999877929688,664.0,676.0999755859375,550.7266845703125,18130292
2019-01-10,681.5999755859375,682.0,672.5499877929688,679.7000122070312,553.6591796875,9572493
2019-01-11,680.2000122070312,685.5,672.5,683.5,556.7545776367188,12281903
2019-01-14,707.0,710.2000122070312,695.9500122070312,701.9000244140625,571.7425537109375,19312937
2019-01-15,707.2000122070312,730.0,707.2000122070312,726.5999755859375,591.8621826171875,19671304
2019-01-16,729.9000244140625,737.7999877929688,728.5,736.7999877929688,600.1709594726562,9658944
2019-01-17,735.7999877929688,739.0,729.0999755859375,733.3499755859375,597.360595703125,6903771
2019-01-18,730.0,736.2000122070312,726.2999877929688,730.9500122070312,595.4056396484375,5902151
2019-01-21,738.2000122070312,751.0,734.0,745.0,606.8502197265625,8129422
2019-01-22,741.25,749.0,734.0,745.3499755859375,607.1353759765625,6723375
2019-01-23,742.3499755859375,742.5999755859375,729.2000122070312,731.6500244140625,595.9758911132812,7212099
2019-01-24,728.0999755859375,736.0999755859375,721.0,732.0,599.53857421875,7429783
2019-01-25,728.0,737.9000244140625,724.25,730.3499755859375,598.187255859375,5543112
2019-01-28,731.0,732.5999755859375,719.0,727.9500122070312,596.2215576171875,7944693
2019-01-29,725.5,732.8499755859375,716.5,727.9000244140625,596.1806030273438,6760819
2019-01-30,727.9000244140625,734.7999877929688,721.0999755859375,725.9000244140625,594.5426025390625,5763026
2019-01-31,726.0,751.2999877929688,726.0,749.5499877929688,613.9127807617188,13825233
2019-02-01,751.3499755859375,762.5,744.5,757.0499877929688,620.0556640625,6276585
2019-02-04,757.0,762.5,749.2000122070312,755.9000244140625,619.1138305664062,3945391
2019-02-05,747.0,759.9500122070312,747.0,754.8499755859375,618.2537841796875,4694366
2019-02-06,755.5499877929688,766.9500122070312,754.3499755859375,763.2999877929688,625.1746215820312,5880482
2019-02-07,763.0499877929688,769.4500122070312,761.0,764.0,625.7479858398438,3961797
2019-02-08,760.0,772.25,754.9000244140625,760.9000244140625,623.2089233398438,5915169
2019-02-11,766.9000244140625,768.75,759.0,762.7999877929688,624.7650756835938,5500216
2019-02-12,760.3499755859375,760.3499755859375,741.0,750.4500122070312,614.6500854492188,7310690
2019-02-14,751.0,753.0,737.25,740.0499877929688,606.1318969726562,4610535
2019-02-15,742.2999877929688,746.5,732.5999755859375,741.9500122070312,607.6880493164062,5586389
2019-02-18,742.3499755859375,747.6500244140625,736.0,741.0499877929688,606.9510498046875,5346825
2019-02-19,739.0999755859375,740.5499877929688,721.2999877929688,724.2999877929688,593.2319946289062,9401334
2019-02-20,727.0,743.0,726.0499877929688,740.7000122070312,606.6642456054688,5210675
2019-02-21,738.0,738.0,727.0999755859375,733.4500122070312,600.7261962890625,7202786
2019-02-22,732.5,738.2000122070312,728.0,734.9500122070312,601.9547729492188,3750833
2019-02-25,735.5499877929688,758.0,735.5499877929688,754.9000244140625,618.294677734375,6547552
2019-02-26,748.5999755859375,752.5999755859375,740.1500244140625,742.5,608.1386108398438,8319610
2019-02-27,745.0,746.4000244140625,732.75,735.25,602.2006225585938,5936354
2019-02-28,738.7000122070312,742.4000244140625,732.2999877929688,734.2999877929688,601.4224243164062,8559921
2019-03-01,735.5,743.4000244140625,735.5,741.9000244140625,607.647216796875,3998826
2019-03-05,740.5,742.5,730.25,732.5,599.9481811523438,4826505
2019-03-06,736.0999755859375,736.0999755859375,727.0,732.5,599.9481811523438,6076668
2019-03-07,734.0,734.5,720.5499877929688,722.9500122070312,592.1263427734375,5951551
2019-03-08,722.9500122070312,722.9500122070312,710.6500244140625,712.3499755859375,583.4444580078125,7193994
2019-03-11,713.2999877929688,718.5,709.4000244140625,711.25,582.5435791015625,9932198
2019-03-12,709.0,714.9500122070312,705.5999755859375,706.9500122070312,579.021728515625,11997387
2019-03-13,710.0,718.5999755859375,706.2999877929688,708.4500122070312,580.250244140625,11348867
2019-03-14,714.0,714.9000244140625,706.2000122070312,708.3499755859375,580.168212890625,6415187
2019-03-15,712.0,723.75,709.5999755859375,718.5499877929688,588.5225219726562,14638664
2019-03-18,721.5499877929688,723.7000122070312,705.3499755859375,710.2000122070312,581.68359375,8065544
2019-03-19,712.7999877929688,726.5,707.4000244140625,722.25,591.552978515625,8917337
2019-03-20,727.25,742.2999877929688,727.1500244140625,738.9500122070312,605.2310791015625,13471173
2019-03-22,745.0,746.3499755859375,732.2999877929688,743.0999755859375,608.6299438476562,8883260
2019-03-25,742.4000244140625,742.4000244140625,730.5499877929688,735.25,602.2006225585938,7644966
2019-03-26,735.25,735.25,719.0999755859375,727.75,596.0577392578125,9406261
2019-03-27,730.0,732.2999877929688,727.1500244140625,729.7000122070312,597.6549072265625,7387487
2019-03-28,730.0,745.0,730.0,737.7999877929688,604.2890014648438,9277241
2019-04-01,742.0,760.0,742.0,755.0999755859375,618.4585571289062,6584982
2019-04-02,759.0,765.7999877929688,754.5999755859375,759.4000244140625,621.980224609375,7283600
2019-04-03,756.0,758.5,746.7999877929688,753.2999877929688,616.9843139648438,6897127
2019-04-04,751.4000244140625,753.7999877929688,745.0999755859375,747.9000244140625,612.5614624023438,7688525
2019-04-05,750.9000244140625,760.9500122070312,748.0,759.2999877929688,621.8983154296875,6276040
2019-04-08,763.0499877929688,770.0,755.4000244140625,767.25,628.4098510742188,4919911
2019-04-09,770.0,773.0,758.2000122070312,760.5999755859375,622.9632568359375,6730692
2019-04-10,764.0,766.7000122070312,751.2999877929688,752.7000122070312,616.4927978515625,7031088
2019-04-11,751.75,751.75,740.0499877929688,742.7000122070312,608.302490234375,8200995
2019-04-12,743.0999755859375,751.5499877929688,740.5999755859375,747.75,612.4386596679688,7043212
2019-04-15,724.7000122070312,731.3499755859375,712.5999755859375,727.5,595.8528442382812,31574803
2019-04-16,727.9000244140625,727.9000244140625,714.0999755859375,724.0999755859375,593.0682373046875,12524411
2019-04-18,722.5,722.5,712.75,717.0499877929688,587.2940063476562,13801105
2019-04-22,717.0499877929688,725.75,715.0,721.0499877929688,590.5701904296875,6455426
2019-04-23,723.9000244140625,730.0,718.4000244140625,728.2000122070312,596.4263916015625,5516668
2019-04-24,728.2000122070312,737.9000244140625,724.0,736.4500122070312,603.1834106445312,8285120
2019-04-25,736.4500122070312,737.6500244140625,727.0499877929688,728.5499877929688,596.7130126953125,8005235
2019-04-26,731.0,739.7999877929688,729.0,738.0,604.4529418945312,6895168
2019-04-30,738.0,753.7999877929688,738.0,751.3499755859375,615.3870849609375,9920046
2019-05-02,747.0,748.4000244140625,729.5,730.7999877929688,598.5557250976562,6351352
2019-05-03,722.9000244140625,731.0,718.2000122070312,723.5999755859375,592.6588134765625,6348116
2019-05-06,715.0,721.7999877929688,710.6500244140625,718.4000244140625,588.3997802734375,8858265
2019-05-07,720.4000244140625,727.9000244140625,718.7000122070312,724.5499877929688,593.436767578125,5747536
2019-05-08,721.0,726.0,716.5,719.3499755859375,589.177734375,6247642
2019-05-09,719.1500244140625,730.2999877929688,715.7999877929688,721.0499877929688,590.5701904296875,7396525
2019-05-10,720.7999877929688,726.0,715.0,716.8499755859375,587.130126953125,8352335
2019-05-13,716.5499877929688,726.4500122070312,712.0999755859375,719.7000122070312,589.4644165039062,6808993
2019-05-14,716.5,717.75,703.5999755859375,713.8499755859375,584.6730346679688,10513001
2019-05-15,714.9000244140625,725.2000122070312,712.5999755859375,716.0999755859375,586.5158081054688,6668929
2019-05-16,720.0,737.0,719.0999755859375,733.0999755859375,600.4395751953125,6468556
2019-05-17,733.1500244140625,735.7999877929688,720.0999755859375,723.9000244140625,592.904541015625,8155948
2019-05-20,719.7000122070312,726.4000244140625,706.0,722.4000244140625,591.6758422851562,11213708
2019-05-21,722.6500244140625,722.6500244140625,707.7000122070312,709.2999877929688,580.9462890625,8645535
2019-05-22,710.0,718.25,707.0,709.75,581.3148803710938,5795713
2019-05-23,715.0,716.7000122070312,697.4500122070312,701.0499877929688,574.1893310546875,7233736
2019-05-24,703.7999877929688,711.75,700.4500122070312,709.2000122070312,580.864501953125,7016424
2019-05-27,707.4000244140625,713.7999877929688,705.5,708.0999755859375,579.9635009765625,10247544
2019-05-28,712.0,733.4500122070312,709.7999877929688,728.0999755859375,596.3444213867188,23860490
2019-05-29,725.5,733.6500244140625,723.6500244140625,727.7999877929688,596.0986938476562,10293077
2019-05-30,727.0,737.25,722.5499877929688,733.5499877929688,600.8082275390625,15089296
2019-05-31,736.5,742.9500122070312,733.2000122070312,737.75,604.2482299804688,8290306
2019-06-03,729.7999877929688,750.9000244140625,729.0,744.6500244140625,609.8994750976562,7744761
2019-06-04,737.25,739.4500122070312,733.1500244140625,735.2999877929688,602.2413330078125,11733702
2019-06-06,736.5,744.6500244140625,733.6500244140625,735.5999755859375,602.487060546875,7563925
2019-06-07,735.8499755859375,743.9500122070312,735.8499755859375,739.0999755859375,605.3539428710938,3218358
2019-06-10,740.0999755859375,754.0999755859375,740.0999755859375,753.5,617.1480712890625,4435148
2019-06-11,755.0,759.0,750.5,754.9000244140625,618.294677734375,5733127
2019-06-12,756.9500122070312,756.9500122070312,745.0,753.7999877929688,617.3937377929688,8738342
2019-06-13,740.0,747.2000122070312,740.0,742.6500244140625,616.8538208007812,4808577
2019-06-14,743.8499755859375,745.5,738.25,740.4500122070312,615.0265502929688,5556353
2019-06-17,743.0,744.5,737.7999877929688,740.5499877929688,615.1094970703125,3085588
2019-06-18,740.2000122070312,752.4500122070312,740.2000122070312,750.1500244140625,623.08349609375,6202838
2019-06-19,752.5,755.4000244140625,748.5999755859375,751.9000244140625,624.5370483398438,4596253
2019-06-20,737.7999877929688,756.9000244140625,735.9000244140625,754.9000244140625,627.0288696289062,7148684
2019-06-21,755.0,755.0,747.1500244140625,750.2000122070312,623.1250610351562,13200318
2019-06-24,751.9000244140625,751.9000244140625,742.6500244140625,745.5,619.2210693359375,4758178
2019-06-25,744.0,750.9000244140625,737.2999877929688,748.0999755859375,621.3806762695312,3677911
2019-06-26,743.0,751.4500122070312,738.0,739.2000122070312,613.98828125,5447130
2019-06-27,742.0,744.7000122070312,728.1500244140625,730.5499877929688,606.8035278320312,11122346
2019-06-28,735.5,739.5,728.5,732.0,608.0078735351562,5919494
2019-07-01,735.0,737.5,729.8499755859375,731.2999877929688,607.4264526367188,3224968
2019-07-02,734.0,741.6500244140625,730.0999755859375,740.0,614.6527099609375,4837606
2019-07-03,741.0,743.2000122070312,730.0,731.2999877929688,607.4264526367188,5958379
2019-07-04,729.0,736.4000244140625,728.5999755859375,733.7999877929688,609.5029296875,3274064
2019-07-05,735.0,736.4000244140625,713.5,718.0,596.3792724609375,4926289
2019-07-08,716.4500122070312,724.9500122070312,712.2999877929688,717.5999755859375,596.0470581054688,7177092
2019-07-09,718.0,719.8499755859375,709.0499877929688,715.5,594.3026733398438,5022638
2019-07-10,709.0,722.7000122070312,706.5,717.25,595.75634765625,7573816
2019-07-11,719.4500122070312,723.5,709.5999755859375,721.5,599.286376953125,6252688
2019-07-12,722.5,730.5999755859375,719.5999755859375,726.75,603.6470947265625,7874441
2019-07-15,763.0,781.6500244140625,754.2000122070312,779.3499755859375,647.3372192382812,31064152
2019-07-16,777.0,787.7999877929688,776.0,784.8499755859375,651.9056396484375,9924322
2019-07-17,783.9000244140625,795.0,776.75,794.1500244140625,659.63037109375,6754348
2019-07-18,789.0499877929688,798.5,786.2000122070312,792.7000122070312,658.4259643554688,6534471
2019-07-19,788.7000122070312,794.5,781.25,785.4000244140625,652.3626098632812,6812754
2019-07-22,785.9500122070312,792.0,782.0499877929688,784.4000244140625,651.5317993164062,7107151
2019-07-23,787.0,804.0,785.5499877929688,790.0499877929688,656.2247924804688,10782564
2019-07-24,788.0,793.75,783.5999755859375,786.2999877929688,653.1099853515625,5745146
2019-07-25,788.25,800.2000122070312,787.6500244140625,794.5,659.9210205078125,9773568
2019-07-26,792.2999877929688,795.0,782.2000122070312,787.0,653.6915283203125,4941763
2019-07-29,789.5,796.9500122070312,786.2000122070312,791.4500122070312,657.3877563476562,6244316
2019-07-30,791.9000244140625,797.7999877929688,788.5499877929688,792.7000122070312,658.4259643554688,8673253
2019-07-31,790.8499755859375,799.7999877929688,781.5999755859375,793.6500244140625,659.215087890625,7350584
2019-08-01,786.4500122070312,788.4000244140625,764.4000244140625,768.8499755859375,638.6158447265625,10066407
2019-08-02,765.0499877929688,779.9000244140625,762.25,775.5999755859375,644.2224731445312,10838336
2019-08-05,772.5999755859375,785.9000244140625,768.6500244140625,776.7000122070312,645.1361694335938,9976238
2019-08-06,778.7999877929688,783.7000122070312,769.7999877929688,774.4500122070312,643.2673950195312,9331718
2019-08-07,778.9000244140625,783.4500122070312,772.3499755859375,776.0999755859375,644.637939453125,5130457
2019-08-08,782.7000122070312,792.75,781.25,788.75,655.14501953125,8009009
2019-08-09,792.0,796.75,784.7999877929688,789.8499755859375,656.0586547851562,4362520
2019-08-13,784.1500244140625,786.0,760.1500244140625,764.75,635.2103271484375,7517099
2019-08-14,775.0999755859375,778.25,768.0,774.7999877929688,643.5580444335938,5940968
2019-08-16,780.0,780.0499877929688,762.5,774.5499877929688,643.3504028320312,5128088
2019-08-19,775.5999755859375,783.0,773.3499755859375,777.6500244140625,645.92529296875,3881451
2019-08-20,785.2000122070312,798.0,783.8499755859375,792.75,658.467529296875,8435344
2019-08-21,793.0,803.75,793.0,799.4500122070312,664.0325317382812,5926896
2019-08-22,799.9000244140625,801.2999877929688,792.3499755859375,795.7000122070312,660.9178466796875,5222488
2019-08-23,796.4500122070312,809.9500122070312,795.7999877929688,802.2000122070312,666.3167724609375,6895015
2019-08-26,795.9000244140625,806.7999877929688,786.9000244140625,802.5499877929688,666.6075439453125,5412074
2019-08-27,791.0,794.9500122070312,781.0999755859375,784.6500244140625,651.7396240234375,16061642
2019-08-28,787.4000244140625,805.0,786.2999877929688,802.5,666.56591796875,5881134
2019-08-29,795.5,809.7000122070312,795.5,806.9500122070312,670.2622680664062,7830413
2019-08-30,810.0,817.3499755859375,802.0,814.9000244140625,676.8654174804688,8174186
2019-09-03,815.0,822.4000244140625,812.0499877929688,814.25,676.3257446289062,5647088
2019-09-04,810.75,822.4500122070312,810.25,821.2999877929688,682.1815185546875,6199015
2019-09-05,830.0999755859375,837.5,826.6500244140625,834.0499877929688,692.771728515625,7926895
2019-09-06,843.2999877929688,847.0,835.0499877929688,840.1500244140625,697.8385009765625,6106841
2019-09-09,836.7999877929688,840.2999877929688,827.5499877929688,829.0999755859375,688.6602172851562,4377870
2019-09-11,822.2999877929688,828.5499877929688,814.1500244140625,820.0999755859375,681.1847534179688,7981036
2019-09-12,816.4000244140625,819.8499755859375,810.8499755859375,816.4000244140625,678.1114501953125,4400017
2019-09-13,818.0999755859375,831.0499877929688,817.5,829.2999877929688,688.8263549804688,4832021
2019-09-16,832.0499877929688,837.9500122070312,820.5499877929688,827.7000122070312,687.4974365234375,4846496
2019-09-17,831.5,835.0,820.5499877929688,831.25,690.446044921875,5540901
2019-09-18,829.9000244140625,832.9500122070312,824.0,829.8499755859375,689.283203125,3199389
2019-09-19,824.8499755859375,827.0,815.2000122070312,820.7000122070312,681.6831665039062,6601607
2019-09-20,822.9000244140625,835.0,802.0,805.0,668.6424560546875,22462366
2019-09-23,806.9000244140625,806.9000244140625,741.9000244140625,764.3499755859375,634.8780517578125,17279260
2019-09-24,765.0,798.6500244140625,765.0,794.0499877929688,659.5473022460938,13717998
2019-09-25,787.7000122070312,801.0,781.6500244140625,792.6500244140625,658.3843994140625,9313576
2019-09-26,787.75,797.0,778.0999755859375,782.5499877929688,649.9952392578125,18442824
2019-09-27,787.0499877929688,794.25,780.0999755859375,782.2000122070312,649.7046508789062,5087642
2019-09-30,785.0999755859375,808.0,784.1500244140625,805.6500244140625,669.1824340820312,8178091
2019-10-01,807.0,807.5499877929688,791.5499877929688,793.5499877929688,659.1320190429688,5881438
2019-10-03,792.5499877929688,797.8499755859375,784.1500244140625,785.5999755859375,652.52880859375,5497672
2019-10-04,790.0,797.5999755859375,787.0499877929688,793.4500122070312,659.0488891601562,8201713
2019-10-07,794.8499755859375,802.0,786.0999755859375,789.5499877929688,655.8093872070312,3679845
2019-10-09,795.4500122070312,795.9000244140625,778.7999877929688,783.6500244140625,650.9088745117188,6335025
2019-10-10,785.4000244140625,794.7000122070312,776.5999755859375,783.0499877929688,650.4105224609375,10402917
2019-10-11,781.5,823.7999877929688,776.5999755859375,814.7999877929688,676.7825317382812,20636344
2019-10-14,786.75,797.0,780.0,786.0999755859375,652.9439086914062,15150858
2019-10-15,773.0999755859375,775.9500122070312,765.0,768.2999877929688,638.1591186523438,13762133
2019-10-16,765.25,775.9500122070312,761.5499877929688,771.4500122070312,640.7755126953125,10767032
2019-10-17,767.0,770.5499877929688,765.0999755859375,769.5,639.1558227539062,9860495
2019-10-18,763.7999877929688,773.7999877929688,760.0,767.8499755859375,637.785400390625,10037200
2019-10-22,691.0999755859375,691.0999755859375,638.3499755859375,643.5499877929688,534.5401611328125,90152532
2019-10-23,630.0,656.6500244140625,615.0999755859375,650.5999755859375,547.1982421875,60516887
2019-10-24,650.0,653.2000122070312,632.0,635.3499755859375,534.3720703125,25666433
2019-10-25,647.0,652.5,636.0,637.4500122070312,536.1382446289062,16549337
2019-10-27,651.0999755859375,652.5,645.5499877929688,648.8499755859375,545.7263793945312,2945281
2019-10-29,651.0,653.75,647.0,650.6500244140625,547.2404174804688,16709764
2019-10-30,660.4000244140625,671.4000244140625,656.2000122070312,660.5999755859375,555.6090087890625,22879467
2019-10-31,668.4000244140625,695.4500122070312,666.0999755859375,685.5999755859375,576.6356201171875,27405901
2019-11-01,690.0,694.0,682.5999755859375,687.9000244140625,578.5700073242188,9713519
2019-11-04,681.7999877929688,732.5,678.1500244140625,709.0,596.3165893554688,29381982
2019-11-05,708.75,708.75,691.5,696.0999755859375,585.4669189453125,12897805
2019-11-06,695.7999877929688,721.5,692.0,712.2999877929688,599.0921020507812,21372589
2019-11-07,717.0,724.3499755859375,712.0999755859375,720.0999755859375,605.6522827148438,13733737
2019-11-08,722.0,724.25,705.5,708.1500244140625,595.6016845703125,8585630
2019-11-11,698.9000244140625,707.2000122070312,698.0,704.4000244140625,592.44775390625,6951494
2019-11-13,696.5,700.0,687.75,691.3499755859375,581.4717407226562,9973690
2019-11-14,696.3499755859375,709.7999877929688,696.3499755859375,705.2999877929688,593.2046508789062,10539902
2019-11-15,709.0499877929688,712.9500122070312,702.2999877929688,703.9000244140625,592.0271606445312,7362623
2019-11-18,705.0,710.0,699.2999877929688,705.2000122070312,593.12060546875,7490916
2019-11-19,709.9000244140625,714.0,705.0,712.8499755859375,599.5546264648438,6495885
2019-11-20,712.7999877929688,715.0,705.0,713.0,599.6808471679688,6142171
2019-11-21,715.5,721.4500122070312,710.5,713.25,599.89111328125,9692973
2019-11-22,711.75,712.0,685.0999755859375,693.2000122070312,583.02783203125,14415826
2019-11-25,693.3499755859375,705.1500244140625,693.2000122070312,698.0999755859375,587.1489868164062,7334511
2019-11-26,705.0,707.25,686.0,690.5999755859375,580.8409423828125,27253106
2019-11-27,694.25,697.6500244140625,690.0999755859375,695.75,585.1725463867188,3861635
2019-11-28,699.0999755859375,703.3499755859375,694.0499877929688,701.8499755859375,590.3028564453125,4837683
2019-11-29,700.9000244140625,702.2999877929688,691.5499877929688,696.3499755859375,585.6771240234375,4262379
2019-12-02,703.0999755859375,704.0,690.2999877929688,692.7000122070312,582.6072998046875,9383736
2019-12-03,692.7000122070312,699.7000122070312,688.5499877929688,698.3499755859375,587.3592529296875,5239013
2019-12-04,697.0,710.5,693.3499755859375,708.8499755859375,596.1904907226562,7427886
2019-12-05,706.4500122070312,715.9000244140625,703.7999877929688,714.8499755859375,601.23681640625,4814422
2019-12-06,715.9500122070312,720.0,709.5999755859375,715.0999755859375,601.4470825195312,5226096
2019-12-09,716.0,722.3499755859375,714.25,717.25,603.25537109375,6435865
2019-12-10,713.0,718.5,710.0,714.5499877929688,600.9845581054688,4457939
2019-12-11,716.5999755859375,722.7000122070312,713.0,721.0499877929688,606.451416015625,6043554
2019-12-12,718.5,720.7000122070312,699.5499877929688,702.0999755859375,590.5132446289062,11112042
2019-12-13,700.3499755859375,712.9000244140625,700.3499755859375,711.2999877929688,598.2510375976562,10302412
2019-12-16,712.2999877929688,720.2000122070312,710.2000122070312,714.0,600.52197265625,5616324
2019-12-17,719.7000122070312,731.25,715.0,729.7000122070312,613.7266845703125,10525565
2019-12-18,731.0,737.2999877929688,722.75,732.4500122070312,616.03955078125,12215295
2019-12-19,733.5,735.9500122070312,724.5999755859375,730.8499755859375,614.69384765625,7199210
2019-12-20,731.0,735.0,728.25,731.5499877929688,615.2825927734375,7794167
2019-12-23,732.1500244140625,737.2999877929688,731.6500244140625,736.0,619.025390625,4975608
2019-12-24,736.9500122070312,736.9500122070312,728.2999877929688,733.4000244140625,616.838623046875,2890759
2019-12-26,732.0,734.5499877929688,726.5499877929688,728.9500122070312,613.0958862304688,3821806
2019-12-27,729.75,737.5,728.8499755859375,736.9500122070312,619.8244018554688,3399094
2019-12-30,736.0999755859375,737.9500122070312,727.25,732.9000244140625,616.41796875,5368416
2019-12-31,729.7000122070312,737.75,725.4500122070312,731.1500244140625,614.9461669921875,6927885
2020-01-01,735.0,740.0,732.5499877929688,736.8499755859375,619.7402954101562,2112415
2020-01-02,738.9000244140625,740.7999877929688,730.9000244140625,734.7000122070312,617.9320068359375,5658200
2020-01-03,733.9000244140625,748.0,733.9000244140625,746.0,627.4361572265625,7882938
2020-01-06,746.0999755859375,753.7999877929688,736.5,738.8499755859375,621.4224243164062,6519403
2020-01-07,738.0,742.5999755859375,725.0999755859375,727.9000244140625,612.2127075195312,7899363
2020-01-08,724.9500122070312,729.0,708.2999877929688,718.2000122070312,604.054443359375,8639443
2020-01-09,721.7000122070312,731.5,714.2999877929688,727.5499877929688,611.9183959960938,13521186
2020-01-10,740.4500122070312,742.9000244140625,730.5,738.1500244140625,620.833740234375,9341405
2020-01-13,760.0,777.5,755.0,773.5499877929688,650.607421875,36952038
2020-01-14,769.9500122070312,776.9500122070312,767.2000122070312,775.6500244140625,652.3738403320312,11414418
2020-01-15,773.8499755859375,773.8499755859375,762.1500244140625,767.5499877929688,645.56103515625,6047430
2020-01-16,770.7000122070312,772.5,760.25,767.0,645.0985107421875,5740586
2020-01-17,770.7000122070312,772.9000244140625,762.25,767.8499755859375,645.8134155273438,3762957
2020-01-20,771.5999755859375,774.4000244140625,762.9500122070312,768.4500122070312,646.3179931640625,3887680
2020-01-21,768.4500122070312,770.5,760.75,762.5,641.3135986328125,4448374
2020-01-22,768.4500122070312,778.0,766.0,770.2000122070312,647.7898559570312,9733935
2020-01-23,777.0999755859375,785.5,776.7000122070312,784.3499755859375,659.69091796875,12528017
2020-01-24,775.75,786.5,773.5999755859375,782.75,658.3452758789062,7540490
2020-01-27,779.0499877929688,784.7999877929688,774.4000244140625,778.0999755859375,654.434326171875,3741610
2020-01-28,781.0,781.7999877929688,772.0,778.0,654.3501586914062,5121009
2020-01-29,786.5999755859375,792.7999877929688,784.25,789.7000122070312,664.1907348632812,6832757
2020-01-30,789.7000122070312,789.7000122070312,778.0,780.7000122070312,656.62109375,3859680
2020-01-31,780.5499877929688,784.9500122070312,771.5999755859375,775.9500122070312,652.6260986328125,6092028
2020-02-03,782.0,790.9500122070312,764.5,767.4000244140625,645.4349975585938,6416745
2020-02-04,770.0999755859375,789.9000244140625,770.0999755859375,787.8499755859375,662.6348266601562,5771311
2020-02-05,781.0,786.0,774.4000244140625,784.5499877929688,659.8592529296875,6310409
2020-02-06,784.3499755859375,786.7999877929688,770.0,771.3499755859375,648.7571411132812,7341622
2020-02-07,775.9500122070312,778.8499755859375,771.0,777.2999877929688,653.7615966796875,2853344
2020-02-10,774.0,778.0,769.75,773.2000122070312,650.3131103515625,3827682
2020-02-11,779.0,779.0999755859375,769.2000122070312,773.5499877929688,650.607421875,4312817
2020-02-12,775.7999877929688,783.25,775.0999755859375,781.0499877929688,656.9154663085938,2948825
2020-02-13,785.0,794.0,782.2000122070312,792.25,666.3355712890625,4387430
2020-02-14,794.5,799.2000122070312,784.5999755859375,786.4500122070312,661.4573364257812,5321680
2020-02-17,790.2999877929688,793.4500122070312,783.2999877929688,789.4500122070312,663.98046875,2929629
2020-02-18,785.0,799.0499877929688,783.6500244140625,797.6500244140625,670.8772583007812,5083346
2020-02-19,800.0,804.8499755859375,796.1500244140625,800.4500122070312,673.2321166992188,3985192
2020-02-20,803.25,806.0999755859375,793.8499755859375,797.0,670.33056640625,4564569
2020-02-24,800.0999755859375,811.5999755859375,792.1500244140625,795.8499755859375,669.36328125,6627536
2020-02-25,799.0,806.0,795.4000244140625,798.4000244140625,671.5079956054688,6996695
2020-02-26,793.9500122070312,801.4500122070312,780.5,782.75,658.3452758789062,8760569
2020-02-27,778.0,780.75,772.2000122070312,777.8499755859375,654.2240600585938,5223386
2020-02-28,750.0,756.7999877929688,722.0499877929688,731.7000122070312,615.4088134765625,14123957
2020-03-02,737.0,765.9000244140625,733.75,741.0499877929688,623.2727661132812,9821523
2020-03-03,755.0,759.0,741.25,747.0,628.277099609375,7826587
2020-03-04,753.9000244140625,761.5,745.5499877929688,758.75,638.1597900390625,11013444
2020-03-05,763.75,773.5499877929688,751.75,754.5999755859375,634.6692504882812,7755293
2020-03-06,741.0,744.0,729.0999755859375,738.9500122070312,621.5065307617188,9216022
2020-03-09,724.5,725.8499755859375,697.0,704.4500122070312,592.4898071289062,10308654
2020-03-11,690.6500244140625,695.9500122070312,669.0499877929688,686.0,576.9719848632812,16165009
2020-03-12,668.0,670.0,627.5,631.2000122070312,530.881591796875,13965574
2020-03-13,592.0,667.0,570.0,642.3499755859375,540.2593994140625,16903113
2020-03-16,622.0,622.1500244140625,580.0,583.1500244140625,490.4684143066406,19140152
2020-03-17,588.0999755859375,592.0,550.0,554.9500122070312,466.7502136230469,16059887
2020-03-18,568.0,578.0,528.0,534.2999877929688,449.3821716308594,15390183
2020-03-19,509.25,558.0,509.25,545.5499877929688,458.84417724609375,16583991
2020-03-20,549.5,617.4500122070312,548.0,585.2000122070312,492.1924743652344,21354894
2020-03-23,540.0,560.9500122070312,515.9000244140625,526.4500122070312,442.7798156738281,17146150
2020-03-24,522.0,601.1500244140625,522.0,589.7999877929688,496.06146240234375,20027097
2020-03-25,597.0,635.0,565.7000122070312,606.2000122070312,509.85479736328125,18339548
2020-03-26,615.0,650.8499755859375,612.0999755859375,643.0,540.8060913085938,14843813
2020-03-27,665.0499877929688,674.9000244140625,642.25,652.7000122070312,548.964599609375,13495283
2020-03-30,625.0999755859375,663.5,621.0999755859375,626.7000122070312,527.0968017578125,14624804
2020-03-31,650.0,662.0,633.7000122070312,641.5,539.5445556640625,15175521
2020-04-01,634.3499755859375,637.5,594.0,602.7999877929688,506.99530029296875,13083824
2020-04-03,603.5,606.0,582.1500244140625,585.7000122070312,492.6130065917969,10221655
2020-04-07,615.0,644.25,612.9000244140625,639.0,537.44189453125,15145605
2020-04-08,630.0,655.6500244140625,626.3499755859375,631.5999755859375,531.2178955078125,11806896
2020-04-09,646.7999877929688,652.7999877929688,632.0999755859375,636.25,535.12890625,11931114
2020-04-13,629.0,651.7000122070312,626.0499877929688,637.4000244140625,536.0962524414062,8330276
2020-04-15,651.4000244140625,653.2999877929688,635.5999755859375,639.0499877929688,537.4840698242188,11963447
2020-04-16,619.9500122070312,634.9000244140625,603.5,623.8499755859375,524.69970703125,17783287
2020-04-17,644.0,646.0,626.0,628.75,528.8209838867188,8878320
2020-04-20,640.0,661.0,639.0,653.2999877929688,549.4691772460938,13322913
2020-04-21,627.7999877929688,646.5,627.7999877929688,633.2000122070312,532.5638427734375,11660575
2020-04-22,633.2000122070312,645.0,628.0499877929688,641.8499755859375,539.8389282226562,8266728
2020-04-23,647.0499877929688,683.6500244140625,638.0999755859375,679.2999877929688,571.3369140625,14451289
2020-04-24,668.5499877929688,675.0,654.7999877929688,658.0,553.422119140625,7319940
2020-04-27,661.0499877929688,681.0,661.0499877929688,664.5999755859375,558.9732055664062,7183306
2020-04-28,673.0,677.0,653.0499877929688,660.7000122070312,555.6930541992188,7296571
2020-04-29,666.0,682.0,658.0,676.5499877929688,569.0240478515625,8639056
2020-04-30,700.0,720.0,698.0999755859375,715.5,601.7833862304688,16253821
2020-05-04,689.7999877929688,701.2000122070312,670.3499755859375,673.7000122070312,566.6268920898438,9122740
2020-05-05,681.75,685.5999755859375,670.0,673.7000122070312,566.6268920898438,6393053
2020-05-06,676.9000244140625,681.4500122070312,664.0499877929688,665.9000244140625,560.0665893554688,7934250
2020-05-07,665.5499877929688,674.3499755859375,662.4500122070312,664.9500122070312,559.2673950195312,4779548
2020-05-08,672.25,680.9000244140625,668.5,674.2000122070312,567.0474243164062,8400321
2020-05-11,682.5,698.5499877929688,678.0,682.9000244140625,574.3648071289062,7370186
2020-05-12,678.5,691.0,675.5,687.6500244140625,578.3598022460938,7356039
2020-05-13,694.7999877929688,699.9000244140625,683.75,694.1500244140625,583.8267822265625,8287101
2020-05-14,659.0,671.75,652.5999755859375,658.1500244140625,553.54833984375,16888262
2020-05-15,664.7999877929688,664.7999877929688,646.7000122070312,652.2999877929688,548.6281127929688,9255353
2020-05-18,659.8499755859375,670.5499877929688,653.0,663.9000244140625,558.3843994140625,10435442
2020-05-19,664.0,674.7999877929688,655.0,668.5999755859375,562.3375244140625,5902208
2020-05-20,668.5,673.0,659.6500244140625,669.5499877929688,563.136474609375,5794636
2020-05-21,666.5,679.4500122070312,665.4000244140625,672.2000122070312,565.3652954101562,7213225
2020-05-22,675.0,695.8499755859375,673.5,692.3499755859375,582.3128051757812,11867731
2020-05-26,693.0,699.4500122070312,679.0,680.5499877929688,572.3883056640625,7099606
2020-05-27,686.0499877929688,709.2000122070312,675.0,705.4500122070312,593.330810546875,8774636
2020-05-28,707.0,710.0,690.0,707.4000244140625,594.970947265625,9440091
2020-05-29,692.5,700.7999877929688,674.9500122070312,691.0,589.0885009765625,28290128
2020-06-01,698.75,706.6500244140625,691.5,699.5499877929688,596.3775024414062,12276438
2020-06-02,700.5,711.6500244140625,697.5499877929688,708.0999755859375,603.6666259765625,7059304
2020-06-03,710.7000122070312,711.9000244140625,696.0,701.5499877929688,598.0825805664062,11378568
2020-06-04,702.0,709.4500122070312,697.5,707.75,603.3681640625,10782424
2020-06-05,707.0,711.7000122070312,700.5999755859375,703.5499877929688,599.7875366210938,7718679
2020-06-08,707.6500244140625,725.7999877929688,704.0,720.8499755859375,614.5361328125,10719105
2020-06-09,720.0,729.5999755859375,715.0499877929688,717.5999755859375,611.7655029296875,10078029
2020-06-10,715.0,719.4500122070312,709.2000122070312,715.8499755859375,610.2736206054688,7263049
2020-06-11,712.0,713.4000244140625,700.25,703.9500122070312,600.1285400390625,8825715
2020-06-12,675.7999877929688,695.1500244140625,675.5,692.0499877929688,589.9837036132812,9795316
2020-06-15,693.0,704.4000244140625,685.25,687.5499877929688,586.1473388671875,7857344
2020-06-16,702.0,712.0,699.1500244140625,701.2000122070312,597.7843017578125,10131760
2020-06-17,699.9000244140625,710.2999877929688,698.0,703.6500244140625,599.8729248046875,7291916
2020-06-18,708.2000122070312,716.5999755859375,706.0,713.9000244140625,608.6112670898438,6670195
2020-06-19,709.0,711.9000244140625,701.0,705.5499877929688,601.4927368164062,22438862
2020-06-22,707.0999755859375,708.7000122070312,700.0,703.7000122070312,599.9154663085938,7804096
2020-06-23,695.7000122070312,724.5,692.0999755859375,720.6500244140625,614.3656005859375,12157390
2020-06-24,716.9000244140625,726.7999877929688,709.4000244140625,714.1500244140625,608.8243408203125,10220838
2020-06-25,704.8499755859375,705.5999755859375,693.5,700.5,597.1873779296875,14945284
2020-06-26,710.2000122070312,751.5999755859375,710.0,748.2000122070312,637.8524169921875,26030458
2020-06-29,735.4000244140625,744.7000122070312,730.0999755859375,731.75,623.8285522460938,8954428
2020-06-30,732.7999877929688,738.9500122070312,724.25,735.9500122070312,627.4091796875,10411290
2020-07-01,737.25,742.2999877929688,729.75,731.9000244140625,623.9564208984375,5477468
2020-07-02,737.3499755859375,765.4500122070312,735.4000244140625,756.5999755859375,645.0136108398438,17263756
2020-07-03,755.0,764.0,752.5,762.7000122070312,650.2139892578125,7796572
2020-07-06,765.2000122070312,775.0,761.5,764.0,651.322265625,8810958
2020-07-07,769.4000244140625,796.9500122070312,765.5499877929688,794.1500244140625,677.0255737304688,19362533
2020-07-08,784.9000244140625,784.9000244140625,772.2000122070312,774.7000122070312,660.444091796875,8476642
2020-07-09,780.0,790.0,775.0,781.7000122070312,666.4117431640625,6854166
2020-07-10,773.5,789.9000244140625,773.5,781.8499755859375,666.53955078125,5206452
2020-07-13,788.0,805.3499755859375,786.0499877929688,797.0499877929688,679.4978637695312,10804688
2020-07-14,792.9500122070312,806.4000244140625,781.3499755859375,783.25,667.7330932617188,8961822
2020-07-15,799.0,848.4500122070312,794.7999877929688,830.9500122070312,708.3981323242188,30060599
2020-07-16,900.0999755859375,955.5,894.25,911.0,776.64208984375,90432109
2020-07-17,911.0,919.9000244140625,892.1500244140625,903.1500244140625,769.9497680664062,31682878
2020-07-20,908.5,945.0,906.75,934.2999877929688,796.5057373046875,18421053
2020-07-21,945.0,949.7000122070312,929.2000122070312,936.75,798.5943603515625,12877784
2020-07-22,938.9500122070312,939.0,910.0,917.9000244140625,782.5243530273438,14354201
2020-07-23,915.6500244140625,915.7999877929688,900.6500244140625,907.9500122070312,774.0418701171875,13051307
2020-07-24,903.25,925.75,903.25,922.8499755859375,786.7444458007812,18209580
2020-07-27,921.5499877929688,952.7999877929688,918.6500244140625,948.4500122070312,808.56884765625,16827870
2020-07-28,946.0,967.5499877929688,941.2000122070312,962.8499755859375,820.8450317382812,15818463
2020-07-29,953.25,960.0,943.5999755859375,954.1500244140625,813.4280395507812,11152710
2020-07-30,962.0,972.6500244140625,958.75,961.4500122070312,819.6514282226562,12492320
2020-07-31,969.25,986.4500122070312,953.2999877929688,966.0,823.5304565429688,12704346
2020-08-03,960.0,965.4000244140625,947.4500122070312,956.9000244140625,815.7725830078125,8479792
2020-08-04,960.4500122070312,970.7000122070312,940.5499877929688,949.8499755859375,809.7622680664062,11133170
2020-08-05,952.0,960.9500122070312,938.2999877929688,944.7000122070312,805.3718872070312,9614176
2020-08-06,953.5,974.4000244140625,942.5,970.8499755859375,827.6651000976562,10976491
2020-08-07,969.4500122070312,969.4500122070312,949.0,950.9000244140625,810.6575317382812,8010948
2020-08-10,948.9000244140625,956.7999877929688,945.2999877929688,951.3499755859375,811.0409545898438,5716319
2020-08-11,949.9000244140625,962.0,946.0999755859375,948.4500122070312,808.56884765625,6802442
2020-08-12,948.0,958.7999877929688,942.2000122070312,954.9500122070312,814.110107421875,6908726
2020-08-13,954.7999877929688,968.5,948.25,951.2000122070312,810.9131469726562,5097703
2020-08-14,955.8499755859375,963.0,952.0499877929688,953.5999755859375,812.9591674804688,4663873
2020-08-17,954.0999755859375,972.4500122070312,954.0999755859375,957.5,816.2841186523438,9008210
2020-08-18,963.9000244140625,969.2000122070312,958.7000122070312,967.5499877929688,824.8518676757812,6141761
2020-08-19,970.9000244140625,971.5499877929688,957.4500122070312,959.2999877929688,817.818603515625,6622744
2020-08-20,958.9000244140625,965.5,951.2999877929688,955.1500244140625,814.2805786132812,5656501
2020-08-21,963.0499877929688,963.4500122070312,946.5499877929688,948.7999877929688,808.8671264648438,6513773
2020-08-24,947.0,952.0,939.2000122070312,947.4000244140625,807.6737060546875,5798574
2020-08-25,947.5,948.6500244140625,933.5999755859375,938.0999755859375,799.7451782226562,6233918
2020-08-26,941.25,954.25,938.4000244140625,950.7999877929688,810.5722045898438,5153601
2020-08-27,960.0,960.9500122070312,945.2000122070312,947.0499877929688,807.3751831054688,6154280
2020-08-28,951.4500122070312,952.5,933.0499877929688,935.25,797.3156127929688,7593610
2020-08-31,935.25,950.5,914.5999755859375,928.5999755859375,791.6463623046875,12808355
2020-09-01,926.25,935.0,912.0999755859375,914.1500244140625,779.327392578125,6907773
2020-09-02,915.0,926.4000244140625,913.5,924.0,787.7246704101562,5678118
2020-09-03,926.5,949.4000244140625,924.0,935.5499877929688,797.5714721679688,8827948
2020-09-04,915.0,929.5,914.4500122070312,919.1500244140625,783.5902099609375,8650342
2020-09-07,918.9000244140625,927.5499877929688,913.0499877929688,925.0499877929688,788.6199340820312,6700385
2020-09-08,929.9500122070312,952.0,925.5499877929688,939.2999877929688,800.7683715820312,12891964
2020-09-09,935.0,946.0,926.0,927.75,790.9217529296875,5528947
2020-09-10,935.2999877929688,942.0,924.7999877929688,940.0499877929688,801.4076538085938,5171884
2020-09-11,934.9000244140625,954.1500244140625,931.0,945.7000122070312,806.224365234375,6671903
2020-09-14,957.0,991.0499877929688,948.2999877929688,978.4000244140625,834.1016235351562,21871587
2020-09-15,979.5,994.0,971.6500244140625,982.4500122070312,837.55419921875,11608203
2020-09-16,986.0,1005.6500244140625,982.0,1001.75,854.0079345703125,10059251
2020-09-17,995.0,1021.0,995.0,1011.0,861.8937377929688,15628241
2020-09-18,1011.0,1018.7999877929688,999.0999755859375,1002.1500244140625,854.348876953125,12897633
2020-09-21,1001.0,1031.0,1000.5,1009.9000244140625,860.9558715820312,14140637
2020-09-22,1009.0,1022.5,991.2000122070312,1007.5,858.9098510742188,12625762
2020-09-23,1020.1500244140625,1037.0,1008.0999755859375,1019.75,869.3532104492188,13486204
2020-09-24,1003.0,1009.0,970.0,975.4000244140625,831.544189453125,14427432
2020-09-25,975.7999877929688,1014.9000244140625,975.0,1011.4500122070312,862.2772216796875,13311078
2020-09-28,1014.7999877929688,1016.1500244140625,998.5,1010.4000244140625,861.3822021484375,8554526
2020-09-29,1018.0,1028.0,1004.0999755859375,1009.0,860.1886596679688,8708463
2020-09-30,1009.0,1023.9500122070312,1005.0,1008.25,859.5491943359375,8048817
2020-10-01,1020.5999755859375,1026.5,1011.75,1017.6500244140625,867.5629272460938,5563358
2020-10-05,1018.0499877929688,1054.9000244140625,1018.0499877929688,1048.699951171875,894.0335083007812,14212509
2020-10-06,1055.0,1060.0,1031.3499755859375,1055.75,900.0437622070312,9090819
2020-10-07,1044.9000244140625,1072.0,1035.5,1066.550048828125,909.2509765625,9284008
2020-10-08,1090.0,1124.0,1088.4000244140625,1093.699951171875,932.3966064453125,21482613
2020-10-09,1095.0999755859375,1113.300048828125,1088.449951171875,1106.800048828125,943.5647583007812,10567867
2020-10-12,1123.0,1140.0,1112.0999755859375,1132.0999755859375,965.1332397460938,14633537
2020-10-13,1135.550048828125,1166.050048828125,1135.550048828125,1157.800048828125,987.0431518554688,17523825
2020-10-14,1162.0,1164.9000244140625,1131.0999755859375,1137.0,969.310791015625,16649573
2020-10-15,1180.0,1186.0,1092.5,1108.25,944.80078125,44288251
2020-10-16,1113.8499755859375,1135.949951171875,1096.9000244140625,1127.5,961.2117309570312,18365685
2020-10-19,1135.0,1139.0,1115.300048828125,1125.9000244140625,959.8477172851562,12902123
2020-10-20,1118.9000244140625,1144.699951171875,1110.0,1137.5,969.7369384765625,10448776
2020-10-21,1141.1500244140625,1154.3499755859375,1135.0,1148.3499755859375,978.9865112304688,19811433
2020-10-22,1142.0,1158.0,1123.800048828125,1129.050048828125,962.5333251953125,11271335
2020-10-23,1133.0,1135.0,1120.1500244140625,1122.5,967.2293090820312,9069862
2020-10-26,1122.25,1129.5999755859375,1103.1500244140625,1112.449951171875,958.5694580078125,6309368
2020-10-27,1105.699951171875,1109.699951171875,1077.1500244140625,1090.8499755859375,939.957275390625,10172479
2020-10-28,1095.5,1104.75,1070.050048828125,1076.550048828125,927.6353759765625,7608392
2020-10-29,1070.0,1082.0,1060.0999755859375,1074.8499755859375,926.1705322265625,6935616
2020-10-30,1072.0,1083.5999755859375,1052.3499755859375,1060.5999755859375,913.8915405273438,8800386
2020-11-02,1065.0,1079.949951171875,1051.0999755859375,1072.300048828125,923.9735107421875,7183119
2020-11-03,1072.0,1079.4000244140625,1057.5,1062.550048828125,915.5719604492188,7204782
2020-11-04,1068.0,1116.0,1066.800048828125,1093.949951171875,942.6284790039062,15702690
2020-11-05,1109.9000244140625,1123.0,1099.0,1104.0,951.288330078125,9568890
2020-11-06,1108.0,1121.0999755859375,1091.699951171875,1112.75,958.8280029296875,8807127
2020-11-09,1129.300048828125,1146.0,1121.1500244140625,1136.550048828125,979.335693359375,10160320
2020-11-10,1113.8499755859375,1113.8499755859375,1078.0,1091.050048828125,940.129638671875,15622869
2020-11-11,1096.0,1126.3499755859375,1087.0,1122.5,967.2293090820312,12514800
2020-11-12,1128.0999755859375,1142.0,1113.75,1117.75,963.13623046875,9180976
2020-11-13,1120.0,1133.0,1117.0,1124.199951171875,968.694091796875,6363212
2020-11-14,1137.0,1139.6500244140625,1131.0999755859375,1133.449951171875,976.6646728515625,1136144
2020-11-17,1144.75,1145.0,1112.6500244140625,1123.699951171875,968.26318359375,12813968
2020-11-18,1128.5,1132.699951171875,1101.449951171875,1110.550048828125,956.9322509765625,9839468
2020-11-19,1100.0,1114.699951171875,1093.800048828125,1096.75,945.0411987304688,10092343
2020-11-20,1106.0,1109.0,1091.0999755859375,1103.3499755859375,950.728271484375,8063554
2020-11-23,1105.0,1144.800048828125,1101.949951171875,1139.8499755859375,982.1793212890625,10546363
2020-11-24,1145.0,1154.9000244140625,1133.3499755859375,1140.050048828125,982.3517456054688,8515426
2020-11-25,1137.0,1143.5,1111.25,1115.6500244140625,961.3269653320312,8958701
2020-11-26,1119.949951171875,1119.949951171875,1098.300048828125,1113.199951171875,959.2157592773438,10962256
2020-11-27,1118.0,1121.0,1091.0,1100.0,947.8416137695312,25306145
2020-12-01,1105.050048828125,1140.25,1105.050048828125,1137.8499755859375,980.4559326171875,8933802
2020-12-02,1134.0,1147.449951171875,1121.0,1140.9000244140625,983.0840454101562,6741637
2020-12-03,1147.0,1147.0,1122.699951171875,1126.449951171875,970.6326904296875,16212632
2020-12-04,1125.0,1137.0,1115.0,1134.6500244140625,977.69873046875,10564055
2020-12-07,1147.300048828125,1153.0,1136.0,1143.5,985.324462890625,7792141
2020-12-08,1145.0,1167.0,1145.0,1153.3499755859375,993.8120727539062,12308330
2020-12-09,1168.050048828125,1179.5,1157.0,1175.199951171875,1012.6394653320312,10039346
2020-12-10,1157.4000244140625,1171.6500244140625,1150.0,1167.75,1006.2199096679688,9488782
2020-12-11,1159.699951171875,1171.949951171875,1155.25,1163.199951171875,1002.2994995117188,10574009
2020-12-14,1169.4000244140625,1172.5999755859375,1148.199951171875,1164.550048828125,1003.4627075195312,6728187
2020-12-15,1156.0,1163.699951171875,1152.0,1154.5999755859375,994.8888549804688,6905926
2020-12-16,1160.0,1168.9000244140625,1153.5999755859375,1165.699951171875,1004.4535522460938,7788404
2020-12-17,1165.9000244140625,1168.9000244140625,1156.199951171875,1159.199951171875,998.852783203125,6658153
2020-12-18,1182.8499755859375,1195.0,1175.5999755859375,1189.800048828125,1025.2200927734375,15995676
2020-12-21,1188.0,1209.75,1152.050048828125,1177.300048828125,1014.4490356445312,10858352
2020-12-22,1182.0,1223.8499755859375,1176.0999755859375,1220.5,1051.6734619140625,10901851
2020-12-23,1238.0,1258.8499755859375,1230.550048828125,1253.050048828125,1079.7208251953125,15878346
2020-12-24,1249.9000244140625,1249.9000244140625,1226.0,1236.050048828125,1065.072509765625,7313885
2020-12-28,1238.449951171875,1248.0,1236.0,1240.300048828125,1068.7344970703125,4607051
2020-12-29,1235.0,1254.449951171875,1235.0,1250.300048828125,1077.351318359375,6878105
2020-12-30,1253.0,1253.300048828125,1238.1500244140625,1246.800048828125,1074.3353271484375,5194690
2020-12-31,1243.0,1258.4000244140625,1239.0,1255.800048828125,1082.090576171875,7430470
2021-01-01,1257.9000244140625,1265.5,1255.800048828125,1260.449951171875,1086.0970458984375,4253550
2021-01-04,1269.0,1290.0,1261.1500244140625,1288.25,1110.0518798828125,7208454
2021-01-05,1282.0,1299.0,1275.050048828125,1293.800048828125,1114.8341064453125,8145280
2021-01-06,1300.0,1302.0,1268.050048828125,1282.0999755859375,1104.752685546875,7161715
2021-01-07,1296.0,1297.6500244140625,1255.5,1262.1500244140625,1087.5621337890625,10954918
2021-01-08,1278.25,1316.800048828125,1278.25,1312.0999755859375,1130.6026611328125,13186251
2021-01-11,1342.0999755859375,1383.3499755859375,1340.0,1376.199951171875,1185.8359375,20528626
2021-01-12,1378.0,1378.0,1360.0,1371.75,1182.001708984375,8309868
2021-01-13,1373.8499755859375,1392.800048828125,1360.0,1387.1500244140625,1195.2713623046875,14442997
2021-01-14,1360.0,1384.0,1318.449951171875,1370.5,1180.9246826171875,27521697
2021-01-15,1360.0,1364.449951171875,1340.0,1344.949951171875,1158.90869140625,15018441
2021-01-18,1338.0,1340.0,1306.0,1312.050048828125,1130.5595703125,8861765
2021-01-19,1320.0,1331.0,1312.0,1316.6500244140625,1134.523193359375,5585744
2021-01-20,1320.550048828125,1348.4000244140625,1320.550048828125,1339.449951171875,1154.1695556640625,8225838
2021-01-21,1350.0,1361.050048828125,1335.0,1339.699951171875,1154.3846435546875,6142421
2021-01-22,1327.0,1356.0,1326.550048828125,1340.8499755859375,1155.3759765625,9646591
2021-01-25,1345.0,1347.9000244140625,1313.0,1325.0999755859375,1141.80419921875,6542611
2021-01-27,1319.5999755859375,1327.550048828125,1285.0999755859375,1301.0,1121.0382080078125,8133665
2021-01-28,1291.800048828125,1296.449951171875,1272.550048828125,1276.199951171875,1099.6685791015625,4660690
2021-01-29,1286.25,1291.1500244140625,1231.0,1239.050048828125,1067.6573486328125,12183519
2021-02-01,1250.550048828125,1277.949951171875,1241.0,1260.9000244140625,1086.4852294921875,8880279
2021-02-02,1280.0,1294.4000244140625,1263.5999755859375,1271.25,1095.4033203125,6892490
2021-02-03,1277.6500244140625,1304.0,1273.0,1284.6500244140625,1106.94970703125,8182968
2021-02-04,1285.0,1293.4000244140625,1272.050048828125,1279.3499755859375,1102.3829345703125,5032240
2021-02-05,1286.4000244140625,1288.75,1262.0,1272.0999755859375,1096.1357421875,5477481
2021-02-08,1285.5,1310.0,1275.5,1303.550048828125,1123.235595703125,6921922
2021-02-09,1306.9000244140625,1332.0,1297.8499755859375,1305.550048828125,1124.9588623046875,7965949
2021-02-10,1295.800048828125,1304.3499755859375,1283.5999755859375,1296.5,1117.1605224609375,5951207
2021-02-11,1289.0,1296.0,1283.050048828125,1292.6500244140625,1113.84326171875,4673317
2021-02-12,1305.0,1323.75,1301.550048828125,1309.800048828125,1128.620849609375,5797875
2021-02-15,1320.0,1328.4000244140625,1307.0999755859375,1309.6500244140625,1128.49169921875,4363513
2021-02-16,1314.0,1319.75,1286.0,1290.4000244140625,1111.904296875,6896421
2021-02-17,1290.4000244140625,1294.5,1275.0,1281.300048828125,1104.063232421875,4575741
2021-02-18,1276.0,1306.0,1275.0,1292.449951171875,1113.6707763671875,6437551
2021-02-19,1296.0999755859375,1299.5,1276.800048828125,1291.300048828125,1112.6800537109375,5389696
2021-02-22,1295.0,1308.550048828125,1260.0,1265.199951171875,1090.190185546875,7371303
2021-02-23,1271.1500244140625,1291.0,1257.550048828125,1266.3499755859375,1091.1810302734375,6612942
2021-02-24,1260.050048828125,1276.5999755859375,1252.0,1274.300048828125,1098.0313720703125,4537258
2021-02-25,1288.449951171875,1299.75,1272.0,1274.550048828125,1098.2469482421875,8788221
2021-02-26,1269.0,1274.300048828125,1244.75,1253.300048828125,1079.936279296875,15132388
2021-03-01,1263.300048828125,1284.5,1259.0,1267.0,1091.7412109375,5756286
2021-03-02,1282.25,1310.0,1279.199951171875,1304.5,1124.053955078125,10461434
2021-03-03,1319.199951171875,1347.0,1308.0,1343.550048828125,1157.702392578125,9056399
2021-03-04,1335.0,1363.8499755859375,1325.9000244140625,1330.3499755859375,1146.3282470703125,12041941
2021-03-05,1328.5,1340.0,1305.050048828125,1316.699951171875,1134.5662841796875,6486176
2021-03-08,1324.800048828125,1346.0999755859375,1317.199951171875,1335.75,1150.9814453125,5119392
2021-03-09,1329.5,1350.449951171875,1318.75,1345.550048828125,1159.4256591796875,6518173
2021-03-10,1356.9000244140625,1374.0,1355.0,1368.1500244140625,1178.899658203125,7925984
2021-03-12,1373.0,1391.699951171875,1370.050048828125,1374.8499755859375,1184.6727294921875,9462061
2021-03-15,1370.0,1379.9000244140625,1358.5,1373.5999755859375,1183.5955810546875,6658635
2021-03-16,1386.050048828125,1406.0,1380.5,1384.0,1192.5572509765625,9352771
2021-03-17,1392.25,1400.0,1382.0,1387.0,1195.1422119140625,7626744
2021-03-18,1393.75,1393.75,1313.5,1337.0999755859375,1152.14453125,10961755
2021-03-19,1330.0,1355.199951171875,1318.0,1344.449951171875,1158.477783203125,12767112
2021-03-22,1350.0999755859375,1376.0,1336.0999755859375,1370.800048828125,1181.18310546875,4862758
2021-03-23,1372.449951171875,1383.25,1359.5999755859375,1371.550048828125,1181.8292236328125,7165335
2021-03-24,1357.8499755859375,1370.449951171875,1346.25,1353.75,1166.4915771484375,6134303
2021-03-25,1346.75,1352.5,1327.5999755859375,1333.800048828125,1149.3011474609375,8749994
2021-03-26,1344.699951171875,1356.699951171875,1332.0,1336.199951171875,1151.3690185546875,4922071
2021-03-30,1346.9000244140625,1400.0,1336.1500244140625,1385.300048828125,1193.6773681640625,10546381
2021-03-31,1382.0,1388.0,1363.300048828125,1368.050048828125,1178.8133544921875,8220987
2021-04-01,1380.0,1391.5999755859375,1371.0,1385.199951171875,1193.5909423828125,5675155
2021-04-05,1391.0,1425.0,1387.0,1409.9000244140625,1214.8743896484375,9479572
2021-04-06,1423.0,1426.0,1406.449951171875,1411.050048828125,1215.865478515625,5793571
2021-04-07,1410.25,1434.949951171875,1406.5999755859375,1430.199951171875,1232.3663330078125,5879234
2021-04-08,1430.0,1451.699951171875,1421.0,1439.8499755859375,1240.681640625,5654434
2021-04-09,1455.0,1455.0,1430.050048828125,1441.050048828125,1241.7154541015625,6052712
2021-04-12,1474.0,1477.550048828125,1415.0,1425.75,1228.5318603515625,20384532
2021-04-13,1433.0,1435.25,1375.0,1397.1500244140625,1203.88818359375,14855206
2021-04-15,1332.300048828125,1366.4000244140625,1320.0,1360.75,1172.5230712890625,25342491
2021-04-16,1365.0,1370.8499755859375,1346.5999755859375,1353.75,1166.4915771484375,10879878
2021-04-19,1340.0,1379.699951171875,1332.3499755859375,1362.550048828125,1174.0743408203125,12508028
2021-04-20,1379.0,1379.0,1342.4000244140625,1351.3499755859375,1164.4234619140625,8560766
2021-04-22,1355.550048828125,1364.800048828125,1345.1500244140625,1351.0999755859375,1164.2080078125,6622446
2021-04-23,1343.0,1348.4000244140625,1331.0,1333.800048828125,1149.3011474609375,7316262
2021-04-26,1332.25,1351.300048828125,1321.0,1343.550048828125,1157.702392578125,7088606
2021-04-27,1346.0,1353.0,1340.1500244140625,1348.5,1161.9676513671875,3636115
2021-04-28,1358.0,1359.5,1344.5999755859375,1356.0,1168.43017578125,4879234
2021-04-29,1368.0,1369.0,1351.4000244140625,1356.3499755859375,1168.731689453125,5412357
2021-04-30,1346.300048828125,1373.9000244140625,1345.9000244140625,1354.3499755859375,1167.0084228515625,8354677
2021-05-03,1340.800048828125,1361.0,1338.0,1352.050048828125,1165.0267333984375,4560337
2021-05-04,1354.0,1354.949951171875,1324.0999755859375,1329.4000244140625,1145.509765625,4887060
2021-05-05,1341.0999755859375,1343.9000244140625,1327.800048828125,1341.5,1155.9359130859375,3939788
2021-05-06,1345.0,1364.699951171875,1337.4000244140625,1361.5999755859375,1173.2554931640625,4810090
2021-05-07,1365.300048828125,1373.050048828125,1348.5,1352.550048828125,1165.4573974609375,4991435
2021-05-10,1349.8499755859375,1352.9000244140625,1335.050048828125,1339.550048828125,1154.2557373046875,7195348
2021-05-11,1336.9000244140625,1341.0,1325.0999755859375,1330.6500244140625,1146.5869140625,6420988
2021-05-12,1330.0,1330.0,1314.5,1327.0,1143.4415283203125,5241898
2021-05-14,1326.8499755859375,1326.8499755859375,1311.300048828125,1316.4000244140625,1134.3077392578125,4824609
2021-05-17,1320.300048828125,1334.949951171875,1320.300048828125,1329.4000244140625,1145.509765625,5017129
2021-05-18,1338.0,1344.5999755859375,1329.5,1340.0,1154.6434326171875,5620150
2021-05-19,1342.0,1357.449951171875,1333.25,1337.0,1152.058349609375,4435878
2021-05-20,1348.4000244140625,1349.0999755859375,1335.0,1339.300048828125,1154.0404052734375,4490092
2021-05-21,1347.5,1357.5,1346.3499755859375,1354.5,1167.1375732421875,4969733
2021-05-24,1356.6500244140625,1363.0,1345.0999755859375,1348.050048828125,1161.580078125,4225371
2021-05-25,1358.0,1368.0,1354.449951171875,1361.5999755859375,1173.2554931640625,4099340
2021-05-26,1367.9000244140625,1400.0,1362.050048828125,1397.25,1203.9742431640625,6850024
2021-05-27,1404.199951171875,1416.25,1391.699951171875,1402.25,1208.2828369140625,15365391
2021-05-28,1409.75,1414.0,1396.0999755859375,1405.050048828125,1210.6953125,4261312
2021-05-31,1401.5,1401.5,1383.0,1393.75,1213.91796875,4429904
2021-06-01,1400.0,1401.0,1378.6500244140625,1387.199951171875,1208.213134765625,4791325
2021-06-02,1380.75,1391.949951171875,1365.0,1378.6500244140625,1200.7662353515625,9272276
2021-06-03,1388.0999755859375,1399.0,1377.050048828125,1389.6500244140625,1210.34716796875,5115645
2021-06-04,1393.949951171875,1396.9000244140625,1377.6500244140625,1385.6500244140625,1206.8631591796875,4194328
2021-06-07,1391.0,1392.0,1377.300048828125,1389.6500244140625,1210.34716796875,5154576
2021-06-08,1396.0,1421.75,1395.550048828125,1412.949951171875,1230.6405029296875,7360630
2021-06-09,1413.4000244140625,1425.0,1404.5999755859375,1415.300048828125,1232.6876220703125,5394317
2021-06-10,1424.0,1429.0,1419.0,1424.300048828125,1240.5263671875,3496575
2021-06-11,1430.0999755859375,1451.5999755859375,1429.449951171875,1446.9000244140625,1260.2099609375,6140828
2021-06-14,1471.0,1477.0,1453.449951171875,1461.800048828125,1273.187744140625,7132294
2021-06-15,1464.0,1476.0,1463.0,1473.9000244140625,1283.7264404296875,5403104
2021-06-16,1472.699951171875,1489.449951171875,1467.5,1480.5999755859375,1289.5618896484375,7661710
2021-06-17,1475.0999755859375,1502.6500244140625,1475.0999755859375,1495.300048828125,1302.3653564453125,7677951
2021-06-18,1509.0,1515.800048828125,1487.4000244140625,1503.300048828125,1309.333251953125,13533974
2021-06-21,1493.0,1505.800048828125,1484.199951171875,1500.300048828125,1306.719970703125,5454052
2021-06-22,1509.699951171875,1521.449951171875,1502.0999755859375,1511.8499755859375,1316.77978515625,6427862
2021-06-23,1525.0,1525.0,1498.6500244140625,1503.1500244140625,1309.202392578125,5529809
2021-06-24,1517.0,1568.75,1511.199951171875,1559.199951171875,1358.0201416015625,10785137
2021-06-25,1572.0,1578.0,1543.0,1574.199951171875,1371.0849609375,9780240
2021-06-28,1572.9000244140625,1580.1500244140625,1560.5999755859375,1571.800048828125,1368.9945068359375,5019178
2021-06-29,1561.0,1573.6500244140625,1559.199951171875,1563.050048828125,1361.3736572265625,5913567
2021-06-30,1572.050048828125,1591.0,1572.050048828125,1580.800048828125,1376.8333740234375,6058722
2021-07-01,1576.8499755859375,1576.8499755859375,1559.050048828125,1560.4000244140625,1359.065673828125,4814317
2021-07-02,1558.949951171875,1569.449951171875,1542.5999755859375,1567.800048828125,1365.5106201171875,5166064
2021-07-05,1569.1500244140625,1585.0,1561.050048828125,1578.949951171875,1375.221923828125,4058338
2021-07-06,1573.699951171875,1586.75,1557.0999755859375,1562.199951171875,1360.633544921875,4089574
2021-07-07,1566.050048828125,1570.550048828125,1544.6500244140625,1564.5999755859375,1362.7236328125,4797120
2021-07-08,1568.0,1576.0,1549.0,1560.75,1359.370361328125,3326813
2021-07-09,1556.0,1569.9000244140625,1551.0,1562.9000244140625,1361.242919921875,3436594
2021-07-12,1570.550048828125,1578.0,1533.75,1547.8499755859375,1348.1346435546875,4588982
2021-07-13,1556.4000244140625,1556.4000244140625,1536.300048828125,1544.949951171875,1345.6087646484375,4456160
2021-07-14,1554.0,1582.800048828125,1538.0999755859375,1576.9000244140625,1373.4366455078125,5657716
2021-07-15,1557.9000244140625,1596.8499755859375,1556.0,1580.800048828125,1376.8333740234375,10021355
2021-07-16,1573.75,1574.6500244140625,1549.5999755859375,1555.449951171875,1354.7542724609375,6265593
2021-07-19,1544.699951171875,1552.9000244140625,1537.550048828125,1541.699951171875,1342.7781982421875,5669162
2021-07-20,1538.300048828125,1557.699951171875,1538.0,1550.050048828125,1350.051025390625,5069939
2021-07-22,1561.4000244140625,1592.8499755859375,1561.4000244140625,1590.199951171875,1385.0205078125,7854575
2021-07-23,1588.550048828125,1598.5,1585.050048828125,1590.449951171875,1385.2381591796875,4179719
2021-07-26,1594.0999755859375,1611.6500244140625,1594.0999755859375,1603.9000244140625,1396.9527587890625,4586710
2021-07-27,1605.0,1609.300048828125,1597.9000244140625,1602.550048828125,1395.777099609375,5892859
2021-07-28,1605.0999755859375,1607.5999755859375,1585.5,1605.5999755859375,1398.4334716796875,4686788
2021-07-29,1600.0999755859375,1620.0,1600.0999755859375,1617.0,1408.362548828125,4660873
2021-07-30,1610.0,1623.4000244140625,1606.1500244140625,1610.5,1402.7012939453125,6234257
2021-08-02,1627.449951171875,1634.75,1619.199951171875,1631.550048828125,1421.03515625,5553389
2021-08-03,1647.0,1658.6500244140625,1635.5999755859375,1655.199951171875,1441.6339111328125,5513668
2021-08-04,1669.0999755859375,1679.9000244140625,1639.050048828125,1649.25,1436.4512939453125,6740391
2021-08-05,1649.5,1666.0,1647.050048828125,1653.550048828125,1440.196533203125,5420536
2021-08-06,1657.0,1660.6500244140625,1644.0,1650.199951171875,1437.2789306640625,3754855
2021-08-09,1661.0,1667.449951171875,1646.4000244140625,1663.300048828125,1448.6885986328125,5018477
2021-08-10,1668.0,1680.0,1661.050048828125,1677.25,1460.838623046875,6846517
2021-08-11,1674.800048828125,1684.0,1668.0,1677.550048828125,1461.099853515625,4899639
2021-08-12,1679.1500244140625,1696.5,1674.0,1689.5999755859375,1471.594970703125,5659579
2021-08-13,1697.0,1722.5,1691.300048828125,1712.199951171875,1491.2791748046875,5612790
2021-08-16,1707.699951171875,1719.949951171875,1690.0999755859375,1704.4000244140625,1484.485595703125,4564109
2021-08-17,1703.9000244140625,1748.9000244140625,1686.550048828125,1741.6500244140625,1516.929443359375,9510390
2021-08-18,1729.0,1755.5,1727.0,1733.449951171875,1509.7872314453125,6686090
2021-08-20,1716.0999755859375,1745.0,1716.0999755859375,1732.949951171875,1509.3516845703125,6206972
2021-08-23,1735.75,1753.1500244140625,1732.0,1738.75,1514.4034423828125,6189051
2021-08-24,1750.0,1757.0,1712.699951171875,1720.8499755859375,1498.813232421875,7602939
2021-08-25,1718.0,1746.9000244140625,1718.0,1735.550048828125,1511.616455078125,6153253
2021-08-26,1734.0,1746.0,1720.0,1727.699951171875,1504.779052734375,5302248
2021-08-27,1725.0,1727.699951171875,1705.199951171875,1708.800048828125,1488.31787109375,6698514
2021-08-30,1703.050048828125,1718.6500244140625,1690.4000244140625,1698.050048828125,1478.954833984375,6559667
2021-08-31,1700.1500244140625,1715.0,1685.8499755859375,1706.449951171875,1486.2708740234375,12255438
2021-09-01,1709.5,1709.5,1673.1500244140625,1677.75,1461.274169921875,7801974
2021-09-02,1677.3499755859375,1694.300048828125,1662.6500244140625,1689.0999755859375,1471.1595458984375,6830050
2021-09-03,1696.050048828125,1705.949951171875,1684.4000244140625,1700.6500244140625,1481.21923828125,5339139
2021-09-06,1705.1500244140625,1732.0,1699.3499755859375,1730.4000244140625,1507.1309814453125,4876026
2021-09-07,1730.0,1734.9000244140625,1704.0,1706.6500244140625,1486.4453125,3520341
2021-09-08,1700.8499755859375,1700.8499755859375,1682.949951171875,1693.25,1474.7742919921875,4584896
2021-09-09,1685.9000244140625,1694.9000244140625,1682.1500244140625,1691.5999755859375,1473.337158203125,3331674
2021-09-13,1683.0,1701.5,1675.199951171875,1691.9000244140625,1473.598388671875,4662374
2021-09-14,1695.949951171875,1695.949951171875,1678.5999755859375,1686.1500244140625,1468.59033203125,4945167
2021-09-15,1693.25,1715.0999755859375,1690.199951171875,1711.449951171875,1490.6259765625,4062344
2021-09-16,1715.199951171875,1719.25,1691.449951171875,1702.25,1482.61279296875,3246568
2021-09-17,1697.0,1718.0,1684.449951171875,1691.300048828125,1473.07568359375,7454864
2021-09-20,1685.0,1707.699951171875,1677.949951171875,1687.8499755859375,1470.0709228515625,5660743
2021-09-21,1700.0,1726.75,1684.6500244140625,1718.449951171875,1496.72265625,4672222
2021-09-22,1717.0,1738.9000244140625,1713.050048828125,1716.9000244140625,1495.3726806640625,4553892
2021-09-23,1732.0,1745.0,1721.0999755859375,1742.550048828125,1517.71337890625,3826090
2021-09-24,1758.0,1788.0,1752.449951171875,1763.8499755859375,1536.264892578125,8280446
2021-09-27,1768.75,1769.0,1718.0999755859375,1721.1500244140625,1499.0743408203125,5045337
2021-09-28,1710.0,1710.0,1675.0,1687.0999755859375,1469.4176025390625,6557197
2021-09-29,1659.25,1701.4000244140625,1655.0,1692.25,1473.9031982421875,7792548
2021-09-30,1703.0,1703.0,1670.0999755859375,1675.199951171875,1459.0533447265625,6914031
2021-10-01,1665.0999755859375,1678.949951171875,1661.25,1665.1500244140625,1450.2998046875,5733906
2021-10-04,1672.5,1688.0,1665.4000244140625,1678.75,1462.14501953125,2947154
2021-10-05,1671.0,1702.949951171875,1663.0,1692.800048828125,1474.38232421875,4373310
2021-10-06,1702.0999755859375,1709.0,1670.0,1673.550048828125,1457.6160888671875,4271698
2021-10-07,1687.0,1704.199951171875,1676.6500244140625,1691.0,1472.8143310546875,5476108
2021-10-08,1705.25,1731.5,1698.4000244140625,1723.8499755859375,1501.4259033203125,4738376
2021-10-11,1682.0,1730.0,1663.699951171875,1690.949951171875,1472.7708740234375,8840633
2021-10-12,1677.0,1689.0,1662.0,1685.1500244140625,1467.719482421875,7439300
2021-10-13,1695.949951171875,1713.6500244140625,1680.050048828125,1709.199951171875,1488.666015625,7104171
2021-10-14,1754.0,1783.5999755859375,1698.199951171875,1715.75,1494.3709716796875,19655776
2021-10-18,1740.0,1799.0,1740.0,1792.1500244140625,1560.913330078125,13438109
2021-10-19,1814.0,1834.5,1782.300048828125,1822.1500244140625,1587.04248046875,10324260
2021-10-20,1829.4000244140625,1848.0,1794.050048828125,1802.3499755859375,1569.797119140625,5876115
2021-10-21,1814.0,1814.0,1746.8499755859375,1753.6500244140625,1527.3809814453125,8779629
2021-10-22,1749.9000244140625,1763.199951171875,1707.0,1719.800048828125,1497.8985595703125,7369809
2021-10-25,1722.050048828125,1729.75,1687.199951171875,1707.550048828125,1487.229248046875,5905209
2021-10-26,1710.050048828125,1726.5999755859375,1695.9000244140625,1703.699951171875,1497.0263671875,5871709
2021-10-27,1709.0999755859375,1734.1500244140625,1701.1500244140625,1728.949951171875,1519.2135009765625,5090259
2021-10-28,1719.3499755859375,1724.75,1692.050048828125,1703.9000244140625,1497.2022705078125,5329972
2021-10-29,1699.0,1712.5999755859375,1661.050048828125,1667.75,1465.4375,5875091
2021-11-01,1677.5,1707.199951171875,1676.0,1700.050048828125,1493.8194580078125,3636806
2021-11-02,1695.0,1706.449951171875,1686.3499755859375,1697.9000244140625,1491.9302978515625,3471772
2021-11-03,1709.0,1717.449951171875,1699.0,1702.5,1495.97216796875,3530713
2021-11-04,1715.0,1717.0,1705.0,1708.699951171875,1501.4200439453125,483407
2021-11-08,1730.0,1741.0,1703.0,1737.5,1526.72607421875,5245903
2021-11-09,1734.75,1750.0,1726.0,1742.5,1531.119873046875,4016134
2021-11-10,1726.0,1750.949951171875,1721.949951171875,1740.1500244140625,1529.054931640625,4780368
2021-11-11,1732.949951171875,1739.75,1709.0,1733.300048828125,1523.035888671875,4731349
2021-11-12,1743.0,1782.8499755859375,1738.050048828125,1780.199951171875,1564.2464599609375,5069009
2021-11-15,1782.0999755859375,1800.0,1775.5,1787.1500244140625,1570.353515625,4354074
2021-11-16,1790.0,1808.949951171875,1777.0,1792.300048828125,1574.8785400390625,6034233
2021-11-17,1792.550048828125,1802.0,1780.699951171875,1787.449951171875,1570.6170654296875,4732492
2021-11-18,1781.5999755859375,1789.449951171875,1759.0,1779.4000244140625,1563.54345703125,4326924
2021-11-22,1784.0,1785.4000244140625,1751.1500244140625,1759.4000244140625,1545.9696044921875,6621839
2021-11-23,1735.0999755859375,1747.25,1710.0,1736.9000244140625,1526.19921875,8436160
2021-11-24,1740.0,1740.5,1688.0,1696.0,1490.2608642578125,7333061
2021-11-25,1700.0,1726.199951171875,1696.949951171875,1722.4000244140625,1513.4580078125,4476260
2021-11-26,1702.550048828125,1718.3499755859375,1684.0,1691.6500244140625,1486.4383544921875,4494181
2021-11-29,1691.0,1712.0,1669.1500244140625,1696.3499755859375,1490.568115234375,3942776
2021-11-30,1704.550048828125,1729.9000244140625,1700.050048828125,1712.6500244140625,1504.8907470703125,14808963
2021-12-01,1715.0,1741.9000244140625,1713.0,1714.9000244140625,1506.867919921875,5193264
2021-12-02,1715.0,1750.5,1711.3499755859375,1748.25,1536.17236328125,5559574
2021-12-03,1771.0999755859375,1786.6500244140625,1732.550048828125,1735.550048828125,1525.012939453125,6754012
2021-12-06,1730.0,1733.949951171875,1691.5,1695.300048828125,1489.6456298828125,3991449
2021-12-07,1701.0999755859375,1724.9000244140625,1694.0,1711.6500244140625,1504.01220703125,4202122
2021-12-08,1733.0,1759.800048828125,1732.5999755859375,1753.3499755859375,1540.653564453125,3029169
2021-12-09,1759.0,1769.4000244140625,1742.0,1763.449951171875,1549.5281982421875,2082171
2021-12-10,1760.0,1763.75,1746.0,1759.25,1545.8380126953125,1823469
2021-12-13,1767.050048828125,1771.3499755859375,1738.800048828125,1744.6500244140625,1533.009033203125,4040584
2021-12-14,1730.9000244140625,1763.0,1710.3499755859375,1752.1500244140625,1539.59912109375,4768144
2021-12-15,1745.0,1747.949951171875,1721.199951171875,1734.199951171875,1523.826416015625,3053149
2021-12-16,1762.6500244140625,1777.5999755859375,1758.0,1771.5999755859375,1556.6895751953125,4481031
2021-12-17,1820.0,1842.0,1806.75,1820.8499755859375,1599.9652099609375,18887243
2021-12-20,1801.699951171875,1829.6500244140625,1787.300048828125,1798.9000244140625,1580.677978515625,5773891
2021-12-21,1801.0,1838.0,1801.0,1811.5999755859375,1591.83740234375,5353584
2021-12-22,1825.0,1829.1500244140625,1812.3499755859375,1824.699951171875,1603.348388671875,4156428
2021-12-23,1831.25,1861.5999755859375,1827.0,1857.5999755859375,1632.2569580078125,4112933
2021-12-24,1872.949951171875,1875.75,1854.0,1863.5,1637.44140625,3780347
2021-12-27,1860.0,1874.5,1845.050048828125,1866.1500244140625,1639.769775390625,2647733
2021-12-28,1880.699951171875,1895.9000244140625,1878.4000244140625,1888.0,1658.969482421875,3340933
2021-12-29,1883.5,1893.800048828125,1876.4000244140625,1885.550048828125,1656.8165283203125,3236635
2021-12-30,1884.5,1909.800048828125,1874.3499755859375,1892.8499755859375,1663.2308349609375,4584738
2021-12-31,1890.0,1898.3499755859375,1871.6500244140625,1887.75,1658.749755859375,4619420
2022-01-03,1887.75,1914.050048828125,1887.75,1898.449951171875,1668.151611328125,3329616
2022-01-04,1898.449951171875,1906.6500244140625,1878.0,1899.1500244140625,1668.7669677734375,3921999
2022-01-05,1900.0,1902.9000244140625,1840.0,1844.6500244140625,1620.878173828125,6995719
2022-01-06,1828.0,1828.0,1800.0,1817.800048828125,1597.2852783203125,6449205
2022-01-07,1815.449951171875,1836.0,1806.800048828125,1814.300048828125,1594.2099609375,4834389
2022-01-10,1815.0,1869.9000244140625,1813.0,1850.75,1626.2381591796875,7857560
2022-01-11,1855.0,1870.0,1850.1500244140625,1855.5999755859375,1630.499755859375,5142287
2022-01-12,1868.9000244140625,1889.0,1860.0,1877.449951171875,1649.69921875,5362535
2022-01-13,1905.0,1912.5,1866.3499755859375,1896.800048828125,1666.7017822265625,14277630
2022-01-14,1882.0,1933.0,1881.0,1929.3499755859375,1695.3033447265625,7688506
2022-01-17,1938.550048828125,1953.9000244140625,1930.5,1939.5,1704.2220458984375,5262464
2022-01-18,1922.0999755859375,1945.0,1911.449951171875,1920.75,1687.74658203125,3690315
2022-01-19,1916.0,1916.0,1862.8499755859375,1867.050048828125,1640.560791015625,5747770
2022-01-20,1844.0,1848.0,1815.5,1823.699951171875,1602.4693603515625,5533463
2022-01-21,1795.0,1808.0,1776.0,1785.699951171875,1569.079345703125,8252758
2022-01-24,1765.0,1768.6500244140625,1728.0,1736.800048828125,1526.1112060546875,7116712
2022-01-25,1726.5999755859375,1740.0,1700.5,1722.1500244140625,1513.2384033203125,9137653
2022-01-27,1702.0,1709.699951171875,1665.0,1678.5999755859375,1474.9713134765625,11231734
2022-01-28,1681.0,1727.550048828125,1679.5,1686.199951171875,1481.6494140625,10998502
2022-01-31,1718.0,1749.5,1715.3499755859375,1736.199951171875,1525.583984375,8788872
2022-02-01,1766.0999755859375,1780.0,1734.699951171875,1772.050048828125,1557.085205078125,5119935
2022-02-02,1789.0,1792.800048828125,1772.0,1787.0999755859375,1570.309326171875,4253717
2022-02-03,1779.0,1779.0,1734.0,1738.550048828125,1527.64892578125,3832922
2022-02-04,1732.0,1753.949951171875,1710.1500244140625,1741.0999755859375,1529.8896484375,4700077
2022-02-07,1722.199951171875,1732.0,1695.4000244140625,1715.0,1506.9556884765625,4310209
2022-02-08,1710.0,1725.0,1696.0,1717.300048828125,1508.976806640625,6053401
2022-02-09,1735.0,1743.0,1725.0,1737.300048828125,1526.55078125,3867244
2022-02-10,1755.6500244140625,1773.9000244140625,1748.75,1769.5999755859375,1554.93212890625,4334630
2022-02-11,1740.0,1745.949951171875,1713.0,1721.3499755859375,1512.535400390625,7551371
2022-02-14,1690.0,1718.550048828125,1678.25,1682.199951171875,1478.1346435546875,7459637
2022-02-15,1699.0,1746.75,1690.449951171875,1738.25,1527.3853759765625,4669915
2022-02-16,1738.25,1755.449951171875,1726.8499755859375,1733.300048828125,1523.035888671875,5350642
2022-02-17,1744.0,1749.0,1720.300048828125,1724.800048828125,1515.56689453125,3937950
2022-02-18,1710.0,1722.5,1703.5,1706.949951171875,1499.88232421875,5602215
2022-02-21,1701.0,1737.300048828125,1691.5,1730.699951171875,1520.751220703125,5120890
2022-02-22,1699.9000244140625,1751.0,1691.050048828125,1734.3499755859375,1523.9583740234375,8878515
2022-02-23,1750.0,1758.25,1733.4000244140625,1742.8499755859375,1531.4273681640625,5478811
2022-02-24,1690.0999755859375,1714.949951171875,1670.5,1678.1500244140625,1474.575927734375,13592379
2022-02-25,1715.0,1728.1500244140625,1677.0,1694.5999755859375,1489.0303955078125,9737281
2022-02-28,1682.199951171875,1728.050048828125,1665.0,1715.5999755859375,1507.48291015625,15076542
2022-03-02,1710.0,1714.4000244140625,1691.0,1702.800048828125,1496.2357177734375,6771489
2022-03-03,1720.199951171875,1733.9000244140625,1705.550048828125,1720.8499755859375,1512.0963134765625,7344147
2022-03-04,1695.25,1736.0,1681.0,1723.300048828125,1514.2491455078125,9074499
2022-03-07,1697.0,1751.0,1696.0,1739.8499755859375,1528.791015625,9742588
2022-03-08,1718.449951171875,1800.0,1718.449951171875,1778.199951171875,1562.489013671875,10984500
2022-03-09,1791.0,1831.5999755859375,1791.0,1813.3499755859375,1593.3751220703125,10193515
2022-03-10,1844.75,1844.75,1810.199951171875,1825.9000244140625,1604.4027099609375,6547182
2022-03-11,1814.0,1831.4000244140625,1811.0,1822.0,1600.9759521484375,4758657
2022-03-14,1831.550048828125,1895.0,1831.550048828125,1890.699951171875,1661.3416748046875,10289724
2022-03-15,1888.3499755859375,1888.3499755859375,1830.0,1839.300048828125,1616.1771240234375,7140443
2022-03-16,1865.0,1893.949951171875,1849.0,1889.4000244140625,1660.1995849609375,5233979
2022-03-17,1923.300048828125,1923.300048828125,1833.050048828125,1854.5999755859375,1629.6209716796875,17731459
2022-03-21,1861.0,1886.9000244140625,1841.0999755859375,1853.050048828125,1628.25927734375,8362085
2022-03-22,1850.0,1890.0,1839.0,1887.4000244140625,1658.442138671875,5709382
2022-03-23,1897.0,1900.0,1857.0,1872.4000244140625,1645.2620849609375,6192824
2022-03-24,1856.1500244140625,1894.5999755859375,1856.1500244140625,1886.699951171875,1657.8271484375,3784303
2022-03-25,1892.0,1894.0,1858.0,1876.550048828125,1648.9083251953125,3438588
2022-03-28,1866.0,1880.9000244140625,1852.6500244140625,1873.9000244140625,1646.579833984375,4008555
2022-03-29,1873.9000244140625,1889.4000244140625,1860.550048828125,1886.0,1657.2120361328125,3917785
2022-03-30,1910.0,1919.0,1895.0,1903.949951171875,1672.9842529296875,7795839
2022-03-31,1900.0,1913.0,1894.199951171875,1906.8499755859375,1675.5328369140625,5399145
2022-04-01,1886.8499755859375,1910.300048828125,1878.300048828125,1903.550048828125,1672.633056640625,6171518
2022-04-04,1889.75,1893.0,1873.0,1882.949951171875,1654.5321044921875,7364074
2022-04-05,1883.800048828125,1889.5999755859375,1857.1500244140625,1861.0999755859375,1635.33251953125,5472024
2022-04-06,1855.0,1857.5,1822.1500244140625,1828.8499755859375,1606.99462890625,5407453
2022-04-07,1821.050048828125,1828.1500244140625,1807.550048828125,1811.0,1591.3101806640625,5797544
2022-04-08,1823.0,1838.0,1808.0,1814.5999755859375,1594.473388671875,5131446
2022-04-11,1814.0,1814.0,1762.550048828125,1766.550048828125,1552.252197265625,8248407
2022-04-12,1757.5,1757.5,1727.75,1742.449951171875,1531.07568359375,6456184
2022-04-13,1754.949951171875,1757.5,1732.0,1748.550048828125,1536.435791015625,6257693
2022-04-18,1605.5,1650.0,1590.0,1621.4000244140625,1424.710205078125,30523965
2022-04-19,1636.6500244140625,1636.6500244140625,1550.0,1562.0,1372.5159912109375,17044923
2022-04-20,1575.0,1596.300048828125,1563.0,1587.699951171875,1395.0982666015625,10678747
2022-04-21,1595.0,1627.199951171875,1589.25,1618.800048828125,1422.4256591796875,7766514
2022-04-22,1604.3499755859375,1610.699951171875,1582.4000244140625,1585.449951171875,1393.121337890625,8134245
2022-04-25,1572.800048828125,1572.800048828125,1554.0999755859375,1561.0999755859375,1371.72509765625,7000570
2022-04-26,1577.199951171875,1592.0,1566.550048828125,1581.0,1389.211181640625,5345435
2022-04-27,1572.75,1572.75,1550.3499755859375,1552.800048828125,1364.43212890625,8819356
2022-04-28,1570.0,1601.800048828125,1557.449951171875,1582.5999755859375,1390.6170654296875,9245177
2022-04-29,1590.0,1597.300048828125,1560.800048828125,1567.550048828125,1377.392822265625,9831395
2022-05-02,1550.9000244140625,1552.75,1531.0,1541.0,1354.0635986328125,7072627
2022-05-04,1547.25,1570.0,1530.1500244140625,1535.550048828125,1349.2745361328125,6220959
2022-05-05,1560.050048828125,1589.4000244140625,1557.449951171875,1585.1500244140625,1392.8575439453125,6144870
2022-05-06,1550.0,1561.8499755859375,1535.050048828125,1542.8499755859375,1355.68896484375,6171472
2022-05-09,1540.0,1586.800048828125,1522.1500244140625,1570.3499755859375,1379.85302734375,6832202
2022-05-10,1558.0,1569.1500244140625,1546.050048828125,1553.0,1364.6077880859375,6212545
2022-05-11,1549.949951171875,1549.949951171875,1511.5999755859375,1526.75,1341.5421142578125,7846080
2022-05-12,1514.0,1527.5,1504.300048828125,1508.800048828125,1325.7696533203125,7034979
2022-05-13,1519.300048828125,1529.25,1498.0999755859375,1504.4000244140625,1321.9033203125,6723761
2022-05-16,1510.0,1511.8499755859375,1478.6500244140625,1489.0999755859375,1308.45947265625,6145331
2022-05-17,1494.9000244140625,1525.0,1480.9000244140625,1518.449951171875,1334.2490234375,6516378
2022-05-18,1522.0,1549.699951171875,1505.300048828125,1509.199951171875,1326.12109375,6594126
2022-05-19,1481.0,1484.699951171875,1417.6500244140625,1427.1500244140625,1254.024658203125,16561140
2022-05-20,1453.0,1466.75,1446.699951171875,1455.1500244140625,1278.6279296875,10488908
2022-05-23,1455.0999755859375,1488.0,1450.050048828125,1468.4000244140625,1290.2705078125,5887569
2022-05-24,1468.5999755859375,1469.550048828125,1435.25,1441.0,1266.1943359375,5693167
2022-05-25,1435.0,1442.5,1399.25,1410.449951171875,1239.350341796875,9630092
2022-05-26,1418.0,1430.0,1407.050048828125,1423.949951171875,1251.212646484375,13040065
2022-05-27,1443.949951171875,1467.0,1437.4000244140625,1461.3499755859375,1284.0755615234375,8284860
2022-05-30,1487.0,1530.0,1485.0,1526.800048828125,1341.5860595703125,10904213
2022-05-31,1510.699951171875,1518.0,1488.1500244140625,1503.5999755859375,1335.1923828125,16033857
2022-06-01,1513.0,1514.75,1472.0999755859375,1478.550048828125,1312.9483642578125,8738508
2022-06-02,1484.0,1513.8499755859375,1475.5999755859375,1508.0,1339.0997314453125,7205840
2022-06-03,1524.9000244140625,1555.0,1518.0,1521.699951171875,1351.26513671875,9395707
2022-06-06,1516.0,1536.5999755859375,1493.0,1530.050048828125,1358.6800537109375,6624883
2022-06-07,1519.8499755859375,1519.8499755859375,1502.5999755859375,1506.699951171875,1337.9453125,4904592
2022-06-08,1520.199951171875,1520.199951171875,1492.0,1500.0,1331.9957275390625,4697608
2022-06-09,1485.0,1516.949951171875,1481.5,1515.0,1345.3155517578125,4361061
2022-06-10,1486.0999755859375,1493.949951171875,1473.5999755859375,1476.800048828125,1311.3941650390625,6516436
2022-06-13,1443.5999755859375,1443.5999755859375,1411.699951171875,1424.5,1264.9520263671875,6987685
2022-06-14,1410.0,1448.9000244140625,1403.1500244140625,1440.550048828125,1279.2042236328125,6090247
2022-06-15,1440.199951171875,1446.4000244140625,1418.8499755859375,1422.199951171875,1262.909423828125,4651958
2022-06-16,1438.0,1443.75,1392.0,1397.199951171875,1240.70947265625,6641772
2022-06-17,1391.050048828125,1396.949951171875,1367.1500244140625,1387.300048828125,1231.91845703125,9692047
2022-06-20,1390.050048828125,1422.3499755859375,1382.0,1414.1500244140625,1255.76123046875,4595194
2022-06-21,1424.0,1456.0,1422.75,1449.9000244140625,1287.507080078125,6270787
2022-06-22,1436.050048828125,1459.5999755859375,1435.0,1437.25,1276.27392578125,6253366
2022-06-23,1439.800048828125,1458.0,1433.0,1452.449951171875,1289.7713623046875,6254281
2022-06-24,1458.0,1467.5,1428.9000244140625,1441.0999755859375,1279.6925048828125,6114340
2022-06-27,1468.050048828125,1484.0,1465.1500244140625,1474.5999755859375,1309.440673828125,4511097
2022-06-28,1469.0,1488.25,1453.0,1480.1500244140625,1314.3690185546875,4412178
2022-06-29,1464.699951171875,1477.0,1457.0,1463.25,1299.36181640625,5060038
2022-06-30,1465.050048828125,1482.0,1455.0,1461.9000244140625,1298.1632080078125,9165177
2022-07-01,1454.0,1485.0,1442.3499755859375,1479.4000244140625,1313.7030029296875,4651635
2022-07-04,1480.25,1492.25,1462.0,1488.0,1321.3397216796875,4800224
2022-07-05,1498.800048828125,1509.949951171875,1472.0,1475.949951171875,1310.6392822265625,7379669
2022-07-06,1482.199951171875,1500.0,1470.0,1491.6500244140625,1324.5810546875,5209162
2022-07-07,1503.050048828125,1513.949951171875,1495.699951171875,1498.699951171875,1330.84130859375,3323472
2022-07-08,1515.0,1516.949951171875,1499.949951171875,1514.449951171875,1344.8272705078125,3652582
2022-07-11,1495.0,1499.9000244140625,1466.4000244140625,1473.1500244140625,1308.15283203125,4702638
2022-07-12,1461.800048828125,1468.5999755859375,1436.0,1438.5999755859375,1277.47265625,4710356
2022-07-13,1450.0,1460.0,1438.5999755859375,1444.449951171875,1282.6676025390625,5264025
2022-07-14,1451.0,1452.949951171875,1414.0,1428.8499755859375,1268.814697265625,6157606
2022-07-15,1446.0,1446.0,1410.6500244140625,1430.3499755859375,1270.1466064453125,5620018
2022-07-18,1450.0,1493.5999755859375,1448.050048828125,1489.9000244140625,1323.02685546875,5835171
2022-07-19,1471.550048828125,1486.8499755859375,1470.0999755859375,1484.1500244140625,1317.9208984375,3418540
2022-07-20,1501.25,1525.800048828125,1500.0,1515.300048828125,1345.58203125,5079392
2022-07-21,1517.0,1535.449951171875,1503.0999755859375,1532.9000244140625,1361.2109375,5008061
2022-07-22,1534.0,1540.0,1492.1500244140625,1506.300048828125,1337.5902099609375,7020642
2022-07-25,1480.0999755859375,1517.1500244140625,1480.0999755859375,1503.5999755859375,1335.1923828125,7859626
2022-07-26,1496.6500244140625,1496.6500244140625,1445.0,1451.1500244140625,1288.6168212890625,7268273
2022-07-27,1451.0,1473.0,1445.0,1471.050048828125,1306.2880859375,4517285
2022-07-28,1496.4000244140625,1524.449951171875,1489.8499755859375,1517.4000244140625,1347.4468994140625,6636841
2022-07-29,1532.800048828125,1555.699951171875,1528.0,1549.699951171875,1376.129150390625,7009465
2022-08-01,1564.0,1564.0,1537.9000244140625,1551.050048828125,1377.3280029296875,2983249
2022-08-02,1546.550048828125,1547.0,1528.3499755859375,1543.5999755859375,1370.71240234375,4374635
2022-08-03,1549.0,1570.0,1539.9000244140625,1566.0999755859375,1390.692138671875,6011955
2022-08-04,1587.5,1603.8499755859375,1574.949951171875,1599.9000244140625,1420.70654296875,7402209
2022-08-05,1608.4000244140625,1625.699951171875,1602.300048828125,1616.6500244140625,1435.58056640625,5361971
2022-08-08,1617.0,1622.0,1596.0,1619.4000244140625,1438.0224609375,3763409
2022-08-10,1621.199951171875,1621.199951171875,1588.0999755859375,1602.449951171875,1422.9708251953125,4423829
2022-08-11,1630.0,1631.3499755859375,1616.0,1619.949951171875,1438.5107421875,3462090
2022-08-12,1613.300048828125,1614.0,1590.1500244140625,1594.0999755859375,1415.55615234375,3562286
2022-08-16,1609.0,1609.0,1591.0999755859375,1596.449951171875,1417.64306640625,3004430
2022-08-17,1596.449951171875,1612.0,1585.0,1606.25,1426.345458984375,4067324
2022-08-18,1594.0999755859375,1598.199951171875,1574.0,1582.949951171875,1405.6551513671875,4635706
2022-08-19,1585.300048828125,1604.9000244140625,1585.0999755859375,1597.0999755859375,1418.219970703125,4739884
2022-08-22,1586.0,1599.0,1574.0,1575.6500244140625,1399.1728515625,3950555
2022-08-23,1548.0,1554.5,1533.0,1542.4000244140625,1369.6468505859375,5551574
2022-08-24,1535.0,1546.0,1531.0,1537.5,1365.295654296875,2888426
2022-08-25,1548.0,1548.699951171875,1513.75,1518.1500244140625,1348.1129150390625,4331088
2022-08-26,1535.1500244140625,1544.949951171875,1517.449951171875,1521.550048828125,1351.1319580078125,3079136
2022-08-29,1468.550048828125,1468.550048828125,1450.0,1461.75,1298.0296630859375,8079050
2022-08-30,1473.0999755859375,1496.0999755859375,1466.0,1492.949951171875,1325.7352294921875,6725875
2022-09-01,1460.050048828125,1468.0999755859375,1451.050048828125,1464.199951171875,1300.205322265625,8140604
2022-09-02,1478.0,1478.0,1448.0,1453.0,1290.259765625,5175653
2022-09-05,1451.0,1467.0,1446.3499755859375,1461.300048828125,1297.630126953125,3669352
2022-09-06,1461.300048828125,1470.0,1445.449951171875,1455.0999755859375,1292.12451171875,3428442
2022-09-07,1440.0,1465.75,1438.050048828125,1457.6500244140625,1294.388916015625,3600574
2022-09-08,1475.0,1481.0999755859375,1463.5999755859375,1475.9000244140625,1310.594970703125,4061475
2022-09-09,1488.0,1520.0,1480.0,1511.6500244140625,1342.3409423828125,4816910
2022-09-12,1525.800048828125,1545.9000244140625,1521.1500244140625,1536.199951171875,1364.14111328125,5494819
2022-09-13,1551.9000244140625,1553.0,1541.300048828125,1544.949951171875,1371.910888671875,4947158
2022-09-14,1497.0,1498.949951171875,1472.0,1475.4000244140625,1310.151123046875,14332197
2022-09-15,1475.0,1475.199951171875,1429.050048828125,1432.800048828125,1272.322265625,12784100
2022-09-16,1425.0,1425.0,1368.3499755859375,1377.050048828125,1222.8165283203125,20464045
2022-09-19,1392.0,1406.0,1380.5999755859375,1390.300048828125,1234.5823974609375,6595241
2022-09-20,1407.949951171875,1413.550048828125,1385.0999755859375,1388.550048828125,1233.028564453125,7219797
2022-09-21,1379.9000244140625,1388.800048828125,1368.4000244140625,1377.25,1222.9937744140625,7917054
2022-09-22,1366.3499755859375,1383.949951171875,1360.0,1367.949951171875,1214.735595703125,9168498
2022-09-23,1367.5,1394.800048828125,1362.0,1365.449951171875,1212.5155029296875,10426200
2022-09-26,1360.0,1399.449951171875,1355.0,1380.25,1225.6580810546875,9414587
2022-09-27,1393.449951171875,1406.5,1378.0,1393.550048828125,1237.4683837890625,8561254
2022-09-28,1379.0,1405.8499755859375,1377.0,1394.699951171875,1238.4893798828125,7022098
2022-09-29,1404.9000244140625,1409.8499755859375,1393.0,1398.6500244140625,1241.997314453125,6119965
2022-09-30,1388.949951171875,1419.300048828125,1376.0,1413.449951171875,1255.1396484375,8120130
2022-10-03,1412.0,1412.0,1386.0,1393.75,1237.64599609375,4943169
2022-10-04,1419.699951171875,1432.25,1414.0,1429.4000244140625,1269.302978515625,6631341
2022-10-06,1445.0,1459.800048828125,1444.0999755859375,1455.1500244140625,1292.1690673828125,6180672
2022-10-07,1446.3499755859375,1457.8499755859375,1440.1500244140625,1451.199951171875,1288.661376953125,3994466
2022-10-10,1426.3499755859375,1465.0,1426.3499755859375,1462.6500244140625,1298.8292236328125,5274677
2022-10-11,1462.6500244140625,1479.6500244140625,1420.0999755859375,1423.800048828125,1264.330322265625,12824774
2022-10-12,1437.0,1441.0999755859375,1413.550048828125,1428.699951171875,1268.681396484375,5481467
2022-10-13,1431.0,1437.949951171875,1415.0,1419.9000244140625,1260.8671875,4821514
2022-10-14,1485.0,1494.0,1467.25,1474.25,1309.1298828125,14990688
2022-10-17,1476.9000244140625,1495.0,1475.5,1489.949951171875,1323.0714111328125,4286396
2022-10-18,1510.0,1510.949951171875,1497.25,1503.699951171875,1335.28125,4692004
2022-10-19,1504.0,1504.949951171875,1481.300048828125,1485.449951171875,1319.075439453125,3553171
2022-10-20,1475.0,1504.0,1474.199951171875,1500.9000244140625,1332.794921875,4583939
2022-10-21,1500.300048828125,1506.0,1491.3499755859375,1500.5,1332.439697265625,3594485
2022-10-24,1518.5,1521.800048828125,1511.0,1517.8499755859375,1347.8463134765625,982837
2022-10-25,1528.0999755859375,1532.9000244140625,1521.050048828125,1526.300048828125,1355.35009765625,3914341
2022-10-27,1530.800048828125,1534.9000244140625,1512.5,1523.949951171875,1368.0523681640625,6760137
2022-10-28,1526.0,1527.949951171875,1507.0,1513.25,1358.447021484375,3053981
2022-10-31,1530.25,1546.4000244140625,1530.25,1537.6500244140625,1380.3509521484375,4542336
2022-11-01,1553.050048828125,1575.0,1547.0999755859375,1573.0,1412.084716796875,4542692
2022-11-02,1572.0,1572.75,1545.0,1553.300048828125,1394.4000244140625,2938906
2022-11-03,1538.75,1543.9000244140625,1521.6500244140625,1530.75,1374.1568603515625,3174027
2022-11-04,1520.449951171875,1520.449951171875,1501.1500244140625,1514.0,1359.1202392578125,4509682
2022-11-07,1521.4000244140625,1527.9000244140625,1491.0999755859375,1507.449951171875,1353.2403564453125,4898592
2022-11-09,1529.0,1529.0,1501.0999755859375,1511.199951171875,1356.606689453125,3334755
2022-11-10,1485.0,1512.0,1485.0,1501.949951171875,1348.302978515625,3435763
2022-11-11,1546.6500244140625,1573.5,1546.6500244140625,1570.0999755859375,1409.481201171875,7214098
2022-11-14,1575.1500244140625,1591.4000244140625,1568.449951171875,1585.300048828125,1423.1265869140625,4908813
2022-11-15,1577.8499755859375,1597.8499755859375,1572.75,1594.0,1430.9365234375,3497614
2022-11-16,1597.1500244140625,1609.0,1593.5,1602.800048828125,1438.83642578125,4497697
2022-11-17,1597.199951171875,1602.800048828125,1582.949951171875,1587.4000244140625,1425.0115966796875,3469515
2022-11-18,1591.699951171875,1598.0,1575.5,1593.4000244140625,1430.397705078125,3126064
2022-11-21,1582.0999755859375,1587.8499755859375,1564.050048828125,1568.199951171875,1407.77587890625,3071764
2022-11-22,1569.0,1588.0,1562.0,1585.050048828125,1422.902099609375,3399329
2022-11-23,1588.9000244140625,1592.0,1579.300048828125,1583.1500244140625,1421.1964111328125,3245067
2022-11-24,1589.0,1636.0,1584.75,1629.800048828125,1463.0740966796875,5282215
2022-11-25,1631.4000244140625,1644.0,1613.800048828125,1635.6500244140625,1468.3258056640625,4563255
2022-11-28,1628.0,1653.5,1620.0,1623.4000244140625,1457.328857421875,3825766
2022-11-29,1621.199951171875,1638.75,1615.050048828125,1629.050048828125,1462.4010009765625,3131710
2022-11-30,1619.949951171875,1645.75,1613.1500244140625,1634.949951171875,1467.697265625,11868134
2022-12-01,1656.199951171875,1672.5999755859375,1652.300048828125,1657.0999755859375,1487.5816650390625,5407928
2022-12-02,1656.0,1661.800048828125,1633.949951171875,1637.9000244140625,1470.345703125,4283343
2022-12-05,1638.0,1644.8499755859375,1623.300048828125,1639.75,1472.00634765625,3824966
2022-12-06,1625.0,1626.0,1607.550048828125,1612.9000244140625,1447.9029541015625,4822398
2022-12-07,1608.0,1623.800048828125,1596.699951171875,1605.5,1441.260009765625,4898087
2022-12-08,1605.5,1623.9000244140625,1598.5,1620.1500244140625,1454.41162109375,4206837
2022-12-09,1628.0,1628.0,1561.0999755859375,1569.300048828125,1408.7633056640625,8880658
2022-12-12,1550.0,1565.949951171875,1530.050048828125,1547.199951171875,1388.9239501953125,8037679
2022-12-13,1547.199951171875,1577.5,1541.1500244140625,1572.1500244140625,1411.32177734375,6135067
2022-12-14,1582.0,1588.5,1573.0,1579.4000244140625,1417.8299560546875,4976020
2022-12-15,1569.300048828125,1570.0,1535.25,1540.5,1382.909423828125,6443866
2022-12-16,1525.0,1549.5,1512.050048828125,1522.199951171875,1366.4815673828125,9630453
2022-12-19,1507.949951171875,1516.9000244140625,1495.050048828125,1507.3499755859375,1353.1507568359375,6222740
2022-12-20,1501.0,1516.0,1482.449951171875,1507.300048828125,1353.1058349609375,7396259
2022-12-21,1515.0,1521.0,1502.3499755859375,1509.550048828125,1355.12548828125,6236361
2022-12-22,1521.5,1529.949951171875,1511.75,1522.050048828125,1366.3470458984375,6302640
2022-12-23,1508.699951171875,1509.9000244140625,1493.0,1497.0999755859375,1343.9490966796875,6283822
2022-12-26,1500.5,1509.9000244140625,1496.3499755859375,1502.4000244140625,1348.70703125,4115459
2022-12-27,1509.949951171875,1521.449951171875,1497.5,1514.8499755859375,1359.883544921875,4860076
2022-12-28,1505.0999755859375,1524.949951171875,1498.5,1510.1500244140625,1355.6644287109375,5029860
2022-12-29,1504.0,1521.300048828125,1501.0,1517.550048828125,1362.30712890625,4624745
2022-12-30,1528.0,1530.4000244140625,1504.050048828125,1508.199951171875,1353.91357421875,5060544
2023-01-02,1514.0,1526.5,1504.050048828125,1524.0,1368.097412109375,3801140
2023-01-03,1519.8499755859375,1532.6500244140625,1515.0999755859375,1522.550048828125,1366.795654296875,4551130
2023-01-04,1521.0,1521.0,1491.0999755859375,1494.800048828125,1341.88427734375,7059590
2023-01-05,1505.9000244140625,1505.9000244140625,1469.25,1475.199951171875,1324.2894287109375,9868404
2023-01-06,1470.0,1475.0,1446.5,1448.5,1300.3209228515625,6443714
2023-01-09,1448.199951171875,1489.3499755859375,1448.199951171875,1484.449951171875,1332.59326171875,11498717
2023-01-10,1482.0,1483.9000244140625,1454.050048828125,1469.75,1319.3970947265625,7158624
2023-01-11,1470.0,1494.0,1464.0,1471.25,1320.74365234375,6173092
2023-01-12,1481.949951171875,1485.0,1455.0,1480.5999755859375,1329.136962890625,6591385
2023-01-13,1483.5,1519.4000244140625,1468.0,1503.6500244140625,1349.8292236328125,11610426
2023-01-16,1510.0,1528.0,1502.300048828125,1525.5,1369.44384765625,6073063
2023-01-17,1527.0,1542.199951171875,1524.0,1539.5,1382.0118408203125,5922644
2023-01-18,1544.75,1551.8499755859375,1539.5999755859375,1545.4000244140625,1387.3082275390625,5843098
2023-01-19,1539.9000244140625,1549.550048828125,1526.1500244140625,1538.9000244140625,1381.4730224609375,6165284
2023-01-20,1538.0,1545.0,1524.0,1525.550048828125,1369.48876953125,6496429
2023-01-23,1535.0,1553.300048828125,1528.0999755859375,1548.0,1389.642333984375,4855020
2023-01-24,1560.0,1568.800048828125,1549.75,1551.9000244140625,1393.143310546875,5200802
2023-01-25,1547.0,1556.0,1538.75,1543.0,1385.1536865234375,4158617
2023-01-27,1546.0,1550.949951171875,1507.4000244140625,1519.1500244140625,1363.74365234375,6209955
2023-01-30,1528.800048828125,1544.0,1520.0,1538.800048828125,1381.38330078125,6964719
2023-01-31,1548.9000244140625,1548.9000244140625,1513.0,1533.75,1376.85009765625,9448126
2023-02-01,1542.199951171875,1555.050048828125,1528.050048828125,1551.0999755859375,1392.4251708984375,6194199
2023-02-02,1552.0,1586.949951171875,1552.0,1583.75,1421.73486328125,6916834
2023-02-03,1597.5,1604.6500244140625,1573.0,1599.4000244140625,1435.7841796875,7040194
2023-02-06,1598.0,1598.0,1561.5999755859375,1569.8499755859375,1409.257080078125,4570612
2023-02-07,1569.0,1576.050048828125,1555.0999755859375,1562.4000244140625,1402.569091796875,4336238
2023-02-08,1565.5,1603.0,1565.5,1590.5,1427.79443359375,7983338
2023-02-09,1596.199951171875,1619.75,1586.050048828125,1617.0,1451.5836181640625,6904911
2023-02-10,1612.949951171875,1616.300048828125,1596.449951171875,1608.550048828125,1443.9981689453125,4786762
2023-02-13,1597.0,1597.0,1566.0,1567.449951171875,1407.1024169921875,4001199
2023-02-14,1584.699951171875,1596.0,1578.1500244140625,1593.25,1430.26318359375,5043736
2023-02-15,1584.0,1599.0,1576.0,1597.050048828125,1433.674560546875,3465747
2023-02-16,1600.0,1614.449951171875,1597.8499755859375,1601.800048828125,1437.9385986328125,4290289
2023-02-17,1594.0,1595.0,1575.5,1583.800048828125,1421.7799072265625,2857734
2023-02-20,1584.949951171875,1603.0,1582.5,1592.449951171875,1429.5450439453125,2417716
2023-02-21,1598.699951171875,1601.6500244140625,1576.0,1579.5,1417.9197998046875,2723288
2023-02-22,1563.0,1575.0,1555.300048828125,1561.800048828125,1402.030517578125,3656244
2023-02-23,1569.8499755859375,1569.8499755859375,1548.1500244140625,1550.699951171875,1392.06591796875,4766854
2023-02-24,1560.0,1569.0,1545.0,1550.6500244140625,1392.0211181640625,2790986
2023-02-27,1540.0,1540.0,1502.0,1509.300048828125,1354.9012451171875,4920268
2023-02-28,1515.5999755859375,1524.0,1481.300048828125,1487.550048828125,1335.3760986328125,9679811
2023-03-01,1492.4000244140625,1500.8499755859375,1481.5,1496.050048828125,1343.0067138671875,5125043
2023-03-02,1485.0,1488.5999755859375,1467.300048828125,1472.1500244140625,1321.5516357421875,4644499
2023-03-03,1486.75,1489.800048828125,1473.0,1479.300048828125,1327.969970703125,4615015
2023-03-06,1494.550048828125,1520.4000244140625,1493.1500244140625,1507.449951171875,1353.2403564453125,6561742
2023-03-08,1490.550048828125,1496.0,1481.0999755859375,1492.699951171875,1339.9991455078125,4137080
2023-03-09,1495.0,1498.3499755859375,1474.5999755859375,1480.4000244140625,1328.9576416015625,5104656
2023-03-10,1460.0,1474.300048828125,1457.6500244140625,1471.550048828125,1321.0128173828125,3699580
2023-03-13,1464.199951171875,1478.300048828125,1428.0,1435.0999755859375,1288.2916259765625,8798403
2023-03-14,1441.0,1448.3499755859375,1411.0,1420.0,1274.7362060546875,7402784
2023-03-15,1438.0,1442.8499755859375,1416.8499755859375,1419.6500244140625,1274.422119140625,7556182
2023-03-16,1417.800048828125,1417.800048828125,1398.699951171875,1404.0999755859375,1260.462890625,7323117
2023-03-17,1430.0,1442.9000244140625,1411.4000244140625,1420.699951171875,1275.36474609375,9090018
2023-03-20,1419.699951171875,1419.699951171875,1384.8499755859375,1403.6500244140625,1260.0589599609375,8221829
2023-03-21,1399.0,1405.0,1390.0,1390.699951171875,1248.4337158203125,8536755
2023-03-22,1403.0,1407.25,1382.1500244140625,1389.25,1247.1319580078125,8356487
2023-03-23,1383.949951171875,1383.949951171875,1370.0,1374.550048828125,1233.935791015625,7607718
2023-03-24,1388.0,1398.949951171875,1377.5,1380.6500244140625,1239.4119873046875,7559127
2023-03-27,1386.25,1395.75,1374.0999755859375,1388.949951171875,1246.8626708984375,4170193
2023-03-28,1392.0999755859375,1398.0,1375.8499755859375,1377.5999755859375,1236.6739501953125,6633366
2023-03-29,1379.0,1389.9000244140625,1364.550048828125,1383.550048828125,1242.01513671875,8813966
2023-03-31,1404.0,1429.949951171875,1393.9000244140625,1427.949951171875,1281.873046875,8711975
2023-04-03,1435.0,1435.0,1405.1500244140625,1410.8499755859375,1266.5223388671875,5242764
2023-04-05,1400.0,1427.5,1400.0,1423.550048828125,1277.92333984375,7506334
2023-04-06,1416.0,1428.4000244140625,1410.3499755859375,1421.9000244140625,1276.4420166015625,6948465
2023-04-10,1423.949951171875,1434.0,1415.0,1427.5999755859375,1281.558837890625,4993788
2023-04-11,1428.9000244140625,1433.3499755859375,1389.0,1406.1500244140625,1262.3033447265625,6942255
2023-04-12,1413.050048828125,1431.5,1400.0,1428.300048828125,1282.1873779296875,5831169
2023-04-13,1409.75,1411.050048828125,1383.0,1389.199951171875,1247.087158203125,11267238
2023-04-17,1250.300048828125,1261.1500244140625,1185.300048828125,1258.300048828125,1129.5780029296875,53171705
2023-04-18,1269.949951171875,1269.949951171875,1253.0999755859375,1259.3499755859375,1130.520751953125,12430884
2023-04-19,1254.3499755859375,1254.3499755859375,1229.4000244140625,1232.199951171875,1106.14794921875,11307230
2023-04-20,1230.699951171875,1237.8499755859375,1221.4000244140625,1223.4000244140625,1098.2484130859375,8621249
2023-04-21,1228.0999755859375,1233.25,1220.0,1227.3499755859375,1101.794189453125,8691352
2023-04-24,1228.0,1230.0,1218.0,1226.300048828125,1100.851806640625,8313774
2023-04-25,1225.949951171875,1235.5,1215.0,1224.9000244140625,1099.5947265625,6808576
2023-04-26,1228.0,1233.0,1220.550048828125,1227.550048828125,1101.9736328125,5680192
2023-04-27,1230.0,1247.800048828125,1225.4000244140625,1246.25,1118.7608642578125,8020704
2023-04-28,1255.699951171875,1259.0,1244.949951171875,1252.75,1124.5958251953125,10118277
2023-05-02,1254.550048828125,1279.75,1254.550048828125,1277.449951171875,1146.768798828125,8886401
2023-05-03,1266.0,1272.5,1262.0999755859375,1269.1500244140625,1139.318115234375,5549783
2023-05-04,1268.949951171875,1275.800048828125,1262.5,1273.550048828125,1143.26806640625,4505401
2023-05-05,1279.0,1279.0,1254.25,1259.0999755859375,1130.2962646484375,5373791
2023-05-08,1262.449951171875,1270.300048828125,1255.199951171875,1265.5999755859375,1136.1312255859375,5260842
2023-05-09,1266.0,1272.0,1260.699951171875,1270.699951171875,1140.70947265625,4969897
2023-05-10,1276.4000244140625,1276.4000244140625,1259.1500244140625,1263.25,1134.0216064453125,6515734
2023-05-11,1270.25,1275.9000244140625,1253.050048828125,1256.0999755859375,1127.6029052734375,6888461
2023-05-12,1253.3499755859375,1256.0,1239.050048828125,1245.199951171875,1117.818115234375,8292212
2023-05-15,1249.9000244140625,1268.9000244140625,1245.6500244140625,1258.3499755859375,1129.6229248046875,5534710
2023-05-16,1265.0,1273.949951171875,1262.75,1264.300048828125,1134.96435546875,5236469
2023-05-17,1260.5999755859375,1260.949951171875,1242.449951171875,1246.9000244140625,1119.3441162109375,10465667
2023-05-18,1258.5999755859375,1259.6500244140625,1242.449951171875,1246.0,1118.5362548828125,6948732
2023-05-19,1256.050048828125,1273.300048828125,1252.800048828125,1268.9000244140625,1139.0936279296875,11094136
2023-05-22,1272.949951171875,1295.5999755859375,1270.25,1292.800048828125,1160.548828125,7625947
2023-05-23,1299.199951171875,1314.1500244140625,1297.050048828125,1300.050048828125,1167.0570068359375,7436031
2023-05-24,1296.300048828125,1305.0,1291.300048828125,1298.6500244140625,1165.8001708984375,4824077
2023-05-25,1294.5,1307.0,1289.25,1304.3499755859375,1170.917236328125,4334121
2023-05-26,1306.0,1323.449951171875,1306.0,1317.449951171875,1182.677001953125,5521606
2023-05-29,1332.699951171875,1332.699951171875,1309.8499755859375,1314.4000244140625,1179.93896484375,4419365
2023-05-30,1315.0,1326.4000244140625,1309.1500244140625,1323.8499755859375,1188.4222412109375,6274719
2023-05-31,1319.8499755859375,1331.0999755859375,1314.1500244140625,1318.300048828125,1183.440185546875,17800782
2023-06-01,1322.550048828125,1329.5,1318.0999755859375,1319.5,1184.517333984375,4277841
2023-06-02,1309.0,1312.9000244140625,1296.050048828125,1299.0,1181.7880859375,10909311
2023-06-05,1304.0,1309.449951171875,1297.300048828125,1304.5,1186.7918701171875,5002553
2023-06-06,1288.5999755859375,1288.5999755859375,1273.0,1279.0,1163.5927734375,10008100
2023-06-07,1290.5,1294.0,1282.5,1288.949951171875,1172.6446533203125,5397578
2023-06-08,1286.199951171875,1292.0,1281.0999755859375,1282.800048828125,1167.0499267578125,5034942
2023-06-09,1282.5,1282.5,1264.0,1265.949951171875,1151.72021484375,5339073
2023-06-12,1273.5,1295.699951171875,1273.0,1291.949951171875,1175.3741455078125,4785588
2023-06-13,1299.9000244140625,1306.5,1297.050048828125,1304.8499755859375,1187.110107421875,4846587
2023-06-14,1306.3499755859375,1306.699951171875,1293.199951171875,1300.4000244140625,1183.0618896484375,3457981
2023-06-15,1293.949951171875,1293.949951171875,1282.6500244140625,1286.800048828125,1170.68896484375,6161155
2023-06-16,1287.0,1301.5,1281.050048828125,1291.6500244140625,1175.1011962890625,8536287
2023-06-19,1294.0,1299.5,1287.050048828125,1294.0,1177.2393798828125,4451787
2023-06-20,1294.0,1305.0,1291.0999755859375,1303.4000244140625,1185.791015625,4009180
2023-06-21,1299.949951171875,1303.800048828125,1295.0,1299.3499755859375,1182.1064453125,4041529
2023-06-22,1289.4000244140625,1289.4000244140625,1273.5,1281.550048828125,1165.91259765625,6676607
2023-06-23,1276.449951171875,1279.3499755859375,1263.3499755859375,1265.0,1150.85595703125,7239467
2023-06-26,1270.25,1274.0,1262.25,1270.3499755859375,1155.72314453125,3403244
2023-06-27,1280.0,1282.0,1274.199951171875,1279.1500244140625,1163.729248046875,3240024
2023-06-28,1290.0,1296.699951171875,1281.4000244140625,1293.3499755859375,1176.64794921875,5662358
2023-06-30,1308.199951171875,1338.9000244140625,1304.449951171875,1335.5,1214.9945068359375,12821692
2023-07-03,1330.0,1346.0,1328.449951171875,1333.699951171875,1213.3568115234375,7732412
2023-07-04,1344.300048828125,1346.0,1331.4000244140625,1345.1500244140625,1223.7740478515625,5797775
2023-07-05,1357.8499755859375,1357.949951171875,1341.0,1347.300048828125,1225.7298583984375,5414936
2023-07-06,1342.550048828125,1347.449951171875,1337.1500244140625,1343.9000244140625,1222.63671875,5963897
2023-07-07,1334.0,1345.800048828125,1325.3499755859375,1330.199951171875,1210.1728515625,6295647
2023-07-10,1336.550048828125,1341.9000244140625,1319.300048828125,1329.1500244140625,1209.2177734375,3940315
2023-07-11,1333.449951171875,1350.9000244140625,1327.0,1348.5999755859375,1226.9124755859375,6126128
2023-07-12,1351.0,1351.9000244140625,1327.0,1333.300048828125,1212.9931640625,8102770
2023-07-13,1334.9000244140625,1376.800048828125,1330.8499755859375,1365.0999755859375,1241.9237060546875,9977644
2023-07-14,1380.6500244140625,1430.0,1380.6500244140625,1425.949951171875,1297.282958984375,12833381
2023-07-17,1425.949951171875,1458.949951171875,1414.300048828125,1422.949951171875,1294.5537109375,11569884
2023-07-18,1434.0,1477.949951171875,1429.0,1475.199951171875,1342.0889892578125,16743977
2023-07-19,1486.0,1498.800048828125,1460.699951171875,1474.949951171875,1341.861572265625,13687062
2023-07-20,1471.0,1471.0,1440.699951171875,1449.5,1318.7081298828125,8347221
2023-07-21,1320.199951171875,1350.0,1305.0,1331.5999755859375,1211.4464111328125,45548305
2023-07-24,1341.0,1349.9000244140625,1334.25,1336.5999755859375,1215.995361328125,8859789
2023-07-25,1337.0,1342.8499755859375,1324.25,1334.5999755859375,1214.17578125,6801982
2023-07-26,1343.0,1350.0,1339.4000244140625,1348.8499755859375,1227.139892578125,5528885
2023-07-27,1358.5999755859375,1363.800048828125,1347.050048828125,1353.1500244140625,1231.0521240234375,9191861
2023-07-28,1353.8499755859375,1363.8499755859375,1336.0,1340.5,1219.5435791015625,6122735
2023-07-31,1348.75,1357.5,1333.25,1355.699951171875,1233.3717041015625,7902180
2023-08-01,1362.0,1369.0,1357.0,1365.199951171875,1242.0147705078125,6064652
2023-08-02,1369.300048828125,1371.949951171875,1348.449951171875,1356.8499755859375,1234.418212890625,7419145
2023-08-03,1350.0,1366.550048828125,1349.0,1364.300048828125,1241.1959228515625,6503741
2023-08-04,1368.9000244140625,1385.9000244140625,1362.0,1378.3499755859375,1253.9781494140625,5712345
2023-08-07,1387.9000244140625,1395.0,1377.0,1393.0,1267.30615234375,3729093
2023-08-08,1392.8499755859375,1393.550048828125,1384.4000244140625,1390.199951171875,1264.7587890625,4161877
2023-08-09,1384.0,1396.0,1382.5,1394.4000244140625,1268.5799560546875,4090828
2023-08-10,1391.5999755859375,1395.800048828125,1385.5999755859375,1389.0999755859375,1263.758056640625,3873025
2023-08-11,1392.0,1396.8499755859375,1367.050048828125,1371.8499755859375,1248.0645751953125,5783517
2023-08-14,1371.8499755859375,1395.0,1365.5999755859375,1393.550048828125,1267.806640625,4304135
2023-08-16,1410.800048828125,1419.949951171875,1405.4000244140625,1418.5,1290.50537109375,7735313
2023-08-17,1420.0,1420.0,1406.0,1411.550048828125,1284.1826171875,5618346
2023-08-18,1403.699951171875,1408.699951171875,1386.1500244140625,1388.800048828125,1263.4852294921875,5134103
2023-08-21,1389.75,1407.0,1387.1500244140625,1405.4000244140625,1278.5872802734375,3032722
2023-08-22,1404.699951171875,1406.050048828125,1396.6500244140625,1403.75,1277.086181640625,2890714
2023-08-23,1416.0,1416.5999755859375,1405.6500244140625,1407.949951171875,1280.9072265625,2559125
2023-08-24,1421.5,1425.050048828125,1414.449951171875,1423.5999755859375,1295.14501953125,5171963
2023-08-25,1413.0,1422.5,1411.4000244140625,1420.0999755859375,1291.9608154296875,4307172
2023-08-28,1420.0999755859375,1424.800048828125,1411.4000244140625,1415.6500244140625,1287.9124755859375,3133464
2023-08-29,1424.0,1424.4000244140625,1415.300048828125,1417.6500244140625,1289.7320556640625,3074444
2023-08-30,1427.0,1436.6500244140625,1424.0,1435.1500244140625,1305.653076171875,3070887
2023-08-31,1435.1500244140625,1444.9000244140625,1428.6500244140625,1435.449951171875,1305.9259033203125,9792735
2023-09-01,1430.949951171875,1446.0,1428.199951171875,1443.8499755859375,1313.5679931640625,3582133
2023-09-04,1443.0,1470.0,1434.699951171875,1465.0999755859375,1332.9005126953125,4609014
2023-09-05,1465.0,1480.050048828125,1456.5,1478.9000244140625,1345.455322265625,5496840
2023-09-06,1481.9000244140625,1482.9000244140625,1463.300048828125,1477.449951171875,1344.135986328125,5075786
2023-09-07,1470.5999755859375,1473.4000244140625,1462.050048828125,1466.199951171875,1333.901123046875,4411743
2023-09-08,1463.5,1474.75,1460.199951171875,1469.5999755859375,1336.994384765625,3125838
2023-09-11,1469.5999755859375,1478.050048828125,1464.5,1476.449951171875,1343.2261962890625,4182226
2023-09-12,1482.5,1504.0,1477.0999755859375,1501.0999755859375,1365.6522216796875,6793161
2023-09-13,1505.0,1505.0,1488.6500244140625,1498.3499755859375,1363.1502685546875,4804686
2023-09-14,1505.0,1512.550048828125,1499.1500244140625,1506.949951171875,1370.9742431640625,6444213
2023-09-15,1518.0,1518.4000244140625,1509.0,1511.5999755859375,1375.204833984375,8657816
2023-09-18,1504.9000244140625,1504.9000244140625,1488.0,1491.800048828125,1357.1912841796875,3991916
2023-09-20,1476.199951171875,1495.0999755859375,1476.199951171875,1490.25,1355.7811279296875,4169337
2023-09-21,1486.550048828125,1504.550048828125,1476.0,1501.75,1366.2435302734375,6779195
2023-09-22,1491.9000244140625,1506.949951171875,1485.199951171875,1496.1500244140625,1361.1488037109375,5455613
2023-09-25,1489.8499755859375,1489.8499755859375,1471.550048828125,1474.1500244140625,1341.1339111328125,4217863
2023-09-26,1479.1500244140625,1479.9000244140625,1459.0,1460.6500244140625,1328.8521728515625,3996528
2023-09-27,1456.0,1469.5999755859375,1450.050048828125,1467.0,1334.629150390625,3863586
2023-09-28,1467.9000244140625,1472.5999755859375,1435.0,1439.449951171875,1309.56494140625,5814602
2023-09-29,1432.0999755859375,1446.800048828125,1416.0,1435.449951171875,1305.9259033203125,6068968
2023-10-03,1436.050048828125,1437.0,1420.300048828125,1434.0,1304.606689453125,4181867
2023-10-04,1425.0,1449.949951171875,1418.199951171875,1444.3499755859375,1314.0228271484375,4510406
2023-10-05,1452.0,1475.6500244140625,1450.199951171875,1463.449951171875,1331.3994140625,7384621
2023-10-06,1469.5,1484.5,1463.300048828125,1478.699951171875,1345.2734375,3598672
2023-10-09,1464.9000244140625,1491.0,1462.199951171875,1475.449951171875,1342.3165283203125,3567552
2023-10-10,1483.9000244140625,1497.0,1469.0999755859375,1495.1500244140625,1360.2391357421875,5688951
2023-10-11,1497.0,1518.25,1481.449951171875,1494.4000244140625,1359.5567626953125,7220129
2023-10-12,1491.9000244140625,1504.4000244140625,1452.0,1465.5,1333.264404296875,11081662
2023-10-13,1405.0,1438.0,1400.0,1431.1500244140625,1302.0137939453125,17973439
2023-10-16,1432.0999755859375,1443.5999755859375,1430.0,1434.1500244140625,1304.7431640625,4850745
2023-10-17,1440.25,1453.3499755859375,1438.050048828125,1442.449951171875,1312.2943115234375,3923764
2023-10-18,1442.0,1454.0,1438.3499755859375,1440.550048828125,1310.565673828125,4264837
2023-10-19,1426.0999755859375,1439.6500244140625,1426.0999755859375,1433.6500244140625,1304.288330078125,6795691
2023-10-20,1430.0,1438.5,1425.25,1427.25,1298.4656982421875,3928622
2023-10-23,1425.5999755859375,1432.3499755859375,1405.25,1408.6500244140625,1281.544189453125,2636516
2023-10-25,1399.0,1402.550048828125,1361.300048828125,1370.050048828125,1262.5601806640625,6940777
2023-10-26,1355.050048828125,1374.0,1353.0999755859375,1359.449951171875,1252.7919921875,6357656
2023-10-27,1363.6500244140625,1385.0,1363.6500244140625,1380.3499755859375,1272.0521240234375,4634358
2023-10-30,1380.3499755859375,1380.3499755859375,1363.0999755859375,1377.050048828125,1269.01123046875,2667696
2023-10-31,1379.949951171875,1381.1500244140625,1363.0,1368.4000244140625,1261.039794921875,3451595
2023-11-01,1373.050048828125,1377.449951171875,1351.6500244140625,1354.1500244140625,1247.9078369140625,3090672
2023-11-02,1370.0,1376.300048828125,1361.6500244140625,1370.1500244140625,1262.65234375,3758060
2023-11-03,1380.050048828125,1392.0,1377.75,1389.050048828125,1280.0694580078125,3349045
2023-11-06,1393.9000244140625,1407.25,1390.800048828125,1403.300048828125,1293.2015380859375,2736381
2023-11-07,1400.0,1405.9000244140625,1394.8499755859375,1404.300048828125,1294.123291015625,2272209
2023-11-08,1405.0,1405.0,1386.449951171875,1391.0,1281.86669921875,3550635
2023-11-09,1395.9000244140625,1397.5,1370.050048828125,1374.800048828125,1266.9376220703125,5498051
2023-11-10,1369.949951171875,1373.1500244140625,1361.0,1368.8499755859375,1261.454345703125,2943649
2023-11-13,1379.8499755859375,1382.449951171875,1370.8499755859375,1373.550048828125,1265.78564453125,3462092
2023-11-15,1399.0,1414.0,1393.0,1410.5,1299.8367919921875,8551860
2023-11-16,1416.0999755859375,1453.4000244140625,1410.5999755859375,1444.9000244140625,1331.537841796875,6673907
2023-11-17,1441.050048828125,1451.0,1435.050048828125,1437.550048828125,1324.764404296875,4901251
2023-11-20,1442.0,1452.0,1433.6500244140625,1436.5999755859375,1323.888916015625,3584210
2023-11-21,1442.0,1450.0,1436.75,1439.0,1326.1007080078125,3793135
2023-11-22,1436.199951171875,1458.949951171875,1436.199951171875,1457.800048828125,1343.42578125,3108786
2023-11-23,1467.9000244140625,1467.9000244140625,1447.699951171875,1449.25,1335.5465087890625,3186928
2023-11-24,1445.550048828125,1452.6500244140625,1433.8499755859375,1437.4000244140625,1324.6263427734375,2973195
2023-11-28,1444.0,1445.0,1427.050048828125,1442.699951171875,1329.5103759765625,3755373
2023-11-29,1451.0999755859375,1460.699951171875,1449.800048828125,1459.5999755859375,1345.08447265625,3875778
2023-11-30,1453.25,1460.6500244140625,1449.550048828125,1455.1500244140625,1340.983642578125,10120867
2023-12-01,1459.9000244140625,1459.9000244140625,1446.1500244140625,1452.300048828125,1338.357421875,3489187
2023-12-04,1460.449951171875,1471.9000244140625,1449.300048828125,1464.3499755859375,1349.4617919921875,5511948
2023-12-05,1465.800048828125,1466.9000244140625,1442.0,1453.949951171875,1339.8778076171875,5123039
2023-12-06,1456.75,1477.0,1451.050048828125,1474.300048828125,1358.6312255859375,5269178
2023-12-07,1472.8499755859375,1472.8499755859375,1461.800048828125,1465.9000244140625,1350.8902587890625,4424453
2023-12-08,1470.4000244140625,1494.699951171875,1466.25,1491.1500244140625,1374.1591796875,6323433
2023-12-11,1490.0,1498.0,1482.0,1488.5,1371.717041015625,3862018
2023-12-12,1477.5,1490.0,1467.6500244140625,1476.050048828125,1360.243896484375,6103494
2023-12-13,1476.0,1476.050048828125,1433.1500244140625,1449.0,1335.3162841796875,8549258
2023-12-14,1463.4000244140625,1511.0,1461.3499755859375,1501.449951171875,1383.6510009765625,12489858
2023-12-15,1523.050048828125,1588.550048828125,1521.0,1578.4000244140625,1454.56396484375,18395389
2023-12-18,1567.949951171875,1593.0,1560.300048828125,1564.3499755859375,1441.615966796875,6467243
2023-12-19,1570.0999755859375,1573.949951171875,1543.25,1558.300048828125,1436.0408935546875,4221721
2023-12-20,1565.050048828125,1583.5,1530.0,1536.4000244140625,1415.8590087890625,6592367
2023-12-21,1521.25,1546.6500244140625,1521.25,1536.0,1415.4903564453125,5319038
2023-12-22,1534.949951171875,1566.0,1523.0,1562.9000244140625,1440.2799072265625,6741060
2023-12-26,1535.0,1548.0,1523.0,1543.949951171875,1422.816650390625,6878067
2023-12-27,1544.0,1570.0,1544.0,1567.0999755859375,1444.150390625,4225849
2023-12-28,1568.949951171875,1568.949951171875,1555.0,1562.6500244140625,1440.0496826171875,5702253
2023-12-29,1541.050048828125,1559.449951171875,1540.0,1542.9000244140625,1421.8489990234375,4388990
2024-01-01,1539.0,1557.0,1535.25,1551.3499755859375,1429.635986328125,2808451
2024-01-02,1546.0,1549.1500244140625,1523.0,1534.4000244140625,1414.015869140625,5396313
2024-01-03,1519.949951171875,1519.949951171875,1488.0,1490.0,1373.0994873046875,7550363
2024-01-04,1504.949951171875,1519.75,1492.9000244140625,1512.699951171875,1394.0184326171875,7056038
2024-01-05,1506.75,1539.699951171875,1506.25,1532.550048828125,1412.31103515625,8895403
2024-01-08,1528.949951171875,1536.0,1513.25,1522.800048828125,1403.3260498046875,4440136
2024-01-09,1541.9000244140625,1553.0,1525.8499755859375,1529.300048828125,1409.3162841796875,4412074
2024-01-10,1524.949951171875,1535.449951171875,1505.0,1519.9000244140625,1400.653564453125,4096845
2024-01-11,1524.9000244140625,1525.0,1486.5999755859375,1494.199951171875,1376.9698486328125,11296088
2024-01-12,1562.0,1618.0,1555.4000244140625,1612.75,1486.21875,26754401
2024-01-15,1644.949951171875,1664.949951171875,1636.0,1652.0999755859375,1522.4815673828125,13228305
2024-01-16,1644.800048828125,1648.5,1625.0,1631.550048828125,1503.5439453125,6500917
2024-01-17,1620.25,1647.5,1620.25,1640.199951171875,1511.51513671875,9209876
2024-01-18,1642.6500244140625,1649.0,1628.25,1642.5999755859375,1513.7269287109375,6375464
2024-01-19,1651.5999755859375,1665.5,1644.1500244140625,1659.199951171875,1529.0244140625,4522736
2024-01-23,1650.0999755859375,1674.699951171875,1637.699951171875,1642.1500244140625,1513.312255859375,9401255
2024-01-24,1659.9000244140625,1680.0,1645.0,1675.4000244140625,1543.9534912109375,8999681
2024-01-25,1672.949951171875,1680.550048828125,1658.0,1669.0999755859375,1538.147705078125,8865304
2024-01-29,1665.1500244140625,1679.3499755859375,1647.5999755859375,1656.5999755859375,1526.6285400390625,4253785
2024-01-30,1662.449951171875,1690.0,1648.25,1651.449951171875,1521.8824462890625,4995943
2024-01-31,1648.25,1667.25,1638.0999755859375,1660.9000244140625,1530.591064453125,6763779
2024-02-01,1659.550048828125,1677.0,1650.3499755859375,1657.050048828125,1527.0433349609375,5760011
2024-02-02,1666.050048828125,1718.5,1665.0,1693.3499755859375,1560.4951171875,7858483
2024-02-05,1694.75,1700.75,1681.8499755859375,1687.199951171875,1554.8277587890625,3634135
2024-02-06,1686.75,1733.0,1673.949951171875,1729.449951171875,1593.762939453125,7694265
2024-02-07,1729.0,1729.0,1686.8499755859375,1693.75,1560.86376953125,4613877
2024-02-08,1698.0,1706.3499755859375,1682.800048828125,1692.0999755859375,1559.3431396484375,5919715
2024-02-09,1684.699951171875,1692.9000244140625,1659.800048828125,1669.3499755859375,1538.378173828125,4600004
2024-02-12,1670.3499755859375,1692.949951171875,1670.3499755859375,1680.0999755859375,1548.28466796875,3555808
2024-02-13,1683.0,1689.0999755859375,1663.5,1684.550048828125,1552.3856201171875,2696481
2024-02-14,1660.199951171875,1669.449951171875,1635.5,1666.199951171875,1535.4752197265625,3768579
2024-02-15,1677.0,1687.75,1661.5999755859375,1676.3499755859375,1544.8287353515625,4834391
2024-02-16,1689.0,1709.0,1687.949951171875,1701.6500244140625,1568.14404296875,4880654
2024-02-19,1705.0,1711.5,1687.699951171875,1699.75,1566.3931884765625,3690993
2024-02-20,1685.0,1694.25,1668.75,1685.25,1553.0306396484375,3706389
2024-02-21,1674.0,1674.0,1645.300048828125,1655.550048828125,1525.660888671875,4300508
2024-02-22,1665.0,1684.5999755859375,1644.4000244140625,1681.3499755859375,1549.436767578125,5841277
2024-02-23,1697.0,1698.449951171875,1671.9000244140625,1676.8499755859375,1545.289794921875,5373072
2024-02-26,1674.949951171875,1674.949951171875,1645.0,1660.1500244140625,1529.89990234375,2782438
2024-02-27,1661.0,1671.0999755859375,1652.800048828125,1663.5999755859375,1533.0792236328125,5159088
2024-02-28,1670.0,1687.800048828125,1662.050048828125,1671.25,1540.129150390625,3188916
2024-02-29,1665.0,1682.25,1653.300048828125,1673.9000244140625,1542.5712890625,7814722
2024-03-01,1669.0,1671.949951171875,1651.0,1654.699951171875,1524.87744140625,6387291
2024-03-04,1657.8499755859375,1664.449951171875,1633.6500244140625,1637.199951171875,1508.75048828125,4445156
2024-03-05,1634.0,1637.3499755859375,1602.0,1606.5,1480.4591064453125,4596579
2024-03-06,1602.800048828125,1620.1500244140625,1576.0,1617.550048828125,1490.642333984375,6420684
2024-03-07,1616.5999755859375,1628.449951171875,1604.199951171875,1616.449951171875,1489.6285400390625,6348359
2024-03-11,1608.1500244140625,1613.800048828125,1588.0,1600.5999755859375,1475.02197265625,6752895
2024-03-12,1600.0,1625.0,1597.6500244140625,1612.949951171875,1486.4029541015625,4614222
2024-03-13,1612.9000244140625,1624.5,1598.550048828125,1611.4000244140625,1484.974853515625,5688997
2024-03-14,1614.4000244140625,1657.75,1608.0,1653.300048828125,1523.5875244140625,8803799
2024-03-15,1641.0999755859375,1645.800048828125,1618.3499755859375,1634.0,1505.8016357421875,11809997
2024-03-18,1630.0,1632.6500244140625,1598.8499755859375,1602.6500244140625,1476.9112548828125,4958904
2024-03-19,1592.3499755859375,1599.0,1558.0,1561.449951171875,1438.943603515625,6870411
2024-03-20,1563.0,1574.949951171875,1552.3499755859375,1554.949951171875,1432.9534912109375,4759059
2024-03-21,1564.0,1576.949951171875,1543.4000244140625,1554.699951171875,1432.72314453125,11062497
2024-03-22,1521.0,1528.9000244140625,1498.199951171875,1508.8499755859375,1390.470458984375,14673890
2024-03-26,1492.0,1507.449951171875,1487.9000244140625,1492.6500244140625,1375.54150390625,8351081
2024-03-27,1496.0,1499.0,1481.550048828125,1483.8499755859375,1367.4317626953125,6857402
2024-03-28,1487.1500244140625,1511.800048828125,1487.1500244140625,1498.050048828125,1380.517822265625,12499530
2024-04-01,1525.0,1529.949951171875,1492.800048828125,1495.449951171875,1378.1217041015625,6580002
2024-04-02,1484.8499755859375,1493.1500244140625,1480.8499755859375,1482.8499755859375,1366.5103759765625,7279400
2024-04-03,1479.0,1495.0999755859375,1475.0,1480.6500244140625,1364.48291015625,8736248
2024-04-04,1490.550048828125,1495.6500244140625,1468.0,1486.699951171875,1370.0582275390625,11186915
2024-04-05,1480.050048828125,1486.699951171875,1476.050048828125,1479.0999755859375,1363.054443359375,5072482
2024-04-08,1483.0,1490.949951171875,1474.0999755859375,1476.699951171875,1360.8428955078125,6610887
2024-04-09,1490.0,1513.800048828125,1487.300048828125,1494.8499755859375,1377.5687255859375,9423230
2024-04-10,1500.3499755859375,1509.8499755859375,1484.550048828125,1506.800048828125,1388.5811767578125,6744595
2024-04-12,1504.0,1506.800048828125,1479.5,1484.75,1368.2611083984375,12275616
2024-04-15,1480.0,1491.949951171875,1461.050048828125,1468.1500244140625,1352.9637451171875,8531224
2024-04-16,1451.0,1455.1500244140625,1413.050048828125,1414.449951171875,1303.476806640625,16173541
2024-04-18,1421.0999755859375,1444.699951171875,1407.5,1419.25,1307.900146484375,22107945
2024-04-19,1385.0,1426.8499755859375,1378.75,1411.25,1300.52783203125,20603621
2024-04-22,1419.9000244140625,1436.8499755859375,1413.050048828125,1432.75,1320.3409423828125,5859087
2024-04-23,1443.0,1446.8499755859375,1433.0,1442.4000244140625,1329.2340087890625,4856174
2024-04-24,1444.300048828125,1444.300048828125,1427.050048828125,1430.75,1318.498046875,4268213
2024-04-25,1420.0,1444.9000244140625,1420.0,1438.449951171875,1325.59375,9089398
2024-04-26,1439.699951171875,1445.4000244140625,1427.0,1430.25,1318.0372314453125,8062444
2024-04-29,1429.949951171875,1439.800048828125,1428.25,1434.75,1322.1842041015625,5055957
2024-04-30,1434.699951171875,1436.550048828125,1417.550048828125,1420.550048828125,1309.0982666015625,6936588
2024-05-02,1413.0,1424.0,1411.8499755859375,1414.449951171875,1303.476806640625,10076354
2024-05-03,1422.0999755859375,1424.800048828125,1403.199951171875,1416.300048828125,1305.1817626953125,8842345
2024-05-06,1420.0,1445.699951171875,1417.0999755859375,1425.9000244140625,1314.028564453125,6445422
2024-05-07,1424.949951171875,1443.3499755859375,1415.5999755859375,1440.949951171875,1327.8975830078125,6080661
2024-05-08,1435.25,1439.75,1425.5999755859375,1427.300048828125,1315.3187255859375,6234983
2024-05-09,1427.550048828125,1449.949951171875,1424.8499755859375,1439.550048828125,1326.607421875,6088406
2024-05-10,1435.050048828125,1435.949951171875,1413.0,1424.9000244140625,1313.1070556640625,8777481
2024-05-13,1425.0,1425.0,1411.199951171875,1423.449951171875,1311.770751953125,3735954
2024-05-14,1426.4000244140625,1433.75,1418.050048828125,1424.699951171875,1312.922607421875,3463230
2024-05-15,1426.0,1431.800048828125,1418.550048828125,1419.949951171875,1308.5452880859375,4327544
2024-05-16,1433.949951171875,1455.75,1427.0,1453.3499755859375,1339.3248291015625,9249145
2024-05-17,1457.0,1457.0,1439.25,1444.300048828125,1330.98486328125,7542860
2024-05-21,1430.0,1444.699951171875,1428.4000244140625,1434.1500244140625,1321.6312255859375,6752663
2024-05-22,1428.75,1459.949951171875,1428.0,1454.800048828125,1340.6610107421875,7173285
2024-05-23,1454.699951171875,1478.1500244140625,1450.0,1472.4000244140625,1356.8802490234375,8641428
2024-05-24,1468.25,1475.5,1460.0,1465.0999755859375,1350.153076171875,5277938
2024-05-27,1471.8499755859375,1479.5999755859375,1460.25,1471.3499755859375,1355.91259765625,5821844
2024-05-28,1475.5,1476.0,1460.300048828125,1467.050048828125,1351.9500732421875,6186922
2024-05-29,1465.4000244140625,1465.5,1450.0,1450.949951171875,1337.1131591796875,7401634
2024-05-30,1442.800048828125,1449.8499755859375,1421.550048828125,1427.449951171875,1315.456787109375,9663150
2024-05-31,1409.800048828125,1436.75,1400.0,1406.9000244140625,1322.4598388671875,37113815
2024-06-03,1440.0,1440.0,1404.0,1405.9000244140625,1321.519775390625,10589244
2024-06-04,1409.0,1415.0,1358.3499755859375,1393.6500244140625,1310.0050048828125,13736134
2024-06-05,1400.1500244140625,1438.0,1400.1500244140625,1430.0999755859375,1344.267333984375,9233424
2024-06-06,1444.949951171875,1474.300048828125,1437.5,1472.25,1383.887451171875,12660930
2024-06-07,1481.0,1539.699951171875,1477.25,1533.5999755859375,1441.5552978515625,24075302
2024-06-10,1525.300048828125,1529.800048828125,1497.300048828125,1499.75,1409.7369384765625,6810606
2024-06-11,1500.050048828125,1506.449951171875,1493.949951171875,1495.75,1405.97705078125,4853054
2024-06-12,1507.0,1508.75,1482.75,1485.199951171875,1396.0604248046875,9564320
2024-06-13,1495.0,1505.0,1489.3499755859375,1493.949951171875,1404.28515625,7307565
2024-06-14,1503.699951171875,1503.699951171875,1486.050048828125,1488.9000244140625,1399.5380859375,4237727
2024-06-18,1497.0,1507.0,1495.4000244140625,1498.199951171875,1408.280029296875,5420939
2024-06-19,1505.0,1515.6500244140625,1496.699951171875,1511.3499755859375,1420.640625,5493456
2024-06-20,1516.300048828125,1517.5,1499.0999755859375,1515.4000244140625,1424.4476318359375,7927010
2024-06-21,1545.0,1557.75,1523.699951171875,1532.699951171875,1440.7093505859375,17301941
2024-06-24,1524.550048828125,1529.0999755859375,1515.4000244140625,1527.1500244140625,1435.492431640625,5564989
2024-06-25,1526.0,1543.9000244140625,1520.3499755859375,1541.949951171875,1449.4041748046875,4551525
2024-06-26,1541.0,1548.8499755859375,1535.0,1540.699951171875,1448.229248046875,4851004
2024-06-27,1538.449951171875,1578.4000244140625,1532.050048828125,1573.3499755859375,1478.919677734375,14757754
2024-06-28,1572.550048828125,1588.5,1564.25,1566.75,1472.7158203125,8197544
2024-07-01,1559.5,1599.9000244140625,1559.5,1590.800048828125,1495.322265625,6801771
2024-07-02,1596.199951171875,1633.800048828125,1586.5,1621.050048828125,1523.7568359375,10493173
2024-07-03,1625.0,1636.0,1606.0,1627.4000244140625,1529.7257080078125,7269965
2024-07-04,1628.199951171875,1660.0,1628.0,1650.6500244140625,1551.5802001953125,8008311
2024-07-05,1651.449951171875,1665.8499755859375,1633.3499755859375,1647.449951171875,1548.572265625,7065022
2024-07-08,1643.0999755859375,1666.0,1640.0,1661.6500244140625,1561.920166015625,5880533
2024-07-09,1659.9000244140625,1666.75,1651.0,1657.1500244140625,1557.6900634765625,5191182
2024-07-10,1657.0,1674.0,1637.550048828125,1648.25,1549.32421875,9852770
2024-07-11,1656.0,1665.0,1642.050048828125,1652.699951171875,1553.507080078125,8857679
2024-07-12,1680.0,1719.75,1666.6500244140625,1711.75,1609.012939453125,17078316
2024-07-15,1726.199951171875,1728.0,1702.6500244140625,1707.050048828125,1604.59521484375,6942230
2024-07-16,1718.5999755859375,1737.9000244140625,1700.0,1726.050048828125,1622.454833984375,6886281
2024-07-18,1719.0,1765.4000244140625,1719.0,1758.050048828125,1652.5340576171875,11248896
2024-07-19,1844.0,1844.0,1786.449951171875,1792.949951171875,1685.3394775390625,29819116
2024-07-22,1800.1500244140625,1823.0,1792.949951171875,1810.8499755859375,1702.1651611328125,8462126
2024-07-23,1810.0,1839.949951171875,1783.25,1836.9000244140625,1726.6517333984375,7113056
2024-07-24,1837.5,1842.3499755859375,1819.5999755859375,1833.949951171875,1723.878662109375,6002845
2024-07-25,1820.0,1830.9000244140625,1812.0,1824.8499755859375,1715.324951171875,5815599
2024-07-26,1825.3499755859375,1883.0,1825.3499755859375,1878.9000244140625,1766.1309814453125,11369047
2024-07-29,1893.5999755859375,1903.0,1864.0,1871.0999755859375,1758.7991943359375,4635931
2024-07-30,1871.0999755859375,1879.949951171875,1860.0,1877.1500244140625,1764.4859619140625,2721265
2024-07-31,1877.0,1885.1500244140625,1865.050048828125,1868.25,1756.1201171875,5004209
2024-08-01,1856.0999755859375,1867.9000244140625,1845.0999755859375,1852.5999755859375,1741.4095458984375,7475014
2024-08-02,1843.0,1859.5,1816.1500244140625,1821.199951171875,1711.8939208984375,7400938
2024-08-05,1784.949951171875,1797.5,1718.550048828125,1751.9000244140625,1646.7532958984375,10736703
2024-08-06,1760.199951171875,1796.949951171875,1744.8499755859375,1751.0999755859375,1646.0013427734375,7690163
2024-08-07,1796.0,1797.9000244140625,1762.0999755859375,1791.6500244140625,1684.1175537109375,5094329
2024-08-08,1779.949951171875,1779.949951171875,1727.0999755859375,1743.1500244140625,1638.528564453125,6227910
2024-08-09,1771.25,1780.75,1756.0,1770.75,1664.4720458984375,4258524
2024-08-12,1773.050048828125,1803.5,1768.0999755859375,1797.4000244140625,1689.5225830078125,4315329
2024-08-13,1810.0,1810.0,1789.050048828125,1797.449951171875,1689.5693359375,4176918
2024-08-14,1802.0,1825.0,1797.449951171875,1823.25,1713.8209228515625,7450718
2024-08-16,1850.0,1861.8499755859375,1829.5,1858.949951171875,1747.378173828125,7335657
2024-08-19,1860.0,1867.550048828125,1849.199951171875,1864.800048828125,1752.8773193359375,2585989
2024-08-20,1880.0,1885.699951171875,1868.199951171875,1872.199951171875,1759.8331298828125,3870333
2024-08-21,1875.0999755859375,1879.0,1867.0999755859375,1872.699951171875,1760.302978515625,1966902
2024-08-22,1884.0,1893.6500244140625,1869.699951171875,1880.25,1767.3997802734375,4300287
2024-08-23,1878.199951171875,1882.5999755859375,1857.0,1862.0999755859375,1750.3392333984375,5015935
2024-08-26,1870.0,1888.75,1864.0,1876.1500244140625,1763.5460205078125,3728589
2024-08-27,1876.1500244140625,1902.75,1873.9000244140625,1900.0999755859375,1786.0584716796875,3830679
2024-08-28,1906.9000244140625,1951.0,1897.4000244140625,1939.0999755859375,1822.7177734375,6514531
2024-08-29,1933.0,1950.5,1920.9000244140625,1933.3499755859375,1817.3128662109375,7228284
2024-08-30,1938.0,1950.0,1928.0,1943.699951171875,1827.041748046875,13466759
2024-09-02,1943.3499755859375,1975.75,1942.800048828125,1964.5,1846.593505859375,5573739
2024-09-03,1967.0,1967.0,1936.449951171875,1941.25,1824.73876953125,4694322
2024-09-04,1921.0999755859375,1927.199951171875,1900.050048828125,1922.449951171875,1807.0670166015625,4778310
2024-09-05,1926.25,1940.0,1909.5999755859375,1933.1500244140625,1817.1248779296875,4081810
2024-09-06,1922.0,1936.5,1896.8499755859375,1901.8499755859375,1787.703369140625,5848106
2024-09-09,1890.0,1920.8499755859375,1889.0,1894.6500244140625,1780.9356689453125,4772612
2024-09-10,1904.9000244140625,1935.0,1896.0,1912.300048828125,1797.5264892578125,6909600
2024-09-11,1914.699951171875,1926.0,1905.0,1910.1500244140625,1795.5052490234375,5312946
2024-09-12,1925.0,1956.4000244140625,1910.800048828125,1950.449951171875,1833.3865966796875,8555092
2024-09-13,1950.449951171875,1958.5999755859375,1935.6500244140625,1944.0999755859375,1827.4178466796875,3843127
2024-09-16,1945.75,1952.0,1933.050048828125,1950.25,1833.1986083984375,1570181
2024-09-17,1947.75,1958.449951171875,1942.1500244140625,1952.550048828125,1835.360595703125,2793127
2024-09-18,1938.75,1938.75,1881.300048828125,1892.1500244140625,1778.5855712890625,6385468
2024-09-19,1910.5999755859375,1924.9000244140625,1878.800048828125,1894.199951171875,1780.5125732421875,7976570
2024-09-20,1905.0,1915.0,1867.4000244140625,1905.75,1791.3695068359375,15242974
2024-09-23,1909.0,1918.9000244140625,1878.449951171875,1896.449951171875,1782.6275634765625,3636672
2024-09-24,1888.0,1910.9000244140625,1871.4000244140625,1898.5999755859375,1784.648681640625,7277616
2024-09-25,1886.3499755859375,1901.5999755859375,1876.800048828125,1895.300048828125,1781.5465087890625,4268341
2024-09-26,1897.800048828125,1917.949951171875,1893.0,1900.25,1786.1995849609375,8952803
2024-09-27,1932.0999755859375,1974.5999755859375,1903.300048828125,1906.75,1792.309326171875,14908931
2024-09-30,1880.0,1901.25,1870.5,1875.5999755859375,1763.029052734375,6986955
2024-10-01,1875.0,1908.949951171875,1875.0,1904.3499755859375,1790.0533447265625,4029072
2024-10-03,1889.5,1911.8499755859375,1881.0,1893.4000244140625,1779.7607421875,7503887
2024-10-04,1889.550048828125,1954.0999755859375,1886.0,1918.1500244140625,1803.0252685546875,10001483
2024-10-07,1923.199951171875,1942.0,1916.050048828125,1934.300048828125,1818.2059326171875,6112575
2024-10-08,1937.9000244140625,1957.949951171875,1906.3499755859375,1948.550048828125,1831.6005859375,5637391
2024-10-09,1952.550048828125,1977.0,1945.0999755859375,1952.75,1835.5484619140625,4857163
2024-10-10,1957.9000244140625,1964.0,1914.0999755859375,1919.0,1803.82421875,4782119
2024-10-11,1918.0,1947.0,1910.0999755859375,1935.0999755859375,1818.9578857421875,4709431
2024-10-14,1932.1500244140625,1969.5,1931.0999755859375,1958.9000244140625,1841.3294677734375,3751378
2024-10-15,1960.0,1991.449951171875,1951.75,1959.300048828125,1841.7054443359375,5353705
2024-10-16,1955.0,1959.550048828125,1916.3499755859375,1920.0999755859375,1804.858154296875,3111512
2024-10-17,1935.199951171875,1978.0,1930.1500244140625,1968.0999755859375,1849.977294921875,8162822
2024-10-18,1893.800048828125,1936.8499755859375,1869.25,1879.5999755859375,1766.7889404296875,10526196
2024-10-21,1891.0999755859375,1898.800048828125,1838.0,1852.75,1741.5504150390625,4654601
2024-10-22,1858.199951171875,1877.800048828125,1846.949951171875,1851.5999755859375,1740.4693603515625,4125240
2024-10-23,1845.25,1886.0,1844.0,1873.4000244140625,1760.9610595703125,4311910
2024-10-24,1861.4000244140625,1884.0,1860.0,1863.3499755859375,1751.51416015625,2906475
2024-10-25,1863.449951171875,1876.3499755859375,1846.4000244140625,1862.050048828125,1750.2923583984375,4689120
2024-10-28,1859.699951171875,1881.9000244140625,1857.0,1865.3499755859375,1753.3941650390625,7018940
2024-10-29,1846.0,1851.5999755859375,1829.0,1839.300048828125,1748.59326171875,4621252
2024-10-30,1832.0,1839.0,1796.3499755859375,1802.0999755859375,1713.2276611328125,5919715
2024-10-31,1787.9000244140625,1787.9000244140625,1746.5,1757.25,1670.589599609375,7395236
2024-11-01,1764.5,1766.0,1752.050048828125,1760.8499755859375,1674.011962890625,371966
2024-11-04,1724.5,1767.0,1718.0,1763.6500244140625,1676.674072265625,7336722
2024-11-05,1760.0,1768.449951171875,1745.0,1754.199951171875,1667.6900634765625,3160880
2024-11-06,1764.0,1827.199951171875,1762.6500244140625,1823.699951171875,1733.762451171875,10421494
2024-11-07,1812.949951171875,1825.699951171875,1787.0,1803.050048828125,1714.1309814453125,4550965
2024-11-08,1818.0,1840.5999755859375,1813.1500244140625,1829.949951171875,1739.7042236328125,4210960
2024-11-11,1829.0,1868.0,1822.550048828125,1860.0999755859375,1768.367431640625,3804234
2024-11-12,1871.0999755859375,1881.0,1861.0,1868.800048828125,1776.638427734375,5012450
2024-11-13,1861.0999755859375,1873.199951171875,1856.300048828125,1868.4000244140625,1776.2581787109375,4257495
2024-11-14,1865.5999755859375,1876.0,1856.0,1864.550048828125,1772.59814453125,4311431
2024-11-18,1849.199951171875,1849.199951171875,1795.0,1811.449951171875,1722.11669921875,4839244
2024-11-19,1825.5,1859.699951171875,1820.550048828125,1824.75,1734.7608642578125,4669769
2024-11-21,1842.0,1867.0,1820.5999755859375,1834.050048828125,1743.6021728515625,5436504
2024-11-22,1854.0999755859375,1914.050048828125,1834.0,1902.25,1808.438720703125,6301486
2024-11-25,1916.0,1919.300048828125,1882.0,1889.699951171875,1796.507568359375,12764638
2024-11-26,1904.949951171875,1938.5999755859375,1897.300048828125,1924.1500244140625,1829.2587890625,6850495
2024-11-27,1930.0999755859375,1941.4000244140625,1911.75,1924.5,1829.591552734375,4447143
2024-11-28,1914.9000244140625,1914.9000244140625,1851.6500244140625,1856.6500244140625,1765.0875244140625,8468790
2024-11-29,1851.0999755859375,1877.0,1845.0,1857.8499755859375,1766.2283935546875,5244346
2024-12-02,1859.0,1882.800048828125,1835.199951171875,1879.800048828125,1787.0960693359375,2868263
2024-12-03,1887.0,1899.75,1871.1500244140625,1892.0999755859375,1798.7894287109375,4715792
2024-12-04,1884.0,1913.949951171875,1875.0,1889.25,1796.0799560546875,4705573
2024-12-05,1900.0,1949.9000244140625,1888.949951171875,1934.8499755859375,1839.4310302734375,9050038
2024-12-06,1932.800048828125,1937.949951171875,1912.4000244140625,1922.4000244140625,1827.5950927734375,3573331
2024-12-09,1924.199951171875,1930.199951171875,1897.199951171875,1923.6500244140625,1828.7835693359375,4274645
2024-12-10,1939.0,1965.5999755859375,1932.0,1948.550048828125,1852.4554443359375,6174921
2024-12-11,1955.0,1978.0,1952.0,1974.1500244140625,1876.79296875,5025612
2024-12-12,1975.199951171875,1998.800048828125,1970.550048828125,1987.0,1889.0093994140625,6462130
2024-12-13,1969.75,2006.449951171875,1953.800048828125,1999.699951171875,1901.0828857421875,5362693
2024-12-16,1995.449951171875,1999.5999755859375,1977.5999755859375,1980.050048828125,1882.402099609375,3119221
2024-12-17,1968.0,1982.0,1958.0,1976.5999755859375,1879.1220703125,5811050
2024-12-18,1966.800048828125,1984.949951171875,1961.5999755859375,1979.1500244140625,1881.54638671875,3064095
2024-12-19,1934.0,1959.75,1920.0,1946.199951171875,1850.22119140625,5323592
2024-12-20,1975.1500244140625,1979.949951171875,1911.25,1922.1500244140625,1827.3575439453125,11056720
2024-12-23,1930.050048828125,1940.0,1909.0,1924.300048828125,1829.4013671875,2781793
2024-12-24,1927.050048828125,1942.0,1840.0,1909.050048828125,1814.9034423828125,2360544
2024-12-26,1909.050048828125,1919.75,1902.300048828125,1907.4000244140625,1813.3348388671875,3623321
2024-12-27,1909.4000244140625,1924.1500244140625,1903.9000244140625,1916.75,1822.2237548828125,3937500
2024-12-30,1915.699951171875,1916.0,1886.5,1906.0,1812.00390625,7789055
2024-12-31,1892.300048828125,1897.0,1845.050048828125,1880.0,1787.2860107421875,3613063
2025-01-01,1874.0,1892.949951171875,1874.0,1882.5,1789.6627197265625,1838368
2025-01-02,1887.0,1962.6500244140625,1885.300048828125,1957.8499755859375,1861.2967529296875,7083645
2025-01-03,1952.949951171875,1952.949951171875,1922.0,1938.75,1843.138671875,6218003
2025-01-06,1952.0,1973.0,1928.0,1937.8499755859375,1842.283203125,7164403
2025-01-07,1945.0,1958.550048828125,1923.6500244140625,1930.8499755859375,1835.6282958984375,4294832
2025-01-08,1930.0,1938.5999755859375,1888.75,1933.1500244140625,1837.81494140625,5482050
2025-01-09,1934.050048828125,1951.8499755859375,1910.550048828125,1917.300048828125,1822.7467041015625,6833503
2025-01-10,1937.0,1977.800048828125,1932.25,1966.949951171875,1869.947998046875,8036913
2025-01-13,1956.0,1982.800048828125,1949.0,1962.199951171875,1865.4322509765625,5804152
2025-01-14,1968.8499755859375,1971.800048828125,1931.0999755859375,1940.050048828125,1844.374755859375,5792162
2025-01-15,1947.0,1958.050048828125,1937.0999755859375,1949.6500244140625,1853.501220703125,2985439
2025-01-16,1965.949951171875,1966.949951171875,1916.8499755859375,1928.449951171875,1833.3466796875,7533579
2025-01-17,1851.0,1858.0,1812.0,1815.449951171875,1725.9193115234375,16409953
2025-01-20,1822.949951171875,1827.949951171875,1793.1500244140625,1813.300048828125,1723.87548828125,4333011
2025-01-21,1819.050048828125,1831.6500244140625,1793.050048828125,1800.699951171875,1711.896728515625,7169109
2025-01-22,1807.4000244140625,1865.800048828125,1805.1500244140625,1856.449951171875,1764.8974609375,8373913
2025-01-23,1858.0,1879.550048828125,1852.699951171875,1865.449951171875,1773.4534912109375,5907471
2025-01-24,1865.5,1894.9000244140625,1864.25,1875.449951171875,1782.96044921875,4887027
2025-01-27,1848.75,1863.0,1812.0,1822.0,1732.1463623046875,7652371
2025-01-28,1830.0,1863.5,1824.9000244140625,1829.75,1739.51416015625,6999495
2025-01-29,1845.0,1888.6500244140625,1840.5,1881.25,1788.474365234375,5145155
2025-01-30,1873.1500244140625,1887.199951171875,1844.0,1859.949951171875,1768.224853515625,7336056
2025-01-31,1871.0,1897.449951171875,1871.0,1879.800048828125,1787.0960693359375,5820470
2025-02-01,1880.300048828125,1890.5999755859375,1846.0,1851.3499755859375,1760.0489501953125,1701402
2025-02-03,1836.0,1876.550048828125,1832.4000244140625,1863.300048828125,1771.40966796875,4823228
2025-02-04,1889.0,1911.199951171875,1875.0,1898.800048828125,1805.1590576171875,7334787
2025-02-05,1906.0,1919.699951171875,1894.300048828125,1897.050048828125,1803.495361328125,4996744
2025-02-06,1917.0,1924.0,1900.0,1915.6500244140625,1821.177978515625,4765255
2025-02-07,1919.300048828125,1923.699951171875,1889.449951171875,1903.6500244140625,1809.769775390625,4126260
2025-02-10,1905.0,1905.0,1878.5999755859375,1880.300048828125,1787.5712890625,3828734
2025-02-11,1883.0999755859375,1903.0,1870.0,1875.6500244140625,1783.150634765625,4411601
2025-02-12,1885.0,1894.5999755859375,1847.0,1863.1500244140625,1771.26708984375,5633947
2025-02-13,1868.5,1873.5,1835.6500244140625,1843.25,1752.348388671875,5237744
2025-02-14,1854.0,1859.300048828125,1828.3499755859375,1856.4000244140625,1764.849853515625,5292961
2025-02-17,1838.550048828125,1852.75,1822.1500244140625,1842.300048828125,1751.4453125,4428956
2025-02-18,1842.300048828125,1861.6500244140625,1837.5999755859375,1851.949951171875,1760.619384765625,4365260
2025-02-19,1847.4000244140625,1849.199951171875,1805.9000244140625,1810.800048828125,1721.498779296875,4611411
2025-02-20,1805.550048828125,1831.0,1805.550048828125,1825.1500244140625,1735.14111328125,2218020
2025-02-21,1821.800048828125,1829.8499755859375,1806.199951171875,1815.0,1725.4915771484375,3379879
2025-02-24,1800.050048828125,1808.0,1750.25,1764.0999755859375,1677.1016845703125,7594720
2025-02-25,1745.1500244140625,1778.449951171875,1745.1500244140625,1767.699951171875,1680.524169921875,5092963
2025-02-27,1755.199951171875,1775.8499755859375,1751.0999755859375,1764.300048828125,1677.2919921875,5757079
2025-02-28,1755.050048828125,1755.0999755859375,1682.449951171875,1687.699951171875,1604.469482421875,12182167
2025-03-03,1692.300048828125,1728.5999755859375,1692.300048828125,1708.5999755859375,1624.3387451171875,7504969
2025-03-04,1695.0,1699.0,1670.0,1688.300048828125,1605.0400390625,6759673
2025-03-05,1692.449951171875,1732.949951171875,1692.449951171875,1711.5,1627.0958251953125,8180782
2025-03-06,1715.0,1722.300048828125,1691.0999755859375,1715.8499755859375,1631.2313232421875,10610547
2025-03-07,1703.0999755859375,1705.0,1675.5,1686.0,1602.8533935546875,8019331
2025-03-10,1686.0,1719.0,1676.199951171875,1701.449951171875,1617.54150390625,7558981
2025-03-11,1680.0,1680.0,1637.050048828125,1661.5999755859375,1579.6566162109375,12671234
2025-03-12,1636.9000244140625,1636.9000244140625,1563.800048828125,1590.8499755859375,1512.395751953125,14870008
2025-03-13,1599.25,1606.050048828125,1570.300048828125,1579.8499755859375,1501.938232421875,7822888
2025-03-17,1545.1500244140625,1594.0,1545.1500244140625,1590.050048828125,1511.6353759765625,7526032
2025-03-18,1590.050048828125,1590.050048828125,1590.050048828125,1590.050048828125,1511.6353759765625,0
2025-03-19,1603.0,1603.0,1572.800048828125,1586.550048828125,1508.307861328125,7387068
2025-03-20,1592.0,1631.9000244140625,1592.0,1615.550048828125,1535.877685546875,7186750
2025-03-21,1577.949951171875,1603.9000244140625,1563.6500244140625,1592.550048828125,1514.011962890625,10074677
2025-03-24,1597.949951171875,1607.0999755859375,1572.699951171875,1592.75,1514.2021484375,8857726
2025-03-25,1605.0,1636.1500244140625,1605.0,1628.449951171875,1548.141357421875,9890140
2025-03-26,1626.0,1637.75,1595.0,1599.449951171875,1520.571533203125,6651302
2025-03-27,1595.550048828125,1619.949951171875,1586.0,1603.550048828125,1524.469482421875,9426573
2025-03-28,1590.0,1598.449951171875,1560.0,1570.6500244140625,1493.1920166015625,6799047
2025-04-01,1539.25,1547.4000244140625,1517.8499755859375,1526.5,1451.21923828125,12680733
2025-04-02,1535.199951171875,1555.6500244140625,1535.199951171875,1550.1500244140625,1473.7030029296875,6193478
2025-04-03,1534.6500244140625,1534.6500244140625,1485.050048828125,1496.5,1422.69873046875,10459504
2025-04-04,1460.5,1472.0,1448.0,1451.6500244140625,1380.0606689453125,9590254
2025-04-07,1352.0,1405.9000244140625,1307.0,1396.75,1327.8680419921875,21715252
2025-04-08,1431.0,1456.5,1415.0,1428.800048828125,1358.3375244140625,12805001
2025-04-09,1405.050048828125,1409.449951171875,1381.9000244140625,1403.699951171875,1334.4752197265625,8546854
2025-04-11,1411.25,1438.800048828125,1397.050048828125,1409.449951171875,1339.941650390625,12567440
2025-04-15,1445.5999755859375,1447.699951171875,1409.0,1426.0,1355.675537109375,10178530
2025-04-16,1425.0,1427.5,1396.800048828125,1413.0999755859375,1343.41162109375,12022740
2025-04-17,1398.0,1429.800048828125,1378.300048828125,1419.5,1349.49609375,14264227
2025-04-21,1410.0,1471.800048828125,1410.0,1451.0,1379.442626953125,15648970
2025-04-22,1440.0,1440.0,1419.300048828125,1422.800048828125,1352.6334228515625,9399738
2025-04-23,1446.0,1487.800048828125,1439.5999755859375,1474.9000244140625,1402.1640625,11136642
2025-04-24,1469.9000244140625,1482.9000244140625,1461.5,1471.4000244140625,1398.8365478515625,7114292
2025-04-25,1475.5,1501.699951171875,1463.5,1480.199951171875,1407.2025146484375,8329979
2025-04-28,1480.199951171875,1489.5999755859375,1465.300048828125,1482.0999755859375,1409.0087890625,5886253
2025-04-29,1482.0,1509.800048828125,1474.0999755859375,1497.5,1423.6494140625,8056743
2025-04-30,1496.800048828125,1508.800048828125,1482.5999755859375,1500.0999755859375,1426.1212158203125,7704183
2025-05-02,1499.699951171875,1523.199951171875,1496.199951171875,1506.9000244140625,1432.5859375,7402310
2025-05-05,1515.0,1523.0,1502.800048828125,1508.5999755859375,1434.201904296875,4282493
2025-05-06,1506.0,1515.5999755859375,1499.0999755859375,1511.5,1436.958984375,4270530
2025-05-07,1500.0,1518.800048828125,1496.5999755859375,1508.300048828125,1433.9168701171875,5691799
2025-05-08,1508.0,1516.5,1501.199951171875,1511.4000244140625,1436.8638916015625,8424409
2025-05-09,1500.699951171875,1511.4000244140625,1494.0999755859375,1507.5999755859375,1433.2513427734375,4478653
2025-05-12,1537.0,1632.0,1532.0,1626.9000244140625,1546.66796875,11372857
2025-05-13,1609.0,1612.199951171875,1564.5999755859375,1568.5999755859375,1491.2430419921875,12846210
2025-05-14,1574.0,1595.0,1569.5,1592.4000244140625,1513.869384765625,4870057
2025-05-15,1589.800048828125,1618.5999755859375,1571.0,1613.0,1533.4534912109375,11151167
2025-05-16,1612.5999755859375,1612.5999755859375,1581.5,1589.9000244140625,1511.49267578125,4576751
2025-05-19,1576.5,1585.0,1555.699951171875,1559.800048828125,1482.877197265625,8855798
2025-05-20,1570.0,1583.5,1558.0,1560.5999755859375,1483.6375732421875,7143998
2025-05-21,1567.9000244140625,1571.0,1552.0999755859375,1568.5,1491.14794921875,4157309
2025-05-22,1555.5,1560.800048828125,1540.0,1547.5,1471.18359375,6158990
2025-05-23,1550.0,1587.199951171875,1550.0,1564.800048828125,1487.6304931640625,5038421
2025-05-26,1566.5999755859375,1583.800048828125,1562.699951171875,1580.5,1502.55615234375,3170102
2025-05-27,1579.9000244140625,1582.9000244140625,1556.4000244140625,1570.0999755859375,1492.6690673828125,7775714
2025-05-28,1581.0,1587.699951171875,1570.0,1571.800048828125,1494.2852783203125,3623370
2025-05-29,1589.0,1608.9000244140625,1576.5999755859375,1585.5999755859375,1507.4046630859375,8609500
2025-05-30,1571.0,1572.0,1555.0999755859375,1562.699951171875,1506.5369873046875,13148092
2025-06-02,1560.0,1560.0,1539.0,1553.800048828125,1497.9569091796875,4374509
2025-06-03,1559.0,1567.300048828125,1535.5999755859375,1543.0,1487.5450439453125,6853403
2025-06-04,1543.0,1557.300048828125,1541.4000244140625,1551.199951171875,1495.4503173828125,4548307
2025-06-05,1547.9000244140625,1567.699951171875,1541.5999755859375,1554.300048828125,1498.43896484375,6948539
2025-06-06,1554.699951171875,1568.9000244140625,1543.0999755859375,1563.800048828125,1507.5975341796875,3960020
2025-06-09,1578.0,1588.0,1571.0,1572.9000244140625,1516.3704833984375,2903202
2025-06-10,1584.0,1607.5,1577.5,1596.0,1538.6402587890625,8591925
2025-06-11,1590.0999755859375,1634.5999755859375,1590.0999755859375,1631.0999755859375,1572.478759765625,10597410
2025-06-12,1617.0,1628.0,1598.0999755859375,1608.5999755859375,1550.787353515625,10483574
2025-06-13,1576.0,1609.0,1570.199951171875,1602.0,1544.424560546875,6968315
2025-06-16,1600.0,1634.800048828125,1597.0999755859375,1623.800048828125,1565.441162109375,5591842
2025-06-17,1620.699951171875,1647.4000244140625,1615.5999755859375,1639.9000244140625,1580.9625244140625,7622083
2025-06-18,1621.0,1644.699951171875,1621.0,1632.9000244140625,1574.214111328125,5629707
2025-06-19,1623.9000244140625,1630.0,1611.5,1618.4000244140625,1560.2352294921875,5147760
2025-06-20,1619.0,1630.699951171875,1608.9000244140625,1622.9000244140625,1564.573486328125,9202821
2025-06-23,1601.0,1601.0,1575.4000244140625,1584.0,1527.071533203125,7943676
2025-06-24,1601.0,1609.0,1576.5999755859375,1581.5999755859375,1524.7576904296875,8083992
2025-06-25,1590.0,1619.9000244140625,1585.0999755859375,1614.9000244140625,1556.8609619140625,7813533
2025-06-26,1608.800048828125,1624.0,1606.5999755859375,1616.0,1557.92138671875,6519233
2025-06-27,1619.0,1629.5999755859375,1602.4000244140625,1608.0,1550.208984375,8912268
2025-06-30,1615.0,1615.0,1594.0999755859375,1601.800048828125,1544.2318115234375,6294505
2025-07-01,1609.0,1617.699951171875,1600.5,1606.800048828125,1549.05224609375,4178937
2025-07-02,1618.0,1649.0,1603.4000244140625,1610.5,1552.619140625,8653641
2025-07-03,1618.5,1632.4000244140625,1615.0,1618.699951171875,1560.5244140625,5259695
2025-07-04,1625.0,1643.4000244140625,1612.300048828125,1640.699951171875,1581.733642578125,4411273
2025-07-07,1640.0,1644.0,1623.0,1627.0,1568.5262451171875,3294523
2025-07-08,1628.0,1646.199951171875,1621.5,1638.699951171875,1579.8055419921875,4590681
2025-07-09,1637.800048828125,1638.0,1623.5999755859375,1633.699951171875,1574.9853515625,4580828
2025-07-10,1638.9000244140625,1638.9000244140625,1607.0999755859375,1615.800048828125,1557.728759765625,5330179
2025-07-11,1579.0999755859375,1607.0999755859375,1563.0,1594.9000244140625,1537.5797119140625,11391755
2025-07-14,1591.800048828125,1591.800048828125,1559.800048828125,1570.300048828125,1513.8638916015625,9173426
2025-07-15,1565.0999755859375,1603.5999755859375,1564.0,1585.5999755859375,1528.614013671875,7614807
2025-07-16,1579.0,1612.0,1578.5,1607.9000244140625,1550.1126708984375,6223491
2025-07-17,1598.0,1610.0,1580.0999755859375,1583.5,1526.589599609375,7374814
2025-07-18,1592.0999755859375,1599.300048828125,1580.0,1586.0999755859375,1529.095947265625,5161833
2025-07-21,1580.0,1589.0,1566.800048828125,1584.300048828125,1527.36083984375,3682661
2025-07-22,1565.0,1585.800048828125,1565.0,1570.9000244140625,1514.4423828125,8473741
2025-07-23,1576.300048828125,1591.9000244140625,1550.0,1574.5,1517.9129638671875,8035026
2025-07-24,1580.0,1582.0,1548.199951171875,1552.5,1496.70361328125,14169664
2025-07-25,1543.4000244140625,1549.5,1511.300048828125,1515.699951171875,1461.2261962890625,10851259
2025-07-28,1513.9000244140625,1519.300048828125,1482.5,1516.0,1461.515380859375,6439855
2025-07-29,1512.9000244140625,1517.199951171875,1496.0999755859375,1513.699951171875,1459.2979736328125,7070448
2025-07-30,1519.9000244140625,1521.699951171875,1506.0,1519.0,1464.40771484375,5719051
2025-07-31,1509.699951171875,1527.0999755859375,1497.0,1509.0,1454.76708984375,6851407
2025-08-01,1493.9000244140625,1498.699951171875,1465.5,1469.5999755859375,1416.782958984375,8702978
2025-08-04,1461.5,1482.800048828125,1451.0,1480.5,1427.291259765625,8610216
2025-08-05,1478.699951171875,1478.699951171875,1455.0,1460.300048828125,1407.8172607421875,10213323
2025-08-06,1452.0,1456.0999755859375,1430.300048828125,1436.699951171875,1385.0654296875,10566934
2025-08-07,1430.0,1442.0,1414.199951171875,1436.9000244140625,1385.2581787109375,9892020
2025-08-08,1425.0,1433.199951171875,1417.0999755859375,1423.0999755859375,1371.9542236328125,10048009
2025-08-11,1419.9000244140625,1433.4000244140625,1414.0,1428.199951171875,1376.870849609375,6625368
2025-08-12,1428.199951171875,1441.0,1421.0,1424.0999755859375,1372.9183349609375,9899184
2025-08-13,1425.0,1434.0,1422.4000244140625,1426.5999755859375,1375.3284912109375,10318063
2025-08-14,1426.199951171875,1470.0,1426.199951171875,1447.699951171875,1395.6700439453125,12902347
2025-08-18,1464.699951171875,1464.699951171875,1429.5999755859375,1435.800048828125,1384.19775390625,7254561
2025-08-19,1432.699951171875,1449.4000244140625,1432.699951171875,1440.0,1388.2469482421875,3986094
2025-08-20,1440.699951171875,1499.0,1440.699951171875,1496.199951171875,1442.427001953125,10413061
2025-08-21,1508.0,1508.0,1484.300048828125,1496.4000244140625,1442.619873046875,6565539
2025-08-22,1498.0999755859375,1504.300048828125,1486.0999755859375,1487.5,1434.0396728515625,5543397
2025-08-25,1506.699951171875,1539.0,1506.699951171875,1532.0999755859375,1477.0367431640625,10694531
2025-08-26,1523.0,1538.4000244140625,1518.5999755859375,1529.5999755859375,1474.6265869140625,15994798
2025-08-28,1529.5999755859375,1529.5999755859375,1498.0,1500.0999755859375,1446.1868896484375,5443364
2025-08-29,1501.9000244140625,1501.9000244140625,1467.699951171875,1469.5999755859375,1416.782958984375,8169075
2025-09-01,1476.699951171875,1503.4000244140625,1476.199951171875,1499.4000244140625,1445.5120849609375,4546057
2025-09-02,1499.4000244140625,1512.800048828125,1486.300048828125,1498.699951171875,1444.837158203125,5218763
2025-09-03,1500.0,1501.9000244140625,1473.0,1479.0999755859375,1425.9415283203125,4623483
2025-09-04,1484.0,1484.0,1460.0999755859375,1463.0,1410.4202880859375,5787724
2025-09-05,1470.0,1472.699951171875,1433.0,1444.5999755859375,1392.681396484375,5466487
2025-09-08,1451.0,1458.0,1428.300048828125,1432.9000244140625,1381.402099609375,3811567
2025-09-09,1481.0,1507.199951171875,1472.5,1504.300048828125,1450.2359619140625,13072640
2025-09-10,1510.0999755859375,1534.9000244140625,1509.300048828125,1532.5999755859375,1477.518798828125,7281071
2025-09-11,1523.9000244140625,1527.5,1506.5,1509.699951171875,1455.4417724609375,8003662
2025-09-12,1537.0,1542.9000244140625,1521.0999755859375,1525.5999755859375,1470.7703857421875,12856963
2025-09-15,1525.5999755859375,1527.5,1501.199951171875,1508.4000244140625,1454.1885986328125,6167414
2025-09-16,1508.4000244140625,1514.0,1503.5,1511.300048828125,1456.9844970703125,8923112
2025-09-17,1516.9000244140625,1526.699951171875,1514.0,1522.4000244140625,1467.685546875,4795698
2025-09-18,1550.0,1555.0,1538.5,1540.5999755859375,1485.2313232421875,9331945
2025-09-19,1544.5999755859375,1551.300048828125,1520.0999755859375,1540.199951171875,1484.845703125,12988129
2025-09-22,1482.699951171875,1514.699951171875,1482.0,1499.5,1445.6083984375,15655204
2025-09-23,1493.0,1513.0,1493.0,1497.5,1443.6802978515625,9832164
2025-09-24,1487.199951171875,1496.699951171875,1482.699951171875,1494.5999755859375,1440.884521484375,4937004
2025-09-25,1489.0,1502.699951171875,1476.5,1484.800048828125,1431.436767578125,9491867
2025-09-26,1475.0,1478.699951171875,1441.199951171875,1448.9000244140625,1396.8270263671875,8597058
2025-09-29,1460.0,1465.0,1436.5,1441.800048828125,1389.982177734375,10513117
2025-09-30,1443.0,1452.199951171875,1438.0999755859375,1441.800048828125,1389.982177734375,7556305
2025-10-01,1446.0,1449.5,1427.4000244140625,1445.800048828125,1393.83837890625,6250692
2025-10-03,1439.0,1448.300048828125,1433.199951171875,1446.5999755859375,1394.609619140625,6877533
2025-10-06,1446.5999755859375,1478.800048828125,1442.300048828125,1476.0,1422.9530029296875,4630590
2025-10-07,1477.699951171875,1482.9000244140625,1454.0,1458.5,1406.0819091796875,5570320
2025-10-08,1457.0,1498.0,1455.0,1495.0,1441.2701416015625,4657192
2025-10-09,1502.0,1514.0,1487.0,1509.300048828125,1455.0562744140625,7028753
2025-10-10,1510.0,1521.699951171875,1498.800048828125,1514.9000244140625,1460.4549560546875,3738353
2025-10-13,1497.0,1504.699951171875,1483.4000244140625,1493.199951171875,1439.5347900390625,5859355
2025-10-14,1499.0,1514.4000244140625,1486.5,1489.9000244140625,1436.353515625,5600789
2025-10-15,1483.9000244140625,1488.5999755859375,1467.5,1474.4000244140625,1421.41064453125,6986098
2025-10-16,1473.9000244140625,1474.5,1460.5,1471.5,1418.61474609375,8005748
2025-10-17,1454.9000244140625,1458.4000244140625,1434.0,1441.0999755859375,1389.307373046875,16959378
2025-10-20,1453.699951171875,1467.0,1450.0,1460.9000244140625,1408.395751953125,6994246
2025-10-21,1478.0,1486.0,1470.0,1472.4000244140625,1419.482421875,1698704
2025-10-23,1510.0,1546.0,1506.0,1528.5,1473.566162109375,20358624
2025-10-24,1539.5,1543.0,1518.0,1525.4000244140625,1470.57763671875,8652257
2025-10-27,1510.0,1515.300048828125,1498.0999755859375,1504.5,1472.633056640625,7273211
2025-10-28,1499.699951171875,1506.5,1490.5,1500.199951171875,1468.4241943359375,8211019
2025-10-29,1500.199951171875,1520.199951171875,1496.9000244140625,1510.4000244140625,1478.408203125,4884976
2025-10-30,1507.0,1508.199951171875,1489.0999755859375,1493.800048828125,1462.1597900390625,5608867
2025-10-31,1490.0,1497.0999755859375,1480.699951171875,1482.300048828125,1450.9034423828125,4819814
2025-11-03,1482.300048828125,1491.4000244140625,1474.199951171875,1485.5,1454.0355224609375,5470600
2025-11-04,1479.699951171875,1481.9000244140625,1462.9000244140625,1467.9000244140625,1436.808349609375,8691330
2025-11-06,1478.5999755859375,1483.0,1461.9000244140625,1466.699951171875,1435.6336669921875,7944752
2025-11-07,1470.0,1480.9000244140625,1449.0999755859375,1476.800048828125,1445.5198974609375,8765759
2025-11-10,1490.0999755859375,1520.0,1490.0,1513.5,1481.4425048828125,9787975
2025-11-11,1525.0,1533.4000244140625,1511.0999755859375,1530.300048828125,1497.88671875,13692989
2025-11-12,1540.0,1559.199951171875,1538.0999755859375,1551.699951171875,1518.8333740234375,14635417
2025-11-13,1557.0999755859375,1557.5,1530.300048828125,1541.800048828125,1509.14306640625,19655689
2025-11-14,1520.0,1530.0,1488.800048828125,1502.800048828125,1470.9691162109375,9739549
2025-11-17,1496.0,1510.199951171875,1492.5,1507.5999755859375,1475.66748046875,7910354
2025-11-18,1506.0,1506.0,1483.199951171875,1486.4000244140625,1454.91650390625,7525119
2025-11-19,1490.5,1543.0,1490.5,1541.0999755859375,1508.4578857421875,10981126
2025-11-20,1555.0,1555.0,1534.0,1536.5,1503.955322265625,7387584
2025-11-21,1531.0,1551.5,1526.300048828125,1545.0,1512.2752685546875,9186302
2025-11-24,1563.5999755859375,1585.0,1541.0,1548.0,1515.2117919921875,19270381
2025-11-25,1549.0,1550.5999755859375,1525.9000244140625,1530.5999755859375,1498.1802978515625,8107952
2025-11-26,1532.0999755859375,1560.300048828125,1532.0999755859375,1557.9000244140625,1524.902099609375,7575038
2025-11-27,1564.0,1574.300048828125,1552.199951171875,1566.4000244140625,1533.2220458984375,7552252
2025-11-28,1565.0,1568.4000244140625,1557.0,1560.0999755859375,1527.055419921875,4453221
2025-12-01,1562.5,1574.0,1556.0,1564.0,1530.872802734375,5341800
2025-12-02,1567.0,1579.9000244140625,1556.0999755859375,1561.0,1527.9364013671875,6335969
2025-12-03,1555.0999755859375,1586.0,1554.0999755859375,1578.699951171875,1545.261474609375,12895312
2025-12-04,1568.0,1599.0,1568.0,1597.5999755859375,1563.7611083984375,12609619
2025-12-05,1610.0,1631.800048828125,1600.0,1616.199951171875,1581.9671630859375,10344725
2025-12-08,1617.0999755859375,1630.0,1600.199951171875,1610.800048828125,1576.681640625,7550413
2025-12-09,1601.199951171875,1606.9000244140625,1582.4000244140625,1599.0,1565.1314697265625,6957599
2025-12-10,1608.0,1608.0,1582.800048828125,1584.800048828125,1551.2322998046875,5116140
2025-12-11,1598.0,1607.4000244140625,1580.5,1598.0,1564.1527099609375,5159319
2025-12-12,1601.4000244140625,1601.800048828125,1582.5999755859375,1598.199951171875,1564.348388671875,4633912
2025-12-15,1585.0,1610.800048828125,1585.0,1606.800048828125,1572.766357421875,4190558
2025-12-16,1600.0,1603.0,1585.5999755859375,1592.9000244140625,1559.1607666015625,5499258
2025-12-17,1587.199951171875,1606.9000244140625,1586.0,1602.0,1568.0679931640625,4817628
2025-12-18,1610.5,1630.0,1606.699951171875,1626.800048828125,1592.3427734375,6577293
2025-12-19,1650.0,1654.9000244140625,1629.800048828125,1638.699951171875,1603.9906005859375,13149023
2025-12-22,1664.0,1693.199951171875,1664.0,1689.5999755859375,1653.8125,23098923
2025-12-23,1679.0,1679.0,1656.4000244140625,1668.300048828125,1632.9637451171875,6593060
2025-12-24,1661.0,1667.5999755859375,1652.5,1663.4000244140625,1628.16748046875,4271167
2025-12-26,1663.4000244140625,1668.800048828125,1651.699951171875,1656.0999755859375,1621.0220947265625,2006491
2025-12-29,1658.0,1673.0999755859375,1637.0999755859375,1644.699951171875,1609.863525390625,4062817
2025-12-30,1647.0,1647.9000244140625,1616.800048828125,1621.5999755859375,1587.2528076171875,9395937
2025-12-31,1621.0,1628.5999755859375,1609.199951171875,1615.4000244140625,1581.1842041015625,6538656
2026-01-01,1615.4000244140625,1639.5999755859375,1614.0999755859375,1629.800048828125,1595.2791748046875,3658165
2026-01-02,1635.9000244140625,1643.5,1627.5,1640.4000244140625,1605.6546630859375,2524526
2026-01-05,1637.0,1637.0,1583.0999755859375,1606.4000244140625,1572.374755859375,5917885
2026-01-06,1600.0999755859375,1619.9000244140625,1599.0,1612.199951171875,1578.0518798828125,4466729
2026-01-07,1615.0,1642.0,1615.0,1639.0,1604.2843017578125,4508079
2026-01-08,1638.9000244140625,1644.300048828125,1608.5999755859375,1613.300048828125,1579.128662109375,3942131
2026-01-09,1610.0,1631.300048828125,1607.0,1614.0999755859375,1579.91162109375,6816681
2026-01-12,1610.0999755859375,1613.300048828125,1592.5999755859375,1595.9000244140625,1562.09716796875,6985362
2026-01-13,1618.0,1618.0,1586.4000244140625,1599.0,1565.1314697265625,8080618
2026-01-14,1588.0,1617.0,1583.0999755859375,1599.800048828125,1565.91455078125,7557157
2026-01-15,1599.800048828125,1599.800048828125,1599.800048828125,1599.800048828125,1565.91455078125,0
2026-01-16,1663.699951171875,1694.0,1653.4000244140625,1689.800048828125,1654.00830078125,19335957
2026-01-19,1685.0,1685.0,1666.5,1681.199951171875,1645.59033203125,5104958
2026-01-20,1673.0,1680.199951171875,1652.9000244140625,1658.9000244140625,1623.7628173828125,6406503
2026-01-21,1651.0,1657.0,1631.199951171875,1654.4000244140625,1619.358154296875,6224582
2026-01-22,1666.0,1671.199951171875,1653.800048828125,1663.5,1628.265380859375,6228892
2026-01-23,1667.199951171875,1675.699951171875,1662.199951171875,1670.800048828125,1635.4107666015625,5869137
2026-01-27,1685.800048828125,1689.4000244140625,1661.0999755859375,1682.699951171875,1647.05859375,10673087
2026-01-28,1680.0,1688.800048828125,1650.0,1666.5,1631.2017822265625,8588664
2026-01-29,1658.0,1666.5,1642.0999755859375,1659.5,1624.35009765625,4749582
2026-01-30,1655.0,1655.0,1618.0999755859375,1641.0,1606.241943359375,9207926
2026-02-02,1662.0,1662.0,1618.0,1629.4000244140625,1594.8875732421875,6784887
2026-02-03,1727.199951171875,1728.0,1653.0,1656.0,1620.9241943359375,8805868
2026-02-04,1574.0,1584.9000244140625,1510.0999755859375,1535.800048828125,1503.2701416015625,28828622
2026-02-05,1534.0,1551.0,1515.699951171875,1520.199951171875,1488.00048828125,10628127
2026-02-06,1522.0999755859375,1525.0,1480.0,1507.0999755859375,1475.177978515625,13900866
2026-02-09,1522.0999755859375,1528.0,1493.0,1497.199951171875,1465.4876708984375,8294615
2026-02-10,1500.0,1515.9000244140625,1491.0,1497.800048828125,1466.0750732421875,8657000
2026-02-11,1501.199951171875,1505.9000244140625,1469.0,1471.9000244140625,1440.7236328125,7934411
2026-02-12,1428.9000244140625,1435.699951171875,1380.5,1386.0,1356.64306640625,26048896
2026-02-13,1293.9000244140625,1377.300048828125,1281.5,1369.0999755859375,1340.1009521484375,45785709
2026-02-16,1373.699951171875,1376.0,1338.300048828125,1365.5999755859375,1336.6751708984375,14621891
2026-02-17,1370.0,1431.0,1367.0,1391.199951171875,1361.73291015625,25347684
2026-02-18,1390.9000244140625,1401.0,1345.300048828125,1373.699951171875,1344.603515625,20241373
2026-02-19,1385.0,1402.0,1363.199951171875,1370.5,1341.471435546875,14574228
2026-02-20,1359.199951171875,1365.0,1338.199951171875,1353.199951171875,1324.5377197265625,12633552
2026-02-23,1352.0,1352.0,1318.0,1327.5,1299.3822021484375,12887826
2026-02-24,1301.0,1303.5999755859375,1264.0999755859375,1275.5,1248.4835205078125,27839061
2026-02-25,1286.199951171875,1323.5999755859375,1286.199951171875,1290.0999755859375,1262.7742919921875,16669618
2026-02-26,1305.5,1314.0,1286.300048828125,1289.0999755859375,1261.7955322265625,11493914
2026-02-27,1326.300048828125,1335.0,1294.199951171875,1300.0999755859375,1272.5625,23141724
2026-03-02,1291.0,1298.800048828125,1273.0,1288.9000244140625,1261.5997314453125,9700361
2026-03-04,1292.0,1317.0,1292.0,1307.4000244140625,1279.7078857421875,15154950
2026-03-05,1320.0,1320.0,1290.0999755859375,1305.800048828125,1278.141845703125,10362147
2026-03-06,1303.0,1327.199951171875,1303.0,1308.4000244140625,1280.686767578125,8724291
2026-03-09,1290.0,1318.0,1282.5,1315.0,1287.14697265625,10068514
2026-03-10,1320.0,1321.0,1284.0999755859375,1295.5999755859375,1268.1578369140625,9600171
2026-03-11,1288.0,1299.5,1271.300048828125,1276.300048828125,1249.2667236328125,7868891
2026-03-12,1272.5,1278.5999755859375,1258.0,1265.800048828125,1238.9891357421875,7599940
2026-03-13,1251.0,1269.5999755859375,1242.5999755859375,1248.300048828125,1221.8597412109375,7366098
2026-03-16,1240.199951171875,1254.300048828125,1224.199951171875,1249.800048828125,1223.3280029296875,12314450
2026-03-17,1245.0,1245.0,1215.0999755859375,1232.9000244140625,1206.785888671875,11223276
2026-03-18,1238.0,1290.800048828125,1234.9000244140625,1267.0999755859375,1240.261474609375,12365381
2026-03-19,1244.199951171875,1255.0,1215.0999755859375,1220.800048828125,1194.9422607421875,9156461
2026-03-20,1242.0,1264.800048828125,1229.199951171875,1255.9000244140625,1229.2987060546875,27299975
2026-03-23,1238.199951171875,1261.0999755859375,1227.4000244140625,1256.800048828125,1230.1796875,12420293
2026-03-24,1269.0,1297.0,1251.0,1278.300048828125,1251.224365234375,13613495
2026-03-25,1270.0,1290.5999755859375,1257.0999755859375,1279.0999755859375,1252.00732421875,10824030
2026-03-27,1285.199951171875,1294.800048828125,1263.199951171875,1269.699951171875,1242.806396484375,13092541
2026-03-30,1250.0,1265.5,1243.0,1250.5999755859375,1224.1109619140625,14108486
2026-04-01,1290.0,1303.0,1269.5,1275.699951171875,1248.6793212890625,8137156
2026-04-02,1260.0,1305.4000244140625,1259.800048828125,1300.800048828125,1273.247802734375,12873492
2026-04-06,1301.4000244140625,1320.0,1299.0,1306.199951171875,1278.5333251953125,10208682
2026-04-07,1302.0,1345.0999755859375,1293.5,1339.4000244140625,1311.0301513671875,15355792
2026-04-08,1349.0,1376.9000244140625,1331.0,1346.199951171875,1317.68603515625,16030133
2026-04-09,1329.9000244140625,1337.5,1314.0,1331.5999755859375,1303.395263671875,14894607
2026-04-10,1318.0,1318.9000244140625,1283.300048828125,1292.5,1265.12353515625,19233369
2026-04-13,1272.0,1289.0,1265.699951171875,1276.800048828125,1249.756103515625,10366082
2026-04-15,1306.300048828125,1322.5,1300.5,1305.300048828125,1277.6524658203125,12098912
2026-04-16,1322.0999755859375,1331.0,1309.0,1319.199951171875,1291.2579345703125,18527029
2026-04-17,1313.0,1328.300048828125,1306.0999755859375,1318.699951171875,1290.7685546875,12064048
2026-04-20,1320.0,1324.9000244140625,1308.0999755859375,1312.5999755859375,1284.7977294921875,7172300
2026-04-21,1310.0,1325.0,1299.300048828125,1313.199951171875,1285.385009765625,10057440
2026-04-22,1295.0,1297.699951171875,1255.9000244140625,1268.5999755859375,1241.729736328125,20088378
2026-04-23,1254.0,1265.699951171875,1226.0,1240.5999755859375,1214.32275390625,14792854
2026-04-24,1200.0,1223.9000244140625,1152.199951171875,1154.5999755859375,1130.144287109375,42078914
2026-04-27,1154.5999755859375,1179.9000244140625,1154.5,1170.300048828125,1145.5118408203125,19579883
2026-04-28,1162.699951171875,1169.4000244140625,1149.800048828125,1152.0999755859375,1127.697265625,12720276
2026-04-29,1158.5,1178.199951171875,1156.800048828125,1167.5,1142.7711181640625,8303109
2026-04-30,1167.5,1189.800048828125,1159.5999755859375,1181.800048828125,1156.768310546875,12205669
2026-05-01,1181.800048828125,1181.800048828125,1181.800048828125,1181.800048828125,1156.768310546875,0
2026-05-04,1195.0,1195.0,1165.199951171875,1168.4000244140625,1143.652099609375,7735811
2026-05-05,1169.5,1185.199951171875,1160.0999755859375,1178.0999755859375,1153.1466064453125,8164108
2026-05-06,1187.0,1191.5,1164.0999755859375,1167.199951171875,1142.4774169921875,9856963
2026-05-07,1173.0,1175.4000244140625,1159.199951171875,1162.699951171875,1138.07275390625,12013987
2026-05-08,1161.0,1183.5,1158.800048828125,1179.199951171875,1154.2232666015625,7582770
2026-05-11,1176.0,1187.0,1172.0999755859375,1177.0,1152.0699462890625,7336288
2026-05-12,1162.0,1162.0,1123.0,1140.300048828125,1116.1473388671875,16891948
2026-05-13,1136.5999755859375,1142.5999755859375,1121.0,1123.0999755859375,1099.3115234375,6664111
2026-05-14,1119.800048828125,1121.9000244140625,1089.0,1095.0,1071.8067626953125,16914842
2026-05-15,1102.0,1133.199951171875,1101.5999755859375,1119.0,1095.2984619140625,17482450
2026-05-18,1119.0,1146.0999755859375,1118.0,1142.5,1118.3006591796875,12096377
2026-05-19,1162.0,1198.4000244140625,1162.0,1196.9000244140625,1171.5484619140625,32175705
2026-05-20,1187.0,1206.9000244140625,1184.9000244140625,1193.699951171875,1168.4161376953125,15121010
2026-05-21,1196.0999755859375,1201.800048828125,1177.0,1181.199951171875,1156.180908203125,10021033
2026-05-22,1182.5,1191.800048828125,1172.5,1174.5,1149.622802734375,8803066
2026-05-25,1183.0,1185.0,1166.0999755859375,1168.5,1143.75,5856136
2026-05-26,1166.300048828125,1180.699951171875,1162.9000244140625,1167.699951171875,1142.966796875,8005767
2026-05-27,1161.0,1167.300048828125,1155.0,1159.9000244140625,1135.3321533203125,6371871
2026-05-28,1159.9000244140625,1159.9000244140625,1159.9000244140625,1159.9000244140625,1135.3321533203125,0
2026-05-29,1182.0,1210.0,1153.5999755859375,1160.9000244140625,1136.3109130859375,69085430
2026-06-01,1175.0,1217.0,1173.699951171875,1202.5,1177.02978515625,19439331
2026-06-02,1232.5,1278.9000244140625,1232.5,1270.800048828125,1243.8831787109375,36032600
2026-06-03,1242.0999755859375,1249.9000244140625,1216.0,1222.5999755859375,1196.7039794921875,18534303
2026-06-04,1208.0,1215.199951171875,1196.199951171875,1201.300048828125,1175.855224609375,12755957
2026-06-05,1220.0,1223.800048828125,1194.300048828125,1197.5,1172.1357421875,8692290
2026-06-08,1177.5,1200.699951171875,1176.5,1187.5999755859375,1162.4453125,8631711
2026-06-09,1193.5999755859375,1193.5999755859375,1167.300048828125,1180.300048828125,1155.300048828125,10984054
2026-06-10,1160.0999755859375,1171.4000244140625,1143.300048828125,1145.300048828125,1145.300048828125,8887626
2026-06-11,1129.699951171875,1133.699951171875,1109.0,1114.5999755859375,1114.5999755859375,9372176
2026-06-12,1120.0,1123.300048828125,1111.5,1116.4000244140625,1116.4000244140625,8075333
2026-06-15,1130.0,1151.0,1123.0,1134.9000244140625,1134.9000244140625,7856192
2026-06-16,1136.9000244140625,1153.800048828125,1123.199951171875,1143.5999755859375,1143.5999755859375,10456090
2026-06-17,1149.0,1162.5,1148.0,1157.699951171875,1157.699951171875,5995119
2026-06-18,1142.9000244140625,1142.9000244140625,1125.300048828125,1127.5,1127.5,16781447
2026-06-19,1062.300048828125,1066.0,1030.0,1051.4000244140625,1051.4000244140625,45665442
2026-06-22,1055.0,1080.300048828125,1055.0,1065.4000244140625,1065.4000244140625,10178505
2026-06-23,1053.800048828125,1055.300048828125,1026.0,1029.300048828125,1029.300048828125,19323064
2026-06-24,1040.9000244140625,1065.5,1037.699951171875,1056.5999755859375,1056.5999755859375,12346266
2026-06-25,1065.0,1068.0,1039.0999755859375,1041.199951171875,1041.199951171875,15866779
2026-06-26,1041.199951171875,1041.199951171875,1041.199951171875,1041.199951171875,1041.199951171875,0
2026-06-29,1037.0999755859375,1046.5999755859375,1029.0999755859375,1036.699951171875,1036.699951171875,15080892
2026-06-30,1030.0,1030.4000244140625,996.0,1000.4000244140625,1000.4000244140625,24128263
2026-07-01,1006.0,1014.0,982.4000244140625,985.2999877929688,985.2999877929688,13037982
2026-07-02,1006.4000244140625,1045.0,1006.0,1040.9000244140625,1040.9000244140625,18741111
2026-07-03,1063.0,1068.699951171875,1042.0,1047.199951171875,1047.199951171875,11653534
2026-07-06,1050.0999755859375,1053.0,1033.0,1042.199951171875,1042.199951171875,5559747
2026-07-07,1040.5999755859375,1087.5,1040.5999755859375,1071.800048828125,1071.800048828125,18866296
2026-07-08,1071.9000244140625,1079.699951171875,1064.4000244140625,1069.300048828125,1069.300048828125,13022221
2026-07-09,1062.699951171875,1062.699951171875,1040.4000244140625,1050.800048828125,1050.800048828125,9003333
2026-07-10,1075.0,1091.300048828125,1064.699951171875,1068.0,1068.0,9747266
2026-07-13,1057.0999755859375,1114.9000244140625,1057.0999755859375,1102.5999755859375,1102.5999755859375,20994760
2026-07-14,1107.800048828125,1113.5,1090.0,1092.9000244140625,1092.9000244140625,14819413
2026-07-15,1079.0,1088.0999755859375,1073.0,1076.300048828125,1076.300048828125,8501933
2026-07-16,1082.5,1097.300048828125,1077.9000244140625,1082.4000244140625,1082.4000244140625,8592146
2026-07-17,1105.0,1116.800048828125,1092.0,1096.5,1096.5,12547728
2026-07-20,1102.0,1103.800048828125,1083.199951171875,1087.0999755859375,1087.0999755859375,6372645
2026-07-21,1080.0,1094.5,1067.199951171875,1073.5,1073.5,9485229
2026-07-22,1064.0,1069.300048828125,1046.199951171875,1052.0999755859375,1052.0999755859375,7517203
2026-07-23,1046.9000244140625,1058.5,1032.0,1047.4000244140625,1047.4000244140625,13794578
2026-07-24,1028.0,1043.4000244140625,1013.9000244140625,1040.9000244140625,1040.9000244140625,29036900
2026-07-27,1065.0,1082.0,1057.4000244140625,1079.199951171875,1079.199951171875,15956349
2026-07-28,1097.0,1118.5,1097.0,1105.699951171875,1105.699951171875,28100895
2026-07-29,1147.0,1164.5,1128.4000244140625,1155.5999755859375,1155.5999755859375,34400369
2026-07-30,1168.0,1187.699951171875,1151.300048828125,1155.0999755859375,1155.0999755859375,22630218
2026-07-31,1118.9000244140625,1139.300048828125,1107.199951171875,1130.0999755859375,1130.0999755859375,14367075
2026-08-03,1145.0999755859375,1180.0,1138.0999755859375,1180.0,1180.0,8582270
2026-08-04,1168.0,1175.699951171875,1153.300048828125,1167.5,1167.5,9243589
2026-08-05,1174.699951171875,1177.5,1162.300048828125,1174.0,1174.0,9964155
2026-08-06,1174.0999755859375,1185.800048828125,1163.0,1165.0,1165.0,8521064
2026-08-07,1160.0,1183.0,1155.5999755859375,1175.0999755859375,1175.0999755859375,7581410
2026-08-10,1178.0999755859375,1195.0,1175.199951171875,1183.0,1183.0,9377001
2026-08-11,1188.0,1193.5,1182.0,1190.699951171875,1190.699951171875,10160091
2026-08-12,1185.5999755859375,1190.4000244140625,1163.300048828125,1176.0999755859375,1176.0999755859375,7529777
2026-08-13,1170.0,1175.0,1157.0,1175.0,1175.0,6234215
2026-08-14,1170.4000244140625,1174.0999755859375,1158.9000244140625,1169.199951171875,1169.199951171875,5844763
2026-08-17,1163.9000244140625,1166.5,1129.699951171875,1139.9000244140625,1139.9000244140625,5817153
2026-08-18,1124.5,1131.9000244140625,1112.5,1115.0,1115.0,8851110
2026-08-19,1125.5999755859375,1134.699951171875,1113.800048828125,1119.800048828125,1119.800048828125,8408573
2026-08-20,1143.0,1144.699951171875,1125.699951171875,1130.0,1130.0,8559841
2026-08-21,1133.0,1133.5,1118.0,1121.0,1121.0,6094967
2026-08-24,1126.5,1144.5,1122.0,1130.0,1130.0,8565354
2026-08-25,1132.0,1144.0,1119.9000244140625,1144.0,1144.0,8121237
2026-08-26,1142.0,1142.0,1118.300048828125,1120.0,1120.0,6323984
2026-08-27,1120.0,1130.699951171875,1107.199951171875,1110.800048828125,1110.800048828125,6933998
2026-08-28,1123.5999755859375,1145.0,1123.300048828125,1144.0,1144.0,9621969
2026-08-31,1138.5999755859375,1143.9000244140625,1111.0999755859375,1133.800048828125,1133.800048828125,8808120
2026-09-01,1128.0,1156.0,1125.5999755859375,1156.0,1156.0,13516123
2026-09-02,1137.699951171875,1147.800048828125,1118.5999755859375,1140.0,1140.0,8564358
2026-09-03,1144.0,1144.0,1122.5,1130.300048828125,1130.300048828125,5786250
2026-09-04,1133.0,1146.699951171875,1125.4000244140625,1130.0,1130.0,5881388
2026-09-07,1109.5,1109.9000244140625,1085.0,1087.5,1087.5,7668346
2026-09-08,1095.0,1095.0,1078.9000244140625,1082.0,1082.0,6269037
2026-09-09,1059.0,1059.0,1026.5,1035.0,1035.0,13530457
2026-09-10,1039.5999755859375,1046.5999755859375,1027.300048828125,1036.5,1036.5,8998529
2026-09-11,1032.0,1047.300048828125,1029.699951171875,1037.699951171875,1037.699951171875,6168088
2026-09-14,1037.699951171875,1037.699951171875,1037.699951171875,1037.699951171875,1037.699951171875,0
2026-09-15,1085.0,1097.699951171875,1071.699951171875,1077.0,1077.0,14816117
2026-09-16,1082.5,1085.0999755859375,1053.5,1060.0,1060.0,6230590
2026-09-17,1054.9000244140625,1063.5999755859375,1048.5999755859375,1058.5999755859375,1058.5999755859375,5469865
2026-09-18,1061.9000244140625,1061.9000244140625,1038.0,1051.4000244140625,1051.4000244140625,22124953
2026-09-21,1041.5,1044.5,1030.300048828125,1038.5,1038.5,6074358
2026-09-22,1037.699951171875,1041.0,1019.2000122070312,1029.4000244140625,1029.4000244140625,9341109
