Date,Open,High,Low,Close,Adj Close,Volume
1996-01-01,7.319124221801758,7.358397006988525,7.270925045013428,7.345901012420654,4.595800399780273,104121369
1996-01-02,7.328050136566162,7.363752841949463,7.235221862792969,7.28877592086792,4.560060977935791,168743308
1996-01-03,7.40838098526001,7.74577522277832,7.328050136566162,7.3441162109375,4.5946831703186035,209323879
1996-01-04,7.2744951248168945,7.297701835632324,7.178096771240234,7.276279926300049,4.552243232727051,216900264
1996-01-05,7.24771785736084,7.24771785736084,7.163815975189209,7.2262959480285645,4.520971775054932,166708467
1996-01-08,7.212015151977539,7.21737003326416,6.865694999694824,6.937100887298584,4.340043544769287,186974245
1996-01-09,6.731809139251709,6.854983806610107,6.506879806518555,6.73716402053833,4.214957237243652,388766555
1996-01-10,6.605062961578369,6.763940811157227,6.533657073974609,6.564003944396973,4.106623649597168,276606655
1996-01-11,6.49795389175415,6.8014302253723145,6.489027976989746,6.769297122955322,4.235060214996338,409645726
1996-01-12,6.819281101226807,6.871050834655762,6.653262138366699,6.6978912353515625,4.1903862953186035,374687924
1996-01-15,6.678254127502441,6.712172031402588,6.590782165527344,6.628270149230957,4.146829605102539,199981539
1996-01-16,6.605062961578369,6.676468849182129,6.583641052246094,6.640766143798828,4.154648303985596,217247573
1996-01-17,6.605062961578369,6.613988876342773,6.321224212646484,6.37656307220459,3.9893546104431152,299629901
1996-01-18,6.214115142822266,6.315867900848389,6.133782863616943,6.199832916259766,3.87878680229187,377502810
1996-01-19,6.1141462326049805,6.190907955169678,6.0498809814453125,6.090939044952393,3.8106606006622314,324535340
1996-01-22,6.110576152801514,6.274809837341309,6.105219841003418,6.1944780349731445,3.8754374980926514,338613971
1996-01-23,6.21589994430542,6.242677211761475,5.605378150939941,5.932061195373535,3.7112622261047363,354919302
1996-01-24,5.880290985107422,5.915994167327881,5.641080856323242,5.72855281829834,3.583942174911499,351185727
1996-01-25,5.716056823730469,5.741048812866211,5.453639984130859,5.487557888031006,3.433168411254883,360855771
1996-01-26,5.487557888031006,5.487557888031006,5.487557888031006,5.487557888031006,3.433168411254883,0
1996-01-29,5.462564945220947,5.971333980560303,5.428647994995117,5.9195637702941895,3.7034430503845215,652902286
1996-01-30,6.105219841003418,6.747875213623047,6.015963077545166,6.451539993286133,4.0362629890441895,1061936020
1996-01-31,6.390844821929932,6.631840229034424,6.149848937988281,6.310513019561768,3.948031425476074,731560842
1996-02-01,6.248032093048096,6.605062961578369,6.2301812171936035,6.564003944396973,4.106623649597168,640422958
1996-02-02,6.738948822021484,7.354826927185059,6.738948822021484,7.276279926300049,4.552243232727051,818725675
1996-02-05,7.676154136657715,8.040325164794922,7.4458699226379395,7.881446838378906,4.930851936340332,1222482548
1996-02-06,8.070672988891602,8.211700439453125,7.0549211502075195,7.220940113067627,4.517621040344238,1242315590
1996-02-07,6.821065902709961,7.426232814788818,6.749660015106201,7.354826927185059,4.601384162902832,895441820
1996-02-08,7.429802894592285,8.127798080444336,7.354826927185059,7.997481822967529,5.00344705581665,821653997
1996-02-09,8.283105850219727,8.640135765075684,8.001051902770996,8.461621284484863,5.293826580047607,994440377
1996-02-12,8.247403144836426,8.390214920043945,7.818965911865234,7.931430816650391,4.962123394012451,971599188
1996-02-13,7.854669094085693,8.716897964477539,7.786833763122559,8.408066749572754,5.260320663452148,1019034918
1996-02-14,8.622284889221191,8.74545955657959,8.349157333374023,8.413421630859375,5.263669013977051,622459505
1996-02-15,8.211700439453125,8.479473114013672,8.140294075012207,8.279536247253418,5.179908752441406,699136437
1996-02-16,8.140294075012207,8.220625877380371,8.070672988891602,8.133152961730957,5.088327407836914,495646793
1996-02-19,8.283105850219727,8.397356033325195,8.167071342468262,8.215270042419434,5.139700889587402,518231701
1996-02-20,8.211700439453125,8.245617866516113,7.676154136657715,7.781477928161621,4.8683085441589355,639131752
1996-02-21,7.781477928161621,7.781477928161621,7.781477928161621,7.781477928161621,4.8683085441589355,0
1996-02-22,7.9617791175842285,8.247403144836426,7.892158031463623,8.192063331604004,5.125182151794434,613558303
1996-02-23,8.175996780395508,8.19384765625,7.968918800354004,8.104591369628906,5.0704569816589355,546094871
1996-02-26,8.19384765625,8.36343765258789,8.070672988891602,8.122442245483398,5.0816264152526855,544960514
1996-02-27,8.168855667114258,8.211700439453125,7.892158031463623,8.029614448547363,5.023550033569336,542491536
1996-02-28,8.18492317199707,8.275964736938477,8.05103588104248,8.068887710571289,5.048120975494385,427826248
1996-02-29,7.997481822967529,8.026043891906738,7.515491008758545,7.563690185546875,4.732054233551025,697898447
1996-03-01,7.622600078582764,7.718997955322266,7.4458699226379395,7.606533050537109,4.7588582038879395,723172202
1996-03-04,7.640450954437256,7.676154136657715,7.440514087677002,7.527987003326416,4.709718227386475,673407539
1996-03-05,7.527987003326416,7.527987003326416,7.527987003326416,7.527987003326416,4.709718227386475,0
1996-03-06,7.6583027839660645,7.84752893447876,7.5904669761657715,7.795759201049805,4.877243518829346,543855566
1996-03-07,7.904654026031494,8.042110443115234,7.827891826629639,7.865379810333252,4.920799732208252,854410306
1996-03-08,7.765411853790283,7.854669094085693,7.667229175567627,7.82432222366333,4.89511251449585,646827174
1996-03-11,7.711856842041016,7.872520923614502,7.681509971618652,7.849314212799072,4.910749435424805,631091821
1996-03-12,7.836818218231201,8.497323989868164,7.801115036010742,8.252758026123047,5.163154125213623,803011329
1996-03-13,8.033185005187988,8.14922046661377,7.935000896453857,8.111730575561523,5.074924468994141,577715422
1996-03-14,8.104591369628906,8.190278053283691,8.05103588104248,8.109946250915527,5.073808193206787,597611484
1996-03-15,8.067103385925293,8.092095375061035,7.783263206481934,7.843958854675293,4.9073991775512695,622444100
1996-03-18,7.763627052307129,7.783263206481934,7.4583659172058105,7.4869279861450195,4.684030055999756,667319823
1996-03-19,7.461935997009277,7.5976080894470215,6.872836112976074,7.0263590812683105,4.3958845138549805,1037292464
1996-03-20,7.0263590812683105,7.0263590812683105,7.0263590812683105,7.0263590812683105,4.3958845138549805,0
1996-03-21,7.319124221801758,7.608317852020264,7.319124221801758,7.52977180480957,4.71083402633667,670459612
1996-03-22,7.388744831085205,7.388744831085205,7.0870537757873535,7.22451114654541,4.519855499267578,674824785
1996-03-25,7.317338943481445,7.358397006988525,7.078127861022949,7.181666851043701,4.493050575256348,457166882
1996-03-26,7.140608787536621,7.283421039581299,6.908538818359375,7.135252952575684,4.4640116691589355,532380354
1996-03-27,7.390530109405518,7.495853900909424,7.356612205505371,7.388744831085205,4.622603893280029,377229724
1996-03-28,7.40838098526001,7.5226311683654785,7.383388996124268,7.485143184661865,4.682913303375244,359409115
1996-03-29,7.476216793060303,7.524415969848633,7.361967086791992,7.385173797607422,4.620368957519531,325958187
1996-04-01,7.417306900024414,7.479787826538086,7.354826927185059,7.454794883728027,4.663926124572754,247509698
1996-04-02,7.470861911773682,7.569045066833496,7.399456024169922,7.474431991577148,4.676212787628174,367425238
1996-04-03,7.642236232757568,7.726139068603516,7.519061088562012,7.536911964416504,4.715301990509033,297032084
1996-04-04,7.461935997009277,7.472647190093994,7.369108200073242,7.447655200958252,4.659460067749023,241840713
1996-04-05,7.447655200958252,7.447655200958252,7.447655200958252,7.447655200958252,4.659460067749023,0
1996-04-08,7.542267799377441,7.611888885498047,7.4940690994262695,7.572615146636963,4.7376389503479,228109392
1996-04-09,7.667229175567627,7.754701137542725,7.542267799377441,7.581541061401367,4.743223667144775,320184170
1996-04-10,7.676154136657715,7.710072040557861,7.547623157501221,7.5779709815979,4.740988731384277,285103129
1996-04-11,7.506565093994141,7.551194190979004,7.456581115722656,7.499423980712891,4.691849231719971,216484333
1996-04-12,7.499423980712891,7.765411853790283,7.465506076812744,7.70471715927124,4.820285797119141,341108156
1996-04-15,7.854669094085693,8.059962272644043,7.8386030197143555,7.90286922454834,4.9442548751831055,476612002
1996-04-16,7.9260759353637695,8.024258613586426,7.854669094085693,7.920720100402832,4.955422401428223,388937409
1996-04-17,8.140294075012207,8.345585823059082,8.063531875610352,8.258113861083984,5.166505336761475,410008440
1996-04-18,8.515175819396973,8.756171226501465,8.449125289916992,8.711543083190918,5.450183868408203,686239778
1996-04-19,8.782949447631836,8.943612098693848,8.695475578308105,8.766881942749023,5.484803199768066,657928468
1996-04-22,8.854354858398438,8.87220573425293,8.443770408630371,8.488398551940918,5.310577392578125,577856867
1996-04-23,8.409852027893066,8.524102210998535,8.300957679748535,8.4312744140625,5.274838447570801,570256675
1996-04-24,8.822221755981445,9.214956283569336,8.790088653564453,9.11498737335205,5.702589988708496,534899747
1996-04-25,9.175682067871094,9.372049331665039,8.497323989868164,8.650847434997559,5.412210941314697,620220200
1996-04-26,8.640135765075684,8.834717750549316,8.425917625427246,8.727608680725098,5.460234642028809,632532875
1996-04-29,8.640135765075684,8.684764862060547,8.488398551940918,8.656203269958496,5.415561676025391,421084526
1996-04-30,8.640135765075684,8.925761222839355,8.58658218383789,8.734749794006348,5.46470308303833,429361131
1996-05-01,9.532712936401367,9.636251449584961,9.434529304504395,9.498794555664062,5.942708492279053,495470338
1996-05-02,9.425602912902832,9.554134368896484,9.282791137695312,9.505934715270996,5.947176933288574,506967956
1996-05-03,9.42381763458252,9.479158401489258,9.247088432312012,9.289932250976562,5.812040328979492,493527926
1996-05-06,9.068572998046875,9.11855697631836,8.722253799438477,8.768667221069336,5.4859209060668945,591063023
1996-05-07,8.756171226501465,8.941826820373535,8.722253799438477,8.875777244567871,5.5529327392578125,548608662
1996-05-08,8.711543083190918,9.050722122192383,8.604433059692383,8.923975944519043,5.58308744430542,785659868
1996-05-09,8.756171226501465,8.940041542053223,8.657987594604492,8.70618724822998,5.446832180023193,609397594
1996-05-10,8.497323989868164,8.66334342956543,8.445554733276367,8.615143775939941,5.389873504638672,606288615
1996-05-13,8.72939395904541,8.850784301757812,8.679409980773926,8.797229766845703,5.503790378570557,398370778
1996-05-14,8.782949447631836,9.100706100463867,8.738320350646973,9.04179573059082,5.656797885894775,651015892
1996-05-15,8.8989839553833,9.139979362487793,8.71332836151123,9.061431884765625,5.669083118438721,917242481
1996-05-16,9.166755676269531,9.300642967224121,9.052507400512695,9.113202095031738,5.701471328735352,688543503
1996-05-17,8.925761222839355,9.032870292663574,8.882917404174805,8.932901382446289,5.588672637939453,565289312
1996-05-20,8.818652153015137,8.83293342590332,8.625855445861816,8.652632713317871,5.413327217102051,326115037
1996-05-21,8.600863456726074,8.711543083190918,8.550878524780273,8.622284889221191,5.3943400382995605,456241191
1996-05-22,8.711543083190918,8.754385948181152,8.641921997070312,8.668699264526367,5.423378944396973,319336904
1996-05-23,8.611574172973633,8.647276878356934,8.554449081420898,8.59729290008545,5.378706455230713,294687746
1996-05-24,8.679409980773926,8.704401969909668,8.63299560546875,8.677624702453613,5.674135208129883,236779521
1996-05-27,8.604433059692383,8.604433059692383,8.408066749572754,8.422348022460938,5.5072150230407715,385864842
1996-05-28,8.247403144836426,8.247403144836426,8.052821159362793,8.14922046661377,5.3286213874816895,545547298
1996-05-29,8.32059383392334,8.72939395904541,8.32059383392334,8.613359451293945,5.632114410400391,514643772
1996-05-30,8.675840377807617,8.70083236694336,8.400925636291504,8.456266403198242,5.529392242431641,528103408
1996-05-31,8.577655792236328,8.58658218383789,8.429489135742188,8.509819984436035,5.564411640167236,445949352
1996-06-03,8.675840377807617,8.800800323486328,8.622284889221191,8.770453453063965,5.734835147857666,488962489
1996-06-04,8.923975944519043,8.977529525756836,8.488398551940918,8.645491600036621,5.653124809265137,719201952
1996-06-05,8.747245788574219,8.747245788574219,8.51339054107666,8.5901517868042,5.61693811416626,333800656
1996-06-06,8.709756851196289,8.890057563781738,8.675840377807617,8.731179237365723,5.70915412902832,331038987
1996-06-07,8.608003616333008,8.765096664428711,8.595507621765137,8.724039077758789,5.7044854164123535,223961286
1996-06-10,8.69369125366211,8.72939395904541,8.604433059692383,8.645491600036621,5.653124809265137,181533533
1996-06-11,8.604433059692383,8.657987594604492,8.529457092285156,8.577655792236328,5.608768463134766,245694726
1996-06-12,8.711543083190918,8.799015045166016,8.643707275390625,8.707971572875977,5.693979263305664,200355457
1996-06-13,8.69369125366211,8.741889953613281,8.645491600036621,8.674054145812988,5.671802520751953,116946606
1996-06-14,8.711543083190918,8.782949447631836,8.682979583740234,8.765096664428711,5.731332302093506,122670207
1996-06-17,8.791873931884766,8.791873931884766,8.624070167541504,8.645491600036621,5.653124809265137,107843741
1996-06-18,8.604433059692383,8.604433059692383,8.322379112243652,8.42413330078125,5.508382320404053,191150360
1996-06-19,8.425917625427246,8.461621284484863,8.106375694274902,8.1724271774292,5.343797206878662,239238694
1996-06-20,8.104591369628906,8.220625877380371,8.01533317565918,8.18492317199707,5.351967811584473,284643785
1996-06-21,8.136724472045898,8.190278053283691,7.911794185638428,7.958208084106445,5.203723430633545,353062318
1996-06-24,7.893942832946777,7.9617791175842285,7.76898193359375,7.890373229980469,5.159365653991699,307595608
1996-06-25,7.9260759353637695,7.9617791175842285,7.569045066833496,7.724352836608887,5.050809860229492,349199902
1996-06-26,7.772552013397217,7.772552013397217,7.538698196411133,7.576186180114746,4.953925609588623,296123198
1996-06-27,7.506565093994141,7.783263206481934,7.413736820220947,7.711856842041016,5.042639255523682,538798574
1996-06-28,7.783263206481934,7.917150020599365,7.552978992462158,7.6261701583862305,4.986609935760498,759474427
1996-07-01,7.53512716293335,7.772552013397217,7.372677803039551,7.453010082244873,4.873383045196533,553501802
1996-07-02,7.4583659172058105,7.52977180480957,7.24771785736084,7.29591703414917,4.770662784576416,568077589
1996-07-03,7.194162845611572,7.210229873657227,6.7300238609313965,6.8067851066589355,4.45082950592041,645479950
1996-07-04,6.685394763946533,6.990655899047852,6.576499938964844,6.781793117523193,4.434488296508789,806775714
1996-07-05,6.846057891845703,6.908538818359375,6.588996887207031,6.680038928985596,4.3679518699646,595286753
1996-07-08,6.817495822906494,7.390530109405518,6.660402774810791,6.731809139251709,4.401803970336914,347866683
1996-07-09,6.678254127502441,7.390530109405518,6.140923023223877,6.401556015014648,4.185856819152832,541834730
1996-07-10,6.176626205444336,6.424763202667236,6.14449405670166,6.292661190032959,4.114654064178467,479966058
1996-07-11,6.372992992401123,6.515804767608643,6.267669200897217,6.308728218078613,4.125158786773682,458245222
1996-07-12,6.265883922576904,6.281949996948242,6.01774787902832,6.0730881690979,3.971079111099243,688976239
1996-07-15,6.033813953399658,6.712172031402588,5.930274963378906,6.410480976104736,4.1916937828063965,1448889005
1996-07-16,7.140608787536621,7.752915859222412,7.140608787536621,7.7422051429748535,5.0624823570251465,858611628
1996-07-17,7.461935997009277,8.175996780395508,7.340546131134033,7.879662036895752,5.152362823486328,1115459465
1996-07-18,7.995697021484375,8.27418041229248,7.995697021484375,8.259899139404297,5.400992393493652,848594275
1996-07-19,8.334875106811523,8.674054145812988,8.334875106811523,8.668699264526367,5.668300151824951,393554662
1996-07-22,8.390214920043945,8.843644142150879,8.011762619018555,8.540167808532715,5.584255695343018,405630663
1996-07-23,8.854354858398438,8.968605041503906,8.438413619995117,8.613359451293945,5.632114410400391,488003187
1996-07-24,8.392000198364258,8.392000198364258,7.752915859222412,7.7743377685546875,5.083493232727051,447774126
1996-07-25,7.70471715927124,7.818965911865234,7.386960029602051,7.424448013305664,4.854707717895508,593621628
1996-07-26,7.390530109405518,7.547623157501221,7.2262959480285645,7.428018093109131,4.857040882110596,534079089
1996-07-29,7.527987003326416,7.792189121246338,7.483357906341553,7.576186180114746,4.953925609588623,442365624
1996-07-30,7.465506076812744,7.497639179229736,7.197732925415039,7.376248836517334,4.8231892585754395,411938248
1996-07-31,7.426232814788818,7.738635063171387,7.062061786651611,7.633310794830322,4.991278648376465,419615464
1996-08-01,7.781477928161621,7.854669094085693,7.447655200958252,7.4940690994262695,4.900230407714844,573738171
1996-08-02,7.469077110290527,7.549407958984375,7.33697509765625,7.392314910888672,4.833695888519287,363985756
1996-08-05,7.376248836517334,7.42266321182251,7.249503135681152,7.278065204620361,4.7589898109436035,229500029
1996-08-06,7.24771785736084,7.479787826538086,7.181666851043701,7.353042125701904,4.808016300201416,330688876
1996-08-07,7.381604194641113,7.551194190979004,7.33697509765625,7.517275810241699,4.915406703948975,305888471
1996-08-08,7.565474987030029,7.611888885498047,7.33697509765625,7.3708930015563965,4.8196892738342285,287014731
1996-08-09,7.383388996124268,7.476216793060303,7.319124221801758,7.429802894592285,4.858209133148193,237997904
1996-08-12,7.461935997009277,7.517275810241699,7.394100189208984,7.428018093109131,4.857040882110596,193398067
1996-08-13,7.40838098526001,7.531557083129883,7.383388996124268,7.470861911773682,4.885056495666504,196437024
1996-08-14,7.3423309326171875,7.479787826538086,7.3423309326171875,7.369108200073242,4.818521976470947,172025941
1996-08-15,7.369108200073242,7.369108200073242,7.369108200073242,7.369108200073242,4.818521976470947,0
1996-08-16,7.372677803039551,7.42266321182251,7.3030571937561035,7.369108200073242,4.818521976470947,151178980
1996-08-19,7.33697509765625,7.354826927185059,7.001367092132568,7.042425155639648,4.604909896850586,224927590
1996-08-20,6.9710187911987305,7.26556921005249,6.931746006011963,7.119186878204346,4.655101776123047,352114219
1996-08-21,7.311983108520508,7.476216793060303,7.26556921005249,7.476216793060303,4.888557434082031,308818193
1996-08-22,7.711856842041016,7.763627052307129,7.485143184661865,7.52977180480957,4.923577308654785,469709230
1996-08-23,7.533341884613037,7.702931880950928,7.497639179229736,7.620814800262451,4.983107566833496,350177410
1996-08-26,7.551194190979004,7.6190290451049805,7.440514087677002,7.470861911773682,4.885056495666504,279394933
1996-08-27,7.461935997009277,7.506565093994141,7.354826927185059,7.410167217254639,4.845370292663574,301803385
1996-08-28,7.426232814788818,7.631525039672852,7.426232814788818,7.617243766784668,4.980772495269775,171898501
1996-08-29,7.638666152954102,7.65651798248291,7.52977180480957,7.545837879180908,4.934082984924316,174203626
1996-08-30,7.536911964416504,7.576186180114746,7.501208782196045,7.552978992462158,4.938751697540283,122273882
1996-09-02,7.572615146636963,7.620814800262451,7.536911964416504,7.594037055969238,4.965597629547119,118106171
1996-09-03,7.620814800262451,7.672584056854248,7.358397006988525,7.403026103973389,4.840699672698975,276108098
1996-09-04,7.363752841949463,7.429802894592285,7.322693824768066,7.411952018737793,4.846536159515381,135678901
1996-09-05,7.442298889160156,7.542267799377441,7.442298889160156,7.5226311683654785,4.9189066886901855,143526971
1996-09-06,7.552978992462158,7.563690185546875,7.429802894592285,7.460151195526123,4.878053188323975,111851802
1996-09-09,7.4583659172058105,7.461935997009277,7.372677803039551,7.403026103973389,4.840699672698975,108053807
1996-09-10,7.395884990692139,7.395884990692139,7.292346954345703,7.33697509765625,4.797510147094727,144573101
1996-09-11,7.322693824768066,7.42266321182251,7.215585231781006,7.258429050445557,4.746150493621826,124726054
1996-09-12,7.212015151977539,7.254858016967773,7.0870537757873535,7.204874038696289,4.711131572723389,271684106
1996-09-13,7.2459330558776855,7.260213851928711,7.124542236328125,7.142394065856934,4.670278072357178,181943862
1996-09-16,7.106690883636475,7.106690883636475,6.833561897277832,6.8871169090271,4.503355979919434,209209043
1996-09-17,6.892471790313721,7.069201946258545,6.883546829223633,6.990655899047852,4.57105827331543,177238381
1996-09-18,6.962092876434326,7.40838098526001,6.953167915344238,7.331620216369629,4.794009208679199,203848156
1996-09-19,7.353042125701904,7.410167217254639,7.033498764038086,7.067417144775391,4.621250629425049,245822166
1996-09-20,7.0549211502075195,7.174526214599609,6.997796058654785,7.028143882751465,4.5955705642700195,159067662
1996-09-23,6.999581813812256,7.033498764038086,6.860340118408203,6.937100887298584,4.536038398742676,163084127
1996-09-24,6.962092876434326,7.065631866455078,6.944242000579834,6.990655899047852,4.57105827331543,132116180
1996-09-25,7.065631866455078,7.17631196975708,7.015647888183594,7.040639877319336,4.603741645812988,148154028
1996-09-26,7.004937171936035,7.029929161071777,6.872836112976074,6.929961204528809,4.5313720703125,131553203
1996-09-27,6.924604892730713,6.924604892730713,6.681824207305908,6.717527866363525,4.392465591430664,258151647
1996-09-30,6.676468849182129,6.851414203643799,6.619344234466553,6.821065902709961,4.46016788482666,248744886
1996-10-01,6.854983806610107,6.885332107543945,6.731809139251709,6.803215026855469,4.448494911193848,186225010
1996-10-02,6.803215026855469,6.803215026855469,6.803215026855469,6.803215026855469,4.448494911193848,0
1996-10-03,6.872836112976074,6.958522796630859,6.722883224487305,6.772867202758789,4.428650856018066,152664847
1996-10-04,6.810355186462402,6.86391019821167,6.649692058563232,6.80856990814209,4.451996326446533,180091079
1996-10-07,6.824636936187744,6.824636936187744,6.444398880004883,6.676468849182129,4.365616798400879,272128046
1996-10-08,6.644336223602295,6.783577919006348,6.481886863708496,6.705030918121338,4.384293556213379,196707309
1996-10-09,6.783577919006348,6.854983806610107,6.685394763946533,6.792503833770752,4.441490173339844,175357589
1996-10-10,6.772867202758789,6.997796058654785,6.740734100341797,6.974588871002197,4.560553073883057,194458201
1996-10-11,7.0067219734191895,7.0870537757873535,6.89425802230835,6.965663909912109,4.55471658706665,218296503
1996-10-14,6.899612903594971,6.926390171051025,6.731809139251709,6.760371208190918,4.420478343963623,161673883
1996-10-15,6.717527866363525,6.837132930755615,6.631840229034424,6.740734100341797,4.4076385498046875,162204650
1996-10-16,6.85676908493042,6.888902187347412,6.706817150115967,6.7300238609313965,4.400637149810791,139300441
1996-10-17,6.69610595703125,6.962092876434326,6.635409832000732,6.9031829833984375,4.513862133026123,280674936
1996-10-18,6.944242000579834,7.069201946258545,6.847844123840332,6.954953193664551,4.547712326049805,449426646
1996-10-21,6.954953193664551,6.954953193664551,6.954953193664551,6.954953193664551,4.547712326049805,0
1996-10-22,7.0067219734191895,7.33697509765625,7.0067219734191895,7.203089237213135,4.709964275360107,404608341
1996-10-23,7.576186180114746,7.665442943572998,7.461935997009277,7.622600078582764,4.984274387359619,321409556
1996-10-24,7.674368858337402,7.8868021965026855,7.447655200958252,7.5226311683654785,4.9189066886901855,664698198
1996-10-25,7.495853900909424,7.685080051422119,7.481573104858398,7.638666152954102,4.994781494140625,307185279
1996-10-28,7.676154136657715,7.711856842041016,7.515491008758545,7.552978992462158,4.938751697540283,198911602
1996-10-29,7.517275810241699,7.711856842041016,7.356612205505371,7.435159206390381,4.861711025238037,255387177
1996-10-30,7.435159206390381,7.435159206390381,7.435159206390381,7.435159206390381,4.861711025238037,0
1996-10-31,7.3030571937561035,7.3030571937561035,7.126327037811279,7.212015151977539,4.7158002853393555,174959864
1996-11-01,7.263783931732178,7.711856842041016,6.9781599044799805,7.024573802947998,4.593237400054932,176580174
1996-11-04,6.962092876434326,6.962092876434326,6.669328212738037,6.73716402053833,4.405304431915283,219855194
1996-11-05,6.717527866363525,6.8067851066589355,6.56935977935791,6.61041784286499,4.3224287033081055,171643620
1996-11-06,6.467606067657471,6.613988876342773,6.289091110229492,6.531871795654297,4.2710676193237305,375113658
1996-11-07,6.619344234466553,6.653262138366699,6.533657073974609,6.622913837432861,4.330599308013916,197698821
1996-11-08,6.65861701965332,6.715742111206055,6.444398880004883,6.681824207305908,4.369119644165039,156443236
1996-11-11,6.524731159210205,6.638980865478516,6.4551100730896,6.549723148345947,4.282740592956543,160514318
1996-11-12,6.549723148345947,6.549723148345947,6.549723148345947,6.549723148345947,4.282740592956543,0
1996-11-13,6.49795389175415,6.703246116638184,6.49795389175415,6.66575813293457,4.358613967895508,91577621
1996-11-14,6.640766143798828,6.676468849182129,6.5461530685424805,6.578286170959473,4.301417350769043,79014267
1996-11-15,6.556863784790039,6.708601951599121,6.535441875457764,6.6621880531311035,4.3562798500061035,89604400
1996-11-18,6.694321155548096,6.862124919891357,6.694321155548096,6.844273090362549,4.475341796875,160543727
1996-11-19,6.860340118408203,6.888902187347412,6.692534923553467,6.7585859298706055,4.419312953948975,147561641
1996-11-20,6.7657270431518555,6.7657270431518555,6.501523971557617,6.528300762176514,4.268733024597168,116320609
1996-11-21,6.517590045928955,6.590782165527344,6.349785804748535,6.4140520095825195,4.194026947021484,209685193
1996-11-22,6.344430923461914,6.451539993286133,6.306941986083984,6.349785804748535,4.152005672454834,232072639
1996-11-25,6.32836389541626,6.7942891120910645,6.203403949737549,6.653262138366699,4.350443363189697,357273443
1996-11-26,6.769297122955322,6.949596881866455,6.535441875457764,6.762156009674072,4.421647071838379,398213928
1996-11-27,6.533657073974609,6.533657073974609,6.32836389541626,6.483673095703125,4.239552974700928,222453012
1996-11-28,6.49795389175415,6.567574977874756,6.408696174621582,6.4497551918029785,4.217374324798584,130021121
1996-11-29,6.494382858276367,6.544367790222168,6.437259197235107,6.472961902618408,4.232546806335449,100735104
1996-12-02,6.4354729652404785,6.531871795654297,6.396200180053711,6.456894874572754,4.222043037414551,73168828
1996-12-03,6.426548004150391,6.6550469398498535,6.415836811065674,6.508665084838867,4.255893707275391,200186004
1996-12-04,6.46225118637085,6.46225118637085,6.323009014129639,6.417622089385986,4.196362018585205,134967477
1996-12-05,6.358712196350098,6.601492881774902,6.310513019561768,6.528300762176514,4.268733024597168,189137926
1996-12-06,6.560433864593506,6.603278160095215,6.49795389175415,6.5390119552612305,4.275737285614014,111482086
1996-12-09,6.49795389175415,6.588996887207031,6.492598056793213,6.528300762176514,4.268733024597168,81383813
1996-12-10,6.49795389175415,6.512235164642334,6.374777793884277,6.415836811065674,4.195196151733398,109884183
1996-12-11,6.4426140785217285,6.865694999694824,6.4426140785217285,6.86391019821167,4.4881815910339355,204542775
1996-12-12,6.926390171051025,6.974588871002197,6.687180042266846,6.713956832885742,4.39013147354126,242914851
1996-12-13,6.680038928985596,6.747875213623047,6.615774154663086,6.715742111206055,4.391297340393066,126536824
1996-12-16,6.7585859298706055,6.997796058654785,6.7585859298706055,6.954953193664551,4.547712326049805,198617510
1996-12-17,6.944242000579834,7.001367092132568,6.790719032287598,6.862124919891357,4.487014293670654,168830135
1996-12-18,6.962092876434326,7.095980167388916,6.913894176483154,6.963879108428955,4.553549289703369,197738033
1996-12-19,6.944242000579834,7.051351070404053,6.8817620277404785,6.967449188232422,4.555883884429932,133691676
1996-12-20,7.0549211502075195,7.33697509765625,7.0549211502075195,7.283421039581299,4.762492656707764,359023994
1996-12-23,7.317338943481445,7.317338943481445,7.126327037811279,7.174526214599609,4.691287994384766,208125102
1996-12-24,7.154890060424805,7.212015151977539,7.0870537757873535,7.160244941711426,4.681949615478516,152832900
1996-12-25,7.160244941711426,7.160244941711426,7.160244941711426,7.160244941711426,4.681949615478516,0
1996-12-26,7.283421039581299,7.524415969848633,7.283421039581299,7.488712787628174,4.896728515625,144718746
1996-12-27,7.488712787628174,7.488712787628174,7.488712787628174,7.488712787628174,4.896728515625,0
1996-12-30,7.488712787628174,7.488712787628174,7.488712787628174,7.488712787628174,4.896728515625,0
1996-12-31,7.524415969848633,7.533341884613037,7.322693824768066,7.3780341148376465,4.824357509613037,104373449
1997-01-01,7.479787826538086,7.872520923614502,7.479787826538086,7.833248138427734,5.122014045715332,282841417
1997-01-02,7.852883815765381,7.854669094085693,7.6261701583862305,7.647592067718506,5.000616073608398,208595650
1997-01-03,7.588682174682617,7.756485939025879,7.588682174682617,7.736848831176758,5.058981895446777,196512647
1997-01-06,7.783263206481934,7.818965911865234,7.6583027839660645,7.686864852905273,5.0262956619262695,131549002
1997-01-07,7.679725170135498,7.799330234527588,7.633310794830322,7.740419864654541,5.061314582824707,192860298
1997-01-08,7.924290180206299,8.031399726867676,7.801115036010742,7.867166042327881,5.144191741943359,270772419
1997-01-09,7.8100409507751465,7.922504901885986,7.760056018829346,7.849314212799072,5.132519245147705,201638261
1997-01-10,7.979629993438721,8.011762619018555,7.899298191070557,7.9474968910217285,5.196719169616699,203125529
1997-01-13,7.854669094085693,7.9617791175842285,7.801115036010742,7.935000896453857,5.188547611236572,167282648
1997-01-14,7.997481822967529,8.408066749572754,7.911794185638428,8.250972747802734,5.395156383514404,215142711
1997-01-15,8.390214920043945,8.829362869262695,8.338445663452148,8.829362869262695,5.773355007171631,367418236
1997-01-16,9.448809623718262,9.448809623718262,8.479473114013672,8.60978889465332,5.62977933883667,426196135
1997-01-17,8.318808555603027,8.818652153015137,8.318808555603027,8.699047088623047,5.688143730163574,364585144
1997-01-20,8.711543083190918,8.72939395904541,8.329520225524902,8.388429641723633,5.4850358963012695,215271551
1997-01-21,8.336661338806152,8.461621284484863,8.143863677978516,8.224196434020996,5.377647399902344,227253722
1997-01-22,8.461621284484863,8.800800323486328,8.461621284484863,8.786519050598145,5.745339870452881,292349010
1997-01-23,8.786519050598145,8.786519050598145,8.786519050598145,8.786519050598145,5.745339870452881,0
1997-01-24,8.997166633605957,9.32384967803955,8.997166633605957,9.250658988952637,6.048831939697266,520318358
1997-01-27,9.46130657196045,9.818337440490723,9.40775203704834,9.579127311706543,6.263611793518066,516657606
1997-01-28,9.77370834350586,9.859395980834961,9.555919647216797,9.827262878417969,6.4258623123168945,335030243
1997-01-29,10.282477378845215,10.282477378845215,9.579127311706543,9.791560173034668,6.4025187492370605,503528474
1997-01-30,9.604119300842285,9.94329833984375,9.586267471313477,9.78084945678711,6.395515441894531,592714143
1997-01-31,9.588051795959473,9.746931076049805,9.425602912902832,9.561274528503418,6.251938343048096,512306436
1997-02-03,9.26494026184082,9.452381134033203,8.925761222839355,9.03465461730957,5.907591342926025,386045499
1997-02-04,9.01858901977539,9.564845085144043,8.98288631439209,9.418462753295898,6.1585564613342285,487395396
1997-02-05,9.693375587463379,9.779064178466797,9.329204559326172,9.39168643951416,6.141047954559326,367611497
1997-02-06,9.39168643951416,9.650532722473145,9.266724586486816,9.543423652648926,6.240263938903809,445404581
1997-02-07,9.586267471313477,9.834403038024902,9.497010231018066,9.770137786865234,6.3885087966918945,454092915
1997-02-10,9.77370834350586,9.800484657287598,9.564845085144043,9.734435081481934,6.365164279937744,322994855
1997-02-11,9.67374038696289,9.887957572937012,9.639822006225586,9.814766883850098,6.417691230773926,253800477
1997-02-12,9.818337440490723,9.934371948242188,9.69694709777832,9.777277946472168,6.393178939819336,251775440
1997-02-13,9.72015380859375,9.81655216217041,9.66124439239502,9.741575241088867,6.369833469390869,202465921
1997-02-14,9.711228370666504,9.818337440490723,9.702301979064941,9.782633781433105,6.396682262420654,144386842
1997-02-17,9.907594680786133,9.996851921081543,9.764781951904297,9.823692321777344,6.423527717590332,233793781
1997-02-18,9.836189270019531,9.836189270019531,9.505934715270996,9.577341079711914,6.262444019317627,250776926
1997-02-19,9.643391609191895,9.768353462219238,9.513075828552246,9.741575241088867,6.369833469390869,290382791
1997-02-20,9.711228370666504,9.764781951904297,9.591623306274414,9.645176887512207,6.306800842285156,209330882
1997-02-21,9.568415641784668,9.616615295410156,9.475587844848633,9.507720947265625,6.216920375823975,200382065
1997-02-24,9.43631362915039,9.44345474243164,9.106060981750488,9.150690078735352,5.98346471786499,239367535
1997-02-25,9.104275703430176,9.598763465881348,9.03465461730957,9.336345672607422,6.104861259460449,513271340
1997-02-26,9.279220581054688,9.479158401489258,9.225666046142578,9.420248031616211,6.159724235534668,257479435
1997-02-27,9.464877128601074,9.66659927368164,9.457736015319824,9.629111289978027,6.296295642852783,279361322
1997-02-28,10.398510932922363,10.675209999084473,10.21107006072998,10.48776912689209,6.857756614685059,165116166
1997-03-03,10.964405059814453,11.192904472351074,10.8358736038208,10.89656925201416,7.125061511993408,335152081
1997-03-04,10.94298267364502,11.066158294677734,10.798385620117188,10.992966651916504,7.188093662261963,292860171
1997-03-05,11.353568077087402,11.423189163208008,10.646648406982422,10.851940155029297,7.095879077911377,627047348
1997-03-06,10.678779602050781,10.818021774291992,10.585951805114746,10.735904693603516,7.020005226135254,417566619
1997-03-07,10.735904693603516,10.735904693603516,10.735904693603516,10.735904693603516,7.020005226135254,0
1997-03-10,10.51097583770752,10.51097583770752,10.161086082458496,10.21821117401123,6.6814961433410645,383942037
1997-03-11,10.139663696289062,10.246773719787598,9.568415641784668,9.67374038696289,6.32547664642334,567678463
1997-03-12,10.028985023498535,10.134308815002441,9.804056167602539,9.95222282409668,6.507574081420898,436392744
1997-03-13,10.048622131347656,10.06290340423584,9.761212348937988,9.821907043457031,6.422361850738525,278082720
1997-03-14,9.711228370666504,10.17536735534668,9.668383598327637,10.020058631896973,6.551928997039795,679037311
1997-03-17,10.066473007202148,10.21107006072998,9.946867942810059,10.159300804138184,6.6429762840271,474945478
1997-03-18,10.157515525817871,10.457422256469727,10.125383377075195,10.293188095092773,6.730523109436035,463348428
1997-03-19,10.49491024017334,10.5413236618042,10.032554626464844,10.080754280090332,6.591615676879883,355162979
1997-03-20,10.014703750610352,10.280691146850586,9.898669242858887,10.148590087890625,6.635975360870361,430199995
1997-03-21,10.282477378845215,10.386014938354492,10.219996452331543,10.302112579345703,6.73635721206665,297467621
1997-03-24,10.302112579345703,10.302112579345703,10.302112579345703,10.302112579345703,6.73635721206665,0
1997-03-25,10.380660057067871,10.425289154052734,10.21285629272461,10.302112579345703,6.73635721206665,318629681
1997-03-26,10.416362762451172,10.564531326293945,10.373518943786621,10.414578437805176,6.809896945953369,417441980
1997-03-27,10.371733665466309,10.450281143188477,10.300328254699707,10.41100788116455,6.807562351226807,223496340
1997-03-28,10.41100788116455,10.41100788116455,10.41100788116455,10.41100788116455,6.807562351226807,0
1997-03-31,9.68266487121582,9.68266487121582,9.370264053344727,9.382760047912598,6.13521146774292,3646747
1997-04-01,8.652632713317871,9.495223999023438,8.568730354309082,9.322065353393555,6.095522403717041,479214021
1997-04-02,9.636251449584961,9.70587158203125,9.363122940063477,9.479158401489258,6.198244094848633,369832596
1997-04-03,9.495223999023438,9.630895614624023,9.397041320800781,9.564845085144043,6.254271507263184,291468133
1997-04-04,9.422033309936523,9.559490203857422,9.355982780456543,9.523786544799805,6.227425575256348,195533739
1997-04-07,9.488083839416504,9.495223999023438,9.364908218383789,9.427389144897461,6.164392471313477,177526872
1997-04-08,9.427389144897461,9.427389144897461,9.427389144897461,9.427389144897461,6.164392471313477,0
1997-04-09,9.707657814025879,9.823692321777344,9.645176887512207,9.791560173034668,6.4025187492370605,352918072
1997-04-10,9.657672882080078,9.702301979064941,9.148904800415039,9.500579833984375,6.212249279022217,344044880
1997-04-11,9.175682067871094,9.67374038696289,9.159616470336914,9.561274528503418,6.251938343048096,283048683
1997-04-14,9.561274528503418,9.561274528503418,9.561274528503418,9.561274528503418,6.251938343048096,0
1997-04-15,9.559490203857422,9.618399620056152,9.411321640014648,9.480942726135254,6.199407577514648,189804536
1997-04-16,9.480942726135254,9.480942726135254,9.480942726135254,9.480942726135254,6.199407577514648,0
1997-04-17,9.604119300842285,10.027199745178223,9.561274528503418,9.986141204833984,6.529750823974609,360463647
1997-04-18,9.986141204833984,9.986141204833984,9.986141204833984,9.986141204833984,6.529750823974609,0
1997-04-21,10.050407409667969,10.685920715332031,10.036126136779785,10.682351112365723,6.984990119934082,407274780
1997-04-22,10.925130844116211,11.353568077087402,10.605588912963867,10.812666893005371,7.070198059082031,726681706
1997-04-23,11.067943572998047,11.103647232055664,10.907279968261719,10.946553230285645,7.157745361328125,382890306
1997-04-24,10.991182327270508,11.0233154296875,10.821593284606934,10.875146865844727,7.111055374145508,280897606
1997-04-25,10.816237449645996,10.928702354431152,10.79302978515625,10.905494689941406,7.130898952484131,242518527
1997-04-28,10.88942813873291,10.982255935668945,10.8358736038208,10.89656925201416,7.125061511993408,173475397
1997-04-29,10.855509757995605,10.914420127868652,10.821593284606934,10.894783973693848,7.123893737792969,156500655
1997-04-30,11.157200813293457,11.237532615661621,11.032240867614746,11.057232856750488,7.230116367340088,339969597
1997-05-01,11.057232856750488,11.057232856750488,11.057232856750488,11.057232856750488,7.230116367340088,0
1997-05-02,10.960833549499512,10.994751930236816,10.880502700805664,10.901924133300781,7.128563404083252,163351611
1997-05-05,10.75375747680664,10.8001708984375,10.65021800994873,10.68056583404541,6.983821868896484,257829546
1997-05-06,10.710912704467773,10.85372543334961,10.676995277404785,10.810881614685059,7.069031715393066,198544687
1997-05-07,10.85372543334961,10.85372543334961,10.718053817749023,10.739476203918457,7.022343158721924,138215100
1997-05-08,10.743045806884766,10.796600341796875,10.689491271972656,10.77696418762207,7.046854496002197,99379477
1997-05-09,10.8001708984375,10.814452171325684,10.728764533996582,10.75375747680664,7.031678676605225,85274238
1997-05-12,10.74661636352539,10.773392677307129,10.428858757019043,10.457422256469727,6.837913990020752,273476670
1997-05-13,10.443140029907227,10.514546394348145,10.41100788116455,10.448495864868164,6.832076549530029,166270129
1997-05-14,10.453850746154785,10.600234031677246,10.287832260131836,10.569886207580566,6.911449909210205,357819615
1997-05-15,10.505620956420898,10.585951805114746,10.469918251037598,10.502050399780273,6.867093563079834,195812427
1997-05-16,10.478842735290527,10.550249099731445,10.46456241607666,10.52347183227539,7.155289649963379,116368224
1997-05-19,10.639507293701172,10.7501859664917,10.555604934692383,10.609159469604492,7.213550090789795,161148717
1997-05-20,10.612730026245117,10.668068885803223,10.575242042541504,10.60737419128418,7.212338924407959,64619137
1997-05-21,10.603803634643555,10.603803634643555,10.409221649169922,10.443140029907227,7.100668907165527,153425287
1997-05-22,10.46456241607666,10.478842735290527,10.26462459564209,10.348526954650879,7.036336421966553,246214290
1997-05-23,10.318180084228516,10.512761116027832,10.232492446899414,10.362808227539062,7.046048164367676,333323105
1997-05-26,10.327104568481445,10.39672565460205,10.26462459564209,10.287832260131836,6.995067596435547,142541061
1997-05-27,10.328890800476074,10.439570426940918,10.075399398803711,10.162871360778809,6.910102844238281,338209243
1997-05-28,10.21107006072998,10.277120590209961,10.06290340423584,10.087895393371582,6.85912561416626,145064655
1997-05-29,10.064687728881836,10.575242042541504,10.028985023498535,10.505620956420898,7.143150806427002,507298460
1997-05-30,10.569886207580566,10.796600341796875,10.505620956420898,10.748400688171387,7.308225631713867,479755992
1997-06-02,10.8358736038208,10.923345565795898,10.730549812316895,10.873361587524414,7.393192768096924,327784362
1997-06-03,10.88942813873291,11.100075721740723,10.74661636352539,10.830517768859863,7.36406135559082,361266100
1997-06-04,10.925130844116211,10.973331451416016,10.801956176757812,10.844799995422363,7.373771667480469,174758201
1997-06-05,10.939413070678711,11.255385398864746,10.900138854980469,11.094720840454102,7.543702125549316,594454891
1997-06-06,11.139349937438965,11.183978080749512,10.978686332702637,11.001893043518066,7.480583667755127,271443230
1997-06-09,10.925130844116211,11.133994102478027,10.871577262878418,11.028670310974121,7.49879264831543,324115207
1997-06-10,11.139349937438965,11.246459007263184,11.060803413391113,11.1964750289917,7.612888813018799,306291798
1997-06-11,11.335716247558594,11.442826271057129,11.283946990966797,11.32857608795166,7.702709197998047,283600456
1997-06-12,11.332145690917969,11.601703643798828,11.317865371704102,11.56778621673584,7.8653564453125,410819296
1997-06-13,11.639191627502441,11.728449821472168,11.442826271057129,11.528512954711914,7.838651657104492,309634650
1997-06-16,11.457106590270996,11.496379852294922,11.183978080749512,11.258955001831055,7.655372142791748,269447602
1997-06-17,11.389270782470703,11.532082557678223,11.358922958374023,11.419618606567383,7.764613151550293,271997805
1997-06-18,11.639191627502441,11.762368202209473,11.508875846862793,11.558859825134277,7.859287261962891,239045434
1997-06-19,11.460677146911621,12.28184700012207,11.408907890319824,12.206871032714844,8.299894332885742,579468774
1997-06-20,12.355037689208984,13.049463272094727,12.33540153503418,12.842385292053223,8.732002258300781,712670296
1997-06-23,12.978056907653809,13.270820617675781,12.969131469726562,13.033395767211914,8.861878395080566,374255188
1997-06-24,13.031611442565918,13.281532287597656,12.96734619140625,13.169068336486816,8.954126358032227,306394030
1997-06-25,13.531454086303711,13.706398963928223,13.067314147949219,13.158356666564941,8.946843147277832,703592639
1997-06-26,13.147645950317383,13.924186706542969,12.57104206085205,13.556446075439453,9.217516899108887,1176069141
1997-06-27,13.452906608581543,13.513602256774902,13.156572341918945,13.197629928588867,8.973543167114258,399355288
1997-06-30,13.031611442565918,13.20655632019043,12.908435821533203,13.151215553283691,8.941988945007324,403447375
1997-07-01,13.281532287597656,13.345797538757324,12.9245023727417,13.05660343170166,8.877656936645508,442137352
1997-07-02,13.22619342803955,13.456477165222168,13.13871955871582,13.215481758117676,8.985684394836426,352633783
1997-07-03,13.147645950317383,13.263681411743164,12.999478340148926,13.040536880493164,8.866729736328125,225940109
1997-07-04,13.076239585876465,13.111943244934082,12.735276222229004,12.815608024597168,8.71379566192627,309913338
1997-07-07,12.781689643859863,13.040536880493164,12.758482933044434,12.865592002868652,8.747780799865723,275138993
1997-07-08,12.837029457092285,12.915575981140137,12.638877868652344,12.710284233093262,8.642181396484375,308917624
1997-07-09,12.9959077835083,13.095876693725586,12.960205078125,13.047677040100098,8.871585845947266,215082492
1997-07-10,13.13871955871582,13.281532287597656,13.01375961303711,13.104802131652832,8.910428047180176,345238055
1997-07-11,12.938782691955566,12.960205078125,12.756697654724121,12.808466911315918,8.708940505981445,242305660
1997-07-14,12.71385383605957,12.781689643859863,12.28184700012207,12.356823921203613,8.40185260772705,317003769
1997-07-15,12.451436996459961,12.546050071716309,12.33540153503418,12.412162780761719,8.439477920532227,270226247
1997-07-16,12.603175163269043,12.70671272277832,12.463932991027832,12.524627685546875,8.515947341918945,295184902
1997-07-17,12.531767845153809,12.585323333740234,12.40859317779541,12.496065139770508,8.496525764465332,195743805
1997-07-18,12.496065139770508,12.496065139770508,12.496065139770508,12.496065139770508,8.496525764465332,0
1997-07-21,12.317549705505371,12.349682807922363,12.219367027282715,12.322905540466309,8.37878704071045,112578631
1997-07-22,12.388956069946289,12.403237342834473,12.237217903137207,12.292557716369629,8.358152389526367,163882378
1997-07-23,12.42465877532959,12.906649589538574,12.41573429107666,12.858450889587402,8.742927551269531,406262261
1997-07-24,12.960205078125,13.028040885925293,12.603175163269043,12.674580574035645,8.617905616760254,328082656
1997-07-25,12.603175163269043,12.653159141540527,12.355037689208984,12.526412963867188,8.517159461975098,302769689
1997-07-28,12.56747055053711,12.638877868652344,12.460362434387207,12.554974555969238,8.536581039428711,154803320
1997-07-29,12.531767845153809,12.674580574035645,12.497851371765137,12.653159141540527,8.603341102600098,241113885
1997-07-30,12.740631103515625,12.808466911315918,12.58710765838623,12.617456436157227,8.579063415527344,136464549
1997-07-31,12.64780330657959,12.885229110717773,12.592464447021484,12.853096008300781,8.739285469055176,245046322
1997-08-01,12.887014389038086,13.020899772644043,12.835244178771973,12.986982345581055,8.83031940460205,302729077
1997-08-04,13.031611442565918,13.083380699157715,12.91736125946045,12.954850196838379,8.8084716796875,208057881
1997-08-05,12.9959077835083,13.317234992980957,12.933427810668945,13.245828628540039,9.006318092346191,265491357
1997-08-06,13.352937698364258,13.388642311096191,13.21369743347168,13.32616138458252,9.060937881469727,42514580
1997-08-07,12.92985725402832,13.49575138092041,12.92985725402832,13.304738998413086,9.046372413635254,486993470
1997-08-08,13.21369743347168,13.360078811645508,13.210125923156738,13.304738998413086,9.046372413635254,191725941
1997-08-11,13.281532287597656,13.543950080871582,13.2190523147583,13.502890586853027,9.181102752685547,281715463
1997-08-12,13.543950080871582,13.763524055480957,13.388642311096191,13.515386581420898,9.189600944519043,352814440
1997-08-13,13.34936809539795,13.44576644897461,13.281532287597656,13.370789527893066,9.091282844543457,170164755
1997-08-14,13.335086822509766,13.418989181518555,13.283317565917969,13.310094833374023,9.050015449523926,148990091
1997-08-15,13.310094833374023,13.310094833374023,13.310094833374023,13.310094833374023,9.050015449523926,0
1997-08-18,13.279747009277344,13.279747009277344,13.001263618469238,13.040536880493164,8.866729736328125,129472148
1997-08-19,13.065528869628906,13.129794120788574,12.853096008300781,12.928071975708008,8.790265083312988,173535616
1997-08-20,12.942353248596191,13.083380699157715,12.865592002868652,13.060173988342285,8.880083084106445,158563504
1997-08-21,13.101231575012207,13.13871955871582,12.792401313781738,12.822748184204102,8.71865177154541,133286949
1997-08-22,12.799541473388672,12.853096008300781,12.406807899475098,12.433585166931152,8.454042434692383,271782137
1997-08-25,12.342541694641113,12.342541694641113,11.996223449707031,12.137249946594238,8.252554893493652,288371758
1997-08-26,12.174737930297852,12.367533683776855,12.115827560424805,12.194375038146973,8.291396141052246,277091208
1997-08-27,12.5639009475708,12.849526405334473,12.371105194091797,12.40145206451416,8.432194709777832,178109455
1997-08-28,12.330045700073242,12.388956069946289,12.069414138793945,12.108687400817871,8.233136177062988,216221050
1997-08-29,12.071199417114258,12.099761962890625,11.70702838897705,11.792715072631836,8.018292427062988,294670941
1997-09-01,11.808781623840332,12.135464668273926,11.782004356384277,12.069414138793945,8.206432342529297,276420397
1997-09-02,12.13903522491455,12.235432624816895,11.871261596679688,12.092620849609375,8.222211837768555,305511752
1997-09-03,12.299698829650879,12.369319915771484,12.085479736328125,12.147960662841797,8.25984001159668,269645064
1997-09-04,12.106902122497559,12.33540153503418,12.031926155090332,12.292557716369629,8.358152389526367,267762872
1997-09-05,12.33540153503418,12.40145206451416,12.214011192321777,12.331830978393555,8.384858131408691,236878952
1997-09-08,12.210440635681152,12.33540153503418,12.13903522491455,12.308624267578125,8.36907958984375,132862615
1997-09-09,12.346113204956055,12.403237342834473,12.25328540802002,12.321120262145996,8.37757396697998,155177238
1997-09-10,12.215797424316406,12.28184700012207,12.140819549560547,12.217581748962402,8.307174682617188,139542717
1997-09-11,12.263996124267578,12.544264793395996,12.23900318145752,12.406807899475098,8.435836791992188,299061322
1997-09-12,12.331830978393555,12.381815910339355,12.274706840515137,12.331830978393555,8.384858131408691,140132303
1997-09-15,12.3050537109375,12.380030632019043,12.26578140258789,12.3050537109375,8.36665153503418,84919926
1997-09-16,12.322905540466309,12.646018028259277,12.322905540466309,12.546050071716309,8.530513763427734,236806129
1997-09-17,12.572827339172363,12.638877868652344,12.549619674682617,12.572827339172363,8.548720359802246,19456323
1997-09-18,12.42465877532959,12.460362434387207,12.299698829650879,12.390741348266602,8.42491340637207,160477906
1997-09-19,12.422874450683594,12.549619674682617,12.371105194091797,12.390741348266602,8.42491340637207,146973456
1997-09-22,12.363964080810547,12.363964080810547,11.99979305267334,12.039066314697266,8.185798645019531,170684319
1997-09-23,11.99979305267334,12.121183395385742,11.960519790649414,12.03014087677002,8.179725646972656,136332907
1997-09-24,12.24614429473877,12.349682807922363,12.122968673706055,12.1461763381958,8.258625030517578,109529872
1997-09-25,12.103331565856934,12.442510604858398,12.067628860473633,12.399666786193848,8.430981636047363,282614546
1997-09-26,12.460362434387207,12.667440414428711,12.460362434387207,12.55854606628418,8.539007186889648,254887219
1997-09-29,12.710284233093262,12.928071975708008,12.676365852355957,12.792401313781738,8.698019027709961,241050865
1997-09-30,12.776333808898926,12.958419799804688,12.737060546875,12.904865264892578,8.774484634399414,198828976
1997-10-01,12.888798713684082,12.978056907653809,12.67101001739502,12.885229110717773,8.76113224029541,241237123
1997-10-02,12.885229110717773,12.885229110717773,12.885229110717773,12.885229110717773,8.76113224029541,0
1997-10-03,12.885229110717773,12.885229110717773,12.885229110717773,12.885229110717773,8.76113224029541,0
1997-10-06,12.885229110717773,12.885229110717773,12.885229110717773,12.885229110717773,8.76113224029541,0
1997-10-07,12.885229110717773,12.885229110717773,12.885229110717773,12.885229110717773,8.76113224029541,0
1997-10-08,12.885229110717773,12.885229110717773,12.885229110717773,12.885229110717773,8.76113224029541,0
1997-10-09,13.004834175109863,13.77780532836914,12.969131469726562,13.686761856079102,9.306122779846191,571827969
1997-10-10,13.806366920471191,15.055974006652832,13.806366920471191,15.048832893371582,10.232247352600098,842876276
1997-10-13,15.348738670349121,15.73790168762207,15.188075065612793,15.359450340270996,10.443446159362793,821158240
1997-10-14,15.280902862548828,15.464774131774902,13.959890365600586,14.263365745544434,9.698177337646484,829693927
1997-10-15,14.341913223266602,14.556131362915039,14.111627578735352,14.359764099121094,9.763721466064453,407386815
1997-10-16,14.457947731018066,14.756068229675293,14.266936302185059,14.43652629852295,9.81591510772705,453279259
1997-10-17,14.49543571472168,14.768564224243164,14.416889190673828,14.504362106323242,9.862038612365723,419364785
1997-10-20,14.461518287658691,14.682876586914062,14.281217575073242,14.648959159851074,9.960355758666992,262550431
1997-10-21,14.673951148986816,14.988138198852539,14.459733009338379,14.586479187011719,9.917875289916992,492254926
1997-10-22,14.781060218811035,14.952434539794922,14.665024757385254,14.722149848937988,10.010122299194336,327551889
1997-10-23,14.745356559753418,14.834614753723145,14.32227611541748,14.475798606872559,9.84261703491211,392390896
1997-10-24,14.459733009338379,14.459733009338379,13.934898376464844,14.136619567871094,9.612000465393066,450881704
1997-10-27,27.198579788208008,28.0804443359375,26.895103454589844,27.020063400268555,18.371919631958008,174379381
1997-10-28,26.927236557006836,26.927236557006836,24.320913314819336,24.360187530517578,16.56336784362793,207521512
1997-10-29,24.91001319885254,26.784423828125,24.91001319885254,26.71658706665039,18.165571212768555,238464951
1997-10-30,26.566635131835938,26.566635131835938,25.534818649291992,25.884706497192383,17.599950790405273,85330255
1997-10-31,25.884706497192383,25.884706497192383,25.884706497192383,25.884706497192383,17.599950790405273,0
1997-11-03,25.923980712890625,26.548784255981445,25.20992088317871,25.906129837036133,17.61451530456543,138400658
1997-11-04,25.8490047454834,26.348846435546875,25.045686721801758,25.288467407226562,17.19454574584961,144830081
1997-11-05,13.13871955871582,13.370789527893066,12.970915794372559,13.042322158813477,8.867945671081543,95911986
1997-11-06,12.9959077835083,12.9959077835083,12.656728744506836,12.888798713684082,8.76356029510498,100382893
1997-11-07,12.71385383605957,12.845954895019531,12.646018028259277,12.749556541442871,8.668883323669434,51043964
1997-11-10,12.681720733642578,12.681720733642578,12.43894100189209,12.463932991027832,8.474678993225098,61176854
1997-11-11,12.43179988861084,12.663869857788086,12.392526626586914,12.5281982421875,8.5183744430542,61484950
1997-11-12,12.492494583129883,12.596034049987793,12.03549575805664,12.085479736328125,8.217355728149414,152259420
1997-11-13,12.010503768920898,12.031926155090332,11.549935340881348,11.71059799194336,7.962461471557617,154029577
1997-11-14,11.71059799194336,11.71059799194336,11.71059799194336,11.71059799194336,7.962461471557617,0
1997-11-17,11.806997299194336,12.014074325561523,11.667755126953125,11.939098358154297,8.117823600769043,118330241
1997-11-18,11.889114379882812,11.924817085266113,11.607060432434082,11.667755126953125,7.933329105377197,95344107
1997-11-19,11.624911308288574,11.624911308288574,11.1821928024292,11.232177734375,7.637165546417236,161332175
1997-11-20,11.142919540405273,11.335716247558594,10.803741455078125,11.092935562133789,7.542486190795898,132565722
1997-11-21,11.003678321838379,11.275020599365234,10.925130844116211,11.096506118774414,7.544915676116943,100555147
1997-11-24,10.996537208557129,11.192904472351074,10.543108940124512,10.589523315429688,7.200198173522949,134209139
1997-11-25,10.532398223876953,11.453536033630371,10.50383472442627,11.246459007263184,7.6468729972839355,221540624
1997-11-26,11.353568077087402,11.924817085266113,11.353568077087402,11.689176559448242,7.947892189025879,193414172
1997-11-27,11.639191627502441,11.960519790649414,11.360709190368652,11.921245574951172,8.105684280395508,180871125
1997-11-28,11.860550880432129,11.860550880432129,11.18933391571045,11.32857608795166,7.702709197998047,186496695
1997-12-01,11.217896461486816,11.564215660095215,11.085795402526855,11.474958419799805,7.802239894866943,104103164
1997-12-02,11.446395874023438,11.56778621673584,11.214325904846191,11.28573226928711,7.673576354980469,108302385
1997-12-03,11.346426963806152,11.51423168182373,11.22503662109375,11.32857608795166,7.702709197998047,105664655
1997-12-04,11.264309883117676,12.24614429473877,10.960833549499512,11.485669136047363,7.809521198272705,367892986
1997-12-05,11.432114601135254,12.171168327331543,11.432114601135254,11.660614013671875,7.928471565246582,260028938
1997-12-08,11.71773910522461,12.064059257507324,11.71059799194336,11.964090347290039,8.134815216064453,137464463
1997-12-09,11.996223449707031,12.106902122497559,10.860865592956543,11.13577938079834,7.571619033813477,246915210
1997-12-10,11.003678321838379,11.203615188598633,10.821593284606934,11.010819435119629,7.486653804779053,112307646
1997-12-11,11.000107765197754,11.242889404296875,10.685920715332031,11.146490097045898,7.57889986038208,153768395
1997-12-12,11.203615188598633,11.203615188598633,10.696632385253906,10.743045806884766,7.30458402633667,189119721
1997-12-15,10.721624374389648,11.096506118774414,10.543108940124512,11.042950630187988,7.508500099182129,177750242
1997-12-16,11.067943572998047,11.257169723510742,10.875146865844727,11.157200813293457,7.586184501647949,140796812
1997-12-17,11.282161712646484,11.41783332824707,11.078655242919922,11.221467018127441,7.629883289337158,74140734
1997-12-18,11.260740280151367,11.632052421569824,11.146490097045898,11.22503662109375,7.632309436798096,135859558
1997-12-19,11.164341926574707,11.517802238464355,11.103647232055664,11.47852897644043,7.804666042327881,127392493
1997-12-22,11.564215660095215,11.735590934753418,11.503520965576172,11.62134075164795,7.9017720222473145,90738757
1997-12-23,11.667755126953125,11.806997299194336,11.632052421569824,11.749872207641602,7.989162921905518,84393360
1997-12-24,11.657044410705566,11.657044410705566,11.407122611999512,11.61063003540039,7.894486904144287,72745895
1997-12-25,11.61063003540039,11.61063003540039,11.61063003540039,11.61063003540039,7.894486904144287,0
1997-12-26,11.639191627502441,11.942667961120605,11.60348892211914,11.889114379882812,8.083839416503906,96386735
1997-12-29,11.889114379882812,12.156886100769043,11.889114379882812,12.099761962890625,8.227065086364746,81759832
1997-12-30,12.174737930297852,12.174737930297852,11.728449821472168,11.821277618408203,8.037713050842285,71475695
1997-12-31,11.782004356384277,12.099761962890625,11.782004356384277,11.974801063537598,8.14210033416748,61601187
1998-01-01,11.914106369018555,12.228293418884277,11.84984016418457,12.085479736328125,8.217355728149414,85954852
1998-01-02,12.13903522491455,12.221152305603027,12.049777030944824,12.089051246643066,8.219781875610352,45964566
1998-01-05,12.14974594116211,12.460362434387207,12.14974594116211,12.313980102539062,8.372720718383789,91759679
1998-01-06,12.231863021850586,12.317549705505371,12.05334758758545,12.214011192321777,8.3047456741333,68660809
1998-01-07,12.338972091674805,12.371105194091797,12.081910133361816,12.33540153503418,8.387283325195312,100660880
1998-01-08,12.296128273010254,12.331830978393555,11.942667961120605,12.017644882202148,8.17123031616211,112816006
1998-01-09,11.935527801513672,11.935527801513672,11.642763137817383,11.71059799194336,7.962461471557617,104302726
1998-01-12,11.646332740783691,11.646332740783691,11.07508373260498,11.167911529541016,7.5934672355651855,117221792
1998-01-13,11.157200813293457,11.489239692687988,11.157200813293457,11.275020599365234,7.666294097900391,85152399
1998-01-14,11.60348892211914,11.60348892211914,10.960833549499512,11.057232856750488,7.518211364746094,100106306
1998-01-15,10.982255935668945,11.217896461486816,10.925130844116211,11.167911529541016,7.5934672355651855,69335821
1998-01-16,11.232177734375,11.282161712646484,11.107216835021973,11.22503662109375,7.632309436798096,48451749
1998-01-19,11.175052642822266,11.560646057128906,11.071514129638672,11.499950408935547,7.819231033325195,85051568
1998-01-20,11.553504943847656,11.721308708190918,11.214325904846191,11.310724258422852,7.69057035446167,75693822
1998-01-21,11.353568077087402,11.42497444152832,11.289301872253418,11.339286804199219,7.709990978240967,42754756
1998-01-22,11.310724258422852,11.310724258422852,11.089365005493164,11.13577938079834,7.571619033813477,48247284
1998-01-23,11.103647232055664,11.175052642822266,10.982255935668945,11.025099754333496,7.496363162994385,49873896
1998-01-26,11.025099754333496,11.025099754333496,11.025099754333496,11.025099754333496,7.496363162994385,0
1998-01-27,11.060803413391113,11.060803413391113,10.725193977355957,10.818021774291992,7.355564594268799,70613724
1998-01-28,10.718053817749023,10.85372543334961,10.471702575683594,10.582382202148438,7.1953444480896,87204745
1998-01-29,10.532398223876953,10.739476203918457,10.500265121459961,10.689491271972656,7.2681732177734375,46620672
1998-01-30,10.732335090637207,11.035811424255371,10.693061828613281,11.010819435119629,7.486653804779053,83270907
1998-02-02,11.067943572998047,11.22503662109375,11.003678321838379,11.192904472351074,7.6104583740234375,67724614
1998-02-03,11.228607177734375,11.428544044494629,11.114357948303223,11.364278793334961,7.72698450088501,86415597
1998-02-04,11.389270782470703,11.414262771606445,10.95012378692627,11.017958641052246,7.491509914398193,76480870
1998-02-05,10.996537208557129,11.239317893981934,10.996537208557129,11.150060653686523,7.58132791519165,58627351
1998-02-06,11.167911529541016,11.246459007263184,11.089365005493164,11.167911529541016,7.5934672355651855,44069769
1998-02-09,11.200044631958008,11.367849349975586,11.142919540405273,11.28573226928711,7.673576354980469,54085722
1998-02-10,11.250028610229492,11.300012588500977,11.167911529541016,11.235748291015625,7.639591693878174,42983728
1998-02-11,11.167911529541016,11.210756301879883,10.778749465942383,10.88942813873291,7.404114246368408,58101486
1998-02-12,10.85372543334961,10.907279968261719,10.593092918395996,10.65735912322998,7.2463226318359375,91721867
1998-02-13,10.707343101501465,10.8358736038208,10.646648406982422,10.771608352661133,7.324004173278809,44642550
1998-02-16,10.771608352661133,10.771608352661133,10.771608352661133,10.771608352661133,7.324004173278809,0
1998-02-17,10.843013763427734,10.992966651916504,10.732335090637207,10.803741455078125,7.34585428237915,69964619
1998-02-18,10.789460182189941,10.8358736038208,10.668068885803223,10.718053817749023,7.287592887878418,33233859
1998-02-19,10.760896682739258,11.096506118774414,10.714483261108398,10.910849571228027,7.418682098388672,87117918
1998-02-20,10.953694343566895,11.025099754333496,10.714483261108398,10.735904693603516,7.299727916717529,68251180
1998-02-23,10.789460182189941,10.94298267364502,10.7501859664917,10.90371036529541,7.413825511932373,49233895
1998-02-24,10.95012378692627,10.978686332702637,10.832303047180176,10.90371036529541,7.413825511932373,66949470
1998-02-25,11.032240867614746,11.282161712646484,10.946553230285645,11.221467018127441,7.629883289337158,83678435
1998-02-26,11.235748291015625,11.325005531311035,11.125067710876465,11.232177734375,7.637165546417236,65605047
1998-02-27,11.257169723510742,11.51423168182373,11.246459007263184,11.439254760742188,7.777962684631348,95131240
1998-03-02,11.482098579406738,12.014074325561523,11.482098579406738,11.931957244873047,8.112970352172852,123609903
1998-03-03,11.889114379882812,11.996223449707031,11.325005531311035,11.457106590270996,7.790100574493408,99408886
1998-03-04,11.57492733001709,11.996223449707031,11.56778621673584,11.867691993713379,8.0692720413208,86848333
1998-03-05,11.817708015441895,12.274706840515137,11.71059799194336,11.906965255737305,8.095975875854492,118509498
1998-03-06,11.860550880432129,11.953378677368164,11.71059799194336,11.835558891296387,8.04742431640625,82727536
1998-03-09,11.90339469909668,13.006619453430176,11.90339469909668,12.910221099853516,8.778124809265137,264698007
1998-03-10,12.9245023727417,13.095876693725586,12.496065139770508,12.599603652954102,8.566925048828125,178525386
1998-03-11,12.72099494934082,12.838814735412598,12.114043235778809,12.28184700012207,8.350872039794922,198546087
1998-03-12,12.28184700012207,12.313980102539062,12.064059257507324,12.160456657409668,8.26833438873291,152676751
1998-03-13,12.160456657409668,12.160456657409668,12.160456657409668,12.160456657409668,8.26833438873291,0
1998-03-16,12.203300476074219,12.899510383605957,12.203300476074219,12.592464447021484,8.562068939208984,168154422
1998-03-17,12.549619674682617,12.603175163269043,12.331830978393555,12.481783866882324,8.48681354522705,117781969
1998-03-18,12.745986938476562,12.881657600402832,12.681720733642578,12.763837814331055,8.678594589233398,91482392
1998-03-19,12.806681632995605,12.86380672454834,12.521058082580566,12.58175277709961,8.554787635803223,89757749
1998-03-20,12.521058082580566,12.728135108947754,12.406807899475098,12.663869857788086,8.610624313354492,106067282
1998-03-23,12.745986938476562,12.9245023727417,12.745986938476562,12.867377281188965,8.748995780944824,24629551
1998-03-24,13.13871955871582,13.202985763549805,12.674580574035645,12.760268211364746,8.676167488098145,123780056
1998-03-25,12.960205078125,13.181564331054688,12.781689643859863,13.128008842468262,8.92620849609375,125146887
1998-03-26,13.128008842468262,13.156572341918945,12.763837814331055,12.813822746276855,8.712581634521484,96842579
1998-03-27,12.788829803466797,12.906649589538574,12.728135108947754,12.881657600402832,8.758705139160156,85253931
1998-03-30,12.949494361877441,13.045891761779785,12.606744766235352,12.660299301147461,8.608194351196289,80663987
1998-03-31,12.592464447021484,12.70671272277832,12.42465877532959,12.496065139770508,8.496525764465332,112466596
1998-04-01,12.674580574035645,13.10301685333252,12.638877868652344,13.05660343170166,8.877656936645508,120689984
1998-04-02,13.10301685333252,13.281532287597656,12.949494361877441,12.985197067260742,8.82910442352295,82061627
1998-04-03,12.960205078125,13.245828628540039,12.960205078125,13.20655632019043,8.9796142578125,99024465
1998-04-06,13.263681411743164,13.331517219543457,13.13871955871582,13.19941520690918,8.974759101867676,78792998
1998-04-07,13.174423217773438,13.388642311096191,13.074455261230469,13.23511791229248,8.999034881591797,120966571
1998-04-08,13.23511791229248,13.23511791229248,13.23511791229248,13.23511791229248,8.999034881591797,0
1998-04-09,13.48861026763916,14.470443725585938,13.48861026763916,14.241944313049316,9.683610916137695,152860209
1998-04-10,14.20981216430664,14.274077415466309,13.870633125305176,13.92061710357666,9.465129852294922,99406085
1998-04-13,13.717109680175781,13.724249839782715,13.456477165222168,13.510031700134277,9.185959815979004,123310209
1998-04-14,13.510031700134277,13.510031700134277,13.510031700134277,13.510031700134277,9.185959815979004,0
1998-04-15,13.959890365600586,14.274077415466309,13.852781295776367,14.191960334777832,9.649627685546875,90094555
1998-04-16,14.188389778137207,14.20981216430664,13.863492012023926,13.92061710357666,9.465129852294922,61606789
1998-04-17,13.917046546936035,14.241944313049316,13.82421875,14.20267105102539,9.65690803527832,94924675
1998-04-20,14.259796142578125,14.438310623168945,14.031295776367188,14.124123573303223,9.60350227355957,101989899
1998-04-21,14.17410945892334,14.334772109985352,14.102702140808105,14.227663040161133,9.673900604248047,77515096
1998-04-22,14.424030303955078,14.763209342956543,14.066999435424805,14.141976356506348,9.615641593933105,162416817
1998-04-23,14.059859275817871,14.124123573303223,13.545735359191895,13.63142204284668,9.268495559692383,130202478
1998-04-24,13.656414031982422,13.767093658447266,13.3565092086792,13.68140697479248,9.302484512329102,142516553
1998-04-27,13.699257850646973,13.81707763671875,13.388642311096191,13.43505573272705,9.134980201721191,172497889
1998-04-28,13.424345016479492,13.456477165222168,13.14586067199707,13.210125923156738,8.982041358947754,149273680
1998-04-29,13.917046546936035,14.138404846191406,13.54216480255127,13.599289894104004,9.246648788452148,118086565
1998-04-30,13.53502368927002,13.77066421508789,13.467187881469727,13.706398963928223,9.319475173950195,100386394
1998-05-01,13.706398963928223,13.706398963928223,13.706398963928223,13.706398963928223,9.319475173950195,0
1998-05-04,13.745672225952148,13.959890365600586,13.717109680175781,13.906335830688477,9.45542049407959,76239994
1998-05-05,13.888484001159668,13.949178695678711,13.831358909606934,13.909906387329102,9.457846641540527,38495315
1998-05-06,13.917046546936035,13.924186706542969,13.588579177856445,13.63142204284668,9.566564559936523,68254681
1998-05-07,13.63142204284668,13.63142204284668,13.63142204284668,13.63142204284668,9.566564559936523,0
1998-05-08,13.577868461608887,13.652844429016113,13.502890586853027,13.567156791687012,9.521461486816406,52942962
1998-05-11,13.53502368927002,13.656414031982422,13.506462097167969,13.620711326599121,9.559046745300293,25085395
1998-05-12,13.595719337463379,13.595719337463379,13.020899772644043,13.23511791229248,9.288434982299805,98744377
1998-05-13,13.210125923156738,13.210125923156738,12.303269386291504,12.481783866882324,8.75974178314209,127637571
1998-05-14,12.317549705505371,12.853096008300781,12.1461763381958,12.760268211364746,8.955187797546387,173089576
1998-05-15,12.885229110717773,13.060173988342285,12.596034049987793,12.653159141540527,8.880016326904297,116201571
1998-05-18,12.742416381835938,12.956635475158691,12.742416381835938,12.792401313781738,8.977736473083496,57525204
1998-05-19,12.788829803466797,12.960205078125,12.745986938476562,12.91736125946045,9.065430641174316,62047227
1998-05-20,12.938782691955566,13.124439239501953,12.860236167907715,13.081595420837402,9.180694580078125,84168590
1998-05-21,13.13871955871582,13.24225902557373,12.831673622131348,12.9245023727417,9.070443153381348,119844818
1998-05-22,12.960205078125,13.031611442565918,12.853096008300781,12.985197067260742,9.113038063049316,62333618
1998-05-25,12.81739330291748,13.163711547851562,12.788829803466797,13.035181045532227,9.148118019104004,80383198
1998-05-26,12.9959077835083,13.038751602172852,12.910221099853516,12.985197067260742,9.113038063049316,48970612
1998-05-27,12.9245023727417,12.9245023727417,12.328261375427246,12.396097183227539,8.699610710144043,126653761
1998-05-28,12.324690818786621,12.43179988861084,11.831989288330078,11.874832153320312,8.333783149719238,165941026
1998-05-29,11.842700004577637,12.210440635681152,11.317865371704102,11.914106369018555,8.361346244812012,217219564
1998-06-01,12.067628860473633,12.710284233093262,11.682036399841309,11.799856185913086,8.281166076660156,244277480
1998-06-02,11.853410720825195,11.853410720825195,10.982255935668945,11.107216835021973,7.795068264007568,307202785
1998-06-03,11.42497444152832,11.917675971984863,11.32143497467041,11.839129447937012,8.308727264404297,146787197
1998-06-04,11.924817085266113,11.960519790649414,11.61063003540039,11.667755126953125,8.188455581665039,83354233
1998-06-05,11.578496932983398,11.632052421569824,11.167911529541016,11.282161712646484,7.917845726013184,112378368
1998-06-08,11.389270782470703,11.460677146911621,10.74661636352539,11.110787391662598,7.797576427459717,112073072
1998-06-09,11.175052642822266,11.300012588500977,10.946553230285645,11.053662300109863,7.757483959197998,101251866
1998-06-10,11.103647232055664,11.139349937438965,10.639507293701172,10.685920715332031,7.49940299987793,95872073
1998-06-11,10.575242042541504,10.892998695373535,10.425289154052734,10.832303047180176,7.60213565826416,98932036
1998-06-12,10.885857582092285,11.050091743469238,10.689491271972656,10.8358736038208,7.604639053344727,73049090
1998-06-15,10.803741455078125,10.803741455078125,10.353882789611816,10.4038667678833,7.301456928253174,60800835
1998-06-16,10.353882789611816,10.400297164916992,9.87546157836914,10.353882789611816,7.266377925872803,106880238
1998-06-17,10.585951805114746,11.18933391571045,10.585951805114746,10.967974662780762,7.697348594665527,81553967
1998-06-18,11.103647232055664,11.317865371704102,10.568100929260254,10.632366180419922,7.461818218231201,81733923
1998-06-19,10.507406234741211,10.507406234741211,10.068258285522461,10.143235206604004,7.118545055389404,70692848
1998-06-22,10.003993034362793,10.157515525817871,9.318493843078613,9.9361572265625,6.973217964172363,71736877
1998-06-23,9.889742851257324,10.089679718017578,9.639822006225586,9.94329833984375,6.978229522705078,89682825
1998-06-24,10.139663696289062,10.3324613571167,10.036126136779785,10.289616584777832,7.221275329589844,56495880
1998-06-25,10.318180084228516,10.653787612915039,10.318180084228516,10.51811695098877,7.38163948059082,69064836
1998-06-26,10.496694564819336,10.568100929260254,10.153945922851562,10.257484436035156,7.198724269866943,63260709
1998-06-29,10.246773719787598,10.475273132324219,10.139663696289062,10.443140029907227,7.3290205001831055,39429409
1998-06-30,10.489554405212402,10.489554405212402,10.21107006072998,10.250344276428223,7.193714618682861,79295756
1998-07-01,10.068258285522461,10.275336265563965,9.97900104522705,10.157515525817871,7.128566265106201,56259906
1998-07-02,10.132523536682129,10.386014938354492,10.014703750610352,10.168227195739746,7.13608455657959,67963389
1998-07-03,10.171796798706055,10.207500457763672,9.89331340789795,9.968290328979492,6.995766639709473,48541377
1998-07-06,10.064687728881836,10.278905868530273,10.007562637329102,10.250344276428223,7.193714618682861,42251997
1998-07-07,10.27176570892334,10.4038667678833,10.196788787841797,10.243203163146973,7.1887030601501465,67696605
1998-07-08,10.425289154052734,10.54667854309082,10.36102294921875,10.418148040771484,7.311480522155762,48881684
1998-07-09,10.460991859436035,10.603803634643555,10.3681640625,10.421717643737793,7.31398344039917,63350338
1998-07-10,10.489554405212402,10.739476203918457,10.482414245605469,10.696632385253906,7.506919860839844,87972187
1998-07-13,10.718053817749023,11.025099754333496,10.443140029907227,10.54667854309082,7.401683330535889,83065042
1998-07-14,10.496694564819336,10.62165641784668,10.407437324523926,10.54667854309082,7.401683330535889,50045450
1998-07-15,10.782319068908691,10.882287979125977,10.507406234741211,10.560959815979004,7.411705493927002,60575364
1998-07-16,10.625226020812988,10.814452171325684,10.550249099731445,10.775178909301758,7.5620436668396,48055424
1998-07-17,10.782319068908691,10.850154876708984,10.575242042541504,10.664499282836914,7.484370708465576,57168792
1998-07-20,10.810881614685059,10.810881614685059,10.371733665466309,10.418148040771484,7.311480522155762,44508107
1998-07-21,10.439570426940918,10.521686553955078,10.032554626464844,10.071828842163086,7.068434715270996,79669674
1998-07-22,10.17536735534668,10.27176570892334,10.003993034362793,10.057546615600586,7.058409690856934,67297480
1998-07-23,10.089679718017578,10.100391387939453,9.650532722473145,9.68980598449707,6.800328731536865,76766560
1998-07-24,9.671955108642578,9.818337440490723,9.514861106872559,9.564845085144043,6.71262788772583,70514993
1998-07-27,9.639822006225586,9.711228370666504,9.289932250976562,9.336345672607422,6.5522685050964355,55063930
1998-07-28,9.347057342529297,9.639822006225586,9.322065353393555,9.59340763092041,6.7326765060424805,73167427
1998-07-29,9.639822006225586,9.986141204833984,9.518430709838867,9.889742851257324,6.940644264221191,78314047
1998-07-30,9.918306350708008,10.032554626464844,9.675524711608887,9.750500679016113,6.842922210693359,47829253
1998-07-31,9.779064178466797,9.889742851257324,9.675524711608887,9.707657814025879,6.812857151031494,32756309
1998-08-03,9.643391609191895,9.643391609191895,9.41489315032959,9.457736015319824,6.637459754943848,31122695
1998-08-04,9.439885139465332,9.604119300842285,9.439885139465332,9.514861106872559,6.67755126953125,44467495
1998-08-05,9.425602912902832,9.529142379760742,9.289932250976562,9.45059585571289,6.632448673248291,60496940
1998-08-06,9.532712936401367,9.55056381225586,9.268509864807129,9.30421257019043,6.529717922210693,69610308
1998-08-07,9.354196548461914,9.372049331665039,9.25779914855957,9.297073364257812,6.5247063636779785,63951127
1998-08-10,9.26494026184082,9.26494026184082,9.02929973602295,9.043581008911133,6.346806049346924,57364854
1998-08-11,9.036439895629883,9.036439895629883,8.82579231262207,8.87220573425293,6.226534366607666,86423299
1998-08-12,8.711543083190918,8.840073585510254,8.575871467590332,8.711543083190918,6.113780498504639,69926107
1998-08-13,8.711543083190918,8.890057563781738,8.629426002502441,8.782949447631836,6.16389274597168,57538508
1998-08-14,8.782949447631836,8.82579231262207,8.572300910949707,8.600863456726074,6.036105632781982,75680518
1998-08-17,8.704401969909668,8.782949447631836,8.525886535644531,8.561590194702148,6.008542537689209,57642841
1998-08-18,8.550878524780273,8.554449081420898,8.14743423461914,8.1724271774292,5.735427379608154,105618441
1998-08-19,8.204559326171875,8.354512214660645,7.536911964416504,7.818965911865234,5.487368106842041,210072415
1998-08-20,7.911794185638428,8.44734001159668,7.818965911865234,8.443770408630371,5.925857067108154,156903281
1998-08-21,8.44734001159668,8.761527061462402,8.215270042419434,8.283105850219727,5.8131022453308105,207838712
1998-08-24,8.265254974365234,8.45448112487793,7.868950843811035,8.168855667114258,5.7329206466674805,85819709
1998-08-25,8.211700439453125,8.390214920043945,8.16171646118164,8.240262031555176,5.783034324645996,111176090
1998-08-26,8.240262031555176,8.240262031555176,8.240262031555176,8.240262031555176,5.783034324645996,0
1998-08-27,8.347372055053711,8.415206909179688,8.072458267211914,8.118871688842773,5.697842597961426,102959004
1998-08-28,8.072458267211914,8.072458267211914,7.661872863769531,7.69757604598999,5.402176380157471,123102243
1998-08-31,7.711856842041016,7.811826229095459,7.5547637939453125,7.647592067718506,5.3670973777771,66178528
1998-09-01,7.633310794830322,7.633310794830322,7.283421039581299,7.354826927185059,5.1616339683532715,101085214
1998-09-02,7.569045066833496,7.5904669761657715,7.426232814788818,7.4940690994262695,5.259354114532471,63243904
1998-09-03,7.461935997009277,7.811826229095459,7.440514087677002,7.586896896362305,5.3245015144348145,121776726
1998-09-04,7.636880874633789,8.19384765625,7.636880874633789,8.190278053283691,5.747955799102783,205755556
1998-09-07,8.347372055053711,8.486613273620605,8.229551315307617,8.368792533874512,5.873237609863281,155376101
1998-09-08,8.404496192932129,8.404496192932129,8.168855667114258,8.333089828491211,5.848180770874023,99037769
1998-09-09,8.49018383026123,8.690120697021484,8.354512214660645,8.425917625427246,5.913328170776367,165801682
1998-09-10,8.39378547668457,8.668699264526367,8.30452823638916,8.547308921813965,5.9985198974609375,190962701
1998-09-11,8.497323989868164,8.497323989868164,8.308097839355469,8.400925636291504,5.895788669586182,118251817
1998-09-14,8.44734001159668,8.818652153015137,8.44734001159668,8.772237777709961,6.156376361846924,175759516
1998-09-15,8.743675231933594,8.747245788574219,8.575871467590332,8.615143775939941,6.0461273193359375,124121764
1998-09-16,8.747245788574219,8.761527061462402,8.518746376037598,8.554449081420898,6.003530502319336,85479402
1998-09-17,8.547308921813965,8.740104675292969,8.504465103149414,8.58658218383789,6.026082515716553,128005886
1998-09-18,8.568730354309082,8.618715286254883,8.461621284484863,8.565159797668457,6.011048793792725,77779779
1998-09-21,8.63299560546875,8.907909393310547,8.63299560546875,8.750816345214844,6.14134407043457,138668842
1998-09-22,8.772237777709961,8.815080642700195,8.572300910949707,8.643707275390625,6.066173553466797,126544527
1998-09-23,8.747245788574219,8.868636131286621,8.707971572875977,8.779377937316895,6.161388874053955,84826797
1998-09-24,8.847213745117188,9.015018463134766,8.847213745117188,8.97574520111084,6.299198150634766,109968210
1998-09-25,8.947182655334473,9.15425968170166,8.947182655334473,9.040011405944824,6.344299793243408,124609117
1998-09-28,9.093564987182617,9.129267692565918,8.925761222839355,8.947182655334473,6.279152870178223,79287353
1998-09-29,8.957894325256348,9.057862281799316,8.536598205566406,8.622284889221191,6.051138401031494,120818124
1998-09-30,8.604433059692383,8.654417991638184,8.479473114013672,8.515175819396973,5.97597074508667,111993247
1998-10-01,8.515175819396973,8.515175819396973,8.515175819396973,8.515175819396973,5.97597074508667,0
1998-10-02,8.515175819396973,8.515175819396973,8.515175819396973,8.515175819396973,5.97597074508667,0
1998-10-05,8.465191841125488,8.465191841125488,7.836818218231201,7.836818218231201,5.499897003173828,82924998
1998-10-06,7.711856842041016,7.911794185638428,7.572615146636963,7.808256149291992,5.479852199554443,107058094
1998-10-07,7.9260759353637695,8.211700439453125,7.9260759353637695,8.179567337036133,5.740438938140869,100016677
1998-10-08,8.247403144836426,8.300957679748535,7.711856842041016,7.754701137542725,5.442266941070557,165968334
1998-10-09,7.783263206481934,8.133152961730957,7.729709148406982,7.893942832946777,5.539986610412598,169606679
1998-10-12,7.9617791175842285,8.076027870178223,7.5833258628845215,7.6547322273254395,5.372108459472656,104322333
1998-10-13,7.594037055969238,7.594037055969238,7.340546131134033,7.386960029602051,5.184184551239014,135456932
1998-10-14,7.540482997894287,7.890373229980469,7.476216793060303,7.829677104949951,5.494884967803955,123857781
1998-10-15,7.718997955322266,7.776123046875,7.5547637939453125,7.5976080894470215,5.332019329071045,83863294
1998-10-16,7.647592067718506,7.779693126678467,7.544053077697754,7.651162147521973,5.369602680206299,79749499
1998-10-19,7.69043493270874,7.69043493270874,7.515491008758545,7.533341884613037,5.286916732788086,29780372
1998-10-20,7.540482997894287,7.540482997894287,7.112045764923096,7.2334370613098145,5.076441287994385,109856174
1998-10-21,7.2334370613098145,7.2334370613098145,7.2334370613098145,7.2334370613098145,5.076441287994385,0
1998-10-22,7.326263904571533,7.6583027839660645,7.326263904571533,7.569045066833496,5.311972618103027,105235420
1998-10-23,7.608317852020264,7.69757604598999,7.483357906341553,7.6190290451049805,5.34705114364624,147341072
1998-10-26,7.70471715927124,8.229551315307617,7.70471715927124,8.229551315307617,5.775517463684082,97624725
1998-10-27,8.354512214660645,8.411637306213379,8.118871688842773,8.233121871948242,5.778023719787598,114369095
1998-10-28,8.433058738708496,8.433058738708496,8.086738586425781,8.136724472045898,5.7103705406188965,92564932
1998-10-29,8.054607391357422,8.111730575561523,7.943926811218262,8.072458267211914,5.665269374847412,84179793
1998-10-30,8.033185005187988,8.1581449508667,7.854669094085693,7.904654026031494,5.5475053787231445,102306398
1998-11-02,7.861810207366943,7.968918800354004,7.718997955322266,7.890373229980469,5.537481307983398,102622198
1998-11-03,7.890373229980469,7.890373229980469,7.733279228210449,7.758271217346191,5.444772720336914,99157507
1998-11-04,7.758271217346191,7.758271217346191,7.758271217346191,7.758271217346191,5.444772720336914,0
1998-11-05,7.854669094085693,7.965349197387695,7.808256149291992,7.943926811218262,5.575066089630127,98155492
1998-11-06,7.958208084106445,8.561590194702148,7.958208084106445,8.458050727844238,5.935879230499268,245471356
1998-11-09,8.568730354309082,8.947182655334473,8.568730354309082,8.750816345214844,6.14134407043457,200914933
1998-11-10,8.740104675292969,8.815080642700195,8.618715286254883,8.732963562011719,6.128813743591309,125555115
1998-11-11,8.854354858398438,8.87220573425293,8.515175819396973,8.583011627197266,6.0235772132873535,113206729
1998-11-12,8.497323989868164,9.104275703430176,8.336661338806152,8.918620109558105,6.2591071128845215,277402106
1998-11-13,8.943612098693848,9.0221586227417,8.682979583740234,8.768667221069336,6.153868675231934,260143774
1998-11-16,8.650847434997559,8.650847434997559,8.390214920043945,8.44019889831543,5.923349380493164,133786206
1998-11-17,8.422348022460938,8.650847434997559,8.390214920043945,8.59372329711914,6.031094551086426,149670005
1998-11-18,8.604433059692383,8.72939395904541,8.604433059692383,8.682979583740234,6.093733787536621,91709263
1998-11-19,8.650847434997559,8.88648796081543,8.511606216430664,8.533026695251465,5.988497257232666,265329606
1998-11-20,8.500894546508789,8.675840377807617,8.45448112487793,8.547308921813965,5.9985198974609375,150923399
1998-11-23,8.497323989868164,8.511606216430664,8.347372055053711,8.379504203796387,5.880754470825195,94873559
1998-11-24,8.425917625427246,8.486613273620605,8.34380054473877,8.34380054473877,5.855698585510254,99721885
1998-11-25,8.34380054473877,8.34380054473877,8.34380054473877,8.34380054473877,5.855698585510254,0
1998-11-26,8.283105850219727,8.44019889831543,8.079599380493164,8.101020812988281,5.6853132247924805,125298834
1998-11-27,8.093879699707031,8.15457534790039,7.9260759353637695,7.993910789489746,5.610144138336182,123057429
1998-11-30,7.868950843811035,8.01533317565918,7.822536945343018,8.01533317565918,5.625178813934326,79217331
1998-12-01,7.976059913635254,8.061746597290039,7.940357208251953,8.008193016052246,5.6201677322387695,96679427
1998-12-02,8.083168983459473,8.236692428588867,8.008193016052246,8.072458267211914,5.665269374847412,141104909
1998-12-03,8.083168983459473,8.086738586425781,7.9832000732421875,7.997481822967529,5.6126508712768555,70440769
1998-12-04,7.993910789489746,8.122442245483398,7.968918800354004,8.104591369628906,5.6878204345703125,73264758
1998-12-07,8.101020812988281,8.29738712310791,8.076027870178223,8.272395133972168,5.805584907531738,94619379
1998-12-08,8.247403144836426,8.311668395996094,8.179567337036133,8.290246963500977,5.818113327026367,75845770
1998-12-09,8.411637306213379,8.583011627197266,8.354512214660645,8.44019889831543,5.923349380493164,162705307
1998-12-10,8.504465103149414,8.59729290008545,8.461621284484863,8.529457092285156,5.985993385314941,111169087
1998-12-11,8.575871467590332,8.5901517868042,8.49018383026123,8.558018684387207,6.00603723526001,79072386
1998-12-14,8.547308921813965,8.604433059692383,8.408066749572754,8.436629295349121,5.920845031738281,67080412
1998-12-15,8.390214920043945,8.458050727844238,8.229551315307617,8.229551315307617,5.775517463684082,138273918
1998-12-16,8.240262031555176,8.325949668884277,8.186708450317383,8.322379112243652,5.840662956237793,60307180
1998-12-17,8.033185005187988,8.222411155700684,7.972489833831787,7.997481822967529,5.6126508712768555,85716077
1998-12-18,7.993910789489746,8.104591369628906,7.976059913635254,8.043895721435547,5.6452226638793945,64542113
1998-12-21,8.1581449508667,8.340230941772461,8.140294075012207,8.325949668884277,5.84316873550415,83915810
1998-12-22,8.340230941772461,8.468762397766113,8.175996780395508,8.44019889831543,5.923349380493164,127633369
1998-12-23,8.568730354309082,8.568730354309082,8.325949668884277,8.325949668884277,5.84316873550415,91144885
1998-12-24,8.290246963500977,8.361653327941895,8.258113861083984,8.308097839355469,5.8306427001953125,62204777
1998-12-25,8.308097839355469,8.308097839355469,8.308097839355469,8.308097839355469,5.8306427001953125,0
1998-12-28,8.425917625427246,8.668699264526367,8.390214920043945,8.604433059692383,6.038609027862549,120220136
1998-12-29,8.600863456726074,8.63299560546875,8.465191841125488,8.518746376037598,5.978474140167236,80851646
1998-12-30,8.661558151245117,8.893628120422363,8.647276878356934,8.772237777709961,6.156376361846924,121616376
1998-12-31,8.768667221069336,8.768667221069336,8.540167808532715,8.540167808532715,5.993509292602539,73801127
1999-01-01,8.568730354309082,8.743675231933594,8.540167808532715,8.725824356079102,6.123804092407227,92105588
1999-01-04,8.782949447631836,8.943612098693848,8.73653507232666,8.818652153015137,6.188952445983887,126563432
1999-01-05,8.836503028869629,8.854354858398438,8.732963562011719,8.782949447631836,6.16389274597168,86519930
1999-01-06,8.943612098693848,8.972174644470215,8.83293342590332,8.854354858398438,6.2140069007873535,99531425
1999-01-07,8.88648796081543,9.40775203704834,8.875777244567871,9.282791137695312,6.514684677124023,237430025
1999-01-08,9.497010231018066,10.025415420532227,9.382760047912598,10.025415420532227,7.035859107971191,249879243
1999-01-11,10.425289154052734,10.828733444213867,10.36102294921875,10.36102294921875,7.271388530731201,233185289
1999-01-12,10.193219184875488,10.343172073364258,9.9361572265625,10.111102104187012,7.0959954261779785,138880309
1999-01-13,10.246773719787598,10.339600563049316,9.800484657287598,9.896883964538574,6.9456562995910645,175433913
1999-01-14,9.596978187561035,9.925445556640625,9.55056381225586,9.721939086914062,6.822878360748291,119214620
1999-01-15,9.854040145874023,9.868321418762207,9.532712936401367,9.643391609191895,6.767754554748535,108959192
1999-01-18,9.775492668151855,9.775492668151855,9.211384773254395,9.675524711608887,6.790305137634277,201381280
1999-01-19,9.532712936401367,9.532712936401367,9.247088432312012,9.286361694335938,6.517189979553223,139560923
1999-01-20,9.286361694335938,9.286361694335938,9.286361694335938,9.286361694335938,6.517189979553223,0
1999-01-21,9.318493843078613,9.514861106872559,9.050722122192383,9.514861106872559,6.67755126953125,120108101
1999-01-22,9.568415641784668,9.907594680786133,9.5398530960083,9.64696216583252,6.770260334014893,124151173
1999-01-25,9.497010231018066,9.625540733337402,9.289932250976562,9.511290550231934,6.675044536590576,114612071
1999-01-26,9.511290550231934,9.511290550231934,9.511290550231934,9.511290550231934,6.675044536590576,0
1999-01-27,9.693375587463379,9.889742851257324,9.604119300842285,9.729079246520996,6.8278889656066895,96001614
1999-01-28,9.675524711608887,9.782633781433105,9.46130657196045,9.464877128601074,6.642473220825195,66867545
1999-01-29,9.604119300842285,9.604119300842285,9.389900207519531,9.472017288208008,6.647482872009277,50308033
1999-02-01,9.389900207519531,9.479158401489258,9.175682067871094,9.175682067871094,6.439516544342041,46323079
1999-02-02,9.139979362487793,9.197104454040527,8.897197723388672,8.954322814941406,6.284163951873779,78162799
1999-02-03,9.104275703430176,9.229236602783203,9.01858901977539,9.229236602783203,6.4770989418029785,66360585
1999-02-04,9.243517875671387,9.282791137695312,8.925761222839355,8.968605041503906,6.294188022613525,65990168
1999-02-05,8.968605041503906,9.01858901977539,8.732963562011719,8.747245788574219,6.138836860656738,57560915
1999-02-08,8.711543083190918,8.782949447631836,8.450909614562988,8.461621284484863,5.9383864402771,48882384
1999-02-09,8.433058738708496,8.5901517868042,8.325949668884277,8.5901517868042,6.02858829498291,75249182
1999-02-10,8.604433059692383,8.804370880126953,8.504465103149414,8.782949447631836,6.16389274597168,73022482
1999-02-11,8.818652153015137,8.890057563781738,8.70083236694336,8.718683242797852,6.118792533874512,62590598
1999-02-12,8.747245788574219,8.847213745117188,8.704401969909668,8.718683242797852,6.118792533874512,45684478
1999-02-15,8.718683242797852,8.747245788574219,8.500894546508789,8.508034706115723,5.9709577560424805,41364118
1999-02-16,8.458050727844238,8.608003616333008,8.433058738708496,8.554449081420898,6.003530502319336,66955772
1999-02-17,8.625855445861816,8.882917404174805,8.561590194702148,8.70083236694336,6.106263637542725,94623580
1999-02-18,8.782949447631836,9.397041320800781,8.718683242797852,9.397041320800781,6.594865322113037,155099514
1999-02-19,9.596978187561035,10.150375366210938,9.575555801391602,10.096820831298828,7.085970401763916,228103090
1999-02-22,10.203929901123047,10.203929901123047,9.354196548461914,9.354196548461914,6.564797401428223,180761890
1999-02-23,9.322065353393555,9.850469589233398,9.282791137695312,9.83975887298584,6.90556526184082,161297864
1999-02-24,9.925445556640625,10.18250846862793,9.768353462219238,10.061118125915527,7.060915470123291,236486828
1999-02-25,10.003993034362793,10.26462459564209,9.871891975402832,9.97542953491211,7.000777721405029,196071509
1999-02-26,10.028985023498535,10.132523536682129,9.871891975402832,9.98971176147461,7.01080322265625,120762807
1999-03-01,10.353882789611816,10.460991859436035,10.118243217468262,10.353882789611816,7.266377925872803,176989803
1999-03-02,10.353882789611816,10.353882789611816,10.353882789611816,10.353882789611816,7.266377925872803,0
1999-03-03,10.70377254486084,11.085795402526855,10.532398223876953,10.74661636352539,7.541998863220215,232731546
1999-03-04,11.032240867614746,11.067943572998047,10.678779602050781,10.825162887573242,7.597125053405762,131536398
1999-03-05,10.967974662780762,11.242889404296875,10.818021774291992,10.90371036529541,7.652248859405518,175151024
1999-03-08,11.067943572998047,11.203615188598633,10.714483261108398,10.910849571228027,7.657259941101074,132261126
1999-03-09,10.900138854980469,10.960833549499512,10.639507293701172,10.710912704467773,7.516943454742432,133489312
1999-03-10,10.8358736038208,10.8358736038208,10.157515525817871,10.282477378845215,7.216266632080078,111106068
1999-03-11,10.289616584777832,10.353882789611816,9.968290328979492,9.968290328979492,6.995766639709473,69427550
1999-03-12,9.9718599319458,10.046835899353027,9.729079246520996,9.825477600097656,6.895541667938232,95054916
1999-03-15,9.896883964538574,10.189648628234863,9.782633781433105,9.94329833984375,6.978229522705078,81838256
1999-03-16,9.882601737976074,9.97900104522705,9.532712936401367,9.532712936401367,6.6900787353515625,88734027
1999-03-17,9.675524711608887,9.914734840393066,9.397041320800781,9.425602912902832,6.614909648895264,80436415
1999-03-18,9.425602912902832,9.514861106872559,9.332776069641113,9.511290550231934,6.675044536590576,59986479
1999-03-19,9.532712936401367,9.925445556640625,9.41489315032959,9.46130657196045,6.63996696472168,108058709
1999-03-22,9.361337661743164,9.425602912902832,9.047150611877441,9.16854190826416,6.434502601623535,52939461
1999-03-23,9.16854190826416,9.211384773254395,9.032870292663574,9.136408805847168,6.411952018737793,81858563
1999-03-24,9.250658988952637,9.69694709777832,8.790088653564453,9.11498737335205,6.396917819976807,114405506
1999-03-25,9.068572998046875,9.16140079498291,8.861495018005371,8.893628120422363,6.241568565368652,47087719
1999-03-26,8.822221755981445,8.940041542053223,8.622284889221191,8.707971572875977,6.111273765563965,58422187
1999-03-29,8.707971572875977,8.707971572875977,8.707971572875977,8.707971572875977,6.111273765563965,0
1999-03-30,8.558018684387207,8.822221755981445,8.383074760437012,8.822221755981445,6.19145393371582,103332921
1999-03-31,9.211384773254395,9.457736015319824,9.147120475769043,9.31135368347168,6.53472900390625,65478279
1999-04-01,9.347057342529297,9.575555801391602,9.247088432312012,9.375618934631348,6.579829216003418,66402262
1999-04-02,9.375618934631348,9.375618934631348,9.375618934631348,9.375618934631348,6.579829216003418,0
1999-04-05,8.997166633605957,9.1078462600708,8.625855445861816,8.629426002502441,6.056149482727051,64547616
1999-04-06,8.497323989868164,9.204244613647461,8.408066749572754,9.000737190246582,6.316738605499268,82499964
1999-04-07,8.943612098693848,9.11855697631836,8.822221755981445,8.957894325256348,6.286670207977295,56447173
1999-04-08,8.97574520111084,9.129267692565918,8.822221755981445,8.875777244567871,6.22904109954834,59092634
1999-04-09,8.861495018005371,8.904338836669922,8.533026695251465,8.611574172973633,6.043622016906738,46079668
1999-04-12,8.568730354309082,8.704401969909668,8.429489135742188,8.611574172973633,6.043622016906738,34040093
1999-04-13,8.518746376037598,8.743675231933594,8.518746376037598,8.604433059692383,6.038609027862549,53060123
1999-04-14,8.604433059692383,8.604433059692383,8.604433059692383,8.604433059692383,6.038609027862549,0
1999-04-15,8.286676406860352,8.472332000732422,8.286676406860352,8.375933647155762,5.878248691558838,38340552
1999-04-16,8.425917625427246,9.047150611877441,8.425917625427246,9.047150611877441,6.349309921264648,37784143
1999-04-19,8.779377937316895,9.411321640014648,8.679409980773926,9.22209644317627,6.472087383270264,107966896
1999-04-20,9.297073364257812,9.497010231018066,9.157831192016602,9.475587844848633,6.649988651275635,85774769
1999-04-21,9.472017288208008,9.543423652648926,9.236376762390137,9.307783126831055,6.532222270965576,55643110
1999-04-22,9.297073364257812,9.475587844848633,8.854354858398438,8.997166633605957,6.31423282623291,110777552
1999-04-23,9.086424827575684,9.139979362487793,8.818652153015137,9.032870292663574,6.339287757873535,81511561
1999-04-26,8.711543083190918,8.782949447631836,8.508034706115723,8.508034706115723,5.9709577560424805,92581990
1999-04-27,8.508034706115723,8.508034706115723,8.508034706115723,8.508034706115723,5.9709577560424805,0
1999-04-28,8.540167808532715,8.87220573425293,8.540167808532715,8.854354858398438,6.2140069007873535,55481527
1999-04-29,8.87220573425293,9.564845085144043,8.87220573425293,9.564845085144043,6.71262788772583,151664428
1999-04-30,9.668383598327637,9.850469589233398,9.522002220153809,9.686236381530762,6.797823905944824,117325887
1999-05-03,9.743361473083496,9.843329429626465,9.586267471313477,9.600547790527344,6.737685203552246,69425240
1999-05-04,9.636251449584961,10.371733665466309,9.621970176696777,10.371733665466309,7.278907299041748,104142236
1999-05-05,10.21107006072998,10.843013763427734,10.21107006072998,10.51097583770752,7.376625061035156,160732044
1999-05-06,10.55381965637207,10.771608352661133,10.353882789611816,10.739476203918457,7.536989688873291,129847312
1999-05-07,10.967974662780762,11.210756301879883,10.785889625549316,10.860865592956543,7.966638565063477,133303166
1999-05-10,11.060803413391113,11.128639221191406,10.857295989990234,11.014389038085938,8.079246520996094,89925115
1999-05-11,11.067943572998047,11.89625358581543,11.014389038085938,11.89625358581543,8.726113319396973,200446331
1999-05-12,12.067628860473633,12.099761962890625,10.95012378692627,11.353568077087402,8.328042984008789,239199608
1999-05-13,11.71059799194336,12.164027214050293,11.585638046264648,12.103331565856934,8.878007888793945,200207976
1999-05-14,12.156886100769043,13.074455261230469,11.978370666503906,13.074455261230469,9.59034538269043,304092056
1999-05-17,12.860236167907715,13.13871955871582,12.089051246643066,12.778119087219238,9.372976303100586,274513038
1999-05-18,12.9959077835083,13.627852439880371,12.785260200500488,13.170852661132812,9.661052703857422,248775430
1999-05-19,12.9959077835083,13.456477165222168,12.853096008300781,13.10301685333252,9.611294746398926,223301315
1999-05-20,13.074455261230469,13.274392127990723,12.538908958435059,12.538908958435059,9.197511672973633,189930100
1999-05-21,12.781689643859863,12.824533462524414,11.782004356384277,11.931957244873047,8.752303123474121,168277829
1999-05-24,11.728449821472168,12.210440635681152,11.546363830566406,11.928386688232422,8.749683380126953,148619296
1999-05-25,11.996223449707031,12.442510604858398,11.860550880432129,12.13903522491455,8.904199600219727,186176190
1999-05-26,12.210440635681152,12.371105194091797,11.46424674987793,11.70702838897705,8.58731460571289,208450172
1999-05-27,11.585638046264648,11.924817085266113,11.010819435119629,11.010819435119629,8.076630592346191,138774268
1999-05-28,11.175052642822266,11.200044631958008,10.432429313659668,11.067943572998047,8.118532180786133,187063271
1999-05-31,11.474958419799805,11.953378677368164,11.435685157775879,11.953378677368164,8.768014907836914,141729030
1999-06-01,12.003362655639648,12.5281982421875,11.817708015441895,11.85698127746582,8.697306632995605,189259247
1999-06-02,12.031926155090332,12.453222274780273,11.789145469665527,12.435370445251465,9.121564865112305,185597626
1999-06-03,12.635307312011719,12.913790702819824,12.517486572265625,12.710284233093262,9.323219299316406,196463436
1999-06-04,13.067314147949219,13.24225902557373,12.895939826965332,13.13871955871582,9.637484550476074,173599910
1999-06-07,13.067314147949219,13.124439239501953,12.72099494934082,12.910221099853516,9.469876289367676,127590586
1999-06-08,12.853096008300781,13.924186706542969,12.656728744506836,13.924186706542969,10.21363639831543,157396699
1999-06-09,13.567156791687012,13.709968566894531,13.292243003845215,13.420774459838867,9.844375610351562,174542687
1999-06-10,13.48146915435791,13.745672225952148,13.395782470703125,13.502890586853027,9.904611587524414,221248927
1999-06-11,13.510031700134277,13.52788257598877,12.970915794372559,13.042322158813477,9.566774368286133,148956326
1999-06-14,12.845954895019531,14.006303787231445,12.160456657409668,12.653159141540527,9.281316757202148,127806576
1999-06-15,12.57104206085205,12.9245023727417,12.224721908569336,12.367533683776855,9.071805000305176,161321448
1999-06-16,12.631736755371094,13.174423217773438,12.363964080810547,13.010189056396484,9.543203353881836,168935448
1999-06-17,13.153000831604004,13.424345016479492,13.031611442565918,13.174423217773438,9.663671493530273,173672817
1999-06-18,13.20655632019043,13.281532287597656,13.031611442565918,13.078024864196777,9.592961311340332,121421742
1999-06-21,13.174423217773438,13.602860450744629,13.142291069030762,13.438626289367676,9.857470512390137,152864186
1999-06-22,13.54216480255127,13.677836418151855,13.177993774414062,13.313665390014648,9.765810012817383,141189650
1999-06-23,13.431485176086426,13.452906608581543,12.881657600402832,12.978056907653809,9.519635200500488,157938837
1999-06-24,12.860236167907715,13.128008842468262,12.25328540802002,12.899510383605957,9.462020874023438,164589040
1999-06-25,12.98876667022705,13.167283058166504,12.638877868652344,12.688861846923828,9.307506561279297,135100505
1999-06-28,12.767409324645996,12.942353248596191,12.663869857788086,12.703143119812012,9.317980766296387,107781645
1999-06-29,12.710284233093262,12.763837814331055,12.43894100189209,12.499635696411133,9.168703079223633,138767069
1999-06-30,12.603175163269043,12.742416381835938,12.324690818786621,12.67101001739502,9.29440975189209,145817168
1999-07-01,12.653159141540527,12.674580574035645,12.38538646697998,12.453222274780273,9.134659767150879,109978237
1999-07-02,12.5281982421875,13.020899772644043,12.524627685546875,12.881657600402832,9.448925971984863,203595419
1999-07-05,12.974486351013184,13.449337005615234,12.974486351013184,13.34936809539795,9.791996955871582,126089467
1999-07-06,13.256540298461914,13.492179870605469,13.24225902557373,13.367219924926758,9.805091857910156,106616002
1999-07-07,13.424345016479492,13.48146915435791,13.160141944885254,13.227977752685547,9.702956199645996,109173053
1999-07-08,13.210125923156738,13.345797538757324,12.874518394470215,12.938782691955566,9.490825653076172,170700480
1999-07-09,12.860236167907715,13.024470329284668,12.538908958435059,12.860236167907715,9.433210372924805,181030733
1999-07-12,13.05660343170166,13.424345016479492,13.05660343170166,13.370789527893066,9.807711601257324,137290038
1999-07-13,13.424345016479492,14.266936302185059,13.3922119140625,13.656414031982422,10.017219543457031,275183051
1999-07-14,13.77780532836914,13.959890365600586,13.570727348327637,13.859922409057617,10.166497230529785,179650402
1999-07-15,13.959890365600586,14.16696834564209,13.010189056396484,13.256540298461914,9.723907470703125,184973954
1999-07-16,13.363649368286133,13.588579177856445,13.13871955871582,13.231548309326172,9.705574989318848,135255086
1999-07-19,13.342227935791016,13.48861026763916,13.149431228637695,13.23511791229248,9.708192825317383,104692777
1999-07-20,13.070883750915527,13.167283058166504,12.638877868652344,12.724564552307129,9.33369255065918,129188601
1999-07-21,12.710284233093262,13.135149955749512,12.531767845153809,12.956635475158691,9.503921508789062,115196503
1999-07-22,12.985197067260742,13.153000831604004,12.824533462524414,12.892369270324707,9.456781387329102,82375703
1999-07-23,12.870946884155273,12.95306396484375,12.638877868652344,12.68529224395752,9.304886817932129,89314215
1999-07-26,12.67101001739502,12.674580574035645,12.263996124267578,12.342541694641113,9.053471565246582,64150914
1999-07-27,12.267565727233887,12.460362434387207,12.14974594116211,12.196160316467285,8.946101188659668,100172687
1999-07-28,12.313980102539062,12.68529224395752,12.28898811340332,12.499635696411133,9.168703079223633,115161394
1999-07-29,12.631736755371094,12.942353248596191,12.392526626586914,12.838814735412598,9.417498588562012,141625103
1999-07-30,12.70671272277832,12.91736125946045,12.531767845153809,12.788829803466797,9.380833625793457,107800803
1999-08-02,12.717424392700195,12.717424392700195,12.496065139770508,12.588892936706543,9.234175682067871,78074026
1999-08-03,12.496065139770508,12.588892936706543,12.285416603088379,12.392526626586914,9.090137481689453,107603327
1999-08-04,12.588892936706543,12.874518394470215,12.356823921203613,12.806681632995605,9.393928527832031,94065897
1999-08-05,12.853096008300781,13.227977752685547,12.738845825195312,12.795970916748047,9.386070251464844,119487145
1999-08-06,12.778119087219238,12.781689643859863,12.58175277709961,12.624595642089844,9.26036548614502,59233574
1999-08-09,12.624595642089844,12.745986938476562,12.510347366333008,12.606744766235352,9.247269630432129,65957538
1999-08-10,12.56747055053711,12.56747055053711,12.28898811340332,12.381815910339355,9.082281112670898,78264233
1999-08-11,12.210440635681152,12.421089172363281,12.103331565856934,12.267565727233887,8.998477935791016,60507737
1999-08-12,12.181879043579102,12.381815910339355,12.021215438842773,12.085479736328125,8.864913940429688,50864470
1999-08-13,12.203300476074219,12.23900318145752,11.924817085266113,11.953378677368164,8.768014907836914,48798050
1999-08-16,11.989082336425781,12.349682807922363,11.981942176818848,12.181879043579102,8.93562126159668,75207505
1999-08-17,12.235432624816895,12.317549705505371,12.106902122497559,12.19258975982666,8.9434814453125,63876679
1999-08-18,12.460362434387207,12.660299301147461,12.371105194091797,12.538908958435059,9.197511672973633,103898923
1999-08-19,12.603175163269043,12.81025218963623,12.392526626586914,12.449650764465332,9.132040023803711,79410634
1999-08-20,12.42465877532959,12.585323333740234,12.306838989257812,12.471073150634766,9.147753715515137,42206455
1999-08-23,12.710284233093262,13.470759391784668,12.710284233093262,13.363649368286133,9.802474975585938,198189647
1999-08-24,13.335086822509766,13.352937698364258,13.113727569580078,13.227977752685547,9.702956199645996,123695204
1999-08-25,13.524312973022461,13.524312973022461,12.28898811340332,12.792401313781738,9.383453369140625,79790924
1999-08-26,13.067314147949219,13.067314147949219,12.785260200500488,12.9245023727417,9.480350494384766,47683453
1999-08-27,12.9959077835083,13.310094833374023,12.9959077835083,13.217267036437988,9.695097923278809,62784924
1999-08-30,13.274392127990723,13.67426586151123,13.267251014709473,13.463618278503418,9.875802993774414,127964069
1999-08-31,13.406493186950684,13.91347599029541,13.288673400878906,13.81707763671875,10.135071754455566,134150194
1999-09-01,13.956319808959961,14.024155616760254,13.388642311096191,13.545735359191895,9.93603515625,107843531
1999-09-02,13.370789527893066,13.370789527893066,13.067314147949219,13.120868682861328,9.624390602111816,61382886
1999-09-03,13.092306137084961,13.281532287597656,13.031611442565918,13.085165977478027,9.598201751708984,71706361
1999-09-06,13.210125923156738,13.335086822509766,13.11015796661377,13.24940013885498,9.718668937683105,59369739
1999-09-07,13.281532287597656,13.317234992980957,13.078024864196777,13.11015796661377,9.616533279418945,63516500
1999-09-08,13.29581356048584,13.763524055480957,13.267251014709473,13.581438064575195,9.962226867675781,151640369
1999-09-09,13.63142204284668,14.30978012084961,13.567156791687012,14.234804153442383,10.441481590270996,259053405
1999-09-10,14.231232643127441,14.29906940460205,14.009875297546387,14.120553970336914,10.35767650604248,146987376
1999-09-13,14.120553970336914,14.120553970336914,14.120553970336914,14.120553970336914,10.35767650604248,0
1999-09-14,14.20981216430664,14.274077415466309,13.799226760864258,13.852781295776367,10.161260604858398,120661751
1999-09-15,14.045578002929688,14.045578002929688,13.53502368927002,13.581438064575195,9.962226867675781,92616006
1999-09-16,13.606430053710938,13.63856315612793,13.252969741821289,13.320805549621582,9.771048545837402,56556561
1999-09-17,13.260110855102539,13.617140769958496,13.210125923156738,13.54216480255127,9.933416366577148,82183661
1999-09-20,13.563586235046387,13.724249839782715,13.299384117126465,13.331517219543457,9.77890396118164,68195400
1999-09-21,13.285102844238281,13.285102844238281,13.031611442565918,13.113727569580078,9.61915111541748,78449610
1999-09-22,13.281532287597656,13.552876472473145,13.174423217773438,13.345797538757324,9.78937816619873,54897095
1999-09-23,13.417203903198242,14.052718162536621,13.245828628540039,13.820648193359375,10.137687683105469,170993774
1999-09-24,14.088420867919922,14.92744255065918,14.042007446289062,14.923871994018555,10.94692325592041,239673195
1999-09-27,15.202356338500977,16.059228897094727,14.92744255065918,15.384442329406738,11.284761428833008,199690808
1999-09-28,15.148801803588867,16.53050994873047,15.048832893371582,16.07708168029785,11.792824745178223,240419896
1999-09-29,16.351993560791016,17.16602325439453,16.209182739257812,17.066055297851562,12.518254280090332,271076847
1999-09-30,17.112468719482422,17.85152244567871,16.98036766052246,17.119609832763672,12.557538986206055,224485681
1999-10-01,17.116039276123047,17.258852005004883,16.49480628967285,17.019641876220703,12.484210014343262,210565566
1999-10-04,17.066055297851562,17.073196411132812,16.398408889770508,16.4876651763916,12.093995094299316,106171236
1999-10-05,16.391267776489258,17.137460708618164,16.19133186340332,16.966087341308594,12.444925308227539,153512212
1999-10-06,16.98036766052246,17.737272262573242,16.42340087890625,16.99464988708496,12.465876579284668,301253502
1999-10-07,17.04106330871582,18.101444244384766,17.04106330871582,17.71942138671875,12.997506141662598,275415244
1999-10-08,17.83009910583496,17.922927856445312,17.17316436767578,17.276702880859375,12.672769546508789,181652318
1999-10-11,17.27313232421875,17.448078155517578,16.92681312561035,17.126750946044922,12.562774658203125,154564783
1999-10-12,17.066055297851562,17.315977096557617,16.85540771484375,16.96965789794922,12.447547912597656,168513663
1999-10-13,15.852151870727539,17.75869369506836,15.852151870727539,17.28741455078125,12.680625915527344,201468961
1999-10-14,17.351680755615234,17.83009910583496,17.283843994140625,17.35881996154785,12.733001708984375,94761916
1999-10-15,17.290983200073242,17.423086166381836,16.60191535949707,16.72687530517578,12.269455909729004,82773765
1999-10-18,16.851837158203125,17.008930206298828,16.569782257080078,16.666181564331055,12.224939346313477,123515821
1999-10-19,16.666181564331055,16.666181564331055,16.666181564331055,16.666181564331055,12.224939346313477,0
1999-10-20,17.423086166381836,18.001474380493164,17.076765060424805,17.89793586730957,13.12845230102539,235407187
1999-10-21,18.62984848022461,19.20823860168457,18.08002281188965,18.92975425720215,13.8853120803833,299256824
1999-10-22,18.62270736694336,18.976167678833008,18.219263076782227,18.733386993408203,13.741266250610352,151540433
1999-10-25,18.833356857299805,18.833356857299805,18.319232940673828,18.412059783935547,13.505570411682129,101586207
1999-10-26,18.394208908081055,18.50845718383789,18.179990768432617,18.23711585998535,13.377250671386719,111997266
1999-10-27,18.458473205566406,18.487035751342773,17.751554489135742,17.947919845581055,13.165116310119629,93603485
1999-10-28,17.994333267211914,17.994333267211914,17.251710891723633,17.383811950683594,12.751333236694336,76168166
1999-10-29,17.351680755615234,17.415945053100586,16.66261100769043,16.812564849853516,12.332314491271973,109439529
1999-11-01,16.78757095336914,16.851837158203125,15.470129013061523,15.555815696716309,11.410466194152832,114373142
1999-11-02,15.352309226989746,16.80185317993164,15.17379379272461,16.73044776916504,12.272078514099121,129022957
1999-11-03,17.16602325439453,17.16602325439453,15.873574256896973,16.09850311279297,11.808539390563965,175844467
1999-11-04,15.9842529296875,16.45553207397461,15.787885665893555,16.144916534423828,11.842582702636719,122838876
1999-11-05,16.137775421142578,16.837556838989258,16.137775421142578,16.60191535949707,12.177800178527832,131084769
1999-11-08,16.60191535949707,16.60191535949707,16.60191535949707,16.60191535949707,12.177800178527832,0
1999-11-09,16.566213607788086,16.66261100769043,16.194900512695312,16.35556411743164,11.997095108032227,86587669
1999-11-10,16.4876651763916,16.90182113647461,16.373416900634766,16.816133499145508,12.334930419921875,102012011
1999-11-11,16.851837158203125,17.276702880859375,16.637619018554688,16.862548828125,12.368977546691895,149253920
1999-11-12,16.76972007751465,16.773290634155273,16.430540084838867,16.49480628967285,12.099235534667969,79148388
1999-11-15,16.673322677612305,16.687602996826172,16.35556411743164,16.46267318725586,12.075663566589355,61299406
1999-11-16,16.351993560791016,16.387697219848633,16.187759399414062,16.252025604248047,11.921149253845215,80545607
1999-11-17,16.380556106567383,16.773290634155273,16.219892501831055,16.22346305847168,11.90019702911377,123075999
1999-11-18,16.280588150024414,16.30200958251953,15.784316062927246,15.969971656799316,11.714258193969727,76528247
1999-11-19,15.994963645935059,16.305580139160156,15.952119827270508,15.987822532653809,11.727350234985352,55197504
1999-11-22,15.934268951416016,16.09850311279297,15.923558235168457,15.994963645935059,11.732589721679688,73807401
1999-11-23,15.994963645935059,15.994963645935059,15.994963645935059,15.994963645935059,11.732589721679688,0
1999-11-24,16.194900512695312,16.551931381225586,16.08422088623047,16.444822311401367,12.062567710876465,88599794
1999-11-25,16.416259765625,16.598344802856445,16.3305721282959,16.401979446411133,12.031143188476562,55765985
1999-11-26,16.491235733032227,16.59477424621582,16.03780746459961,16.112783432006836,11.819011688232422,70838662
1999-11-29,16.137775421142578,16.205612182617188,15.795026779174805,15.845010757446289,11.622593879699707,52377520
1999-11-30,15.884284019470215,15.95569133758545,15.577238082885742,15.70219898223877,11.517842292785645,63924098
1999-12-01,15.909276962280273,16.127065658569336,15.69505786895752,15.93069839477539,11.685450553894043,59220354
1999-12-02,15.923558235168457,16.09136199951172,15.616512298583984,15.734332084655762,11.541410446166992,59243181
1999-12-03,15.780746459960938,15.980683326721191,15.437995910644531,15.495121002197266,11.365946769714355,98030600
1999-12-06,15.566527366638184,15.73076057434082,15.445137023925781,15.541535377502441,11.399992942810059,54260959
1999-12-07,15.59508991241455,16.09850311279297,15.537964820861816,15.973542213439941,11.716875076293945,115597337
1999-12-08,16.351993560791016,17.251710891723633,16.187759399414062,16.60191535949707,12.177800178527832,280267701
1999-12-09,16.70902442932129,16.99464988708496,16.53050994873047,16.898250579833984,12.395169258117676,100346313
1999-12-10,16.90182113647461,17.415945053100586,16.780431747436523,16.858978271484375,12.366360664367676,124489198
1999-12-13,16.844696044921875,16.880399703979492,16.16276741027832,16.280588150024414,11.942098617553711,60152095
1999-12-14,16.144916534423828,16.334142684936523,15.873574256896973,15.962830543518066,11.70902156829834,98386088
1999-12-15,16.066370010375977,16.066370010375977,15.712909698486328,15.909276962280273,11.669734954833984,61810931
1999-12-16,15.994963645935059,16.141345977783203,15.855722427368164,15.9842529296875,11.724733352661133,30255514
1999-12-17,16.027097702026367,16.273448944091797,15.866433143615723,15.927127838134766,11.682831764221191,57563436
1999-12-20,15.927127838134766,16.04494857788086,15.709339141845703,15.73790168762207,11.54403018951416,32392782
1999-12-21,15.73076057434082,15.884284019470215,15.609371185302734,15.677206993103027,11.49950885772705,54545416
1999-12-22,16.119924545288086,16.9339542388916,16.066370010375977,16.923242568969727,12.413500785827637,139424142
1999-12-23,16.54121971130371,17.18744659423828,16.430540084838867,16.591205596923828,12.169941902160645,48251696
1999-12-24,16.42340087890625,16.559072494506836,16.08422088623047,16.155628204345703,11.850439071655273,42032730
1999-12-27,16.112783432006836,16.205612182617188,15.780746459960938,15.898566246032715,11.661881446838379,38946173
1999-12-28,16.059228897094727,16.166337966918945,15.852151870727539,15.969971656799316,11.714258193969727,56899221
1999-12-29,16.155628204345703,17.137460708618164,16.066370010375977,16.916101455688477,12.408260345458984,62403290
1999-12-30,16.991079330444336,17.315977096557617,16.576923370361328,16.641189575195312,12.206607818603516,50106719
1999-12-31,16.641189575195312,16.641189575195312,16.641189575195312,16.641189575195312,12.206607818603516,0
2000-01-03,16.958946228027344,17.97291374206543,16.958946228027344,17.97291374206543,13.183451652526855,62409578
2000-01-04,18.451332092285156,19.411745071411133,17.94434928894043,19.411745071411133,14.238858222961426,132872110
2000-01-05,18.326372146606445,20.55781364440918,18.326372146606445,20.17222023010254,14.796683311462402,375789847
2000-01-06,20.63636016845703,21.471811294555664,20.63636016845703,21.018381118774414,15.4173583984375,219621124
2000-01-07,21.064796447753906,22.699996948242188,20.92198371887207,22.460784912109375,16.475383758544922,278281260
2000-01-10,22.66429328918457,22.75712013244629,21.80027961730957,22.028778076171875,16.158493041992188,187897934
2000-01-11,21.989505767822266,22.203723907470703,20.268617630004883,20.600656509399414,15.110945701599121,175675797
2000-01-12,20.63636016845703,21.77885627746582,20.147228240966797,21.543216705322266,15.802332878112793,169586471
2000-01-13,21.850263595581055,22.59288787841797,21.71459197998047,22.267988204956055,16.33396339416504,239139851
2000-01-14,22.10018539428711,22.967769622802734,22.10018539428711,22.58574676513672,16.567041397094727,188507616
2000-01-17,22.72498893737793,23.057025909423828,21.92523956298828,22.046630859375,16.171594619750977,150255809
2000-01-18,22.064481735229492,22.774972915649414,21.818130493164062,22.435792922973633,16.45705223083496,141210936
2000-01-19,23.053455352783203,23.199838638305664,22.57860565185547,22.821386337280273,16.739887237548828,160790093
2000-01-20,22.84994888305664,23.199838638305664,22.175161361694336,22.33939552307129,16.386343002319336,216069957
2000-01-21,22.328683853149414,23.44976043701172,22.27869987487793,23.303377151489258,17.093441009521484,239994540
2000-01-24,23.2426815032959,23.69611167907715,22.992761611938477,23.28909683227539,17.082969665527344,184344232
2000-01-25,23.210548400878906,23.22840118408203,22.72498893737793,22.846378326416016,16.758220672607422,136584272
2000-01-26,22.846378326416016,22.846378326416016,22.846378326416016,22.846378326416016,16.758220672607422,0
2000-01-27,23.492603302001953,24.049570083618164,23.04274559020996,23.917470932006836,17.54388427734375,210269961
2000-01-28,23.985305786132812,24.413742065429688,23.678258895874023,24.160249710083008,17.72197151184082,164331247
2000-01-31,23.88176727294922,23.992446899414062,23.317657470703125,23.431907653808594,17.187721252441406,142723553
2000-02-01,23.62113380432129,24.095985412597656,23.42119789123535,23.85320472717285,17.496747970581055,149956451
2000-02-02,24.48514747619629,24.77077293395996,24.174531936645508,24.288780212402344,17.81624984741211,139355731
2000-02-03,24.420883178710938,24.527992248535156,24.021007537841797,24.395889282226562,17.894817352294922,94831223
2000-02-04,24.563695907592773,24.80290412902832,24.39946174621582,24.574405670166016,18.0257568359375,99528064
2000-02-07,24.356616973876953,24.952857971191406,24.13882827758789,24.535131454467773,17.99695587158203,114747088
2000-02-08,24.67080307006836,24.77077293395996,24.353046417236328,24.449445724487305,17.934106826782227,90057597
2000-02-09,24.920724868774414,25.324169158935547,24.620819091796875,25.020694732666016,18.353124618530273,160165902
2000-02-10,24.906444549560547,25.977535247802734,24.627960205078125,25.4027156829834,18.633344650268555,151143675
2000-02-11,25.991817474365234,26.70587730407715,25.709762573242188,25.941831588745117,19.028789520263672,114214724
2000-02-14,25.63478660583496,25.770458221435547,24.992130279541016,25.1420841217041,18.442167282104492,71806185
2000-02-15,25.13494300842285,25.306318283081055,24.424453735351562,24.588687896728516,18.036235809326172,113776526
2000-02-16,24.992130279541016,25.263473510742188,24.49942970275879,24.860029220581055,18.235273361206055,110304203
2000-02-17,24.827896118164062,25.477693557739258,24.813615798950195,25.31702995300293,18.57048988342285,107425289
2000-02-18,25.484832763671875,25.559810638427734,24.849319458007812,24.952857971191406,18.303367614746094,70451511
2000-02-21,24.87788200378418,25.13494300842285,24.395889282226562,24.681514739990234,18.10433006286621,41234633
2000-02-22,24.706506729125977,24.777912139892578,23.742525100708008,23.87462615966797,17.512462615966797,100723088
2000-02-23,24.613679885864258,24.613679885864258,23.371213912963867,23.549728393554688,17.274145126342773,67665446
2000-02-24,23.771087646484375,24.328054428100586,23.51402473449707,24.046001434326172,17.638166427612305,79319185
2000-02-25,24.37803840637207,24.48514747619629,23.285526275634766,23.464040756225586,17.211286544799805,54786600
2000-02-28,23.19626808166504,24.081703186035156,22.135887145996094,23.785367965698242,17.446989059448242,70386208
2000-02-29,24.12811851501465,24.481578826904297,21.882396697998047,22.196582794189453,16.281583786010742,139625441
2000-03-01,22.492918014526367,23.553298950195312,21.350421905517578,22.621448516845703,16.593229293823242,150769883
2000-03-02,22.767831802368164,22.992761611938477,20.81487464904785,20.832727432250977,15.281174659729004,175562684
2000-03-03,20.42928123474121,20.42928123474121,19.168964385986328,19.168964385986328,14.060774803161621,64935300
2000-03-06,19.168964385986328,20.268617630004883,17.637304306030273,18.133575439453125,13.301299095153809,146075956
2000-03-07,18.351364135742188,18.494176864624023,17.137460708618164,17.301694869995117,12.691100120544434,133888438
2000-03-08,17.630163192749023,17.887224197387695,16.42340087890625,16.634048461914062,12.201371192932129,101621246
2000-03-09,16.844696044921875,17.308835983276367,16.005674362182617,16.51622772216797,12.114943504333496,77665531
2000-03-10,16.70902442932129,16.766149520874023,15.323746681213379,15.484410285949707,11.358088493347168,92389443
2000-03-13,15.70219898223877,16.387697219848633,14.302639961242676,14.509716987609863,10.643134117126465,150763063
2000-03-14,14.673951148986816,15.673636436462402,14.077710151672363,15.652215003967285,11.48117733001709,141532996
2000-03-15,15.994963645935059,16.905391693115234,15.423714637756348,16.905391693115234,12.400406837463379,79982280
2000-03-16,17.101757049560547,17.694429397583008,16.430540084838867,16.76972007751465,12.300886154174805,147946692
2000-03-17,16.76972007751465,16.76972007751465,16.76972007751465,16.76972007751465,12.300886154174805,0
2000-03-20,16.76972007751465,16.76972007751465,16.76972007751465,16.76972007751465,12.300886154174805,0
2000-03-21,17.051773071289062,17.337398529052734,16.252025604248047,16.98750877380371,12.460638999938965,95762643
2000-03-22,17.494491577148438,17.744413375854492,17.223148345947266,17.38024139404297,12.748711585998535,69064318
2000-03-23,17.51234245300293,17.551616668701172,17.03392219543457,17.205297470092773,12.620390892028809,60024739
2000-03-24,17.08033561706543,17.348108291625977,16.96965789794922,17.18030548095703,12.602059364318848,36941526
2000-03-27,17.351680755615234,18.554872512817383,17.351680755615234,18.554872512817383,13.61032485961914,58001578
2000-03-28,18.786941528320312,20.040119171142578,18.786941528320312,20.040119171142578,14.69978141784668,98405624
2000-03-29,20.336454391479492,20.700624465942383,19.20823860168457,19.372472763061523,14.210055351257324,143934962
2000-03-30,19.20823860168457,20.92198371887207,18.44419288635254,20.92198371887207,15.346647262573242,240432206
2000-03-31,21.20760726928711,22.59645652770996,20.00084686279297,22.59645652770996,16.574901580810547,275945423
2000-04-03,23.39620590209961,23.82821273803711,22.714277267456055,23.464040756225586,17.211286544799805,299036394
2000-04-04,23.278385162353516,23.278385162353516,21.589630126953125,21.589630126953125,15.836379051208496,189486468
2000-04-05,21.66460609436035,22.27869987487793,19.868743896484375,21.582490921020508,15.831137657165527,352720260
2000-04-06,21.636045455932617,23.310518264770508,21.603912353515625,23.28909683227539,17.484222412109375,227418526
2000-04-07,23.549728393554688,25.152795791625977,23.549728393554688,25.152795791625977,18.883384704589844,163657523
2000-04-10,26.41311264038086,27.134313583374023,25.670488357543945,26.031089782714844,19.542760848999023,309647520
2000-04-11,25.563379287719727,25.63478660583496,24.742210388183594,25.259904861450195,18.963796615600586,136676715
2000-04-12,25.491973876953125,25.706192016601562,23.878196716308594,24.13168716430664,18.116792678833008,241770257
2000-04-13,23.642555236816406,23.642555236816406,22.203723907470703,22.203723907470703,16.66937828063965,3153974
2000-04-14,22.203723907470703,22.203723907470703,22.203723907470703,22.203723907470703,16.66937828063965,0
2000-04-17,20.42928123474121,21.478952407836914,20.42928123474121,21.30757713317871,15.996601104736328,223113571
2000-04-18,21.21474838256836,22.057340621948242,20.993389129638672,21.425397872924805,16.085050582885742,122899571
2000-04-19,21.971654891967773,23.139142990112305,21.643186569213867,22.482206344604492,16.878446578979492,228183965
2000-04-20,22.35010528564453,24.281641006469727,22.082332611083984,24.117406845092773,18.106069564819336,271517327
2000-04-21,24.117406845092773,24.117406845092773,24.117406845092773,24.117406845092773,18.106069564819336,0
2000-04-24,24.706506729125977,25.74903678894043,23.064167022705078,24.06028175354004,18.063180923461914,246733265
2000-04-25,23.014183044433594,24.242366790771484,22.253707885742188,23.710391998291016,17.800506591796875,221403241
2000-04-26,24.2780704498291,25.60979461669922,24.2780704498291,25.559810638427734,19.188945770263672,238053151
2000-04-27,25.763317108154297,26.134628295898438,24.156679153442383,24.681514739990234,18.529573440551758,413796521
2000-04-28,24.813615798950195,25.127803802490234,24.29949188232422,24.638671875,18.497407913208008,188028343
2000-05-01,24.638671875,24.638671875,24.638671875,24.638671875,18.497407913208008,0
2000-05-02,24.849319458007812,25.324169158935547,23.224830627441406,23.503313064575195,17.64504051208496,230017702
2000-05-03,23.349790573120117,23.83892250061035,22.07876205444336,23.42119789123535,17.583398818969727,192704191
2000-05-04,23.63541603088379,24.488718032836914,23.63541603088379,24.07813262939453,18.07658576965332,158631859
2000-05-05,24.170961380004883,24.388750076293945,23.42833709716797,23.94603157043457,17.977407455444336,156073814
2000-05-08,23.63541603088379,24.063852310180664,23.014183044433594,23.13557243347168,17.368959426879883,82504670
2000-05-09,22.95705795288086,23.69611167907715,22.735698699951172,23.446189880371094,17.60215187072754,85940035
2000-05-10,23.564008712768555,23.913898468017578,23.085588455200195,23.224830627441406,17.435970306396484,93165917
2000-05-11,23.139142990112305,23.139142990112305,22.421512603759766,22.61787986755371,16.980302810668945,90033846
2000-05-12,22.821386337280273,23.02846336364746,22.37152862548828,22.55718421936035,16.934736251831055,57913070
2000-05-15,22.282270431518555,23.185556411743164,21.88596534729004,22.814245223999023,17.127721786499023,81188494
2000-05-16,22.84994888305664,22.985620498657227,22.492918014526367,22.66429328918457,17.01515007019043,43882418
2000-05-17,22.914213180541992,23.44976043701172,22.582176208496094,22.767831802368164,17.092880249023438,109270328
2000-05-18,22.707136154174805,22.832096099853516,21.928810119628906,22.143028259277344,16.623809814453125,75382294
2000-05-19,21.993074417114258,22.78211212158203,21.93952178955078,22.535762786865234,16.918657302856445,111574963
2000-05-22,22.35010528564453,22.628589630126953,22.064481735229492,22.310832977294922,16.74979019165039,43662227
2000-05-23,22.300121307373047,22.56432342529297,22.028778076171875,22.475067138671875,16.87308120727539,58389850
2000-05-24,22.396520614624023,22.699996948242188,22.135887145996094,22.33225440979004,16.7658748626709,56605367
2000-05-25,22.300121307373047,22.692855834960938,22.214433670043945,22.335824966430664,16.768552780151367,36653287
2000-05-26,22.4786376953125,22.707136154174805,22.207294464111328,22.59645652770996,16.964221954345703,49082689
2000-05-29,22.742839813232422,24.81004524230957,22.707136154174805,24.23879623413086,18.19719886779785,165326988
2000-05-30,24.33162498474121,24.6957950592041,24.070993423461914,24.549413681030273,18.430395126342773,79692753
2000-05-31,25.06353759765625,25.477693557739258,24.428022384643555,24.556554794311523,18.435754776000977,118366163
2000-06-01,24.428022384643555,24.699365615844727,24.003156661987305,24.220945358276367,18.183794021606445,75363108
2000-06-02,24.49228858947754,24.706506729125977,23.856773376464844,24.095985412597656,18.089984893798828,81875438
2000-06-05,24.11383628845215,25.12423324584961,24.021007537841797,24.220945358276367,18.183794021606445,151857297
2000-06-06,24.135257720947266,24.481578826904297,23.99958610534668,24.1923828125,18.162357330322266,54887782
2000-06-07,24.27092933654785,24.592256546020508,24.010297775268555,24.13168716430664,18.116792678833008,52545769
2000-06-08,24.27092933654785,24.635101318359375,24.15311050415039,24.33876609802246,18.272254943847656,64426688
2000-06-09,24.413742065429688,25.18492889404297,24.210235595703125,24.363758087158203,18.291013717651367,172161391
2000-06-12,24.449445724487305,24.68508529663086,24.174531936645508,24.235227584838867,18.194522857666016,57726882
2000-06-13,24.206663131713867,24.73863983154297,24.06742286682129,24.170961380004883,18.14627456665039,95747252
2000-06-14,24.742210388183594,24.742210388183594,23.99958610534668,24.088844299316406,18.084625244140625,62793550
2000-06-15,24.349475860595703,24.349475860595703,23.385494232177734,23.66754722595215,17.768335342407227,85105386
2000-06-16,23.531877517700195,23.981735229492188,23.492603302001953,23.724672317504883,17.81122398376465,63843153
2000-06-19,23.8317813873291,23.992446899414062,23.578290939331055,23.66040802001953,17.762977600097656,43452959
2000-06-20,23.81393051147461,23.849634170532227,23.46047019958496,23.585430145263672,17.70668601989746,58093559
2000-06-21,23.849634170532227,23.849634170532227,23.439048767089844,23.503313064575195,17.64504051208496,29007035
2000-06-22,23.58900260925293,24.97784996032715,23.08201789855957,24.635101318359375,18.49472999572754,268082760
2000-06-23,24.713647842407227,25.324169158935547,23.921039581298828,24.117406845092773,18.106069564819336,224036672
2000-06-26,23.921039581298828,23.963884353637695,23.439048767089844,23.646127700805664,17.752256393432617,48525944
2000-06-27,23.66040802001953,24.27092933654785,23.571149826049805,23.885337829589844,17.931842803955078,106940541
2000-06-28,23.921039581298828,24.06028175354004,23.742525100708008,23.8317813873291,17.891633987426758,24433854
2000-06-29,23.94603157043457,24.68508529663086,23.913898468017578,24.43873405456543,18.34730339050293,106685828
2000-06-30,24.563695907592773,24.613679885864258,23.992446899414062,24.335195541381836,18.269569396972656,88865990
2000-07-03,24.135257720947266,25.131372451782227,24.135257720947266,24.860029220581055,18.663591384887695,137988774
2000-07-04,24.892162322998047,24.96356964111328,24.567264556884766,24.663663864135742,18.516172409057617,75354482
2000-07-05,24.920724868774414,25.731184005737305,24.749351501464844,25.288467407226562,18.98524284362793,189904178
2000-07-06,25.06353759765625,26.056081771850586,24.992130279541016,25.87399673461914,19.424827575683594,200669996
2000-07-07,26.02037811279297,26.127487182617188,25.706192016601562,25.791879653930664,19.363170623779297,111604092
2000-07-10,25.92041015625,26.49165916442871,25.60979461669922,26.31314468383789,19.7545108795166,131908677
2000-07-11,26.41311264038086,26.97007942199707,26.17390251159668,26.84511947631836,20.153884887695312,170025705
2000-07-12,26.7130184173584,26.83083724975586,26.277441024780273,26.4238224029541,19.837600708007812,70757129
2000-07-13,26.477378845214844,26.69159507751465,25.92041015625,26.116777420043945,19.607093811035156,83264045
2000-07-14,26.15247917175293,26.4523868560791,25.677629470825195,25.791879653930664,19.363170623779297,89678274
2000-07-17,25.913270950317383,26.056081771850586,25.527677536010742,25.941831588745117,19.475746154785156,86145914
2000-07-18,25.81330108642578,25.92041015625,25.44198989868164,25.5740909576416,19.199668884277344,52104364
2000-07-19,25.599082946777344,25.884706497192383,25.17064666748047,25.284896850585938,18.982555389404297,58511199
2000-07-20,25.199209213256836,25.763317108154297,24.777912139892578,25.534818649291992,19.170188903808594,124658147
2000-07-21,25.491973876953125,25.491973876953125,24.43873405456543,24.556554794311523,18.435754776000977,143754403
2000-07-24,24.353046417236328,24.353046417236328,23.146284103393555,23.314088821411133,17.50297737121582,84256775
2000-07-25,23.032033920288086,24.024578094482422,22.864229202270508,23.842493057250977,17.899677276611328,92498453
2000-07-26,24.206663131713867,24.206663131713867,23.13557243347168,23.24982261657715,17.454729080200195,54349425
2000-07-27,23.278385162353516,25.04925537109375,22.999900817871094,24.567264556884766,18.443798065185547,120640983
2000-07-28,24.849319458007812,24.992130279541016,24.220945358276367,24.310203552246094,18.25081443786621,83819180
2000-07-31,24.135257720947266,24.342336654663086,23.956743240356445,24.049570083618164,18.055143356323242,28100305
2000-08-01,23.992446899414062,24.413742065429688,23.963884353637695,24.170961380004883,18.14627456665039,52276716
2000-08-02,24.09241485595703,24.256649017333984,23.992446899414062,24.206663131713867,18.173078536987305,20395290
2000-08-03,24.2637882232666,24.54584312438965,24.01386833190918,24.110265731811523,18.1007080078125,46686143
2000-08-04,24.170961380004883,24.188812255859375,23.503313064575195,23.571149826049805,17.695966720581055,45818822
2000-08-07,23.492603302001953,23.70682144165039,23.146284103393555,23.58186149597168,17.70400619506836,34608868
2000-08-08,23.68182945251465,23.803220748901367,23.528305053710938,23.624704360961914,17.736175537109375,31546244
2000-08-09,23.778228759765625,24.135257720947266,23.646127700805664,23.82821273803711,17.88895606994629,33540780
2000-08-10,23.70682144165039,23.974594116210938,23.431907653808594,23.531877517700195,17.666486740112305,23807997
2000-08-11,23.528305053710938,23.70682144165039,23.3997745513916,23.510454177856445,17.650394439697266,27325498
2000-08-14,23.492603302001953,23.69611167907715,23.014183044433594,23.517595291137695,17.655765533447266,37143638
2000-08-15,23.517595291137695,23.517595291137695,23.517595291137695,23.517595291137695,17.655765533447266,0
2000-08-16,23.69968032836914,24.335195541381836,23.58186149597168,24.09241485595703,18.087303161621094,67496889
2000-08-17,24.206663131713867,24.663663864135742,23.956743240356445,24.117406845092773,18.106069564819336,86149527
2000-08-18,24.06742286682129,24.267358779907227,23.96745491027832,24.06028175354004,18.063180923461914,25684195
2000-08-21,24.00672721862793,24.19952392578125,23.928180694580078,24.028148651123047,18.039058685302734,20282583
2000-08-22,24.170961380004883,24.43873405456543,24.042430877685547,24.156679153442383,18.13555335998535,39891989
2000-08-23,24.39946174621582,24.706506729125977,24.174531936645508,24.24593734741211,18.202564239501953,75956629
2000-08-24,24.206663131713867,24.33162498474121,23.849634170532227,23.963884353637695,17.990814208984375,46216771
2000-08-25,24.028148651123047,24.163820266723633,23.65326690673828,23.82107162475586,17.88359832763672,23180851
2000-08-28,23.81393051147461,23.921039581298828,23.678258895874023,23.72110366821289,17.808544158935547,16676686
2000-08-29,23.656837463378906,23.885337829589844,23.51402473449707,23.592571258544922,17.712051391601562,30320186
2000-08-30,23.903188705444336,24.1923828125,23.678258895874023,24.056711196899414,18.06049919128418,42939124
2000-08-31,24.170961380004883,24.335195541381836,23.924610137939453,24.031719207763672,18.04174041748047,38384652
2000-09-01,24.031719207763672,24.031719207763672,24.031719207763672,24.031719207763672,18.04174041748047,0
2000-09-04,24.19952392578125,25.47412109375,24.15311050415039,25.270614624023438,18.97183609008789,110294526
2000-09-05,25.491973876953125,25.677629470825195,25.152795791625977,25.4027156829834,19.071014404296875,50895798
2000-09-06,25.420568466186523,26.127487182617188,25.13494300842285,25.963254928588867,19.491832733154297,136969141
2000-09-07,25.78830909729004,26.48451805114746,25.713333129882812,25.838293075561523,19.39801597595215,105721037
2000-09-08,25.8490047454834,26.777284622192383,25.781169891357422,26.48451805114746,19.883169174194336,83416875
2000-09-11,26.763002395629883,27.634157180786133,26.7130184173584,27.359243392944336,20.539871215820312,98805506
2000-09-12,27.491344451904297,27.83409309387207,27.220001220703125,27.380664825439453,20.55594825744629,60658354
2000-09-13,27.559179306030273,27.559179306030273,26.563064575195312,26.812986373901367,20.1297664642334,82885772
2000-09-14,26.85226058959961,27.180728912353516,26.61305046081543,26.827268600463867,20.14048957824707,58814450
2000-09-15,26.848690032958984,26.93080711364746,25.931121826171875,26.131057739257812,19.61781120300293,53200335
2000-09-18,25.92041015625,25.92041015625,24.503000259399414,24.720787048339844,18.55905532836914,73399060
2000-09-19,24.57797622680664,25.131372451782227,23.849634170532227,24.1066951751709,18.0980224609375,68148598
2000-09-20,24.367328643798828,25.045686721801758,24.1066951751709,24.813615798950195,18.62874412536621,53619277
2000-09-21,24.842178344726562,24.992130279541016,24.44587516784668,24.842178344726562,18.650188446044922,48372162
2000-09-22,24.777912139892578,24.777912139892578,23.988876342773438,24.160249710083008,18.13823127746582,58990275
2000-09-25,24.424453735351562,24.706506729125977,24.135257720947266,24.417312622070312,18.331218719482422,48547973
2000-09-26,24.563695907592773,24.563695907592773,24.13882827758789,24.37089729309082,18.296377182006836,40011530
2000-09-27,24.353046417236328,25.327739715576172,23.878196716308594,25.127803802490234,18.86461639404297,92628316
2000-09-28,25.34916114807129,25.34916114807129,24.527992248535156,24.67794418334961,18.526891708374023,68963290
2000-09-29,24.835037231445312,24.9849910736084,24.353046417236328,24.456586837768555,18.360706329345703,37998621
2000-10-02,24.456586837768555,24.456586837768555,24.456586837768555,24.456586837768555,18.360706329345703,0
2000-10-03,24.281641006469727,24.67080307006836,24.15311050415039,24.503000259399414,18.395553588867188,41961280
2000-10-04,24.706506729125977,24.885021209716797,24.556554794311523,24.752920150756836,18.58317756652832,25417691
2000-10-05,24.645811080932617,24.799335479736328,24.18524169921875,24.288780212402344,18.234724044799805,24047388
2000-10-06,24.13882827758789,24.406600952148438,24.031719207763672,24.30663299560547,18.248126983642578,29197467
2000-10-09,24.349475860595703,24.742210388183594,24.210235595703125,24.310203552246094,18.25081443786621,34534659
2000-10-10,24.353046417236328,24.38517951965332,23.80678939819336,23.935321807861328,17.969369888305664,30007286
2000-10-11,23.778228759765625,23.878196716308594,23.392635345458984,23.585430145263672,17.70668601989746,27186770
2000-10-12,23.385494232177734,23.885337829589844,23.032033920288086,23.37478256225586,17.548547744750977,69082160
2000-10-13,23.224830627441406,23.224830627441406,21.78599739074707,22.728557586669922,17.063396453857422,53499189
2000-10-16,22.921354293823242,23.878196716308594,21.796709060668945,22.157310485839844,16.63452911376953,68052387
2000-10-17,21.789567947387695,22.257278442382812,21.225460052490234,21.56106948852539,16.186906814575195,82261245
2000-10-18,21.386123657226562,21.600341796875,21.011241912841797,21.304006576538086,15.993918418884277,37969127
2000-10-19,21.193326950073242,22.021638870239258,20.493547439575195,21.64675521850586,16.25123405456543,70267297
2000-10-20,22.082332611083984,22.38580894470215,21.146913528442383,21.286155700683594,15.98051929473877,88156261
2000-10-23,21.279014587402344,21.279014587402344,20.2329158782959,20.41143035888672,15.323819160461426,49541306
2000-10-24,20.42214012145996,21.043373107910156,20.315031051635742,20.900562286376953,15.691032409667969,69908756
2000-10-25,20.993389129638672,22.071622848510742,20.943405151367188,21.782428741455078,16.353090286254883,76804722
2000-10-26,21.989505767822266,22.135887145996094,21.711021423339844,21.818130493164062,16.37989616394043,18928903
2000-10-27,21.91809844970703,22.028778076171875,21.428966522216797,21.632474899291992,16.240514755249023,48728952
2000-10-30,21.743154525756836,22.09304428100586,21.428966522216797,21.49323272705078,16.13597869873047,40934463
2000-10-31,21.425397872924805,21.689599990844727,21.014812469482422,21.575349807739258,16.197628021240234,42509931
2000-11-01,22.168020248413086,22.335824966430664,21.746723175048828,22.0323486328125,16.54071807861328,72480301
2000-11-02,22.057340621948242,22.707136154174805,22.057340621948242,22.54290199279785,16.924015045166016,74858151
2000-11-03,22.735698699951172,22.90350341796875,22.4786376953125,22.539331436157227,16.92133331298828,58610896
2000-11-06,22.632160186767578,22.84280776977539,22.27869987487793,22.328683853149414,16.763187408447266,55849367
2000-11-07,22.14659881591797,22.510770797729492,22.14659881591797,22.36438751220703,16.789997100830078,36376364
2000-11-08,22.614307403564453,23.02132225036621,22.492918014526367,22.739269256591797,17.07143211364746,78714125
2000-11-09,22.671432495117188,23.04274559020996,22.56432342529297,22.78925323486328,17.108959197998047,53307147
2000-11-10,22.739269256591797,22.832096099853516,22.15373992919922,22.21800422668457,16.68009376525879,49235533
2000-11-13,22.13945770263672,22.13945770263672,21.503944396972656,21.59320068359375,16.211027145385742,32680643
2000-11-14,21.568208694458008,22.27155876159668,21.568208694458008,22.21086311340332,16.674739837646484,51493926
2000-11-15,22.560754776000977,22.66429328918457,22.143028259277344,22.35724639892578,16.78463363647461,42863682
2000-11-16,22.492918014526367,22.521480560302734,22.089473724365234,22.253707885742188,16.706899642944336,45646036
2000-11-17,22.207294464111328,22.23942756652832,21.957372665405273,22.196582794189453,16.664016723632812,47502852
2000-11-20,22.175161361694336,22.321544647216797,22.068052291870117,22.150169372558594,16.62917137145996,23524883
2000-11-21,22.33225440979004,22.33225440979004,21.964513778686523,22.071622848510742,16.570201873779297,52537002
2000-11-22,22.135887145996094,22.242996215820312,21.964513778686523,22.003786087036133,16.519269943237305,16058756
2000-11-23,21.921669006347656,22.314403533935547,21.796709060668945,22.21800422668457,16.68009376525879,35718227
2000-11-24,22.314403533935547,22.628589630126953,22.27869987487793,22.375097274780273,16.798030853271484,47203872
2000-11-27,22.421512603759766,22.84280776977539,22.38580894470215,22.75712013244629,17.0848388671875,43128757
2000-11-28,22.846378326416016,23.58186149597168,22.653581619262695,23.528305053710938,17.663803100585938,94755530
2000-11-29,23.42119789123535,23.735383987426758,23.13557243347168,23.364072799682617,17.54050636291504,72628314
2000-11-30,23.349790573120117,23.58186149597168,23.2426815032959,23.431907653808594,17.591432571411133,43866453
2000-12-01,23.349790573120117,23.58186149597168,23.171276092529297,23.42833709716797,17.5887508392334,50742057
2000-12-04,23.485462188720703,23.949602127075195,23.485462188720703,23.749664306640625,17.82998275756836,68788347
2000-12-05,23.885337829589844,24.2637882232666,23.871055603027344,24.18524169921875,18.156997680664062,52905486
2000-12-06,24.613679885864258,24.613679885864258,24.035289764404297,24.081703186035156,18.079269409179688,43719127
2000-12-07,24.021007537841797,24.303062438964844,23.974594116210938,24.103124618530273,18.09534454345703,30523740
2000-12-08,24.135257720947266,24.413742065429688,24.074562072753906,24.235227584838867,18.194522857666016,59695425
2000-12-11,24.342336654663086,24.774343490600586,24.2780704498291,24.70293617248535,18.545650482177734,84918820
2000-12-12,24.777912139892578,24.792194366455078,24.527992248535156,24.58511734008789,18.457199096679688,33331820
2000-12-13,24.706506729125977,24.959999084472656,24.592256546020508,24.806474685668945,18.623382568359375,57066266
2000-12-14,24.842178344726562,25.192068099975586,24.635101318359375,24.727928161621094,18.564420700073242,88461585
2000-12-15,24.635101318359375,24.635101318359375,24.01386833190918,24.13168716430664,18.116792678833008,56209434
2000-12-18,23.921039581298828,24.48514747619629,23.56757926940918,24.37089729309082,18.296377182006836,53342732
2000-12-19,24.51013946533203,24.606538772583008,24.142398834228516,24.235227584838867,18.194522857666016,49308314
2000-12-20,24.635101318359375,24.635101318359375,24.09241485595703,24.410171508789062,18.325862884521484,29325971
2000-12-21,24.28521156311035,24.63153076171875,24.031719207763672,24.442304611206055,18.34998321533203,59473245
2000-12-22,24.599397659301758,24.777912139892578,24.081703186035156,24.149539947509766,18.13019371032715,49839151
2000-12-25,24.149539947509766,24.149539947509766,24.149539947509766,24.149539947509766,18.13019371032715,0
2000-12-26,24.06742286682129,24.413742065429688,23.317657470703125,23.42119789123535,17.583398818969727,53423649
2000-12-27,23.278385162353516,23.921039581298828,23.13557243347168,23.781797409057617,17.854106903076172,56125604
2000-12-28,23.978164672851562,24.2923526763916,23.763946533203125,24.1923828125,18.162357330322266,56613447
2000-12-29,24.167390823364258,24.328054428100586,24.06742286682129,24.203094482421875,18.17039680480957,37622350
2001-01-01,24.2780704498291,24.53870391845703,24.206663131713867,24.403030395507812,18.32050132751465,42128577
2001-01-02,24.303062438964844,25.63478660583496,24.295921325683594,25.299177169799805,18.993276596069336,92764775
2001-01-03,25.34916114807129,25.82758331298828,25.206350326538086,25.709762573242188,19.30152130126953,123856212
2001-01-04,25.64192771911621,26.198894500732422,25.43484878540039,25.54909896850586,19.180904388427734,83784183
2001-01-05,25.456270217895508,26.191753387451172,25.456270217895508,26.01323890686035,19.529359817504883,104474953
2001-01-08,25.884706497192383,26.238168716430664,25.509824752807617,25.72047233581543,19.3095645904541,95828393
2001-01-09,25.663349151611328,25.8347225189209,25.499114990234375,25.559810638427734,19.188945770263672,63211442
2001-01-10,25.60265350341797,25.809730529785156,24.93143653869629,25.113521575927734,18.85389518737793,66251757
2001-01-11,25.17064666748047,25.513395309448242,25.06353759765625,25.406286239624023,19.073692321777344,57008778
2001-01-12,25.4884033203125,25.591941833496094,25.277755737304688,25.31702995300293,19.006681442260742,33646611
2001-01-15,25.281326293945312,25.456270217895508,25.13494300842285,25.38843536376953,19.06029510498047,27697623
2001-01-16,25.38843536376953,26.448816299438477,25.38843536376953,26.30600357055664,19.749149322509766,145605043
2001-01-17,26.49880027770996,26.523792266845703,25.79545021057129,25.852575302124023,19.40873908996582,58317336
2001-01-18,25.92041015625,26.170331954956055,25.802589416503906,26.04537010192871,19.553483963012695,38235547
2001-01-19,26.070362091064453,26.69159507751465,26.070362091064453,26.355987548828125,19.78668212890625,91923124
2001-01-22,26.348846435546875,26.841548919677734,26.284582138061523,26.741580963134766,20.076160430908203,106260122
2001-01-23,26.759431838989258,27.437789916992188,26.759431838989258,27.252134323120117,20.45945930480957,115872538
2001-01-24,27.448501586914062,27.45564079284668,27.027204513549805,27.159305572509766,20.389766693115234,76479540
2001-01-25,27.241422653198242,27.384235382080078,26.895103454589844,27.255704879760742,20.462139129638672,62876484
2001-01-26,27.255704879760742,27.255704879760742,27.255704879760742,27.255704879760742,20.462139129638672,0
2001-01-29,27.134313583374023,27.134313583374023,25.777597427368164,26.966510772705078,20.245025634765625,71061907
2001-01-30,27.03077507019043,27.919780731201172,27.03077507019043,27.823383331298828,20.888320922851562,147232440
2001-01-31,28.919466018676758,28.919466018676758,27.205720901489258,27.46278190612793,20.617603302001953,82628245
2001-02-01,27.384235382080078,27.74840545654297,26.61305046081543,27.573461532592773,20.700693130493164,178438559
2001-02-02,27.45564079284668,28.269670486450195,27.41636848449707,28.169702529907227,21.148319244384766,141852072
2001-02-05,28.069734573364258,28.5981388092041,27.866226196289062,28.501741409301758,21.397594451904297,149430501
2001-02-06,28.562435150146484,28.740951538085938,28.294662475585938,28.408912658691406,21.32790184020996,84708376
2001-02-07,28.251819610595703,28.416053771972656,27.991186141967773,28.0947265625,21.092029571533203,50935108
2001-02-08,27.93406105041504,28.38035011291504,27.884077072143555,28.27324104309082,21.226049423217773,66988585
2001-02-09,28.34821891784668,28.70524787902832,28.151851654052734,28.483888626098633,21.384191513061523,97611280
2001-02-12,28.294662475585938,29.01943588256836,28.223257064819336,28.601709365844727,21.472646713256836,92278010
2001-02-13,28.70524787902832,29.412168502807617,28.383920669555664,29.280067443847656,21.981918334960938,119497901
2001-02-14,29.62281608581543,29.804901123046875,29.24436378479004,29.672800064086914,22.276763916015625,125432815
2001-02-15,29.633527755737305,30.376150131225586,29.49071502685547,30.183353424072266,22.660062789916992,205960791
2001-02-16,30.269041061401367,30.658205032348633,29.990558624267578,30.165502548217773,22.646657943725586,177636541
2001-02-19,30.204776763916016,30.49397087097168,29.88344955444336,30.37257957458496,22.802122116088867,89147661
2001-02-20,30.276182174682617,30.458267211914062,30.06196403503418,30.190494537353516,22.665424346923828,100213930
2001-02-21,30.208345413208008,30.336877822875977,29.426450729370117,29.56926155090332,22.199033737182617,110495812
2001-02-22,29.49071502685547,29.919151306152344,29.176528930664062,29.608535766601562,22.228517532348633,109056397
2001-02-23,29.63709831237793,30.033401489257812,29.247934341430664,29.369325637817383,22.048931121826172,108219311
2001-02-26,29.2907772064209,29.48357391357422,28.794506072998047,29.008724212646484,21.77820587158203,87129836
2001-02-27,29.09798240661621,29.222942352294922,28.369638442993164,28.71238899230957,21.55573272705078,78573731
2001-02-28,28.70524787902832,29.990558624267578,28.608850479125977,29.56926155090332,22.199033737182617,154742009
2001-03-01,29.704933166503906,31.847116470336914,29.704933166503906,31.290149688720703,23.490983963012695,223194307
2001-03-02,31.418678283691406,32.20414733886719,29.644237518310547,29.926292419433594,22.467071533203125,187886955
2001-03-05,30.026260375976562,30.34758758544922,28.740951538085938,29.180099487304688,21.90686798095703,132200024
2001-03-06,29.180099487304688,29.180099487304688,29.180099487304688,29.180099487304688,21.90686798095703,0
2001-03-07,29.419309616088867,30.3261661529541,28.462467193603516,29.419309616088867,22.086454391479492,105663297
2001-03-08,29.52284812927246,30.00126838684082,29.208660125732422,29.519277572631836,22.16151237487793,62047073
2001-03-09,29.355043411254883,29.355043411254883,28.46603775024414,29.240793228149414,21.952434539794922,54988278
2001-03-12,29.212230682373047,29.419309616088867,28.70524787902832,29.133684158325195,21.872020721435547,51412616
2001-03-13,28.63741111755371,29.88344955444336,26.805845260620117,27.712703704833984,20.805227279663086,73733177
2001-03-14,27.77696990966797,28.91232681274414,27.50205421447754,28.51959228515625,21.41099739074707,47229178
2001-03-15,28.062593460083008,28.66597557067871,27.712703704833984,28.366069793701172,21.295743942260742,34790561
2001-03-16,28.13399887084961,28.508880615234375,27.070049285888672,27.419937133789062,20.585433959960938,44860430
2001-03-19,27.205720901489258,27.705562591552734,26.820127487182617,27.312828063964844,20.50501823425293,31633267
2001-03-20,27.419937133789062,27.473493576049805,26.455955505371094,26.65946388244629,20.014509201049805,25515540
2001-03-21,26.8843936920166,28.794506072998047,26.081073760986328,28.655263900756836,21.51285171508789,46522683
2001-03-22,28.9444580078125,29.19080924987793,27.919780731201172,28.091156005859375,21.08934783935547,40167819
2001-03-23,28.13399887084961,28.608850479125977,26.727298736572266,27.10218048095703,20.346874237060547,49623609
2001-03-26,27.134313583374023,27.605594635009766,26.8558292388916,27.434219360351562,20.59615707397461,24811230
2001-03-27,27.34853172302246,28.162561416625977,27.255704879760742,27.898359298706055,20.944608688354492,41114839
2001-03-28,28.20540428161621,28.919466018676758,28.105436325073242,28.70524787902832,21.550376892089844,37356183
2001-03-29,28.65169334411621,28.980161666870117,28.13399887084961,28.308944702148438,21.252845764160156,53399898
2001-03-30,28.14113998413086,28.32679557800293,27.60916519165039,27.816242218017578,20.882957458496094,34400048
2001-04-02,27.598453521728516,28.119718551635742,26.74515151977539,27.923351287841797,20.96337127685547,39069902
2001-04-03,27.84837532043457,28.20540428161621,27.56275177001953,27.909069061279297,20.952653884887695,21535935
2001-04-04,27.1450252532959,27.684141159057617,27.009353637695312,27.35567283630371,20.537187576293945,20329316
2001-04-05,27.35567283630371,27.35567283630371,27.35567283630371,27.35567283630371,20.537187576293945,0
2001-04-06,27.34853172302246,28.059022903442383,27.205720901489258,27.33068084716797,20.51842498779297,16347064
2001-04-09,27.148595809936523,27.398517608642578,25.11709213256836,25.509824752807617,19.15142250061035,68517838
2001-04-10,25.36344337463379,25.36344337463379,23.299806594848633,23.464040756225586,17.61555290222168,51180311
2001-04-11,23.564008712768555,24.103124618530273,21.896677017211914,23.153423309326172,17.38235855102539,79577889
2001-04-12,22.707136154174805,22.707136154174805,20.85771942138672,21.232601165771484,15.940312385559082,91028313
2001-04-13,21.232601165771484,21.232601165771484,21.232601165771484,21.232601165771484,15.940312385559082,0
2001-04-16,20.893421173095703,22.35010528564453,20.707765579223633,22.003786087036133,16.519269943237305,63144487
2001-04-17,21.921669006347656,22.978479385375977,21.850263595581055,22.507198333740234,16.89720916748047,55346202
2001-04-18,22.421512603759766,23.556869506835938,21.636045455932617,23.364072799682617,17.54050636291504,92069344
2001-04-19,23.56043815612793,27.034345626831055,23.56043815612793,26.402402877807617,19.821523666381836,148974490
2001-04-20,26.41311264038086,26.770143508911133,25.213489532470703,25.624074935913086,19.23719024658203,80686282
2001-04-23,25.34916114807129,25.948972702026367,25.045686721801758,25.284896850585938,18.982555389404297,45602314
2001-04-24,25.07781982421875,25.206350326538086,24.599397659301758,24.952857971191406,18.733285903930664,37334378
2001-04-25,24.992130279541016,25.92041015625,24.849319458007812,25.60979461669922,19.226472854614258,69473779
2001-04-26,25.738325119018555,26.127487182617188,25.120662689208984,25.338451385498047,19.4218692779541,71457307
2001-04-27,25.06353759765625,25.06353759765625,23.749664306640625,24.660093307495117,18.90190887451172,72373573
2001-04-30,24.899303436279297,25.234912872314453,23.849634170532227,24.456586837768555,18.74591827392578,46574990
2001-05-01,24.456586837768555,24.456586837768555,24.456586837768555,24.456586837768555,18.74591827392578,0
2001-05-02,24.420883178710938,24.742210388183594,24.00672721862793,24.442304611206055,18.734975814819336,31688179
2001-05-03,24.349475860595703,24.906444549560547,24.25307846069336,24.560123443603516,18.825284957885742,32772960
2001-05-04,24.503000259399414,24.706506729125977,24.349475860595703,24.542272567749023,18.811599731445312,17594955
2001-05-07,24.49228858947754,24.806474685668945,24.24593734741211,24.342336654663086,18.658344268798828,15749006
2001-05-08,24.313772201538086,24.86359977722168,24.281641006469727,24.713647842407227,18.942962646484375,30808142
2001-05-09,24.777912139892578,25.54909896850586,24.74578094482422,25.11709213256836,19.252195358276367,62306141
2001-05-10,25.127803802490234,25.470552444458008,25.034975051879883,25.359872817993164,19.43828582763672,30532185
2001-05-11,25.452701568603516,25.799020767211914,25.288467407226562,25.37415313720703,19.44923210144043,31238931
2001-05-14,25.34916114807129,25.852575302124023,25.324169158935547,25.691911697387695,19.692800521850586,24879040
2001-05-15,25.491973876953125,26.59162712097168,24.860029220581055,26.477378845214844,20.294851303100586,65107625
2001-05-16,26.60590934753418,26.763002395629883,26.07393455505371,26.202465057373047,20.084131240844727,46455448
2001-05-17,26.341705322265625,27.494915008544922,26.341705322265625,27.3164005279541,20.93796157836914,81220452
2001-05-18,27.46992301940918,27.480634689331055,26.634471893310547,26.766572952270508,20.516521453857422,42258187
2001-05-21,26.563064575195312,27.241422653198242,26.534503936767578,26.895103454589844,20.615041732788086,40671474
2001-05-22,26.980791091918945,27.241422653198242,26.827268600463867,26.952228546142578,20.658824920654297,29510899
2001-05-23,26.92366600036621,27.366384506225586,26.909385681152344,27.20928955078125,20.85586166381836,26407985
2001-05-24,27.205720901489258,28.162561416625977,27.205720901489258,28.055452346801758,21.504444122314453,94556989
2001-05-25,28.130428314208984,28.398202896118164,27.923351287841797,28.10186767578125,21.540021896362305,59731991
2001-05-28,28.13399887084961,28.69810676574707,28.13399887084961,28.476749420166016,21.827363967895508,36493007
2001-05-29,28.491029739379883,29.05870819091797,28.34821891784668,28.805217742919922,22.079137802124023,42811487
2001-05-30,28.99087142944336,29.040857315063477,27.844804763793945,27.959054946899414,21.43055534362793,54700207
2001-05-31,27.819812774658203,28.119718551635742,27.34853172302246,28.012609481811523,21.471603393554688,42893875
2001-06-01,28.0804443359375,28.151851654052734,26.998641967773438,27.15216636657715,20.81207847595215,43078103
2001-06-04,27.27712631225586,27.344961166381836,26.509511947631836,26.759431838989258,20.51104736328125,31130355
2001-06-05,26.616619110107422,26.97722053527832,26.455955505371094,26.630901336669922,20.412525177001953,28362650
2001-06-06,26.770143508911133,26.848690032958984,25.98110580444336,26.102495193481445,20.007505416870117,39624813
2001-06-07,26.206035614013672,26.238168716430664,25.502685546875,26.0060977935791,19.933618545532227,52703851
2001-06-08,26.063222885131836,26.666603088378906,26.016809463500977,26.448816299438477,20.272958755493164,50362650
2001-06-11,26.42025375366211,26.595197677612305,26.141769409179688,26.470237731933594,20.289382934570312,37387314
2001-06-12,26.41311264038086,26.513080596923828,26.241737365722656,26.4238224029541,20.253803253173828,19314752
2001-06-13,26.49165916442871,26.912954330444336,26.4238224029541,26.805845260620117,20.5466251373291,32180868
2001-06-14,26.695167541503906,27.012924194335938,25.85614585876465,25.984676361083984,19.91719627380371,65138602
2001-06-15,25.85614585876465,25.85614585876465,25.213489532470703,25.534818649291992,19.5723876953125,47495514
2001-06-18,25.35630226135254,25.491973876953125,24.213804244995117,24.320913314819336,18.64192771911621,55464526
2001-06-19,24.2780704498291,24.849319458007812,24.25307846069336,24.767202377319336,18.984010696411133,36523999
2001-06-20,23.921039581298828,25.06353759765625,23.921039581298828,24.6243896484375,18.874542236328125,26094230
2001-06-21,24.61724853515625,25.024263381958008,24.2780704498291,24.356616973876953,18.669292449951172,47233211
2001-06-22,24.420883178710938,24.549413681030273,24.00672721862793,24.449445724487305,18.74045181274414,31187017
2001-06-25,24.328054428100586,24.49942970275879,23.96031379699707,24.381608963012695,18.688451766967773,24725145
2001-06-26,24.313772201538086,24.91001319885254,24.206663131713867,24.76363182067871,18.98126792907715,28403417
2001-06-27,24.706506729125977,25.699052810668945,24.47800636291504,25.570520401000977,19.599748611450195,44329523
2001-06-28,25.563379287719727,26.16676139831543,25.456270217895508,25.870426177978516,19.82962989807129,38544176
2001-06-29,25.884706497192383,26.666603088378906,25.713333129882812,26.31314468383789,20.16897201538086,26944326
2001-07-02,26.477378845214844,28.20540428161621,25.15636444091797,25.60979461669922,19.629854202270508,14112521
2001-07-03,24.96356964111328,25.13494300842285,23.13557243347168,23.52116584777832,18.028921127319336,65799036
2001-07-04,23.064167022705078,23.671119689941406,22.992761611938477,23.292665481567383,17.853778839111328,39504767
2001-07-05,23.70682144165039,24.021007537841797,23.424768447875977,23.6889705657959,18.157543182373047,28086259
2001-07-06,23.13557243347168,23.51402473449707,22.921354293823242,23.2569637298584,17.826414108276367,17151702
2001-07-09,23.13557243347168,23.564008712768555,22.57146453857422,23.364072799682617,17.908510208129883,35909821
2001-07-10,23.671119689941406,23.913898468017578,23.349790573120117,23.82821273803711,18.264272689819336,24974270
2001-07-11,23.70682144165039,24.33162498474121,23.499744415283203,24.035289764404297,18.42300033569336,16015356
2001-07-12,24.170961380004883,24.470867156982422,24.07813262939453,24.2923526763916,18.620038986206055,17476842
2001-07-13,24.403030395507812,25.045686721801758,23.72824478149414,24.563695907592773,18.828020095825195,28580447
2001-07-16,24.19952392578125,24.420883178710938,23.564008712768555,23.70682144165039,18.171222686767578,21472159
2001-07-17,23.492603302001953,24.021007537841797,23.214120864868164,23.778228759765625,18.22596549987793,16188394
2001-07-18,23.85320472717285,23.95317268371582,23.206979751586914,23.331939697265625,17.88388442993164,20781490
2001-07-19,23.206979751586914,23.310518264770508,22.921354293823242,23.14271354675293,17.73883819580078,16907479
2001-07-20,23.278385162353516,23.285526275634766,22.17159080505371,22.414371490478516,17.180570602416992,25611498
2001-07-23,22.135887145996094,22.56432342529297,21.42182731628418,22.35010528564453,17.131309509277344,1948391
2001-07-24,21.50751495361328,22.600027084350586,21.50751495361328,22.446504592895508,17.205198287963867,13896909
2001-07-25,22.45721435546875,22.52505111694336,22.043060302734375,22.185871124267578,17.00542449951172,17154376
2001-07-26,21.993074417114258,22.307262420654297,21.621763229370117,21.768146514892578,16.685239791870117,30470005
2001-07-27,21.6717472076416,21.989505767822266,21.42182731628418,21.85383415222168,16.75091552734375,17946522
2001-07-30,21.810989379882812,22.421512603759766,21.657466888427734,22.33939552307129,17.12309455871582,21004692
2001-07-31,22.475067138671875,22.90350341796875,21.682458877563477,22.767831802368164,17.451496124267578,55492156
2001-08-01,22.917783737182617,23.01061248779297,22.296550750732422,22.528621673583984,17.26814079284668,26261387
2001-08-02,22.421512603759766,22.914213180541992,22.103755950927734,22.692855834960938,17.39402198791504,22788924
2001-08-03,22.671432495117188,22.928495407104492,22.157310485839844,22.65001106262207,17.36118507385254,48046979
2001-08-06,22.635730743408203,23.181987762451172,22.510770797729492,23.078447341918945,17.689579010009766,25558407
2001-08-07,22.924924850463867,23.564008712768555,22.924924850463867,23.503313064575195,18.015239715576172,32886578
2001-08-08,23.199838638305664,23.63541603088379,23.032033920288086,23.45332908630371,17.976924896240234,24997699
2001-08-09,23.278385162353516,24.26021957397461,23.206979751586914,23.978164672851562,18.379207611083984,32633546
2001-08-10,24.135257720947266,24.381608963012695,23.856773376464844,24.2637882232666,18.59814453125,35529952
2001-08-13,24.242366790771484,24.342336654663086,23.178417205810547,23.317657470703125,17.872936248779297,27804630
2001-08-14,23.542587280273438,23.542587280273438,22.8249568939209,22.924924850463867,17.5719051361084,41322595
2001-08-15,22.924924850463867,22.924924850463867,22.924924850463867,22.924924850463867,17.5719051361084,0
2001-08-16,23.064167022705078,23.66754722595215,22.921354293823242,23.3426513671875,17.892091751098633,40314418
2001-08-17,23.349790573120117,23.478321075439453,22.582176208496094,22.675003051757812,17.380342483520508,37882790
2001-08-20,22.492918014526367,22.985620498657227,22.460784912109375,22.69642448425293,17.396759033203125,27714988
2001-08-21,22.707136154174805,23.04274559020996,22.707136154174805,22.77140235900879,17.4542293548584,25945335
2001-08-22,22.77140235900879,22.77140235900879,22.77140235900879,22.77140235900879,17.4542293548584,0
2001-08-23,22.84280776977539,24.135257720947266,22.57146453857422,22.635730743408203,17.35024070739746,24387653
2001-08-24,22.707136154174805,22.72498893737793,22.435792922973633,22.503629684448242,17.24898338317871,20928018
2001-08-27,22.707136154174805,22.84280776977539,22.35724639892578,22.514339447021484,17.257192611694336,18360044
2001-08-28,22.414371490478516,22.685714721679688,22.292980194091797,22.33939552307129,17.12309455871582,14452184
2001-08-29,22.27869987487793,22.867799758911133,22.27155876159668,22.735698699951172,17.426864624023438,48566417
2001-08-30,22.653581619262695,22.94991683959961,22.492918014526367,22.785682678222656,17.465179443359375,27727662
2001-08-31,22.735698699951172,22.778541564941406,22.103755950927734,22.21800422668457,17.030052185058594,39395546
2001-09-03,22.207294464111328,22.492918014526367,22.207294464111328,22.328683853149414,17.11488914489746,16171687
2001-09-04,22.34296417236328,22.59288787841797,22.03948974609375,22.446504592895508,17.205198287963867,22366089
2001-09-05,22.35010528564453,22.56432342529297,22.121606826782227,22.21800422668457,17.030052185058594,11804371
2001-09-06,22.707136154174805,22.707136154174805,22.10018539428711,22.250137329101562,17.054677963256836,16967446
2001-09-07,22.400089263916016,22.400089263916016,21.85383415222168,21.971654891967773,16.841222763061523,20467497
2001-09-10,21.921669006347656,22.09304428100586,21.65389633178711,21.718162536621094,16.64692497253418,12647198
2001-09-11,21.814559936523438,21.921669006347656,21.636045455932617,21.782428741455078,16.69618797302246,14673580
2001-09-12,21.064796447753906,21.5289363861084,19.711650848388672,21.271873474121094,16.30484390258789,34785814
2001-09-13,21.42182731628418,21.636045455932617,20.568523406982422,20.729188919067383,15.888877868652344,20201511
2001-09-14,20.82915687561035,20.82915687561035,18.658411026000977,18.658411026000977,14.301633834838867,31589350
2001-09-17,18.01218605041504,18.958316802978516,17.208866119384766,18.75480842590332,14.375519752502441,100059643
2001-09-18,18.565582275390625,19.8865966796875,17.85152244567871,18.07645034790039,13.855560302734375,87037267
2001-09-19,18.565582275390625,18.672691345214844,17.362390518188477,17.630163192749023,13.513482093811035,54005126
2001-09-20,17.27313232421875,17.530195236206055,16.551931381225586,17.130321502685547,13.130354881286621,61146786
2001-09-21,16.684032440185547,16.70902442932129,15.420145034790039,15.470129013061523,11.857819557189941,73484375
2001-09-24,15.530823707580566,16.198471069335938,15.323746681213379,15.791457176208496,12.104120254516602,101903813
2001-09-25,16.073511123657227,16.351993560791016,14.53827953338623,14.752497673034668,11.307758331298828,99719112
2001-09-26,14.988138198852539,16.23060417175293,14.988138198852539,16.219892501831055,12.432513236999512,91794116
2001-09-27,15.348738670349121,17.48021125793457,15.348738670349121,17.258852005004883,13.22887134552002,134391056
2001-09-28,17.423086166381836,18.986879348754883,17.030351638793945,18.89405059814453,14.482254028320312,145786541
2001-10-01,18.851207733154297,19.38675308227539,18.087162017822266,18.533449172973633,14.205848693847656,204260754
2001-10-02,18.533449172973633,18.533449172973633,18.533449172973633,18.533449172973633,14.205848693847656,0
2001-10-03,18.63698959350586,18.701255798339844,17.28741455078125,17.608741760253906,13.497062683105469,99945731
2001-10-04,17.7836856842041,18.26567840576172,17.390953063964844,17.81224822998047,13.653050422668457,149091469
2001-10-05,17.780115127563477,18.351364135742188,17.39452362060547,17.89793586730957,13.718727111816406,71438233
2001-10-08,17.2802734375,18.27638816833496,17.17316436767578,18.01932716369629,13.811772346496582,103922801
2001-10-09,18.208553314208984,18.408489227294922,17.794397354125977,18.0728816986084,13.852823257446289,103584608
2001-10-10,17.994333267211914,18.836925506591797,17.994333267211914,18.433481216430664,14.129222869873047,90542542
2001-10-11,18.565582275390625,19.18681526184082,18.565582275390625,18.951175689697266,14.526037216186523,79497826
2001-10-12,19.07613754272461,19.479581832885742,18.92975425720215,19.06899642944336,14.616344451904297,87830406
2001-10-15,18.965457916259766,19.75806427001953,18.779800415039062,19.536706924438477,14.974843978881836,66342603
2001-10-16,19.629533767700195,19.77234649658203,19.397464752197266,19.536706924438477,14.974843978881836,45376787
2001-10-17,19.636674880981445,20.472126007080078,19.49386215209961,20.318603515625,15.574169158935547,59714247
2001-10-18,19.97228240966797,20.029407501220703,19.57240867614746,19.704509735107422,15.103463172912598,42306432
2001-10-19,19.672378540039062,19.8865966796875,19.529565811157227,19.743783950805664,15.133564949035645,38912730
2001-10-22,19.761634826660156,20.236486434936523,19.279644012451172,19.479581832885742,14.931057929992676,42206273
2001-10-23,19.75806427001953,19.82590103149414,19.511714935302734,19.629533767700195,15.045995712280273,26546026
2001-10-24,19.850893020629883,19.850893020629883,18.89405059814453,18.990449905395508,14.55613899230957,47907075
2001-10-25,19.20823860168457,19.243940353393555,18.69054412841797,18.844066619873047,14.443937301635742,27738810
2001-10-26,18.844066619873047,18.844066619873047,18.844066619873047,18.844066619873047,14.443937301635742,0
2001-10-29,18.994020462036133,19.30820655822754,18.358505249023438,18.597715377807617,14.255108833312988,30511794
2001-10-30,18.279958724975586,18.401348114013672,17.933639526367188,18.033607482910156,13.822723388671875,34700611
2001-10-31,18.137147903442383,18.454904556274414,17.7265625,18.165708541870117,13.923979759216309,107369902
2001-11-01,18.351364135742188,18.772661209106445,18.226404190063477,18.61556625366211,14.268790245056152,54707587
2001-11-02,18.601285934448242,19.20823860168457,18.56915283203125,18.77623176574707,14.391940116882324,44285269
2001-11-05,18.808364868164062,18.808364868164062,18.369216918945312,18.672691345214844,14.312577247619629,34339311
2001-11-06,18.9226131439209,19.065425872802734,18.47632598876953,18.744098663330078,14.367313385009766,33712838
2001-11-07,18.958316802978516,19.029722213745117,18.301380157470703,18.501317977905273,14.181221008300781,22285087
2001-11-08,18.494176864624023,18.740528106689453,17.983623504638672,18.61556625366211,14.268790245056152,41576201
2001-11-09,18.81550407409668,19.026151657104492,18.587005615234375,18.854778289794922,14.452146530151367,34613167
2001-11-12,18.91547393798828,19.236799240112305,18.801223754882812,19.00830078125,14.569825172424316,27757758
2001-11-13,18.994020462036133,19.243940353393555,18.801223754882812,19.168964385986328,14.692968368530273,32125312
2001-11-14,19.415315628051758,19.61882209777832,19.36176109313965,19.50814437866211,14.952953338623047,12335502
2001-11-15,19.49386215209961,19.97228240966797,19.422456741333008,19.854463577270508,15.218409538269043,31320535
2001-11-16,19.854463577270508,19.854463577270508,19.854463577270508,19.854463577270508,15.218409538269043,0
2001-11-19,20.286470413208008,21.843122482299805,20.286470413208008,21.796709060668945,16.707130432128906,71040018
2001-11-20,22.135887145996094,22.207294464111328,20.56495475769043,20.78274154663086,15.929929733276367,44342547
2001-11-21,20.85057830810547,21.582490921020508,20.529251098632812,21.021953582763672,16.11328125,40602096
2001-11-22,21.064796447753906,21.30757713317871,20.714906692504883,20.84343719482422,15.97645092010498,31503531
2001-11-23,20.85057830810547,21.171905517578125,20.332883834838867,20.84343719482422,15.97645092010498,36048423
2001-11-26,21.11478042602539,21.543216705322266,21.011241912841797,21.321857452392578,16.34315299987793,36689979
2001-11-27,21.564638137817383,21.771717071533203,20.764890670776367,20.93626594543457,16.0476016998291,27767645
2001-11-28,20.93626594543457,21.011241912841797,20.372156143188477,20.747039794921875,15.902560234069824,32388329
2001-11-29,20.707765579223633,20.83629608154297,20.42214012145996,20.70419692993164,15.869722366333008,24401629
2001-11-30,20.70419692993164,20.70419692993164,20.70419692993164,20.70419692993164,15.869722366333008,0
2001-12-03,20.786312103271484,20.971967697143555,20.42214012145996,20.739898681640625,15.897085189819336,26789941
2001-12-04,20.85057830810547,21.49323272705078,20.779172897338867,21.31471824645996,16.337684631347656,34449596
2001-12-05,21.789567947387695,22.5500431060791,21.70745086669922,22.37152862548828,17.147729873657227,45707249
2001-12-06,22.84994888305664,23.171276092529297,21.857404708862305,22.13231658935547,16.964372634887695,48654406
2001-12-07,22.135887145996094,22.5500431060791,22.135887145996094,22.27869987487793,17.076576232910156,30398723
2001-12-10,22.207294464111328,22.846378326416016,22.207294464111328,22.496488571166992,17.24350929260254,20566620
2001-12-11,22.492918014526367,22.69642448425293,22.068052291870117,22.168020248413086,16.991743087768555,23066337
2001-12-12,22.35010528564453,22.84280776977539,22.071622848510742,22.207294464111328,17.021846771240234,25557637
2001-12-13,22.33225440979004,22.778541564941406,21.111209869384766,22.207294464111328,17.021846771240234,57676438
2001-12-14,22.207294464111328,22.27869987487793,21.796709060668945,22.157310485839844,16.9835262298584,18745655
2001-12-17,22.157310485839844,22.157310485839844,22.157310485839844,22.157310485839844,16.9835262298584,0
2001-12-18,22.135887145996094,22.460784912109375,21.60748291015625,22.075193405151367,16.920591354370117,21648727
2001-12-19,22.414371490478516,22.414371490478516,21.921669006347656,22.043060302734375,16.89595603942871,35696394
2001-12-20,22.028778076171875,22.27869987487793,21.60748291015625,22.157310485839844,16.9835262298584,24662041
2001-12-21,21.77885627746582,22.242996215820312,21.77885627746582,22.160879135131836,16.98626136779785,14107101
2001-12-24,21.850263595581055,22.307262420654297,21.77885627746582,22.185871124267578,17.00542449951172,13869867
2001-12-25,22.185871124267578,22.185871124267578,22.185871124267578,22.185871124267578,17.00542449951172,0
2001-12-26,22.128747940063477,22.35010528564453,21.66460609436035,21.90738868713379,16.791969299316406,9321039
2001-12-27,21.77885627746582,21.882396697998047,21.293296813964844,21.582490921020508,16.54293441772461,35795461
2001-12-28,21.42182731628418,21.771717071533203,20.6506404876709,21.557498931884766,16.523778915405273,29663225
2001-12-31,21.70745086669922,22.053770065307617,21.321857452392578,21.864545822143555,16.759130477905273,16250994
2002-01-01,21.771717071533203,22.057340621948242,21.60748291015625,21.77885627746582,16.693445205688477,9645367
2002-01-02,21.711021423339844,21.850263595581055,21.49323272705078,21.67888832092285,16.6168270111084,9579602
2002-01-03,21.77885627746582,21.91809844970703,21.0826473236084,21.1683349609375,16.22548484802246,22102484
2002-01-04,21.49323272705078,23.260534286499023,21.279014587402344,22.924924850463867,17.5719051361084,62707885
2002-01-07,22.778541564941406,23.603282928466797,22.65715217590332,22.84994888305664,17.514434814453125,42526568
2002-01-08,22.924924850463867,23.206979751586914,22.535762786865234,22.69642448425293,17.396759033203125,23035569
2002-01-09,22.84994888305664,23.956743240356445,22.57146453857422,23.446189880371094,17.971450805664062,87376887
2002-01-10,23.571149826049805,23.896047592163086,22.964197158813477,23.181987762451172,17.768945693969727,34331917
2002-01-11,23.349790573120117,23.921039581298828,22.71070671081543,23.33551025390625,17.886613845825195,42278396
2002-01-14,23.63541603088379,24.563695907592773,23.01061248779297,23.2569637298584,17.826414108276367,65636529
2002-01-15,23.199838638305664,23.485462188720703,22.874940872192383,23.046314239501953,17.664953231811523,23187797
2002-01-16,23.214120864868164,23.314088821411133,22.57146453857422,22.867799758911133,17.52811622619629,18179387
2002-01-17,22.635730743408203,23.060596466064453,22.532190322875977,22.75712013244629,17.44328498840332,27352232
2002-01-18,23.556869506835938,23.556869506835938,22.028778076171875,22.250137329101562,17.054677963256836,32497955
2002-01-21,22.35010528564453,22.54290199279785,22.207294464111328,22.307262420654297,17.098466873168945,14862513
2002-01-22,22.27869987487793,22.76426124572754,22.068052291870117,22.321544647216797,17.109416961669922,27447966
2002-01-23,22.27869987487793,22.628589630126953,22.189441680908203,22.467926025390625,17.221616744995117,16462461
2002-01-24,22.528621673583984,22.635730743408203,22.242996215820312,22.389379501342773,17.161413192749023,11791529
2002-01-25,22.489347457885742,22.492918014526367,22.27869987487793,22.4786376953125,17.229827880859375,8558065
2002-01-28,22.56432342529297,23.13557243347168,22.32511329650879,22.453645706176758,17.210670471191406,32907556
2002-01-29,22.56432342529297,22.739269256591797,22.414371490478516,22.607168197631836,17.328340530395508,21020125
2002-01-30,22.48577880859375,22.707136154174805,22.07876205444336,22.425081253051758,17.188772201538086,19921605
2002-01-31,22.921354293823242,22.921354293823242,21.250452041625977,21.428966522216797,16.425254821777344,94887745
2002-02-01,21.46824073791504,21.80742073059082,21.286155700683594,21.46824073791504,16.455360412597656,62540337
2002-02-04,21.88596534729004,21.88596534729004,21.182615280151367,21.621763229370117,16.57303237915039,26850286
2002-02-05,21.279014587402344,21.564638137817383,20.85771942138672,20.986249923706055,16.085914611816406,45867165
2002-02-06,21.064796447753906,21.24331283569336,20.732757568359375,20.82915687561035,15.965503692626953,61498409
2002-02-07,20.85057830810547,22.699996948242188,20.847007751464844,21.989505767822266,16.85491180419922,113657573
2002-02-08,21.993074417114258,22.45721435546875,21.864545822143555,22.221574783325195,17.032787322998047,59848718
2002-02-11,22.421512603759766,22.635730743408203,21.928810119628906,22.035919189453125,16.890487670898438,34021971
2002-02-12,22.135887145996094,22.45721435546875,21.971654891967773,22.07876205444336,16.923322677612305,40477289
2002-02-13,22.135887145996094,22.35010528564453,22.082332611083984,22.135887145996094,16.967111587524414,47407776
2002-02-14,22.307262420654297,22.59288787841797,22.143028259277344,22.246566772460938,17.05194664001465,28104451
2002-02-15,22.35010528564453,22.83566665649414,22.21800422668457,22.535762786865234,17.273616790771484,69678425
2002-02-18,22.707136154174805,22.978479385375977,22.58574676513672,22.760690689086914,17.446022033691406,49775515
2002-02-19,22.864229202270508,23.064167022705078,22.742839813232422,22.91064453125,17.560956954956055,40018084
2002-02-20,22.671432495117188,22.739269256591797,22.360816955566406,22.639301300048828,17.352975845336914,25876728
2002-02-21,22.735698699951172,22.921354293823242,22.314403533935547,22.4500732421875,17.207935333251953,19779727
2002-02-22,22.35010528564453,22.51791000366211,22.321544647216797,22.48577880859375,17.23530387878418,11669172
2002-02-25,22.507198333740234,22.61787986755371,22.35010528564453,22.47149658203125,17.22435760498047,12099948
2002-02-26,22.66429328918457,23.13557243347168,22.535762786865234,22.946346282958984,17.588329315185547,40451157
2002-02-27,23.13557243347168,23.58186149597168,22.72498893737793,23.260534286499023,17.829147338867188,101030821
2002-02-28,23.33551025390625,23.517595291137695,21.782428741455078,21.982364654541016,16.849437713623047,83680802
2002-03-01,21.993074417114258,23.185556411743164,21.796709060668945,23.014183044433594,17.640323638916016,63239227
2002-03-04,23.849634170532227,24.2780704498291,22.27869987487793,22.396520614624023,17.16688346862793,158828803
2002-03-05,22.778541564941406,22.807104110717773,22.285839080810547,22.403661727905273,17.172359466552734,61248668
2002-03-06,21.993074417114258,22.95705795288086,21.878826141357422,21.968082427978516,16.838489532470703,46666285
2002-03-07,22.135887145996094,22.307262420654297,21.896677017211914,22.228715896606445,17.03826141357422,30686653
2002-03-08,22.27155876159668,22.45721435546875,21.825271606445312,21.91809844970703,16.800174713134766,25543031
2002-03-11,22.096614837646484,22.096614837646484,21.211179733276367,21.311147689819336,16.334949493408203,55717669
2002-03-12,21.343280792236328,21.382553100585938,20.81487464904785,20.86842918395996,15.995609283447266,36594497
2002-03-13,20.92198371887207,21.321857452392578,20.85057830810547,20.96839714050293,16.072233200073242,38789212
2002-03-14,21.211179733276367,21.30757713317871,21.014812469482422,21.24331283569336,16.28295135498047,22150267
2002-03-15,21.296865463256836,22.096614837646484,21.296865463256836,21.996646881103516,16.86038589477539,58963177
2002-03-18,22.185871124267578,22.335824966430664,21.78599739074707,21.90024757385254,16.7864933013916,28846110
2002-03-19,21.921669006347656,21.971654891967773,21.296865463256836,21.393264770507812,16.397890090942383,22878230
2002-03-20,21.49323272705078,21.768146514892578,21.31471824645996,21.689599990844727,16.625030517578125,33074349
2002-03-21,21.564638137817383,21.753864288330078,21.50037384033203,21.675317764282227,16.614084243774414,16132181
2002-03-22,21.41468620300293,21.750295639038086,21.21474838256836,21.69317054748535,16.62777328491211,26800906
2002-03-25,21.69317054748535,21.69317054748535,21.69317054748535,21.69317054748535,16.62777328491211,0
2002-03-26,21.59320068359375,21.600341796875,21.336139678955078,21.42182731628418,16.41978645324707,17638257
2002-03-27,21.628904342651367,21.66460609436035,21.05408477783203,21.428966522216797,16.425254821777344,32848472
2002-03-28,21.49323272705078,21.65389633178711,21.24688148498535,21.443248748779297,16.436203002929688,42148435
2002-03-29,21.443248748779297,21.443248748779297,21.443248748779297,21.443248748779297,16.436203002929688,0
2002-04-01,21.53964614868164,22.014497756958008,21.371843338012695,21.575349807739258,16.537460327148438,35258574
2002-04-02,21.457529067993164,21.725303649902344,21.457529067993164,21.675317764282227,16.614084243774414,21033737
2002-04-03,21.66817855834961,21.66817855834961,21.24688148498535,21.34684944152832,16.36231231689453,14761709
2002-04-04,21.457529067993164,22.84280776977539,21.457529067993164,21.803848266601562,16.712600708007812,138320973
2002-04-05,21.868114471435547,22.207294464111328,21.77885627746582,21.828840255737305,16.731761932373047,46535736
2002-04-08,21.93952178955078,22.007356643676758,21.568208694458008,21.636045455932617,16.5839786529541,24111052
2002-04-09,21.6717472076416,21.718162536621094,21.364702224731445,21.432537078857422,16.427995681762695,19790832
2002-04-10,21.42182731628418,21.578920364379883,21.021953582763672,21.154054641723633,16.214540481567383,37386600
2002-04-11,21.28972625732422,21.453960418701172,21.086217880249023,21.17547607421875,16.230955123901367,11311359
2002-04-12,21.196897506713867,21.40754508972168,21.10407066345215,21.296865463256836,16.324005126953125,14316453
2002-04-15,21.279014587402344,21.411115646362305,20.946975708007812,21.025522232055664,16.116018295288086,9075948
2002-04-16,20.993389129638672,21.08978843688965,20.518539428710938,20.639930725097656,15.820459365844727,21118198
2002-04-17,20.839866638183594,20.879140853881836,20.61136817932129,20.711336135864258,15.875192642211914,13138234
2002-04-18,20.85057830810547,21.118350982666016,20.779172897338867,20.87557029724121,16.001081466674805,27042174
2002-04-19,20.889850616455078,21.350421905517578,20.154369354248047,20.329313278198242,15.582377433776855,26920238
2002-04-22,20.35073471069336,20.668493270874023,20.01155662536621,20.511398315429688,15.721941947937012,24606472
2002-04-23,20.579235076904297,21.03623390197754,20.432851791381836,20.793453216552734,15.938136100769043,51300609
2002-04-24,20.92198371887207,22.83566665649414,20.63636016845703,20.68277359008789,15.853301048278809,16814924
2002-04-25,20.74346923828125,20.772031784057617,20.36501693725586,20.493547439575195,15.708256721496582,23665824
2002-04-26,20.529251098632812,20.772031784057617,20.393579483032227,20.600656509399414,15.79035758972168,15820877
2002-04-29,20.63636016845703,20.63636016845703,19.468870162963867,19.658096313476562,15.067888259887695,66095201
2002-04-30,19.636674880981445,19.97228240966797,19.53313636779785,19.875885009765625,15.234821319580078,23646232
2002-05-01,19.875885009765625,19.875885009765625,19.875885009765625,19.875885009765625,15.234821319580078,0
2002-05-02,20.275758743286133,20.42214012145996,20.100814819335938,20.3043212890625,15.563216209411621,18346250
2002-05-03,20.35073471069336,20.70419692993164,20.329313278198242,20.554243087768555,15.754782676696777,24265829
2002-05-06,20.568523406982422,20.779172897338867,20.539962768554688,20.686344146728516,15.85604190826416,19012565
2002-05-07,20.63636016845703,21.014812469482422,20.50425910949707,20.932695388793945,16.04486656188965,16862118
2002-05-08,20.993389129638672,21.093358993530273,20.607797622680664,20.70419692993164,15.869722366333008,24711295
2002-05-09,20.886280059814453,21.046945571899414,20.654211044311523,20.811304092407227,15.951817512512207,16979041
2002-05-10,20.8220157623291,20.871999740600586,20.35787582397461,20.568523406982422,15.765730857849121,18418596
2002-05-13,20.707765579223633,20.707765579223633,20.372156143188477,20.42214012145996,15.653528213500977,11945493
2002-05-14,20.55067253112793,20.62921905517578,20.207923889160156,20.25790786743164,15.527645111083984,12623769
2002-05-15,20.329313278198242,20.493547439575195,20.007986068725586,20.200782775878906,15.483859062194824,15197303
2002-05-16,20.279329299926758,20.300750732421875,19.647384643554688,19.843751907348633,15.210190773010254,18686347
2002-05-17,19.922298431396484,20.525680541992188,19.67951774597168,20.050830841064453,15.368922233581543,40395769
2002-05-20,20.686344146728516,20.693485260009766,19.458158493041992,19.722362518310547,15.117149353027344,34081238
2002-05-21,19.465299606323242,19.51885414123535,17.751554489135742,18.726247787475586,14.35362720489502,79381407
2002-05-22,18.66912269592285,18.744098663330078,18.208553314208984,18.47632598876953,14.162065505981445,29677090
2002-05-23,18.422771453857422,18.551301956176758,17.901506423950195,18.140716552734375,13.904821395874023,28533504
2002-05-24,18.587005615234375,19.56526756286621,18.587005615234375,19.32248878479004,14.810647964477539,44689282
2002-05-27,19.615253448486328,19.615253448486328,18.92975425720215,19.233230590820312,14.742233276367188,25100939
2002-05-28,19.12255096435547,19.12255096435547,18.429912567138672,18.565582275390625,14.230481147766113,33161820
2002-05-29,19.636674880981445,19.636674880981445,18.369216918945312,18.944034576416016,14.520561218261719,24699489
2002-05-30,18.590574264526367,19.25465202331543,18.590574264526367,18.66912269592285,14.309844970703125,30406943
2002-05-31,18.772661209106445,18.994020462036133,18.25853729248047,18.81550407409668,14.42204475402832,30189483
2002-06-03,19.104698181152344,19.418886184692383,18.72267723083496,19.304636001586914,14.796960830688477,37182360
2002-06-04,19.31534767150879,19.629533767700195,19.143972396850586,19.49386215209961,14.942002296447754,29704678
2002-06-05,19.49386215209961,19.815189361572266,19.422456741333008,19.593830108642578,15.018631935119629,26497907
2002-06-06,19.636674880981445,19.77948760986328,19.30820655822754,19.654525756835938,15.06515121459961,25395900
2002-06-07,19.56526756286621,19.704509735107422,19.3689022064209,19.61882209777832,15.037781715393066,22927609
2002-06-10,19.7866268157959,20.35073471069336,19.7866268157959,20.272188186645508,15.53858757019043,26647796
2002-06-11,20.56495475769043,20.8077335357666,20.468555450439453,20.6506404876709,15.828670501708984,31196526
2002-06-12,20.59708595275879,20.59708595275879,20.307891845703125,20.44356346130371,15.669951438903809,15428095
2002-06-13,20.493547439575195,20.632789611816406,20.279329299926758,20.318603515625,15.574169158935547,11627649
2002-06-14,20.272188186645508,20.279329299926758,19.95086097717285,20.12580680847168,15.42638874053955,18098386
2002-06-17,20.415000915527344,20.415000915527344,20.17222023010254,20.343595504760742,15.593323707580566,11055527
2002-06-18,20.42214012145996,20.63636016845703,20.157939910888672,20.2329158782959,15.508481979370117,11623742
2002-06-19,20.207923889160156,20.622079849243164,19.918729782104492,20.468555450439453,15.689103126525879,34474440
2002-06-20,20.486406326293945,20.586376190185547,20.236486434936523,20.461414337158203,15.683629989624023,17168227
2002-06-21,20.493547439575195,20.493547439575195,20.13294792175293,20.272188186645508,15.53858757019043,11569671
2002-06-24,20.35073471069336,20.35073471069336,20.075822830200195,20.265047073364258,15.533110618591309,10577837
2002-06-25,19.77948760986328,20.107955932617188,19.136831283569336,19.479581832885742,14.931057929992676,142002298
2002-06-26,19.279644012451172,19.379613876342773,18.9226131439209,19.06899642944336,14.616344451904297,43979035
2002-06-27,19.243940353393555,19.515283584594727,18.997589111328125,19.404605865478516,14.873588562011719,40186683
2002-06-28,19.422456741333008,19.422456741333008,19.104698181152344,19.236799240112305,14.744963645935059,25290083
2002-07-01,19.283214569091797,19.56526756286621,19.176105499267578,19.401033401489258,14.870850563049316,12190220
2002-07-02,19.358190536499023,19.418886184692383,19.019012451171875,19.07256507873535,14.619078636169434,13464775
2002-07-03,19.065425872802734,19.49386215209961,19.00115966796875,19.14754295349121,14.676549911499023,33192882
2002-07-04,19.20823860168457,19.34748077392578,19.029722213745117,19.065425872802734,14.613608360290527,14491018
2002-07-05,19.136831283569336,19.19395637512207,18.726247787475586,18.801223754882812,14.411100387573242,29980061
2002-07-08,18.565582275390625,19.550987243652344,18.565582275390625,19.411745071411133,14.879060745239258,64437136
2002-07-09,19.426027297973633,19.893735885620117,19.286785125732422,19.77234649658203,15.155462265014648,51260501
2002-07-10,19.56526756286621,19.918729782104492,19.56526756286621,19.804479598999023,15.18008804321289,38031783
2002-07-11,19.708080291748047,19.75092315673828,18.90119171142578,18.96902847290039,14.539719581604004,35976076
2002-07-12,19.172534942626953,19.233230590820312,18.87619972229004,18.944034576416016,14.520561218261719,21813909
2002-07-15,19.065425872802734,19.065425872802734,18.565582275390625,18.983308792114258,14.550663948059082,14793471
2002-07-16,18.994020462036133,19.08684730529785,18.287099838256836,18.415630340576172,14.11553955078125,31603760
2002-07-17,18.369216918945312,18.458473205566406,17.980052947998047,18.130006790161133,13.896612167358398,52119237
2002-07-18,18.208553314208984,18.594146728515625,18.147857666015625,18.519168853759766,14.194905281066895,24984143
2002-07-19,18.279958724975586,18.733386993408203,18.279958724975586,18.551301956176758,14.219529151916504,31751913
2002-07-22,18.351364135742188,18.415630340576172,18.137147903442383,18.33708381652832,14.055334091186523,19612164
2002-07-23,18.179990768432617,18.551301956176758,18.04431915283203,18.333513259887695,14.052597999572754,32536594
2002-07-24,18.315662384033203,18.34422492980957,17.85866355895996,17.962202072143555,13.767986297607422,30787149
2002-07-25,18.208553314208984,18.540590286254883,17.855093002319336,17.980052947998047,13.781671524047852,84576776
2002-07-26,17.987194061279297,17.987194061279297,17.415945053100586,17.523054122924805,13.431385040283203,40847663
2002-07-29,17.462358474731445,17.890796661376953,17.051773071289062,17.690858840942383,13.560004234313965,60666477
2002-07-30,17.95149040222168,18.05145835876465,17.515914916992188,17.623022079467773,13.508009910583496,43537882
2002-07-31,17.490921020507812,17.690858840942383,17.212438583374023,17.448078155517578,13.373915672302246,47786651
2002-08-01,17.601600646972656,17.780115127563477,17.33382797241211,17.498062133789062,13.412227630615234,27319742
2002-08-02,17.28741455078125,17.458789825439453,17.069625854492188,17.34096908569336,13.291815757751465,27827682
2002-08-05,17.494491577148438,17.537334442138672,17.2659912109375,17.41951560974121,13.352021217346191,30377086
2002-08-06,17.351680755615234,17.41951560974121,17.18030548095703,17.248140335083008,13.220660209655762,23542179
2002-08-07,17.423086166381836,17.6265926361084,17.116039276123047,17.22671890258789,13.204244613647461,34574487
2002-08-08,17.262422561645508,17.330257415771484,16.519798278808594,16.648330688476562,12.760908126831055,51285484
2002-08-09,16.71616554260254,16.826845169067383,16.394838333129883,16.75543975830078,12.843010902404785,47182515
2002-08-12,16.976797103881836,17.37310028076172,16.73044776916504,17.205297470092773,13.187824249267578,62182944
2002-08-13,17.315977096557617,17.423086166381836,17.230289459228516,17.319547653198242,13.275394439697266,21763829
2002-08-14,17.28741455078125,17.38738250732422,17.005359649658203,17.03392219543457,13.056464195251465,33857699
2002-08-15,17.03392219543457,17.03392219543457,17.03392219543457,17.03392219543457,13.056464195251465,0
2002-08-16,17.208866119384766,17.415945053100586,17.15888214111328,17.337398529052734,13.289079666137695,27666323
2002-08-19,17.430225372314453,17.615882873535156,17.430225372314453,17.51234245300293,13.423174858093262,28777811
2002-08-20,17.601600646972656,17.887224197387695,17.523054122924805,17.77297592163086,13.62295150756836,45786682
2002-08-21,17.7836856842041,17.926498413085938,17.48021125793457,17.508773803710938,13.42043685913086,27886990
2002-08-22,17.637304306030273,17.808679580688477,17.565898895263672,17.683717727661133,13.554532051086426,25102704
2002-08-23,17.84438133239746,17.883655548095703,17.608741760253906,17.83367156982422,13.669472694396973,19770288
2002-08-26,17.855093002319336,18.05145835876465,17.794397354125977,17.919357299804688,13.735148429870605,23081504
2002-08-27,18.565582275390625,18.565582275390625,17.565898895263672,17.608741760253906,13.497062683105469,18730054
2002-08-28,17.530195236206055,17.637304306030273,17.437366485595703,17.544475555419922,13.447803497314453,13400495
2002-08-29,17.494491577148438,17.85152244567871,17.46592903137207,17.822959899902344,13.661261558532715,28821799
2002-08-30,17.901506423950195,18.308521270751953,17.780115127563477,18.24425506591797,13.984180450439453,47353033
2002-09-02,18.565582275390625,19.136831283569336,18.565582275390625,18.940465927124023,14.517826080322266,57789944
2002-09-03,19.022581100463867,19.058284759521484,18.64413070678711,18.872629165649414,14.46583080291748,30057968
2002-09-04,18.70839500427246,19.34748077392578,18.63698959350586,19.229660034179688,14.739492416381836,69110182
2002-09-05,19.279644012451172,19.34033966064453,18.9226131439209,18.990449905395508,14.55613899230957,29739969
2002-09-06,18.994020462036133,19.165393829345703,18.797653198242188,18.96902847290039,14.539719581604004,35214586
2002-09-09,18.91547393798828,18.994020462036133,18.404918670654297,18.633419036865234,14.282475471496582,34598449
2002-09-10,18.633419036865234,18.633419036865234,18.633419036865234,18.633419036865234,14.282475471496582,0
2002-09-11,18.63698959350586,18.71553611755371,18.315662384033203,18.379926681518555,14.088172912597656,28936173
2002-09-12,18.408489227294922,18.826215744018555,18.387067794799805,18.601285934448242,14.257843017578125,39028575
2002-09-13,18.6476993560791,18.919042587280273,18.401348114013672,18.494176864624023,14.17574691772461,51848098
2002-09-16,18.565582275390625,18.651269912719727,18.351364135742188,18.426340103149414,14.123753547668457,29624055
2002-09-17,18.440622329711914,18.77623176574707,18.440622329711914,18.679832458496094,14.318050384521484,18710406
2002-09-18,18.565582275390625,18.694114685058594,18.422771453857422,18.46918487548828,14.15658950805664,17194639
2002-09-19,18.526309967041016,18.526309967041016,18.24425506591797,18.429912567138672,14.126486778259277,21151150
2002-09-20,18.208553314208984,18.379926681518555,18.069311141967773,18.24425506591797,13.984180450439453,24616387
2002-09-23,18.351364135742188,18.704824447631836,18.208553314208984,18.565582275390625,14.230481147766113,25511899
2002-09-24,18.494176864624023,18.658411026000977,18.158567428588867,18.24425506591797,13.984180450439453,33851622
2002-09-25,18.144287109375,18.27638816833496,17.994333267211914,18.233545303344727,13.975973129272461,16970345
2002-09-26,18.351364135742188,18.358505249023438,18.19070053100586,18.25853729248047,13.995131492614746,8181500
2002-09-27,18.262107849121094,18.52988052368164,18.122865676879883,18.419200897216797,14.118274688720703,26125096
2002-09-30,18.369216918945312,18.565582275390625,18.358505249023438,18.426340103149414,14.123753547668457,31576774
2002-10-01,18.287099838256836,18.387067794799805,17.7836856842041,17.85152244567871,13.683152198791504,29068668
2002-10-02,17.85152244567871,17.85152244567871,17.85152244567871,17.85152244567871,13.683152198791504,0
2002-10-03,17.780115127563477,17.815818786621094,17.17316436767578,17.28741455078125,13.250768661499023,68501677
2002-10-04,17.216007232666016,17.269563674926758,16.784000396728516,16.862548828125,12.9251070022583,55472424
2002-10-07,16.780431747436523,17.255281448364258,16.751867294311523,17.14817237854004,13.144039154052734,28380996
2002-10-08,17.183874130249023,17.408803939819336,17.123180389404297,17.305265426635742,13.264449119567871,18650971
2002-10-09,17.33382797241211,17.38024139404297,16.97322654724121,17.023212432861328,13.048255920410156,20233315
2002-10-10,16.923242568969727,17.09461784362793,16.798282623291016,16.916101455688477,12.966156959533691,20938059
2002-10-11,17.922927856445312,17.922927856445312,17.001789093017578,17.108898162841797,13.113932609558105,18031444
2002-10-14,17.208866119384766,17.38024139404297,17.137460708618164,17.2945556640625,13.25623893737793,14663623
2002-10-15,17.2945556640625,17.2945556640625,17.2945556640625,17.2945556640625,13.25623893737793,0
2002-10-16,17.38738250732422,17.655155181884766,17.337398529052734,17.437366485595703,13.365704536437988,27546599
2002-10-17,17.38738250732422,17.48021125793457,17.255281448364258,17.398094177246094,13.335602760314941,16907675
2002-10-18,17.47307014465332,17.662296295166016,17.248140335083008,17.344539642333984,13.2945556640625,19903470
2002-10-21,17.423086166381836,17.437366485595703,17.223148345947266,17.290983200073242,13.253503799438477,11103912
2002-10-22,17.35881996154785,17.37310028076172,17.069625854492188,17.13389015197754,13.133090019226074,15611777
2002-10-23,16.98036766052246,16.98036766052246,16.808992385864258,16.8482666015625,13.373238563537598,19106437
2002-10-24,16.780431747436523,16.923242568969727,16.359134674072266,16.416259765625,13.0303373336792,40213040
2002-10-25,16.387697219848633,16.4876651763916,15.820018768310547,15.927127838134766,12.642090797424316,66184858
2002-10-28,15.909276962280273,16.03780746459961,15.570097923278809,15.69505786895752,12.4578857421875,40337021
2002-10-29,16.102073669433594,16.60191535949707,16.002103805541992,16.46267318725586,13.067174911499023,79943964
2002-10-30,16.60905647277832,16.844696044921875,16.60905647277832,16.737586975097656,13.28538990020752,53997354
2002-10-31,16.92681312561035,19.236799240112305,16.92681312561035,18.958316802978516,15.04808235168457,509674504
2002-11-01,18.979738235473633,19.11540985107422,17.976482391357422,18.404918670654297,14.6088228225708,317726453
2002-11-04,18.78337287902832,18.872629165649414,18.587005615234375,18.797653198242188,14.920557975769043,72357384
2002-11-05,18.9226131439209,18.9226131439209,18.544160842895508,18.651269912719727,14.804365158081055,71797712
2002-11-06,18.651269912719727,18.651269912719727,18.651269912719727,18.651269912719727,14.804365158081055,0
2002-11-07,18.81550407409668,19.376041412353516,18.394208908081055,18.540590286254883,14.71651554107666,125825680
2002-11-08,18.137147903442383,18.719106674194336,18.137147903442383,18.422771453857422,14.622995376586914,95745571
2002-11-11,18.422771453857422,18.451332092285156,18.176420211791992,18.279958724975586,14.509639739990234,40732533
2002-11-12,18.137147903442383,18.686973571777344,18.112154006958008,18.62270736694336,14.781693458557129,78121220
2002-11-13,19.26179313659668,19.26179313659668,18.594146728515625,18.76909065246582,14.8978853225708,114265630
2002-11-14,18.81550407409668,18.972597122192383,18.726247787475586,18.91547393798828,15.014077186584473,70839937
2002-11-15,19.07256507873535,19.243940353393555,19.00115966796875,19.151113510131836,15.201112747192383,68736475
2002-11-18,19.136831283569336,19.76520538330078,19.07256507873535,19.411745071411133,15.407989501953125,92854473
2002-11-19,19.411745071411133,19.411745071411133,19.411745071411133,19.411745071411133,15.407989501953125,0
2002-11-20,19.458158493041992,19.843751907348633,19.351049423217773,19.5259952545166,15.498673439025879,104343003
2002-11-21,19.654525756835938,19.77948760986328,19.515283584594727,19.615253448486328,15.5695219039917,60963594
2002-11-22,19.743783950805664,20.593515396118164,19.743783950805664,20.375728607177734,16.17314910888672,189851549
2002-11-25,20.315031051635742,20.82915687561035,20.11866569519043,20.461414337158203,16.241159439086914,132548622
2002-11-26,20.686344146728516,21.12192153930664,20.67563247680664,20.879140853881836,16.572731018066406,193997106
2002-11-27,20.81487464904785,20.918413162231445,20.432851791381836,20.514968872070312,16.28366470336914,98332241
2002-11-28,20.707765579223633,20.918413162231445,20.647071838378906,20.764890670776367,16.482046127319336,99033736
2002-11-29,20.886280059814453,21.046945571899414,20.261478424072266,20.55781364440918,16.31768035888672,111038342
2002-12-02,20.700624465942383,21.218318939208984,20.56495475769043,21.032663345336914,16.694583892822266,82730519
2002-12-03,21.27544403076172,21.54678726196289,20.67206382751465,20.80416488647461,16.513219833374023,109562264
2002-12-04,20.92198371887207,21.018381118774414,20.479265213012695,20.886280059814453,16.578397750854492,128405068
2002-12-05,21.043373107910156,21.271873474121094,20.886280059814453,21.021953582763672,16.686084747314453,91548576
2002-12-06,21.071937561035156,21.350421905517578,20.925554275512695,21.146913528442383,16.785274505615234,51392478
2002-12-09,21.350421905517578,21.725303649902344,20.79702377319336,20.918413162231445,16.603899002075195,114266106
2002-12-10,20.772031784057617,21.011241912841797,20.572093963623047,20.946975708007812,16.626567840576172,64414715
2002-12-11,21.057655334472656,21.200468063354492,20.7506103515625,20.896991729736328,16.586898803710938,58044992
2002-12-12,20.92198371887207,21.032663345336914,20.718477249145508,20.98267936706543,16.6549129486084,56106320
2002-12-13,20.56495475769043,21.328998565673828,20.56495475769043,21.204038619995117,16.83061408996582,53087418
2002-12-16,21.564638137817383,21.564638137817383,21.064796447753906,21.11478042602539,16.759767532348633,93511658
2002-12-17,21.157623291015625,21.264732360839844,20.854148864746094,21.000530242919922,16.669078826904297,69258811
2002-12-18,21.032663345336914,21.12906265258789,20.61136817932129,20.700624465942383,16.431032180786133,49761007
2002-12-19,20.67206382751465,20.736328125,20.41143035888672,20.64349937438965,16.385684967041016,54218315
2002-12-20,20.63636016845703,20.911272048950195,20.63636016845703,20.764890670776367,16.482046127319336,51132080
2002-12-23,20.847007751464844,20.85057830810547,20.60422706604004,20.68277359008789,16.41686248779297,35336537
2002-12-24,20.654211044311523,20.86842918395996,20.150798797607422,20.818445205688477,16.524553298950195,51955287
2002-12-25,20.818445205688477,20.818445205688477,20.818445205688477,20.818445205688477,16.524553298950195,0
2002-12-26,20.904132843017578,21.614622116088867,20.886280059814453,21.457529067993164,17.031822204589844,153328642
2002-12-27,21.600341796875,21.878826141357422,21.22188949584961,21.343280792236328,16.941139221191406,144942117
2002-12-30,21.20760726928711,21.36113166809082,21.000530242919922,21.24331283569336,16.861785888671875,58407328
2002-12-31,21.41468620300293,21.41468620300293,21.211179733276367,21.27544403076172,16.887290954589844,53121742
2003-01-01,21.478952407836914,21.5289363861084,21.21474838256836,21.264732360839844,16.8787899017334,47412411
2003-01-02,21.339710235595703,21.339710235595703,20.893421173095703,20.957687377929688,16.63507080078125,40149278
2003-01-03,21.071937561035156,21.08978843688965,20.500688552856445,20.561382293701172,16.32050895690918,72746595
2003-01-06,20.539962768554688,20.59708595275879,20.2900390625,20.336454391479492,16.14197540283203,48579301
2003-01-07,20.42571258544922,20.53639030456543,20.300750732421875,20.354305267333984,16.156143188476562,37957980
2003-01-08,20.375728607177734,20.772031784057617,20.361446380615234,20.632789611816406,16.377185821533203,35951905
2003-01-09,20.74346923828125,21.271873474121094,20.725616455078125,21.161195755004883,16.796606063842773,79905158
2003-01-10,21.336139678955078,21.350421905517578,20.85057830810547,21.211179733276367,16.836284637451172,61297754
2003-01-13,21.20760726928711,21.22903060913086,21.02909278869629,21.0826473236084,16.73426055908203,36967854
2003-01-14,20.914844512939453,21.064796447753906,20.81487464904785,21.02909278869629,16.69175148010254,40219496
2003-01-15,20.85057830810547,20.957687377929688,20.522109985351562,20.764890670776367,16.482046127319336,55546606
2003-01-16,20.764890670776367,20.918413162231445,20.589946746826172,20.811304092407227,16.51888084411621,34454833
2003-01-17,20.886280059814453,20.97553825378418,20.7506103515625,20.87557029724121,16.569894790649414,26453471
2003-01-20,20.889850616455078,20.98982048034668,20.618507385253906,20.69705581665039,16.428197860717773,20736760
2003-01-21,20.707765579223633,20.92198371887207,20.56495475769043,20.85771942138672,16.555723190307617,26085071
2003-01-22,20.886280059814453,21.24331283569336,20.800594329833984,21.139772415161133,16.77960205078125,54271252
2003-01-23,21.20760726928711,21.42182731628418,20.8220157623291,20.900562286376953,16.58972930908203,45986007
2003-01-24,20.950546264648438,20.950546264648438,20.082963943481445,20.182931900024414,16.020118713378906,57131232
2003-01-27,20.154369354248047,20.343595504760742,19.30820655822754,19.51885414123535,15.49300479888916,68346732
2003-01-28,19.304636001586914,19.97228240966797,19.229660034179688,19.897306442260742,15.7933988571167,73657273
2003-01-29,22.135887145996094,22.135887145996094,19.376041412353516,19.504573822021484,15.481670379638672,43454178
2003-01-30,19.504573822021484,19.700939178466797,19.040433883666992,19.165393829345703,15.212450981140137,72634279
2003-01-31,19.065425872802734,19.9580020904541,18.801223754882812,19.64024543762207,15.58935832977295,172248779
2003-02-03,20.136516571044922,20.17222023010254,19.74735450744629,20.090103149414062,15.94643497467041,57143318
2003-02-04,20.293611526489258,20.447134017944336,20.01155662536621,20.093673706054688,15.949267387390137,62720447
2003-02-05,19.97228240966797,20.279329299926758,19.82590103149414,20.175790786743164,16.014446258544922,47109930
2003-02-06,20.207923889160156,20.41143035888672,20.143657684326172,20.354305267333984,16.156143188476562,41533991
2003-02-07,20.386438369750977,20.479265213012695,19.808048248291016,20.047260284423828,15.912424087524414,55241688
2003-02-10,20.043689727783203,20.200782775878906,19.922298431396484,20.11152458190918,15.963435173034668,40877745
2003-02-11,20.150798797607422,20.268617630004883,20.015127182006836,20.168649673461914,16.008777618408203,34483696
2003-02-12,20.10438346862793,20.200782775878906,19.890165328979492,20.079391479492188,15.937932968139648,36870328
2003-02-13,20.079391479492188,20.079391479492188,20.079391479492188,20.079391479492188,15.937932968139648,0
2003-02-14,20.115095138549805,20.343595504760742,20.007986068725586,20.286470413208008,16.102296829223633,51934645
2003-02-17,20.522109985351562,20.886280059814453,20.50425910949707,20.83629608154297,16.53871726989746,44307312
2003-02-18,20.92198371887207,20.979108810424805,20.622079849243164,20.68277359008789,16.41686248779297,32597597
2003-02-19,20.78274154663086,20.911272048950195,20.65778160095215,20.732757568359375,16.45653533935547,26041994
2003-02-20,20.707765579223633,20.772031784057617,20.49711799621582,20.62921905517578,16.37434959411621,21668977
2003-02-21,20.647071838378906,21.12906265258789,20.63636016845703,21.057655334472656,16.71442222595215,63267726
2003-02-24,21.218318939208984,21.689599990844727,21.218318939208984,21.614622116088867,17.156513214111328,133025346
2003-02-25,21.42182731628418,21.532506942749023,21.046945571899414,21.10407066345215,16.751264572143555,69502586
2003-02-26,21.182615280151367,21.271873474121094,20.81487464904785,20.893421173095703,16.584064483642578,55005461
2003-02-27,20.800594329833984,21.20760726928711,20.729188919067383,21.093358993530273,16.742759704589844,59556978
2003-02-28,21.20760726928711,21.621763229370117,20.889850616455078,21.046945571899414,16.705921173095703,103736766
2003-03-03,21.064796447753906,21.50751495361328,20.939836502075195,21.12192153930664,16.765432357788086,91988609
2003-03-04,21.000530242919922,21.189756393432617,20.779172897338867,20.864858627319336,16.561391830444336,37515217
2003-03-05,20.747039794921875,20.772031784057617,20.2186336517334,20.632789611816406,16.377185821533203,80031001
2003-03-06,20.568523406982422,20.607797622680664,20.29718017578125,20.375728607177734,16.17314910888672,34455800
2003-03-07,19.850893020629883,20.200782775878906,19.850893020629883,20.06511116027832,15.926594734191895,47100939
2003-03-10,20.05797004699707,20.107955932617188,19.604541778564453,19.775915145874023,15.697049140930176,55878146
2003-03-11,19.636674880981445,20.522109985351562,19.57240867614746,20.361446380615234,16.16181182861328,57681003
2003-03-12,20.35073471069336,20.41143035888672,19.74735450744629,19.872314453125,15.773560523986816,35543046
2003-03-13,19.850893020629883,20.05797004699707,19.665237426757812,19.847322463989258,15.753727912902832,50097000
2003-03-14,19.847322463989258,19.847322463989258,19.847322463989258,19.847322463989258,15.753727912902832,0
2003-03-17,19.850893020629883,20.05797004699707,19.654525756835938,19.961572647094727,15.844412803649902,56266796
2003-03-18,19.961572647094727,19.961572647094727,19.961572647094727,19.961572647094727,15.844412803649902,0
2003-03-19,20.136516571044922,20.400720596313477,20.10438346862793,20.354305267333984,16.156143188476562,49358268
2003-03-20,19.99370574951172,21.12906265258789,19.99370574951172,20.946975708007812,16.626567840576172,71416106
2003-03-21,20.8220157623291,21.06122589111328,20.372156143188477,20.957687377929688,16.63507080078125,57333596
2003-03-24,20.914844512939453,20.914844512939453,20.10438346862793,20.19721221923828,16.031450271606445,55710051
2003-03-25,19.922298431396484,20.472126007080078,19.790197372436523,20.400720596313477,16.192983627319336,49120571
2003-03-26,20.45784568786621,20.575664520263672,20.17936134338379,20.315031051635742,16.124967575073242,39091133
2003-03-27,20.200782775878906,20.254337310791016,19.936580657958984,20.029407501220703,15.898255348205566,35038397
2003-03-28,20.05797004699707,20.45070457458496,20.00441551208496,20.38286781311035,16.178813934326172,42733749
2003-03-31,20.07225227355957,20.193641662597656,19.67951774597168,19.8580322265625,15.762225151062012,47005639
2003-04-01,19.708080291748047,20.19007110595703,19.708080291748047,20.068681716918945,15.929429054260254,37292645
2003-04-02,20.175790786743164,20.42214012145996,20.06511116027832,20.157939910888672,16.00027847290039,35008078
2003-04-03,20.207923889160156,20.493547439575195,20.140087127685547,20.386438369750977,16.181650161743164,31214340
2003-04-04,20.432851791381836,21.000530242919922,20.432851791381836,20.954116821289062,16.63224220275879,68828778
2003-04-07,21.0826473236084,21.564638137817383,21.064796447753906,21.432537078857422,17.011985778808594,69034657
2003-04-08,21.279014587402344,21.336139678955078,21.02909278869629,21.146913528442383,16.785274505615234,42376062
2003-04-09,20.932695388793945,21.057655334472656,20.529251098632812,20.589946746826172,16.343177795410156,44544841
2003-04-10,20.55781364440918,20.600656509399414,20.143657684326172,20.368587493896484,16.167478561401367,40775373
2003-04-11,20.45070457458496,20.993389129638672,20.17222023010254,20.911272048950195,16.598234176635742,48412956
2003-04-15,20.92198371887207,20.93626594543457,19.575979232788086,20.157939910888672,16.00027847290039,81870746
2003-04-16,20.343595504760742,20.375728607177734,20.022266387939453,20.265047073364258,16.085289001464844,42340057
2003-04-17,20.265047073364258,20.265047073364258,19.718791961669922,19.861604690551758,15.765060424804688,43485772
2003-04-18,19.861604690551758,19.861604690551758,19.861604690551758,19.861604690551758,15.765060424804688,0
2003-04-21,19.99370574951172,20.136516571044922,19.77948760986328,19.943721771240234,15.830246925354004,30275806
2003-04-22,19.897306442260742,19.908018112182617,19.54741668701172,19.808048248291016,15.722556114196777,54292231
2003-04-23,20.100814819335938,20.31146240234375,19.26179313659668,19.365331649780273,15.371147155761719,221434793
2003-04-24,19.49386215209961,19.77948760986328,19.401033401489258,19.550987243652344,15.518516540527344,91042471
2003-04-25,19.422456741333008,19.608112335205078,19.065425872802734,19.151113510131836,15.201112747192383,77478908
2003-04-28,19.136831283569336,19.543846130371094,18.904762268066406,19.436737060546875,15.427828788757324,68354743
2003-04-29,19.49386215209961,19.55455780029297,19.33319854736328,19.483150482177734,15.464661598205566,44208217
2003-04-30,19.476011276245117,19.672378540039062,19.3546199798584,19.597400665283203,15.555352210998535,34076588
2003-05-01,19.597400665283203,19.597400665283203,19.597400665283203,19.597400665283203,15.555352210998535,0
2003-05-02,19.608112335205078,19.629533767700195,19.372472763061523,19.5259952545166,15.498673439025879,32469961
2003-05-05,19.636674880981445,19.708080291748047,19.243940353393555,19.31891632080078,15.334307670593262,38689864
2003-05-06,19.279644012451172,19.468870162963867,19.129690170288086,19.272502899169922,15.297467231750488,43159791
2003-05-07,19.022581100463867,19.190385818481445,18.9226131439209,18.96188735961914,15.050910949707031,41165255
2003-05-08,18.9226131439209,18.990449905395508,18.422771453857422,18.533449172973633,14.710844993591309,73358559
2003-05-09,18.362075805664062,18.81550407409668,18.362075805664062,18.640560150146484,14.79586124420166,42949991
2003-05-12,18.70839500427246,18.779800415039062,18.440622329711914,18.62270736694336,14.781693458557129,29654949
2003-05-13,18.701255798339844,18.76909065246582,18.547731399536133,18.69054412841797,14.835540771484375,23843344
2003-05-14,18.69054412841797,19.0797061920166,18.69054412841797,19.029722213745117,15.104759216308594,39668478
2003-05-15,19.040433883666992,19.165393829345703,18.92975425720215,19.090417861938477,15.152935981750488,27808776
2003-05-16,19.20823860168457,19.265363693237305,19.058284759521484,19.183246612548828,15.2266206741333,30535756
2003-05-19,19.211807250976562,19.36176109313965,19.10112953186035,19.21537971496582,15.252120018005371,35908071
2003-05-20,18.886911392211914,19.479581832885742,18.886911392211914,19.429597854614258,15.422161102294922,41338854
2003-05-21,19.472440719604492,19.550987243652344,19.229660034179688,19.408174514770508,15.40515422821045,36113543
2003-05-22,19.32248878479004,19.650955200195312,19.243940353393555,19.608112335205078,15.563857078552246,42077642
2003-05-23,19.351049423217773,19.415315628051758,19.21537971496582,19.297496795654297,15.81672191619873,21376271
2003-05-26,19.279644012451172,20.06511116027832,19.20823860168457,19.954431533813477,16.355161666870117,42413692
2003-05-27,19.929439544677734,20.307891845703125,19.872314453125,20.02583885192871,16.41368865966797,54396662
2003-05-28,20.06511116027832,20.65778160095215,20.06511116027832,20.56495475769043,16.855560302734375,71745714
2003-05-29,20.67206382751465,21.057655334472656,20.45784568786621,20.964828491210938,17.18330955505371,60641367
2003-05-30,20.993389129638672,21.564638137817383,20.92198371887207,21.321857452392578,17.475940704345703,88124611
2003-06-02,21.350421905517578,21.450389862060547,20.946975708007812,21.032663345336914,17.238908767700195,36886055
2003-06-03,20.879140853881836,21.064796447753906,20.79702377319336,20.86128807067871,17.09844398498535,18522495
2003-06-04,20.889850616455078,21.614622116088867,20.85057830810547,21.46824073791504,17.59592056274414,64238469
2003-06-05,21.77885627746582,22.4786376953125,21.750295639038086,22.314403533935547,18.28945541381836,140731145
2003-06-06,22.492918014526367,22.625019073486328,22.185871124267578,22.38580894470215,18.347980499267578,77948350
2003-06-09,22.8106746673584,22.8106746673584,21.828840255737305,21.964513778686523,18.0026798248291,60458441
2003-06-10,21.864545822143555,22.403661727905273,21.54678726196289,21.675317764282227,17.765644073486328,70590574
2003-06-11,21.63961410522461,22.050199508666992,21.63961410522461,21.975223541259766,18.011455535888672,49155694
2003-06-12,22.03948974609375,22.200153350830078,21.928810119628906,21.993074417114258,18.026086807250977,37202694
2003-06-13,22.1180362701416,22.4500732421875,22.11089515686035,22.34653663635254,18.315793991088867,72191082
2003-06-16,22.503629684448242,22.635730743408203,21.871685028076172,21.93952178955078,17.982192993164062,108127036
2003-06-17,22.1180362701416,23.057025909423828,22.043060302734375,22.928495407104492,18.79277992248535,128219790
2003-06-18,23.046314239501953,23.046314239501953,22.614307403564453,22.707136154174805,18.611351013183594,73870841
2003-06-19,21.503944396972656,23.278385162353516,21.503944396972656,23.199838638305664,19.015182495117188,100688903
2003-06-20,22.992761611938477,24.117406845092773,22.992761611938477,23.95317268371582,19.632633209228516,196668208
2003-06-23,23.88176727294922,23.88176727294922,23.14271354675293,23.224830627441406,19.035661697387695,62150902
2003-06-24,23.224830627441406,23.439048767089844,22.778541564941406,22.874940872192383,18.74888801574707,91338804
2003-06-25,22.992761611938477,23.492603302001953,22.992761611938477,23.19626808166504,19.01226043701172,81563686
2003-06-26,23.278385162353516,23.69968032836914,23.08201789855957,23.217689514160156,19.02980613708496,103622672
2003-06-27,23.324798583984375,23.42119789123535,22.960628509521484,23.189128875732422,19.00640106201172,65064967
2003-06-30,23.206979751586914,23.578290939331055,23.03560447692871,23.199838638305664,19.015182495117188,78672602
2003-07-01,23.28195571899414,23.44976043701172,23.08201789855957,23.26410484313965,19.067852020263672,82959281
2003-07-02,23.410486221313477,23.849634170532227,23.278385162353516,23.456899642944336,19.225873947143555,106131604
2003-07-03,23.546157836914062,23.95317268371582,23.371213912963867,23.617563247680664,19.35755729675293,115325848
2003-07-04,23.781797409057617,24.08527374267578,23.63541603088379,23.774656295776367,19.48632049560547,83165944
2003-07-07,23.849634170532227,24.09955406188965,23.392635345458984,23.47475242614746,19.240507125854492,57341354
2003-07-08,23.499744415283203,23.63541603088379,23.181987762451172,23.29623794555664,19.094192504882812,49463749
2003-07-09,23.564008712768555,23.564008712768555,23.08201789855957,23.324798583984375,19.117599487304688,42943059
2003-07-10,23.485462188720703,23.963884353637695,23.324798583984375,23.856773376464844,19.553621292114258,59663355
2003-07-11,23.849634170532227,24.09955406188965,23.539016723632812,23.613994598388672,19.35463523864746,57970502
2003-07-14,23.778228759765625,24.313772201538086,23.778228759765625,24.26021957397461,19.884296417236328,91666830
2003-07-15,24.349475860595703,24.627960205078125,23.89961814880371,24.110265731811523,19.761388778686523,84122767
2003-07-16,24.046001434326172,24.735069274902344,23.921039581298828,24.54584312438965,20.118398666381836,78125562
2003-07-17,24.635101318359375,24.77077293395996,23.992446899414062,24.1923828125,19.828693389892578,80737902
2003-07-18,24.167390823364258,24.992130279541016,23.849634170532227,24.224515914916992,19.855031967163086,78313837
2003-07-21,24.363758087158203,24.38517951965332,23.856773376464844,23.971023559570312,19.647266387939453,65664832
2003-07-22,23.981735229492188,23.981735229492188,23.517595291137695,23.85320472717285,19.550695419311523,73585039
2003-07-23,23.992446899414062,24.028148651123047,23.378353118896484,23.549728393554688,19.30196189880371,62402827
2003-07-24,23.642555236816406,24.706506729125977,23.499744415283203,24.406600952148438,20.004270553588867,78868454
2003-07-25,24.635101318359375,25.06353759765625,24.442304611206055,24.96356964111328,20.460777282714844,113136735
2003-07-28,25.031404495239258,25.30274772644043,24.527992248535156,24.649381637573242,20.203262329101562,67780254
2003-07-29,24.495859146118164,24.920724868774414,24.413742065429688,24.82432746887207,20.346654891967773,71057439
2003-07-30,24.563695907592773,25.245622634887695,23.564008712768555,24.892162322998047,20.40225601196289,68998595
2003-07-31,25.06353759765625,25.838293075561523,24.777912139892578,25.556238174438477,20.94654655456543,224892341
2003-08-01,25.684770584106445,25.684770584106445,25.24919319152832,25.352731704711914,20.779743194580078,74671095
2003-08-04,25.24205207824707,25.54195785522461,25.17064666748047,25.342021942138672,20.77096939086914,51695702
2003-08-05,25.392005920410156,25.991817474365234,24.610109329223633,24.845748901367188,20.36421012878418,113417159
2003-08-06,24.535131454467773,25.449129104614258,24.535131454467773,25.034975051879883,20.519306182861328,121809328
2003-08-07,25.217060089111328,25.491973876953125,24.895732879638672,25.38843536376953,20.809017181396484,78509311
2003-08-08,25.699052810668945,26.023948669433594,25.491973876953125,25.941831588745117,21.26258659362793,100474328
2003-08-11,25.599082946777344,26.063222885131836,25.599082946777344,25.799020767211914,21.145540237426758,65362813
2003-08-12,27.76268768310547,27.76268768310547,25.38843536376953,25.477693557739258,20.882171630859375,53918173
2003-08-13,26.41311264038086,26.41311264038086,25.4027156829834,25.774028778076172,21.125051498413086,63463283
2003-08-14,25.8490047454834,26.095354080200195,25.502685546875,25.606224060058594,20.98751449584961,67262847
2003-08-15,25.606224060058594,25.606224060058594,25.606224060058594,25.606224060058594,20.98751449584961,0
2003-08-18,25.63478660583496,26.023948669433594,25.34916114807129,25.79545021057129,21.142616271972656,78071589
2003-08-19,25.895418167114258,26.523792266845703,25.752605438232422,26.355987548828125,21.602046966552734,82301606
2003-08-20,26.563064575195312,26.755861282348633,26.24530792236328,26.341705322265625,21.590335845947266,49097940
2003-08-21,26.777284622192383,26.777284622192383,26.35955810546875,26.49880027770996,21.719093322753906,59203324
2003-08-22,26.648752212524414,27.473493576049805,26.563064575195312,27.255704879760742,22.339479446411133,116788342
2003-08-25,27.56275177001953,30.3261661529541,26.21317481994629,27.034345626831055,22.15804100036621,132404097
2003-08-26,27.134313583374023,27.991186141967773,26.998641967773438,27.89478874206543,22.86328125,112114301
2003-08-27,27.84837532043457,28.351787567138672,27.84837532043457,28.119718551635742,23.047639846801758,73505914
2003-08-28,28.137569427490234,28.383920669555664,27.74126625061035,28.112577438354492,23.041786193847656,70642923
2003-08-29,28.491029739379883,28.901615142822266,28.116147994995117,28.61241912841797,23.45147132873535,92274019
2003-09-01,28.437475204467773,29.59068489074707,28.437475204467773,29.2907772064209,24.007469177246094,84452781
2003-09-02,29.633527755737305,30.104806900024414,29.394317626953125,29.890588760375977,24.49909019470215,135259343
2003-09-03,29.71564483642578,29.912010192871094,28.994443893432617,29.13011360168457,23.87578773498535,77420832
2003-09-04,29.055137634277344,29.49071502685547,28.926607131958008,29.226512908935547,23.954801559448242,88695220
2003-09-05,29.355043411254883,30.083385467529297,29.355043411254883,29.979846954345703,24.572250366210938,81359053
2003-09-08,30.14051055908203,31.23659324645996,30.14051055908203,31.1044921875,25.49403953552246,109846273
2003-09-09,31.215171813964844,31.59005355834961,30.854570388793945,31.154476165771484,25.535005569458008,123502517
2003-09-10,31.061649322509766,31.093782424926758,30.747461318969727,31.036657333374023,25.43843650817871,71159685
2003-09-11,30.34758758544922,31.361555099487305,30.34758758544922,30.611791610717773,25.0902042388916,96604041
2003-09-12,30.561805725097656,30.961681365966797,29.704933166503906,29.92986297607422,24.531286239624023,85145047
2003-09-15,29.919151306152344,29.976276397705078,28.680255889892578,28.8873348236084,23.676799774169922,121887277
2003-09-16,28.99087142944336,29.397886276245117,28.105436325073242,29.287208557128906,24.004545211791992,136987095
2003-09-17,29.847745895385742,29.847745895385742,28.715959548950195,29.055137634277344,23.814332962036133,100901406
2003-09-18,29.20509147644043,29.20509147644043,28.037601470947266,28.230398178100586,23.13835906982422,122191943
2003-09-19,28.20897674560547,29.122974395751953,27.991186141967773,28.85163116455078,23.647531509399414,153707700
2003-09-22,29.412168502807617,29.412168502807617,28.569576263427734,28.780223846435547,23.589006423950195,74664260
2003-09-23,28.57314682006836,29.697792053222656,28.401771545410156,29.458581924438477,24.145008087158203,70971760
2003-09-24,29.75491714477539,30.790306091308594,29.43716049194336,30.633211135864258,25.107763290405273,118908427
2003-09-25,30.561805725097656,30.883134841918945,29.704933166503906,29.86202621459961,24.475677490234375,140227855
2003-09-26,30.047683715820312,30.522533416748047,29.776338577270508,30.44041633605957,24.949745178222656,101622465
2003-09-29,36.41710662841797,36.41710662841797,30.543954849243164,31.01166534423828,25.417953491210938,68963038
2003-09-30,31.150907516479492,31.800701141357422,31.061649322509766,31.69002342224121,25.97395133972168,109159721
2003-10-01,31.49008560180664,31.800701141357422,30.922407150268555,31.11163330078125,25.49989128112793,64365531
2003-10-02,31.11163330078125,31.11163330078125,31.11163330078125,31.11163330078125,25.49989128112793,0
2003-10-03,31.347272872924805,32.13274002075195,31.275867462158203,32.02920150756836,26.251953125,92937113
2003-10-06,32.025630950927734,32.83251953125,30.1690731048584,32.66828536987305,26.7757625579834,68364182
2003-10-07,32.70398712158203,32.91820526123047,32.14345169067383,32.26127243041992,26.44216537475586,75842045
2003-10-08,33.20383071899414,33.20383071899414,32.03634262084961,32.50762176513672,26.644081115722656,64480381
2003-10-09,32.775394439697266,33.06101989746094,32.282691955566406,32.50048065185547,26.638225555419922,76156360
2003-10-10,32.71826934814453,33.70367431640625,32.71826934814453,33.62512969970703,27.560016632080078,107329947
2003-10-13,33.62155532836914,34.560546875,33.23953628540039,34.34989929199219,28.1540584564209,77883650
2003-10-14,34.631954193115234,34.83903121948242,33.214542388916016,33.4359016418457,27.404922485351562,85021682
2003-10-15,33.50016784667969,34.48200225830078,33.300228118896484,34.178524017333984,28.013593673706055,89588449
2003-10-16,35.55309295654297,35.55309295654297,34.31776809692383,34.88544464111328,28.593002319335938,230880962
2003-10-17,34.77476501464844,35.488826751708984,34.678367614746094,34.956851959228516,28.65152359008789,94173184
2003-10-20,35.20320129394531,35.346012115478516,34.27492141723633,34.4034538269043,28.197948455810547,62736510
2003-10-21,34.631954193115234,34.631954193115234,33.168128967285156,33.43233108520508,27.40199089050293,96531807
2003-10-22,32.864654541015625,33.87504959106445,32.864654541015625,33.48231506347656,27.442960739135742,77285479
2003-10-23,33.54658126831055,33.56086349487305,32.56831741333008,32.761112213134766,26.851848602294922,82339194
2003-10-24,26.42025375366211,33.84648513793945,26.42025375366211,33.607276916503906,27.545381546020508,88147102
2003-10-27,33.91789245605469,33.98929977416992,32.64329528808594,32.775394439697266,26.86355209350586,69776288
2003-10-28,32.8468017578125,33.56086349487305,32.70398712158203,33.153846740722656,27.173742294311523,104009852
2003-10-29,33.36449432373047,33.91432189941406,33.02531814575195,33.73223876953125,27.64780616760254,56545862
2003-10-30,33.600135803222656,34.27492141723633,33.46089553833008,34.064273834228516,27.91994857788086,65836288
2003-10-31,34.27492141723633,34.82831954956055,34.139251708984375,34.73549270629883,28.470096588134766,66083410
2003-11-03,34.77119445800781,35.767311096191406,34.77119445800781,35.5673713684082,29.15192222595215,122814579
2003-11-04,35.852996826171875,36.1314811706543,34.78547668457031,35.096092224121094,28.765653610229492,110392949
2003-11-05,34.77476501464844,35.2817497253418,34.31062698364258,34.889015197753906,28.595935821533203,91124985
2003-11-06,35.131797790527344,35.81015396118164,34.924720764160156,35.19248962402344,28.844661712646484,134300335
2003-11-07,35.24247741699219,35.481685638427734,34.253501892089844,34.42844772338867,28.218441009521484,73031669
2003-11-10,36.41710662841797,36.41710662841797,33.639408111572266,34.485572814941406,28.265260696411133,55228187
2003-11-11,34.2856330871582,34.631954193115234,33.96073532104492,34.32133865356445,28.13064956665039,64012424
2003-11-12,34.988983154296875,35.09252166748047,34.42487716674805,34.564117431640625,28.32962989807129,79398058
2003-11-13,35.69590377807617,35.69590377807617,33.99287033081055,34.12139892578125,27.966773986816406,64241396
2003-11-14,33.65011978149414,33.91789245605469,33.0038948059082,33.19668960571289,27.208858489990234,81935027
2003-11-17,33.35735321044922,34.08926773071289,33.20383071899414,33.91432189941406,27.797040939331055,74009302
2003-11-18,33.75008773803711,34.04285430908203,33.20383071899414,33.275238037109375,27.273235321044922,51950120
2003-11-19,33.14313888549805,33.328792572021484,32.74683380126953,32.96105194091797,27.015722274780273,74266857
2003-11-20,32.99675369262695,33.268096923828125,32.06133270263672,32.18986511230469,26.383634567260742,63214173
2003-11-21,31.86139678955078,32.98247146606445,31.86139678955078,32.80752944946289,26.889888763427734,84509135
2003-11-24,32.978904724121094,33.06101989746094,32.425506591796875,32.55403518676758,26.682119369506836,43968181
2003-11-25,32.56117630004883,33.48231506347656,32.56117630004883,33.35021209716797,27.334688186645508,69262438
2003-11-26,33.35021209716797,33.35021209716797,33.35021209716797,33.35021209716797,27.334688186645508,0
2003-11-27,33.35735321044922,34.29634475708008,33.35735321044922,34.003578186035156,27.870201110839844,101487224
2003-11-28,34.06070327758789,34.981842041015625,34.06070327758789,34.77833557128906,28.505216598510742,75895178
2003-12-01,34.996124267578125,35.33173370361328,34.85331344604492,35.1496467590332,28.809551239013672,57749723
2003-12-02,35.21391296386719,36.06007385253906,34.68907928466797,35.67448425292969,29.239717483520508,87905736
2003-12-03,36.06007385253906,36.06007385253906,35.19248962402344,35.55309295654297,29.140216827392578,117920738
2003-12-04,35.0211181640625,36.52421569824219,35.0211181640625,36.32427978515625,29.77231216430664,180083321
2003-12-05,36.41710662841797,36.55991744995117,35.07467269897461,35.20677185058594,28.856374740600586,82536782
2003-12-08,34.928287506103516,35.29246139526367,34.085697174072266,34.267784118652344,28.08675193786621,113699628
2003-12-09,34.37132263183594,34.87116241455078,34.37132263183594,34.7462043762207,28.478879928588867,79302128
2003-12-10,34.81047058105469,35.87799072265625,34.71049880981445,35.53166961669922,29.12265968322754,143958545
2003-12-11,35.781593322753906,35.988670349121094,34.93185806274414,35.21034240722656,28.859302520751953,104076611
2003-12-12,35.420989990234375,35.420989990234375,34.81403732299805,35.08181381225586,28.753952026367188,69546938
2003-12-15,35.131797790527344,35.867279052734375,35.131797790527344,35.63163757324219,29.20460319519043,83497793
2003-12-16,35.61735916137695,36.23501968383789,35.1782112121582,36.04579544067383,29.54405403137207,126819545
2003-12-17,36.1314811706543,36.231449127197266,35.71018600463867,35.899410247802734,29.424076080322266,87187086
2003-12-18,35.68876266479492,36.50993347167969,35.68876266479492,36.199317932128906,29.669889450073242,95790063
2003-12-19,36.274295806884766,37.34181594848633,36.274295806884766,37.18115234375,30.474624633789062,149458524
2003-12-22,37.21328353881836,37.8452262878418,37.21328353881836,37.670284271240234,30.875526428222656,60150274
2003-12-23,31.061649322509766,37.83094787597656,31.061649322509766,37.30253982543945,30.574111938476562,64460943
2003-12-24,37.141876220703125,37.91663360595703,37.141876220703125,37.695274353027344,30.89600372314453,60846840
2003-12-25,37.695274353027344,37.695274353027344,37.695274353027344,37.695274353027344,30.89600372314453,0
2003-12-26,37.927345275878906,38.03802490234375,37.648860931396484,37.8595085144043,31.030628204345703,48164588
2003-12-29,38.059444427490234,38.484310150146484,38.0023193359375,38.36292266845703,31.443227767944336,46395159
2003-12-30,38.345069885253906,41.415531158447266,38.22011184692383,40.180206298828125,32.93273162841797,172494262
2003-12-31,40.13022232055664,41.61547088623047,40.13022232055664,40.90497970581055,33.52676773071289,160650273
2004-01-01,41.415531158447266,41.415531158447266,40.497962951660156,40.747886657714844,33.398014068603516,57015472
2004-01-02,41.02280044555664,42.05104446411133,40.747886657714844,41.786842346191406,34.249568939208984,113656354
2004-01-05,41.77256393432617,42.12245178222656,40.84428405761719,41.41910171508789,33.94816207885742,85438299
2004-01-06,41.4869384765625,42.022483825683594,40.27660369873047,40.87284469604492,33.50043487548828,81160289
2004-01-07,40.71575164794922,41.59404754638672,40.48725128173828,41.42624282836914,33.954002380371094,83254466
2004-01-08,41.77256393432617,42.693702697753906,41.64046096801758,42.13673400878906,34.53635025024414,74777472
2004-01-09,42.84365463256836,43.24709701538086,41.0692138671875,41.31913375854492,33.866214752197266,122696325
2004-01-12,41.27272033691406,41.69401550292969,40.572940826416016,40.79072952270508,33.4331169128418,78266908
2004-01-13,40.93354034423828,42.09389114379883,40.86213684082031,41.94393539428711,34.37832260131836,82240687
2004-01-14,42.12959289550781,42.772247314453125,42.12959289550781,42.62943649291992,34.94017791748047,71562438
2004-01-15,43.09357452392578,43.264949798583984,41.029937744140625,41.27986145019531,33.834022521972656,94167303
2004-01-16,41.77256393432617,41.901092529296875,40.84428405761719,41.49407958984375,34.009613037109375,112840401
2004-01-19,41.497650146484375,42.05818557739258,40.63720703125,41.75471115112305,34.22322463989258,78038244
2004-01-20,42.05818557739258,42.686561584472656,40.726463317871094,41.019229888916016,33.62041473388672,84740222
2004-01-21,40.79072952270508,41.39411163330078,39.10197448730469,39.4839973449707,32.362091064453125,90635839
2004-01-22,39.48756790161133,41.051361083984375,37.648860931396484,38.22011184692383,31.326181411743164,143108982
2004-01-23,38.48788070678711,40.07666778564453,37.97018814086914,39.833885192871094,32.64888381958008,130190728
2004-01-26,39.833885192871094,39.833885192871094,39.833885192871094,39.833885192871094,32.64888381958008,0
2004-01-27,40.133792877197266,41.6583137512207,40.01240158081055,41.461944580078125,33.98326873779297,99040724
2004-01-28,41.98678207397461,42.0760383605957,40.66933822631836,41.10848617553711,33.693565368652344,117000341
2004-01-29,41.4869384765625,41.83682632446289,40.36586380004883,40.80857849121094,33.44775390625,207142637
2004-01-30,40.87998580932617,41.37268829345703,39.84459686279297,40.02668380737305,32.8068962097168,86396915
2004-02-02,40.02668380737305,40.02668380737305,40.02668380737305,40.02668380737305,32.8068962097168,0
2004-02-03,40.13022232055664,40.33015823364258,39.194801330566406,39.53755187988281,32.40599060058594,96821782
2004-02-04,39.655372619628906,41.058502197265625,39.24121856689453,40.80144119262695,33.44190216064453,103232089
2004-02-05,41.02280044555664,41.30842208862305,39.93742752075195,40.315879821777344,33.04391860961914,101116472
2004-02-06,40.612213134765625,41.20131301879883,40.280174255371094,41.08706283569336,33.67601013183594,91705860
2004-02-09,41.30842208862305,42.12959289550781,41.30842208862305,42.036766052246094,34.45440673828125,69893883
2004-02-10,42.272403717041016,42.72940444946289,41.815406799316406,42.361663818359375,34.7206916809082,123921417
2004-02-11,44.27177429199219,44.27177429199219,41.49407958984375,41.936798095703125,34.372474670410156,86968029
2004-02-12,42.14744567871094,42.47948455810547,41.70115661621094,41.96535873413086,34.3958854675293,82921203
2004-02-13,41.854679107666016,42.657997131347656,41.70829772949219,42.51518630981445,34.846527099609375,65429166
2004-02-16,42.700843811035156,42.98646545410156,42.14744567871094,42.340240478515625,34.70314407348633,79718871
2004-02-17,42.279544830322266,43.20068359375,42.12959289550781,42.75439453125,35.0426025390625,129142680
2004-02-18,42.97575378417969,43.59341812133789,42.854366302490234,43.18997573852539,35.39961624145508,158050718
2004-02-19,43.20782470703125,43.48630905151367,41.41910171508789,41.583335876464844,34.082763671875,116966506
2004-02-20,41.49407958984375,42.48662567138672,41.451236724853516,41.947509765625,34.381248474121094,140573064
2004-02-23,42.05818557739258,42.415218353271484,39.99455261230469,40.36943435668945,33.08782196044922,131518794
2004-02-24,39.66608428955078,40.60150146484375,39.27334976196289,40.39799499511719,33.111228942871094,175812789
2004-02-25,40.70146942138672,40.70146942138672,39.43401336669922,39.64466094970703,32.4937744140625,97507816
2004-02-26,39.55897521972656,40.294456481933594,38.48788070678711,38.7235221862793,31.738794326782227,146810711
2004-02-27,38.95559310913086,39.74462890625,38.91632080078125,39.60895919799805,32.464508056640625,115704849
2004-03-01,40.63006591796875,40.66219711303711,39.723209381103516,40.50867462158203,33.20195007324219,87320408
2004-03-02,40.50867462158203,40.50867462158203,40.50867462158203,40.50867462158203,33.20195007324219,0
2004-03-03,40.640777587890625,41.69401550292969,40.49439239501953,41.476226806640625,33.99497604370117,119271800
2004-03-04,41.27272033691406,41.70115661621094,40.74431610107422,40.96210479736328,33.57359313964844,59517947
2004-03-05,40.77287673950195,41.95107650756836,40.77287673950195,41.854679107666016,34.30516815185547,57935295
2004-03-08,41.98678207397461,42.772247314453125,41.94393539428711,42.54017639160156,34.86702346801758,68029504
2004-03-09,42.84365463256836,42.84365463256836,41.30842208862305,41.72257614135742,34.1968879699707,63969584
2004-03-10,41.4869384765625,41.558345794677734,40.71575164794922,40.965675354003906,33.576515197753906,57012251
2004-03-11,40.84428405761719,41.27272033691406,40.201629638671875,40.40513610839844,33.11707305908203,78134847
2004-03-12,40.308738708496094,40.63006591796875,39.633949279785156,40.173065185546875,32.92687225341797,75771967
2004-03-15,40.490821838378906,40.687191009521484,38.559288024902344,38.91988754272461,31.899734497070312,92765349
2004-03-16,38.559288024902344,39.61967086791992,38.23796081542969,38.69139099121094,31.712444305419922,119208906
2004-03-17,38.91632080078125,39.416160583496094,38.21297073364258,38.587852478027344,31.627586364746094,112189995
2004-03-18,38.70210266113281,38.852054595947266,36.799129486083984,37.06690216064453,30.380983352661133,156637254
2004-03-19,36.91694641113281,37.7416877746582,36.91694641113281,37.36323547363281,30.62386703491211,109745049
2004-03-22,36.352840423583984,37.34181594848633,36.09934997558594,36.252872467041016,29.71377944946289,90124832
2004-03-23,36.345699310302734,36.95265197753906,36.07792663574219,36.54206848144531,29.950815200805664,92984770
2004-03-24,36.55991744995117,36.791988372802734,36.1171989440918,36.58134078979492,29.98300552368164,99235162
2004-03-25,36.63489532470703,37.152587890625,36.43852615356445,36.706302642822266,30.08542823791504,134606290
2004-03-26,36.98478317260742,37.86664962768555,36.98478317260742,37.53818130493164,30.767255783081055,105696165
2004-03-29,37.5703125,38.1736946105957,37.495338439941406,37.75954055786133,30.948684692382812,79964214
2004-03-30,37.85236740112305,38.323646545410156,37.563175201416016,37.641719818115234,30.85211944580078,89126542
2004-03-31,37.634578704833984,38.559288024902344,37.47034454345703,38.420047760009766,31.49005699157715,76872069
2004-04-01,38.48788070678711,39.823177337646484,38.48788070678711,39.69107437133789,32.53181838989258,108451994
2004-04-02,46.41395950317383,46.41395950317383,39.68393325805664,40.40156555175781,33.11416244506836,99771768
2004-04-05,40.48725128173828,41.51192855834961,40.48725128173828,41.065643310546875,33.658447265625,90699433
2004-04-06,41.12990951538086,41.58690643310547,40.31945037841797,41.08706283569336,33.67601013183594,100026761
2004-04-07,41.40481948852539,41.47979736328125,40.70146942138672,40.98709487915039,33.59407043457031,58225817
2004-04-08,40.70146942138672,41.39411163330078,40.38014221191406,40.9121208190918,33.53262710571289,64967034
2004-04-09,40.9121208190918,40.9121208190918,40.9121208190918,40.9121208190918,33.53262710571289,0
2004-04-12,41.09420394897461,41.09420394897461,39.89458084106445,40.112369537353516,32.87712478637695,53650059
2004-04-13,40.273033142089844,41.12276840209961,39.65894317626953,40.937110900878906,33.553096771240234,56786920
2004-04-14,40.937110900878906,40.937110900878906,40.937110900878906,40.937110900878906,33.553096771240234,0
2004-04-15,41.33698654174805,41.501220703125,40.173065185546875,40.36943435668945,33.08782196044922,83348366
2004-04-16,40.41584777832031,40.8978385925293,40.25161361694336,40.42655944824219,33.13463592529297,42428943
2004-04-19,40.23733139038086,40.658626556396484,39.316192626953125,39.45900344848633,32.341609954833984,57064585
2004-04-20,39.59467697143555,39.59467697143555,39.13053512573242,39.44115447998047,32.32698059082031,49194696
2004-04-21,39.276920318603516,40.66219711303711,39.27334976196289,40.58365249633789,33.26340103149414,66400273
2004-04-22,40.558658599853516,40.97281265258789,40.23733139038086,40.612213134765625,33.28680419921875,45343596
2004-04-23,40.558658599853516,41.044219970703125,40.35515213012695,40.50867462158203,33.20195007324219,50254004
2004-04-27,39.98741149902344,39.98741149902344,38.37006378173828,38.520015716552734,31.57199478149414,93593864
2004-04-28,38.56285858154297,39.201942443847656,38.35578155517578,38.587852478027344,31.627586364746094,92191757
2004-04-29,38.48788070678711,38.844913482666016,37.595306396484375,37.79524230957031,30.977951049804688,231388636
2004-04-30,40.34444046020508,44.635948181152344,37.28826141357422,37.59173583984375,30.8111572265625,104126789
2004-05-03,37.63100814819336,37.93805694580078,36.824119567871094,37.73454666137695,30.92820167541504,115360046
2004-05-04,38.26652526855469,45.2036247253418,37.78096389770508,37.898780822753906,31.062814712524414,67022825
2004-05-05,37.988040924072266,38.09157943725586,37.634578704833984,37.8452262878418,31.0189151763916,59745925
2004-05-06,38.2022590637207,38.79492950439453,38.141563415527344,38.594993591308594,31.63344383239746,82542006
2004-05-07,37.988040924072266,38.452178955078125,37.75954055786133,38.0166015625,31.159381866455078,62266887
2004-05-10,37.82380676269531,37.82380676269531,36.78841781616211,37.07404327392578,30.3868350982666,89515010
2004-05-11,36.4599494934082,36.48851013183594,34.53555679321289,35.0068359375,28.69249725341797,102120168
2004-05-12,34.560546875,35.66020202636719,34.560546875,35.463836669921875,29.067066192626953,87466922
2004-05-13,34.27492141723633,37.4417839050293,33.84648513793945,36.52064514160156,29.933258056640625,183148451
2004-05-14,36.41710662841797,36.97407150268555,33.646549224853516,34.06784439086914,27.922874450683594,172382661
2004-05-17,33.56086349487305,33.696533203125,27.255704879760742,28.869482040405273,23.662168502807617,131182688
2004-05-18,30.704618453979492,32.69684982299805,29.28363609313965,30.968820571899414,25.382837295532227,189088981
2004-05-19,31.72215461730957,33.275238037109375,31.72215461730957,32.30768585205078,26.48020362854004,161330985
2004-05-20,33.06101989746094,33.182411193847656,31.42938995361328,31.647178649902344,26.471492767333984,131601070
2004-05-21,31.554351806640625,31.561492919921875,30.708189010620117,31.382976531982422,26.2504940032959,94462978
2004-05-24,32.13274002075195,32.70398712158203,31.779279708862305,32.40765380859375,27.10759735107422,94626507
2004-05-25,32.34695816040039,32.83966064453125,31.179468154907227,32.539756774902344,27.218093872070312,112127997
2004-05-26,32.8468017578125,33.41804885864258,32.518333435058594,32.796817779541016,27.4331111907959,95857508
2004-05-27,32.27555465698242,32.67185592651367,31.88995933532715,32.064903259277344,26.820898056030273,79936738
2004-05-28,31.92209243774414,32.19700622558594,30.43327522277832,30.897415161132812,25.844343185424805,124708087
2004-05-31,30.81172752380371,31.340133666992188,29.45501136779785,30.690336227416992,25.671133041381836,135183145
2004-06-01,31.061649322509766,31.632898330688477,30.858142852783203,31.00452423095703,25.933942794799805,87041132
2004-06-02,31.12591552734375,31.62932777404785,31.0330867767334,31.379405975341797,26.24751091003418,60172345
2004-06-03,31.847116470336914,32.289833068847656,30.211917877197266,30.58679962158203,25.58452796936035,100953502
2004-06-04,30.204776763916016,31.061649322509766,30.17621421813965,30.954540252685547,25.892131805419922,86150171
2004-06-07,31.061649322509766,32.10417938232422,31.061649322509766,31.761428833007812,26.56705665588379,92592591
2004-06-08,31.77570915222168,32.60044860839844,31.525789260864258,32.50762176513672,27.191219329833984,101752440
2004-06-09,32.63258361816406,32.721839904785156,32.08275604248047,32.18986511230469,26.92542266845703,71929998
2004-06-10,32.054195404052734,32.27555465698242,31.77570915222168,31.968505859375,26.740266799926758,49251190
2004-06-11,31.918521881103516,31.918521881103516,30.704618453979492,30.82600975036621,25.784616470336914,66139259
2004-06-14,30.633211135864258,31.23302459716797,30.311885833740234,31.054508209228516,25.975744247436523,101537724
2004-06-15,31.068790435791016,32.311256408691406,30.990243911743164,32.17558288574219,26.913476943969727,95031444
2004-06-16,32.34695816040039,32.546897888183594,31.60433578491211,31.857826232910156,26.647687911987305,63774783
2004-06-17,32.08989715576172,32.62901306152344,31.354413986206055,32.439788818359375,27.134475708007812,82664096
2004-06-18,32.418365478515625,32.418365478515625,31.500797271728516,31.757858276367188,26.564067840576172,68899444
2004-06-21,31.86139678955078,31.9827880859375,30.922407150268555,31.02594566345215,25.951854705810547,81796551
2004-06-22,30.904556274414062,31.454383850097656,30.704618453979492,30.829578399658203,25.78760528564453,75524229
2004-06-23,31.09735107421875,31.09735107421875,29.215801239013672,29.365753173828125,24.563175201416016,155018820
2004-06-24,29.347902297973633,30.383291244506836,29.347902297973633,30.208345413208008,25.267969131469727,165338710
2004-06-25,30.276182174682617,31.175899505615234,30.211917877197266,30.81886863708496,25.778642654418945,115239300
2004-06-28,30.74032211303711,31.62932777404785,30.74032211303711,31.540069580078125,26.38189697265625,76022618
2004-06-29,31.418678283691406,31.93637466430664,31.029516220092773,31.65074920654297,26.474472045898438,97278354
2004-06-30,31.718584060668945,31.864967346191406,30.561805725097656,30.67962646484375,25.662174224853516,124211700
2004-07-01,31.375835418701172,31.41153907775879,30.711759567260742,31.315141677856445,26.193758010864258,69264875
2004-07-02,31.061649322509766,31.30443000793457,30.74032211303711,30.983102798461914,25.916017532348633,79491426
2004-07-05,31.0188045501709,31.415109634399414,30.651063919067383,30.736751556396484,25.709959030151367,101090115
2004-07-06,30.754602432250977,31.347272872924805,30.61893081665039,31.30443000793457,26.18479347229004,82780221
2004-07-07,31.347272872924805,31.632898330688477,31.061649322509766,31.30443000793457,26.18479347229004,102001830
2004-07-08,31.393686294555664,31.9113826751709,30.568946838378906,30.847431182861328,25.802534103393555,153627412
2004-07-09,28.562435150146484,31.511507034301758,28.562435150146484,31.340133666992188,26.214658737182617,63477442
2004-07-12,31.20446014404297,31.418678283691406,30.854570388793945,31.186609268188477,26.086246490478516,40268231
2004-07-13,30.990243911743164,31.325851440429688,30.6010799407959,30.74032211303711,25.71294403076172,32930328
2004-07-14,30.92597770690918,30.92597770690918,29.75491714477539,29.847745895385742,24.966341018676758,95971686
2004-07-15,30.040542602539062,30.304744720458984,29.651378631591797,29.997697830200195,25.091772079467773,104458217
2004-07-16,30.13336944580078,30.511821746826172,29.86916732788086,30.30831527709961,25.351593017578125,115001758
2004-07-19,30.418994903564453,30.62607192993164,30.14765167236328,30.26190185546875,25.312763214111328,86482216
2004-07-20,32.13274002075195,32.13274002075195,30.06196403503418,30.6010799407959,25.596473693847656,141001963
2004-07-21,30.776025772094727,31.397258758544922,30.697477340698242,31.01166534423828,25.93990707397461,72609926
2004-07-22,31.704303741455078,32.70042037963867,31.275867462158203,32.48263168334961,27.17030906677246,146069233
2004-07-23,32.70398712158203,33.46803283691406,32.4290771484375,33.2930908203125,27.84822654724121,123313696
2004-07-26,33.275238037109375,34.20351791381836,32.85394287109375,34.08212661743164,28.508222579956055,112749527
2004-07-27,34.27492141723633,34.489139556884766,33.02531814575195,33.21097183227539,27.779529571533203,218197562
2004-07-28,32.9896125793457,33.91789245605469,32.9896125793457,33.62512969970703,28.125957489013672,115820133
2004-07-29,33.91789245605469,33.95359420776367,33.50730895996094,33.8821907043457,28.34097671508789,73375939
2004-07-30,33.92503356933594,35.024688720703125,33.92146301269531,34.910438537597656,29.201066970825195,99586042
2004-08-02,34.84617233276367,35.41741943359375,34.63552474975586,35.2817497253418,29.511653900146484,99070652
2004-08-03,35.29246139526367,35.69233322143555,34.80332946777344,34.94614028930664,29.230926513671875,116550393
2004-08-04,35.06039047241211,35.31031036376953,34.52841567993164,35.22105407714844,29.46088218688965,94400616
2004-08-05,35.481685638427734,36.03865432739258,35.35672378540039,35.91726303100586,30.043230056762695,88993892
2004-08-06,35.83871841430664,35.913692474365234,35.08181381225586,35.2674674987793,29.499706268310547,76737417
2004-08-09,35.131797790527344,35.360294342041016,34.71406936645508,35.14607620239258,29.39816665649414,84287991
2004-08-10,35.20677185058594,35.66377258300781,34.988983154296875,35.467403411865234,29.666942596435547,65280341
2004-08-11,35.488826751708984,35.61735916137695,34.099979400634766,34.27135467529297,28.66650390625,100072219
2004-08-12,34.28920364379883,34.5462646484375,33.653690338134766,33.93574523925781,28.38577651977539,88750034
2004-08-13,34.06070327758789,34.34632873535156,33.775081634521484,34.05356216430664,28.484329223632812,103644449
2004-08-16,33.85719680786133,34.37132263183594,33.65726089477539,34.192806243896484,28.600791931152344,70141579
2004-08-17,39.63037872314453,39.63037872314453,33.99287033081055,34.246360778808594,28.645591735839844,77742905
2004-08-18,34.046424865722656,34.046424865722656,33.51087951660156,33.600135803222656,28.105052947998047,61274982
2004-08-19,33.70367431640625,34.046424865722656,33.639408111572266,33.93217468261719,28.382787704467773,65585819
2004-08-20,33.9571647644043,33.99644088745117,33.02531814575195,33.08958053588867,27.677995681762695,72789714
2004-08-23,33.13242721557617,33.253814697265625,32.025630950927734,32.22199630737305,26.952299118041992,113176227
2004-08-24,32.31482696533203,32.753971099853516,32.17915344238281,32.38623046875,27.089675903320312,102024265
2004-08-25,32.418365478515625,32.768253326416016,32.16487121582031,32.70398712158203,27.355466842651367,87848276
2004-08-26,32.91820526123047,33.300228118896484,32.796817779541016,32.896785736083984,27.51673698425293,91476846
2004-08-27,32.936058044433594,33.08958053588867,32.39337158203125,32.71826934814453,27.367408752441406,66799917
2004-08-30,32.92534637451172,33.44661331176758,32.92534637451172,33.360923767089844,27.90496826171875,49092898
2004-08-31,33.4216194152832,34.04999542236328,33.4216194152832,33.96430587768555,28.409666061401367,74263440
2004-09-01,33.96430587768555,34.232078552246094,33.8536262512207,33.98929977416992,28.43056869506836,46091600
2004-09-02,33.91789245605469,34.132110595703125,33.61084747314453,33.700103759765625,28.18866539001465,52386021
2004-09-03,33.760799407958984,33.91075134277344,33.46089553833008,33.83220672607422,28.299171447753906,54841722
2004-09-06,33.92503356933594,34.267784118652344,33.88576126098633,34.06784439086914,28.49627113342285,39798145
2004-09-07,33.99644088745117,34.72835159301758,33.99644088745117,34.61410140991211,28.953187942504883,88353107
2004-09-08,34.77476501464844,34.77476501464844,34.35346984863281,34.46772003173828,28.830753326416016,57944664
2004-09-09,34.7604866027832,34.80332946777344,34.36775207519531,34.68193817138672,29.00993537902832,71946537
2004-09-10,34.631954193115234,34.89972686767578,34.42844772338867,34.8354606628418,29.138349533081055,39998058
2004-09-13,35.05324935913086,35.33173370361328,34.646236419677734,35.056819915771484,29.32350730895996,61914508
2004-09-14,35.096092224121094,35.19248962402344,34.54269790649414,34.72835159301758,29.048755645751953,50156729
2004-09-15,34.77119445800781,35.117515563964844,34.589111328125,34.8211784362793,29.126399993896484,46630531
2004-09-16,34.881874084472656,35.117515563964844,34.471290588378906,35.049678802490234,29.31753921508789,48038479
2004-09-17,35.38528823852539,36.41710662841797,35.35672378540039,36.35641098022461,30.41055679321289,116181307
2004-09-20,36.55991744995117,36.55991744995117,35.70661544799805,35.84942626953125,29.986486434936523,63388262
2004-09-21,35.774452209472656,36.345699310302734,35.53166961669922,36.238590240478516,30.3120059967041,70783527
2004-09-22,36.1314811706543,36.16718673706055,35.7137565612793,35.94939422607422,30.07010269165039,80641944
2004-09-23,35.774452209472656,35.974388122558594,35.56023406982422,35.70661544799805,29.86703109741211,69288360
2004-09-24,35.70304489135742,36.185035705566406,35.349586486816406,35.62092971801758,29.795364379882812,80391671
2004-09-27,35.41741943359375,35.51382064819336,35.110374450683594,35.374576568603516,29.58929443359375,49518324
2004-09-28,35.33887481689453,35.828006744384766,35.27460861206055,35.4388427734375,29.64304542541504,68248729
2004-09-29,35.503108978271484,36.88124465942383,35.26032638549805,36.724151611328125,30.71815299987793,114677444
2004-09-30,36.702728271484375,37.11331558227539,36.702728271484375,36.9812126159668,30.933168411254883,85039650
2004-10-01,36.9954948425293,38.2022590637207,36.5777702331543,38.07729721069336,31.850008010864258,94983970
2004-10-04,38.059444427490234,39.230506896972656,38.059444427490234,39.00200653076172,32.62348556518555,79911306
2004-10-05,38.98772430419922,39.11625671386719,38.366493225097656,38.552146911621094,32.247196197509766,53412698
2004-10-06,38.480743408203125,39.68393325805664,38.480743408203125,39.012718200683594,32.632450103759766,103549667
2004-10-07,39.26620864868164,40.301597595214844,39.07698440551758,39.9017219543457,33.37605285644531,95659486
2004-10-08,39.98741149902344,40.16592788696289,39.42687225341797,39.59110641479492,33.116241455078125,57210105
2004-10-11,39.63037872314453,39.862449645996094,38.91988754272461,39.0519905090332,32.66529083251953,35896923
2004-10-12,39.05913162231445,39.41259002685547,38.066585540771484,38.20940017700195,31.960498809814453,55923086
2004-10-14,38.345069885253906,38.98058319091797,38.10942840576172,38.76636505126953,32.42637634277344,62169500
2004-10-15,39.00914764404297,39.76605224609375,38.70566940307617,39.00914764404297,32.629459381103516,81406066
2004-10-18,39.201942443847656,39.66608428955078,38.98772430419922,39.323333740234375,32.89226150512695,58737538
2004-10-19,39.50185012817383,40.194488525390625,39.416160583496094,39.97669982910156,33.43877029418945,77133714
2004-10-20,40.48725128173828,40.48725128173828,39.03413772583008,39.1412467956543,32.73994827270508,102341073
2004-10-21,39.21265411376953,39.48042678833008,38.31650924682617,38.50216293334961,32.205387115478516,85962610
2004-10-22,38.50216293334961,38.50216293334961,38.50216293334961,38.50216293334961,32.205387115478516,0
2004-10-25,38.559288024902344,38.844913482666016,38.14513397216797,38.330787658691406,32.062042236328125,119406508
2004-10-26,42.84365463256836,42.84365463256836,38.35578155517578,39.398311614990234,32.95498275756836,89558592
2004-10-27,39.45543670654297,39.55897521972656,38.43075942993164,38.60213088989258,32.28900909423828,152264923
2004-10-28,38.769935607910156,39.16624069213867,38.31650924682617,38.459320068359375,32.169551849365234,118056469
2004-10-29,38.63069534301758,38.844913482666016,37.648860931396484,37.78453063964844,31.605117797851562,77086687
2004-11-01,37.980899810791016,38.17726516723633,37.53818130493164,37.83451843261719,31.646926879882812,68538803
2004-11-02,38.13085174560547,38.952022552490234,38.13085174560547,38.80207061767578,32.45624923706055,71018031
2004-11-03,38.9091796875,39.01628875732422,38.427188873291016,38.823490142822266,32.47416687011719,62216919
2004-11-04,39.55897521972656,41.915374755859375,38.28794479370117,38.366493225097656,32.09190368652344,85779153
2004-11-05,38.63069534301758,38.82706069946289,38.30936813354492,38.58428192138672,32.27406311035156,44382852
2004-11-08,38.844913482666016,39.22693634033203,38.63069534301758,38.72709274291992,32.39352798461914,58939551
2004-11-09,38.9091796875,38.95559310913086,38.45574951171875,38.559288024902344,32.253170013427734,45152968
2004-11-10,38.67353820800781,39.02342987060547,38.67353820800781,38.869903564453125,32.51298904418945,50998492
2004-11-11,39.0377082824707,39.398311614990234,38.67353820800781,38.98058319091797,32.60556411743164,80185036
2004-11-12,39.27334976196289,39.41259002685547,38.66639709472656,38.95559310913086,32.58465576171875,17702509
2004-11-15,38.95559310913086,38.95559310913086,38.95559310913086,38.95559310913086,32.58465576171875,0
2004-11-16,39.05913162231445,39.05913162231445,38.38077163696289,38.905609130859375,32.542850494384766,68620518
2004-11-17,38.98772430419922,39.19123077392578,38.64854431152344,38.82706069946289,32.47714614868164,49323579
2004-11-18,38.91632080078125,39.24478530883789,38.459320068359375,38.96987533569336,32.59660720825195,96953003
2004-11-19,38.23796081542969,38.77350616455078,37.36323547363281,37.656002044677734,31.49761390686035,123713592
2004-11-22,37.04547882080078,38.473602294921875,36.345699310302734,38.027313232421875,31.808195114135742,189682670
2004-11-23,38.059444427490234,38.23081970214844,37.28112030029297,37.723838806152344,31.55434799194336,117157022
2004-11-24,37.8452262878418,37.8452262878418,36.39568328857422,36.784847259521484,30.768924713134766,115179292
2004-11-25,36.41710662841797,37.37037658691406,35.71018600463867,35.94225311279297,30.06414222717285,247558475
2004-11-26,35.94225311279297,35.94225311279297,35.94225311279297,35.94225311279297,30.06414222717285,0
2004-11-29,35.56023406982422,36.631324768066406,34.77476501464844,36.40282440185547,30.449382781982422,284858794
2004-11-30,36.55991744995117,37.39537048339844,36.49565124511719,36.9205207824707,30.88241195678711,158185245
2004-12-01,37.34538650512695,38.330787658691406,37.34538650512695,37.66671371459961,31.50657081604004,86882028
2004-12-02,37.92377471923828,38.844913482666016,37.495338439941406,38.70210266113281,32.372623443603516,145983386
2004-12-03,37.149017333984375,39.12339782714844,37.149017333984375,38.823490142822266,32.47416687011719,104307894
2004-12-06,38.844913482666016,39.05913162231445,37.74882888793945,37.913063049316406,31.712635040283203,75261674
2004-12-07,38.20940017700195,38.20940017700195,36.52421569824219,36.9205207824707,30.88241195678711,106320902
2004-12-08,37.202571868896484,37.488197326660156,36.13505172729492,36.260013580322266,30.329927444458008,104018899
2004-12-09,36.28143310546875,36.77413558959961,35.70304489135742,36.57419967651367,30.592721939086914,94423541
2004-12-10,36.631324768066406,36.631324768066406,35.39242935180664,35.64591979980469,29.816265106201172,132904782
2004-12-13,35.63163757324219,36.06007385253906,34.72835159301758,35.870849609375,30.004404067993164,137602477
2004-12-14,35.845855712890625,36.274295806884766,35.41741943359375,36.1171989440918,30.210468292236328,85411957
2004-12-15,36.11006164550781,36.11006164550781,35.15321731567383,35.353153228759766,29.571372985839844,97643799
2004-12-16,35.346012115478516,35.48525619506836,34.8497428894043,35.06753158569336,29.332456588745117,99023093
2004-12-17,34.988983154296875,35.395999908447266,34.178524017333984,34.3141975402832,28.702335357666016,161103721
2004-12-20,34.631954193115234,34.896156311035156,33.7108154296875,34.32133865356445,28.708309173583984,295404841
2004-12-21,34.524845123291016,35.110374450683594,34.37489318847656,34.631954193115234,28.968128204345703,154198974
2004-12-22,34.84260177612305,35.61735916137695,34.63552474975586,35.349586486816406,29.568395614624023,135207331
2004-12-23,35.6102180480957,36.36355209350586,35.52452850341797,36.15290451049805,30.240333557128906,121328109
2004-12-24,36.77413558959961,37.53818130493164,36.44209671020508,37.37394714355469,31.26167869567871,131770663
2004-12-27,37.131168365478516,39.05913162231445,36.15647506713867,36.91337966918945,30.87644386291504,260987301
2004-12-28,37.12759780883789,37.77382278442383,37.03119659423828,37.670284271240234,31.509550094604492,107505941
2004-12-29,37.78810119628906,38.47003173828125,37.602447509765625,37.952335357666016,31.745481491088867,97058344
2004-12-30,38.134422302246094,38.4771728515625,37.216854095458984,37.3525276184082,31.24376106262207,94488003
2004-12-31,37.934486389160156,38.26295471191406,37.53104019165039,38.10942840576172,31.876874923706055,66972340
2005-01-03,38.51644515991211,38.91632080078125,38.11656951904297,38.83420181274414,32.48311996459961,96188867
2005-01-04,39.27334976196289,39.27334976196289,37.81666564941406,37.934486389160156,31.730548858642578,73639782
2005-01-05,37.55960464477539,38.09157943725586,36.85625457763672,37.84165573120117,31.65290069580078,112450407
2005-01-06,37.702415466308594,38.30936813354492,37.29182815551758,37.57388687133789,31.42892074584961,91978134
2005-01-07,38.2022590637207,39.10911560058594,37.670284271240234,38.71995162963867,32.38755416870117,108134977
2005-01-10,38.92702865600586,39.12339782714844,37.92377471923828,38.141563415527344,31.90376091003418,74712197
2005-01-11,38.2022590637207,38.2022590637207,37.3525276184082,37.541751861572266,31.40203857421875,59161157
2005-01-12,37.77382278442383,37.8452262878418,36.78127670288086,37.00263595581055,30.951101303100586,104515537
2005-01-13,37.488197326660156,37.541751861572266,37.0240592956543,37.1383056640625,31.0645809173584,79849238
2005-01-14,37.39179992675781,37.39179992675781,36.49565124511719,36.69559097290039,30.694271087646484,70329448
2005-01-17,36.77413558959961,36.98835372924805,36.01723098754883,36.52778625488281,30.553905487060547,70620236
2005-01-18,36.638465881347656,37.30253982543945,36.33498764038086,36.47780227661133,30.512102127075195,89287341
2005-01-19,36.702728271484375,37.01691818237305,36.50279235839844,36.68130874633789,30.682323455810547,45571602
2005-01-20,36.42424774169922,36.77413558959961,36.002952575683594,36.52421569824219,30.550922393798828,51300805
2005-01-24,36.66702651977539,37.22756576538086,36.10292053222656,36.18146514892578,30.264223098754883,93907843
2005-01-25,36.12434005737305,36.40996551513672,35.59236526489258,35.81729507446289,29.95961570739746,114963988
2005-01-27,36.06721496582031,36.631324768066406,35.967247009277344,36.13862228393555,30.228389739990234,96741397
2005-01-28,36.20288848876953,37.37751770019531,34.988983154296875,37.29182815551758,31.192991256713867,79472072
2005-01-31,37.488197326660156,38.16655349731445,37.3239631652832,38.00946044921875,31.793270111083984,85855126
2005-02-01,38.12371063232422,39.05913162231445,37.84879684448242,38.769935607910156,32.42936706542969,112269960
2005-02-02,38.859195709228516,39.08412170410156,37.8595085144043,38.09872055053711,31.86792755126953,68624103
2005-02-03,38.545005798339844,38.80207061767578,38.27366256713867,38.62712478637695,32.309913635253906,46163680
2005-02-04,38.844913482666016,38.91632080078125,38.0166015625,38.35578155517578,32.082942962646484,55698469
2005-02-07,42.686561584472656,42.686561584472656,37.74882888793945,37.87022018432617,31.676780700683594,36173762
2005-02-08,37.988040924072266,38.32721710205078,37.77382278442383,38.11656951904297,31.88285255432129,50453651
2005-02-09,38.148704528808594,38.594993591308594,38.134422302246094,38.35578155517578,32.082942962646484,36176185
2005-02-10,38.40933609008789,38.8948974609375,37.97732925415039,38.7378044128418,32.402488708496094,49713070
2005-02-11,38.84848403930664,39.416160583496094,38.78064727783203,39.08769226074219,32.69514846801758,77901211
2005-02-14,39.409019470214844,39.50542068481445,38.4771728515625,38.81277847290039,32.4652099609375,53840435
2005-02-15,38.81991958618164,38.81991958618164,38.23796081542969,38.50216293334961,32.205387115478516,47321985
2005-02-16,38.491451263427734,38.837772369384766,37.99517822265625,38.20582962036133,31.9575138092041,50273330
2005-02-17,38.27366256713867,38.398624420166016,37.85593795776367,38.26295471191406,32.00529479980469,47137365
2005-02-18,38.27366256713867,38.75922775268555,37.92377471923828,38.14513397216797,31.90675163269043,60691531
2005-02-21,38.148704528808594,38.473602294921875,37.959476470947266,38.16655349731445,31.924654006958008,46948572
2005-02-22,38.13085174560547,38.65568542480469,37.99161148071289,38.527156829833984,32.22630310058594,59620726
2005-02-23,38.53786849975586,39.27334976196289,38.53786849975586,39.15195846557617,32.7489128112793,77989467
2005-02-24,39.294769287109375,39.52326965332031,38.959163665771484,39.05913162231445,32.671268463134766,69616806
2005-02-25,39.27334976196289,39.337615966796875,38.43075942993164,38.56999969482422,32.26212692260742,55788518
2005-02-28,38.573570251464844,39.98741149902344,38.26295471191406,39.71963882446289,33.22373580932617,106164094
2005-03-01,39.808895111083984,39.808895111083984,38.880615234375,39.09840393066406,32.70412063598633,68262594
2005-03-02,39.05913162231445,39.41259002685547,38.884185791015625,39.248355865478516,32.82954788208008,72767349
2005-03-03,39.28763198852539,40.16592788696289,39.28763198852539,39.88744354248047,33.36412048339844,90881098
2005-03-04,39.95527648925781,40.944252014160156,39.95527648925781,40.84785461425781,34.167457580566406,121987730
2005-03-07,39.64466094970703,42.16172790527344,39.64466094970703,41.908233642578125,35.054420471191406,101548550
2005-03-08,42.043907165527344,42.39022445678711,41.57262420654297,42.2081413269043,35.305267333984375,101433671
2005-03-09,42.4937629699707,42.89720916748047,41.70472717285156,41.976070404052734,35.11116027832031,106666278
2005-03-10,41.98678207397461,42.62943649291992,41.73685836791992,42.415218353271484,35.47848892211914,75587613
2005-03-11,42.55802917480469,42.900779724121094,41.808265686035156,41.983211517333984,35.117130279541016,82768457
2005-03-14,41.936798095703125,42.26526641845703,41.13347625732422,41.3441276550293,34.58258056640625,49492780
2005-03-15,41.415531158447266,41.70829772949219,40.644344329833984,40.76216506958008,34.09577560424805,70095617
2005-03-16,40.77644729614258,41.25843811035156,40.53009796142578,41.00851821899414,34.301841735839844,59880508
2005-03-17,40.63006591796875,41.044219970703125,39.862449645996094,40.16592788696289,33.597049713134766,65083999
2005-03-18,39.98741149902344,40.97995376586914,39.641090393066406,40.83357238769531,34.15550994873047,67256937
2005-03-21,40.91569137573242,41.187034606933594,39.84459686279297,39.96598815917969,33.429813385009766,38254691
2005-03-22,39.92314529418945,40.03025436401367,38.63783645629883,38.8948974609375,32.53388595581055,66773281
2005-03-23,38.844913482666016,40.694332122802734,38.50930404663086,39.4697151184082,33.014705657958984,191023424
2005-03-24,39.63037872314453,40.51581573486328,39.63037872314453,39.98741149902344,33.44773483276367,113013930
2005-03-28,40.13022232055664,40.937110900878906,40.094520568847656,40.42298889160156,33.812076568603516,56543733
2005-03-29,40.48725128173828,40.551517486572266,38.923458099365234,39.21265411376953,32.7996826171875,66827170
2005-03-30,39.13053512573242,39.60895919799805,38.49502182006836,38.784217834472656,32.44131088256836,81073602
2005-03-31,38.923458099365234,39.51612854003906,38.81277847290039,38.991294860839844,32.61451721191406,88299330
2005-04-01,39.773193359375,40.45869064331055,39.12339782714844,40.315879821777344,33.722476959228516,70413811
2005-04-04,40.48725128173828,40.597930908203125,39.92314529418945,40.3480110168457,33.74936294555664,48299339
2005-04-05,40.41227722167969,40.687191009521484,39.52684020996094,39.70535659790039,33.2118034362793,54556466
2005-04-06,39.84459686279297,40.90855026245117,39.84459686279297,40.81571960449219,34.14057540893555,61530703
2005-04-07,40.90855026245117,41.19417190551758,40.240901947021484,40.3765754699707,33.773250579833984,51138382
2005-04-08,40.48725128173828,40.558658599853516,39.51612854003906,39.762481689453125,33.25959396362305,47054753
2005-04-11,39.773193359375,39.773193359375,38.91632080078125,39.08412170410156,32.69215774536133,26125348
2005-04-12,39.14481735229492,39.44115447998047,38.91632080078125,39.18052291870117,32.77280807495117,46659100
2005-04-13,39.344757080078125,39.47328567504883,38.77350616455078,38.95559310913086,32.58465576171875,28987919
2005-04-15,38.837772369384766,38.837772369384766,37.563175201416016,37.82737731933594,31.64095687866211,54798014
2005-04-18,37.63100814819336,37.63100814819336,36.77413558959961,37.02762985229492,30.972003936767578,62412014
2005-04-19,37.41679000854492,37.88093185424805,36.55991744995117,36.702728271484375,30.700252532958984,50673926
2005-04-20,36.88838577270508,37.98447036743164,36.78127670288086,37.84879684448242,31.658876419067383,60793889
2005-04-21,37.702415466308594,38.98772430419922,37.488197326660156,38.76636505126953,32.42637634277344,85251326
2005-04-22,39.05913162231445,39.25906753540039,38.28794479370117,39.09483337402344,32.701133728027344,77975210
2005-04-25,38.91632080078125,39.187660217285156,38.527156829833984,39.0377082824707,32.653343200683594,48498327
2005-04-26,38.70210266113281,39.323333740234375,38.63783645629883,39.06984329223633,32.68022537231445,54222699
2005-04-27,39.63037872314453,39.95170593261719,38.080867767333984,38.48788070678711,32.19344711303711,187602973
2005-04-28,38.545005798339844,39.27334976196289,38.08443832397461,38.83420181274414,32.48311996459961,105195802
2005-04-29,39.28763198852539,39.28763198852539,37.495338439941406,37.70598602294922,31.539426803588867,52691821
2005-05-02,37.80952453613281,38.23796081542969,37.46320343017578,38.120140075683594,31.88583755493164,43024214
2005-05-03,38.059444427490234,38.77350616455078,37.527469635009766,38.62712478637695,32.309913635253906,48375663
2005-05-04,38.70210266113281,38.91632080078125,38.345069885253906,38.65568542480469,32.333797454833984,29381639
2005-05-05,38.755653381347656,39.08769226074219,38.50216293334961,38.64140701293945,32.321861267089844,24326384
2005-05-06,38.559288024902344,39.309051513671875,38.559288024902344,39.209083557128906,32.79669189453125,64922192
2005-05-09,39.21979522705078,39.626808166503906,39.00200653076172,39.51612854003906,33.05351638793945,44323347
2005-05-10,39.54112243652344,39.68393325805664,38.784217834472656,38.862762451171875,32.50701904296875,31828111
2005-05-11,38.70210266113281,39.09126281738281,38.53429412841797,38.7378044128418,32.402488708496094,43816108
2005-05-12,38.552146911621094,38.65925598144531,38.17726516723633,38.491451263427734,32.987266540527344,51668659
2005-05-13,38.452178955078125,38.48788070678711,38.13085174560547,38.2915153503418,32.815914154052734,24848524
2005-05-16,38.38077163696289,38.81991958618164,38.38077163696289,38.57714080810547,33.060699462890625,33790996
2005-05-17,38.70210266113281,38.823490142822266,37.48462677001953,37.556034088134766,32.185604095458984,50494417
2005-05-18,37.702415466308594,37.959476470947266,37.3525276184082,37.81666564941406,32.408966064453125,62603483
2005-05-19,37.91663360595703,38.2022590637207,37.32039260864258,37.43821334838867,32.08464050292969,42422193
2005-05-20,37.488197326660156,37.623870849609375,36.816978454589844,37.163299560546875,31.84903335571289,59314715
2005-05-23,37.41679000854492,38.055877685546875,37.27397918701172,37.927345275878906,32.50381088256836,28727787
2005-05-24,38.07015609741211,38.25581359863281,37.602447509765625,37.91663360595703,32.49464416503906,51323478
2005-05-25,37.702415466308594,38.13085174560547,37.52389907836914,37.89164352416992,32.47322082519531,56454483
2005-05-26,37.91663360595703,38.095149993896484,37.598876953125,37.8737907409668,32.457923889160156,108808070
2005-05-27,37.92377471923828,38.51644515991211,37.79881286621094,37.934486389160156,32.509944915771484,58721979
2005-05-30,37.952335357666016,38.18083572387695,37.488197326660156,37.616729736328125,32.23762893676758,31958688
2005-05-31,37.63100814819336,38.40933609008789,37.44535446166992,38.2022590637207,32.73941421508789,75922486
2005-06-01,38.41647720336914,38.859195709228516,38.27366256713867,38.63069534301758,33.106590270996094,61706710
2005-06-02,38.844913482666016,38.937740325927734,37.7416877746582,37.83451843261719,32.424259185791016,53623380
2005-06-03,37.702415466308594,39.687503814697266,37.702415466308594,39.4982795715332,33.850128173828125,131507128
2005-06-06,39.55897521972656,40.42298889160156,39.201942443847656,39.437583923339844,33.79810333251953,87661891
2005-06-07,39.416160583496094,39.687503814697266,38.91632080078125,39.11982727050781,33.525779724121094,58967210
2005-06-08,39.36617660522461,39.98741149902344,39.27334976196289,39.876731872558594,34.174442291259766,72495426
2005-06-09,40.04453659057617,40.255184173583984,39.75177001953125,39.91957473754883,34.21117401123047,56698538
2005-06-10,40.058815002441406,40.658626556396484,40.058815002441406,40.45512008666992,34.67013168334961,88373329
2005-06-13,40.48011016845703,42.83651351928711,40.0338249206543,40.672908782958984,34.85676956176758,45665964
2005-06-14,40.77287673950195,41.058502197265625,40.33015823364258,40.990665435791016,35.12909698486328,46370063
2005-06-15,40.540809631347656,41.20131301879883,40.540809631347656,41.054931640625,35.184165954589844,48590532
2005-06-16,41.20131301879883,42.48662567138672,41.12990951538086,42.14744567871094,36.12045669555664,115223307
2005-06-17,42.12959289550781,43.239959716796875,41.70115661621094,42.861507415771484,36.73240661621094,126440530
2005-06-20,44.628807067871094,46.106910705566406,44.01114273071289,45.021541595458984,38.583553314208984,337512174
2005-06-21,45.1286506652832,46.27114486694336,44.34318161010742,46.13904571533203,39.54126739501953,230734168
2005-06-22,45.91411590576172,47.12801742553711,45.842708587646484,46.73885726928711,40.0553092956543,179770966
2005-06-23,46.713863372802734,46.774559020996094,46.17831802368164,46.45680236816406,39.81358337402344,89786122
2005-06-24,46.342552185058594,47.02090835571289,45.917686462402344,46.74599838256836,40.061424255371094,90283194
2005-06-27,46.27114486694336,48.19911193847656,46.07477951049805,46.31755828857422,39.69425582885742,174238637
2005-06-28,47.842079162597656,47.842079162597656,44.78232955932617,44.953704833984375,38.52542495727539,140205952
2005-06-29,45.271461486816406,46.19974136352539,45.17863464355469,45.832000732421875,39.27812194824219,123681858
2005-06-30,46.27114486694336,46.63888931274414,45.46068572998047,45.88198471069336,39.32096481323242,100769540
2005-07-01,45.91411590576172,46.05692672729492,45.52495193481445,45.70703887939453,39.17102813720703,49208211
2005-07-04,45.842708587646484,46.378257751464844,45.62849044799805,46.01408386230469,39.43416976928711,53426086
2005-07-05,45.98552322387695,46.27114486694336,45.446407318115234,45.5606575012207,39.04558563232422,65828880
2005-07-06,45.51067352294922,46.19974136352539,45.51067352294922,46.07120895385742,39.48312759399414,47018524
2005-07-07,45.79986572265625,45.79986572265625,43.50773239135742,43.83976745605469,37.570777893066406,122340039
2005-07-08,44.84302520751953,44.84302520751953,43.91474533081055,44.29319763183594,37.959373474121094,77600621
2005-07-11,44.13967514038086,45.41427230834961,44.13967514038086,45.264320373535156,38.791629791259766,57751866
2005-07-12,45.33572769165039,45.98552322387695,45.025108337402344,45.57850646972656,39.060882568359375,71883881
2005-07-13,45.69989776611328,45.79986572265625,44.92156982421875,45.053672790527344,38.6110954284668,38361489
2005-07-14,45.10365676879883,46.189029693603516,44.35032272338867,45.8070068359375,39.25670623779297,117997062
2005-07-15,45.91411590576172,47.842079162597656,45.91411590576172,47.60287094116211,40.79576873779297,99419446
2005-07-18,47.62786102294922,48.045589447021484,46.999488830566406,47.25654983520508,40.49897003173828,109784920
2005-07-19,47.41364288330078,47.970611572265625,47.206565856933594,47.46005630493164,40.673370361328125,74060628
2005-07-20,47.55645751953125,48.77035903930664,47.55645751953125,48.49187469482422,41.557647705078125,81588474
2005-07-21,48.27051544189453,49.00600051879883,47.888492584228516,48.431182861328125,41.50564193725586,69635530
2005-07-22,48.5561408996582,49.37017059326172,48.424041748046875,49.238067626953125,42.197139739990234,53589574
2005-07-25,49.37017059326172,49.677215576171875,48.88460922241211,49.09525680541992,42.07474136352539,77096196
2005-07-26,48.91317367553711,49.44157791137695,48.5704231262207,49.352317810058594,42.29505157470703,61723656
2005-07-27,49.44871520996094,50.33415222167969,49.227359771728516,49.90214538574219,42.76625442504883,105898221
2005-07-28,218.3106689453125,218.3106689453125,218.3106689453125,218.3106689453125,187.0927276611328,0
2005-07-29,49.84144973754883,50.8339958190918,49.48442077636719,50.223472595214844,43.041629791259766,106627570
2005-08-01,50.198482513427734,50.69118118286133,49.73434066772461,50.53765869140625,43.310890197753906,62404620
2005-08-02,50.8339958190918,53.30107498168945,50.76972961425781,52.94404602050781,45.373165130615234,127336266
2005-08-03,54.25434875488281,54.26148986816406,50.7447395324707,51.019649505615234,43.72395324707031,366024503
2005-08-04,51.19816589355469,53.958011627197266,51.19816589355469,52.06932067871094,44.62351989746094,202590728
2005-08-05,52.12644577026367,52.83336639404297,51.5801887512207,51.82297134399414,44.41240692138672,112590409
2005-08-08,53.540287017822266,57.053466796875,50.49124526977539,50.79115295410156,43.52812957763672,155661566
2005-08-09,50.98394775390625,51.75513458251953,50.169918060302734,50.530521392822266,43.30476760864258,124684979
2005-08-10,51.39096450805664,51.60161209106445,50.641197204589844,51.373111724853516,44.0268669128418,102268684
2005-08-11,51.60161209106445,52.09074401855469,50.912540435791016,51.24100875854492,43.91365432739258,92569484
2005-08-12,51.39810562133789,51.60518264770508,50.137786865234375,50.2841682434082,43.09364700317383,90467352
2005-08-16,50.30559158325195,50.69832229614258,49.777183532714844,49.9699821472168,42.82438659667969,72875687
2005-08-17,49.9842643737793,51.26957321166992,49.62723159790039,51.05178451538086,43.75149917602539,98007171
2005-08-18,51.412384033203125,53.126129150390625,50.35914611816406,50.58050537109375,43.34760284423828,121478124
2005-08-19,53.554569244384766,53.554569244384766,50.209190368652344,50.39484786987305,43.188499450683594,90752944
2005-08-22,50.676902770996094,50.955387115478516,49.598670959472656,49.93428039550781,42.793792724609375,70989812
2005-08-23,50.34129333496094,50.448402404785156,48.773929595947266,48.92388153076172,41.92787551879883,92582004
2005-08-24,49.05598449707031,49.77004623413086,48.77750015258789,49.61652374267578,42.521480560302734,96855547
2005-08-25,49.94855880737305,50.04138946533203,49.48085021972656,49.7236328125,42.61326599121094,100857642
2005-08-26,49.94498825073242,50.26274871826172,49.52726364135742,49.89500427246094,42.76013946533203,50759283
2005-08-29,50.41270065307617,51.76941680908203,49.48799133300781,50.009254455566406,42.85805130004883,63972553
2005-08-30,50.198482513427734,50.684043884277344,49.91642761230469,50.52695083618164,43.30172348022461,62999919
2005-08-31,50.84113693237305,51.68015670776367,50.5733642578125,51.36954116821289,44.02381134033203,93999740
2005-09-01,51.340980529785156,52.08717346191406,51.340980529785156,51.890804290771484,44.470542907714844,74764182
2005-09-02,51.76941680908203,52.312103271484375,51.419525146484375,52.162147521972656,44.70307159423828,69581739
2005-09-05,52.269256591796875,52.647708892822266,51.9979133605957,52.15143966674805,44.693904876708984,52224536
2005-09-06,52.12644577026367,52.47633743286133,51.805118560791016,52.04789733886719,44.60516357421875,43420875
2005-09-08,52.412071228027344,53.233238220214844,52.365657806396484,52.744110107421875,45.20182418823242,74357032
2005-09-09,52.84050750732422,53.19753646850586,52.45491409301758,52.95832824707031,45.38541030883789,57343021
2005-09-12,53.215389251708984,53.83304977416992,53.1368408203125,53.73308181762695,46.04936981201172,52799613
2005-09-13,53.7687873840332,54.22935485839844,53.55099868774414,53.71880340576172,46.037139892578125,76416716
2005-09-14,53.554569244384766,53.98300552368164,52.594154357910156,52.90834426879883,45.34256362915039,59383645
2005-09-15,52.94761657714844,54.550682067871094,52.49061584472656,54.32575225830078,46.55730056762695,76116756
2005-09-16,54.550682067871094,54.829166412353516,53.979434967041016,54.557823181152344,46.75617980957031,54661723
2005-09-19,55.296875,59.981117248535156,54.125816345214844,54.56853485107422,46.765357971191406,53922696
2005-09-20,54.62565994262695,55.76815414428711,53.98300552368164,55.55036926269531,47.60679244995117,135365077
2005-09-21,55.69675064086914,56.05377960205078,53.554569244384766,55.85741424560547,47.86992645263672,160400406
2005-09-22,55.98237609863281,55.98237609863281,53.554569244384766,53.8723258972168,46.16870880126953,117798830
2005-09-23,54.83987808227539,54.83987808227539,52.776241302490234,53.39390563964844,45.758697509765625,147985891
2005-09-26,53.554569244384766,55.94667053222656,53.554569244384766,55.714603424072266,47.7475471496582,90435660
2005-09-27,56.40367126464844,56.83924865722656,55.700321197509766,56.26799774169922,48.221805572509766,99754361
2005-09-28,56.41081237792969,57.38550567626953,56.05377960205078,57.157005310058594,48.98368835449219,97726775
2005-09-29,57.12487030029297,58.08171463012695,57.12487030029297,57.71754455566406,49.464073181152344,99975589
2005-09-30,57.55331039428711,57.83179473876953,55.76815414428711,56.664302825927734,48.561431884765625,120956922
2005-10-03,56.05377960205078,57.32481002807617,56.05377960205078,56.71428680419922,48.60426712036133,67338023
2005-10-04,56.83924865722656,57.7603874206543,56.717857360839844,57.59972381591797,49.36309051513672,60690606
2005-10-05,57.69612121582031,57.83179473876953,56.98563003540039,57.27125549316406,49.081600189208984,53923117
2005-10-06,57.12487030029297,57.12487030029297,56.189453125,56.47150421142578,48.39621353149414,83636940
2005-10-07,56.7642707824707,56.7642707824707,55.389705657958984,56.29656219482422,48.246280670166016,111805490
2005-10-10,56.33940505981445,56.617889404296875,55.718170166015625,55.90739822387695,47.91277313232422,52026164
2005-10-11,56.19659423828125,56.46793746948242,55.12550354003906,56.32512283325195,48.2707633972168,53107808
2005-10-13,56.103763580322266,56.617889404296875,55.20404815673828,55.35757064819336,47.44156265258789,84604085
2005-10-14,55.3397216796875,55.51109313964844,54.375736236572266,54.543540954589844,46.74393081665039,102288851
2005-10-17,55.51109313964844,55.68246841430664,54.2007942199707,55.05409622192383,47.18148422241211,87172339
2005-10-18,55.50752258300781,55.79671859741211,53.44746017456055,54.01513671875,46.29109573364258,87963924
2005-10-19,53.565277099609375,54.111534118652344,52.48347473144531,53.36177062988281,45.73115158081055,122569754
2005-10-20,53.911598205566406,54.68992614746094,52.629859924316406,53.42246627807617,45.783172607421875,106523223
2005-10-21,53.84019088745117,55.19690704345703,53.07257843017578,55.06837844848633,47.1937255859375,133090971
2005-10-24,54.996971130371094,55.37185287475586,53.84019088745117,54.06155014038086,46.33087158203125,68344505
2005-10-25,54.343605041503906,55.653907775878906,54.27219772338867,54.81131362915039,46.973419189453125,70279578
2005-10-26,54.975547790527344,55.33258056640625,54.365028381347656,54.52212142944336,46.72557830810547,59117043
2005-10-27,54.69706344604492,54.968406677246094,53.208248138427734,53.57598876953125,45.91474533081055,148738838
2005-10-28,53.911598205566406,54.1722297668457,52.661991119384766,52.95475769042969,45.382354736328125,86146124
2005-10-31,52.661991119384766,54.6185188293457,52.661991119384766,54.4471435546875,46.66132736206055,66613295
2005-11-02,54.536399841308594,55.653907775878906,54.03656005859375,55.53251647949219,47.59149169921875,72144349
2005-11-04,55.53251647949219,55.53251647949219,55.53251647949219,55.53251647949219,47.59149169921875,0
2005-11-07,54.6185188293457,56.46079635620117,54.6185188293457,56.26799774169922,48.221805572509766,71521727
2005-11-08,56.76784133911133,56.76784133911133,55.875267028808594,56.44294357299805,48.371726989746094,60874064
2005-11-09,56.55362319946289,57.18913650512695,56.2037353515625,56.49292755126953,48.41455841064453,59545592
2005-11-10,56.65359115600586,56.7928352355957,55.91810989379883,56.103763580322266,48.081050872802734,45070188
2005-11-11,56.19659423828125,57.428348541259766,56.19659423828125,56.79640579223633,48.67464065551758,70424608
2005-11-14,56.76784133911133,57.339088439941406,56.132328033447266,57.01419448852539,48.861289978027344,44978599
2005-11-16,57.1962776184082,58.48158645629883,57.1962776184082,58.37091064453125,50.02400588989258,80866742
2005-11-17,52.48347473144531,59.40629577636719,52.48347473144531,59.217071533203125,50.749168395996094,83636814
2005-11-18,59.40629577636719,59.62408447265625,58.810054779052734,58.99214172363281,50.55640411376953,52042255
2005-11-21,58.98143005371094,59.541969299316406,58.6101188659668,59.19921875,50.73386764526367,72091861
2005-11-22,59.238494873046875,59.9061393737793,58.19596481323242,58.50300979614258,50.13720703125,96006908
2005-11-23,58.6244010925293,59.54553985595703,58.45659637451172,59.40986633300781,50.914390563964844,80664015
2005-11-24,59.48127365112305,60.580928802490234,59.48127365112305,60.27388000488281,51.65485382080078,82044219
2005-11-25,60.40955352783203,60.40955352783203,59.72048568725586,60.17034149169922,51.56612014770508,65803378
2005-11-28,60.40955352783203,60.69517517089844,60.17748260498047,60.545223236083984,51.887393951416016,52587586
2005-11-29,60.63805389404297,61.826961517333984,60.02396011352539,60.56307601928711,51.902687072753906,113205258
2005-11-30,60.70945739746094,61.0843391418457,59.202789306640625,59.4598503112793,50.95722579956055,88891688
2005-12-01,59.48127365112305,60.21675491333008,59.28490447998047,59.94898223876953,51.376407623291016,85128004
2005-12-02,60.12392807006836,60.63805389404297,59.62408447265625,59.938270568847656,51.36723327636719,56707221
2005-12-05,60.48095703125,60.830848693847656,59.695491790771484,59.998966217041016,51.41925048828125,53802777
2005-12-06,60.12392807006836,60.466678619384766,59.26705551147461,59.749046325683594,51.20506286621094,70506198
2005-12-07,59.981117248535156,60.68803787231445,59.195648193359375,60.22746658325195,51.61507797241211,73922461
2005-12-08,60.69517517089844,60.85226821899414,59.641937255859375,60.42026138305664,51.780303955078125,66309469
2005-12-09,59.981117248535156,61.75912857055664,59.981117248535156,61.6484489440918,52.83285903930664,90717219
2005-12-12,61.84481430053711,62.3660774230957,61.41280746459961,61.63773727416992,52.823673248291016,37374178
2005-12-13,61.830535888671875,62.44462585449219,61.3592529296875,62.237548828125,53.337730407714844,56156161
2005-12-14,62.134010314941406,62.3660774230957,61.12361145019531,61.54848098754883,52.7471809387207,55358288
2005-12-15,61.694862365722656,61.75912857055664,59.91685104370117,60.35599899291992,51.7252311706543,73842272
2005-12-16,60.69517517089844,60.98080062866211,60.13106918334961,60.64876174926758,51.97612762451172,67600031
2005-12-19,60.98080062866211,61.5163459777832,60.98080062866211,61.20573043823242,52.45344924926758,34209980
2005-12-20,61.394954681396484,61.887657165527344,60.855838775634766,61.02007293701172,52.29435348510742,50743906
2005-12-21,61.13075256347656,61.65201950073242,60.627342224121094,61.41994857788086,52.63703155517578,52644388
2005-12-22,61.694862365722656,62.105445861816406,60.923675537109375,61.12004470825195,52.380027770996094,80228450
2005-12-23,61.052207946777344,61.409236907958984,59.99539566040039,60.188194274902344,51.5814208984375,81345567
2005-12-26,59.981117248535156,60.11678695678711,59.05283737182617,59.4598503112793,50.95722579956055,74546889
2005-12-27,59.62408447265625,62.11615753173828,59.134952545166016,61.901939392089844,53.050106048583984,82522974
2005-12-28,62.12329864501953,63.544281005859375,61.98048782348633,62.301815032958984,53.39279556274414,151772052
2005-12-29,61.98048782348633,63.908451080322266,61.98048782348633,63.629966735839844,54.53104019165039,127220281
2005-12-30,64.12266540527344,64.32617950439453,63.212242126464844,63.501434326171875,54.420867919921875,69291357
2006-01-02,63.76564025878906,64.40829467773438,63.562129974365234,64.1119613647461,54.94409942626953,51281633
2006-01-03,64.22977447509766,65.97208404541016,63.9798583984375,65.693603515625,56.299556732177734,68687753
2006-01-04,65.76500701904297,66.83609771728516,65.693603515625,66.3969497680664,56.9023323059082,60512596
2006-01-05,66.62187957763672,66.83609771728516,65.693603515625,65.81499481201172,56.403594970703125,74344078
2006-01-06,65.81499481201172,66.51119995117188,65.20089721679688,65.74358367919922,56.34239959716797,89054027
2006-01-09,65.90782165527344,66.08633422851562,64.70819854736328,64.99024963378906,55.6967887878418,87383441
2006-01-10,64.90813446044922,64.97954559326172,63.42646026611328,63.84418487548828,54.714603424072266,134444371
2006-01-12,61.63059616088867,64.05126190185547,61.63059616088867,63.32649230957031,54.27095031738281,275574236
2006-01-13,63.5478515625,64.05126190185547,63.05514907836914,63.205101013183594,54.16691207885742,141888428
2006-01-16,63.408607482910156,63.408607482910156,61.709144592285156,62.333946228027344,53.42033767700195,215346951
2006-01-17,62.4981803894043,66.90750885009766,62.26968002319336,66.30055236816406,56.81972885131836,632289604
2006-01-18,66.30055236816406,83.13570404052734,66.30055236816406,79.28407287597656,67.9466323852539,533724706
2006-01-19,80.00411224365234,83.39286041259766,79.02120208740234,80.51842498779297,69.00447082519531,89000074
2006-01-20,80.80415344238281,81.07845306396484,80.23269653320312,80.48413848876953,68.97509002685547,33771785
2006-01-23,80.23269653320312,80.68986511230469,79.318359375,80.27269744873047,68.79387664794922,36528785
2006-01-24,81.14702606201172,81.60419464111328,78.7411880493164,79.25550079345703,67.92214965820312,98982821
2006-01-25,79.54694366455078,79.98125457763672,78.28974151611328,78.67832946777344,67.42749786376953,117047947
2006-01-27,79.42122650146484,80.36984252929688,79.40979766845703,79.84981536865234,68.43148803710938,54941663
2006-01-30,80.00411224365234,82.08422088623047,80.00411224365234,81.26703643798828,69.64604187011719,63495319
2006-01-31,80.96416473388672,82.26708221435547,80.96416473388672,81.59276580810547,69.92517852783203,54326385
2006-02-01,81.67276763916016,82.15279388427734,80.11840057373047,80.5527114868164,69.03384399414062,43206477
2006-02-02,81.1355972290039,81.82135009765625,80.11840057373047,80.99273681640625,69.41095733642578,43943959
2006-02-03,80.80415344238281,80.80415344238281,79.43265533447266,79.61552429199219,68.23067474365234,30004832
2006-02-06,79.43265533447266,82.604248046875,78.11830139160156,82.32994842529297,70.55694580078125,83346920
2006-02-07,82.3528060913086,82.6899642944336,80.74700927734375,82.3528060913086,70.57655334472656,59512226
2006-02-08,82.28422546386719,82.51852416992188,81.60419464111328,81.88992309570312,70.17984771728516,59064976
2006-02-10,81.7184829711914,82.6956787109375,81.7184829711914,82.24422454833984,70.48347473144531,45202538
2006-02-13,81.7184829711914,82.40423583984375,81.7184829711914,81.92420959472656,70.20923614501953,27743423
2006-02-14,81.7184829711914,82.787109375,81.38703918457031,81.6270523071289,69.95457458496094,57810973
2006-02-15,81.38703918457031,82.16422271728516,79.60409545898438,80.2098388671875,68.74002075195312,67014266
2006-02-16,80.2098388671875,81.07845306396484,79.3240737915039,79.66695404052734,68.27476501464844,35513864
2006-02-17,80.34698486328125,80.86129760742188,78.86119842529297,79.2212142944336,67.89276123046875,40528581
2006-02-20,79.318359375,80.3984146118164,78.74690246582031,80.23841094970703,68.7645034790039,28227011
2006-02-21,80.23841094970703,80.68986511230469,79.35265350341797,79.74695587158203,68.34332275390625,29401892
2006-02-22,79.91839599609375,80.6327133178711,79.77552795410156,80.45556640625,68.95060729980469,25688530
2006-02-23,80.57556915283203,80.7870101928711,79.43836975097656,80.04411315917969,68.59798431396484,54348189
2006-02-24,80.23269653320312,80.84986877441406,79.88981628417969,80.32984161376953,68.84284210205078,21010408
2006-02-27,80.34698486328125,80.67271423339844,79.66123962402344,80.01554107666016,68.57349395751953,47238261
2006-02-28,80.43270874023438,81.7070541381836,79.4669418334961,81.01559448242188,69.43055725097656,67553448
2006-03-01,80.91844177246094,81.59276580810547,80.24412536621094,80.947021484375,69.37178802490234,39579019
2006-03-02,81.14702606201172,82.17565155029297,80.80415344238281,81.50704956054688,69.85173034667969,33440448
2006-03-03,81.7184829711914,82.06136322021484,80.947021484375,81.80420684814453,70.10639953613281,36620586
2006-03-06,81.94706726074219,83.87859344482422,81.94706726074219,83.6843032836914,71.7176513671875,53639371
2006-03-07,83.81002044677734,84.57577514648438,83.31856536865234,83.71858978271484,71.74702453613281,47205302
2006-03-08,83.7757339477539,83.7757339477539,81.33560943603516,82.27851867675781,70.51287078857422,61494358
2006-03-09,82.74710845947266,83.2842788696289,81.31846618652344,83.06140899658203,71.18382263183594,40411075
2006-03-10,83.54714965820312,84.33576202392578,83.10713195800781,83.59857940673828,71.64417266845703,30233677
2006-03-13,83.60429382324219,84.71864318847656,83.54714965820312,84.04431915283203,72.02619934082031,34700724
2006-03-14,83.89002227783203,85.31867218017578,83.33570861816406,84.86150360107422,72.72650909423828,32703088
2006-03-16,85.14723205566406,88.00452423095703,84.86150360107422,87.83308410644531,75.27315521240234,77186860
2006-03-17,88.00452423095703,89.37030792236328,87.21591186523438,88.58169555664062,75.91472625732422,55913414
2006-03-20,88.77027893066406,89.1474380493164,88.0616683959961,88.92456817626953,76.20855712890625,21719690
2006-03-21,89.1474380493164,90.86181640625,88.51883697509766,89.19886779785156,76.44363403320312,38242210
2006-03-22,89.4845962524414,89.89033508300781,86.70159912109375,88.29025268554688,75.66493225097656,44707366
2006-03-23,89.31887817382812,89.65603637695312,87.85022735595703,88.84456634521484,76.13999938964844,33847162
2006-03-24,88.69026947021484,89.7188949584961,88.69026947021484,89.39888000488281,76.61504364013672,24725660
2006-03-27,89.83319091796875,91.17040252685547,89.83319091796875,90.78752136230469,77.80512237548828,26706864
2006-03-28,90.86181640625,91.09039306640625,90.01605224609375,90.38750457763672,77.46229553222656,16031818
2006-03-29,90.97610473632812,91.18183135986328,89.9760513305664,90.71894836425781,77.74633026123047,16167392
2006-03-30,90.97610473632812,92.22188568115234,90.06177520751953,90.94181823730469,77.93733215332031,28515650
2006-03-31,91.42755889892578,92.34760284423828,90.06177520751953,90.90181732177734,77.90306091308594,73076882
2006-04-03,91.54756164550781,95.20489501953125,91.54756164550781,94.72486877441406,81.17941284179688,44027176
2006-04-04,94.97631072998047,96.34780883789062,94.86772918701172,95.63348388671875,81.9581298828125,34384454
2006-04-05,96.34780883789062,96.5763931274414,95.43347930908203,96.06208038330078,82.32542419433594,39932982
2006-04-07,96.51924896240234,96.7249755859375,94.82201385498047,95.2563247680664,81.63489532470703,37107883
2006-04-10,95.20489501953125,96.19922637939453,94.19341278076172,95.57633972167969,81.90914154052734,40280750
2006-04-12,95.44490814208984,98.1421890258789,93.8448257446289,94.71915435791016,81.17452239990234,82064393
2006-04-13,94.86202239990234,97.47929382324219,94.54199981689453,96.74783325195312,82.91312408447266,76596896
2006-04-17,97.1478500366211,97.94789123535156,96.70211029052734,97.3135757446289,83.39794921875,26106094
2006-04-18,97.58216094970703,102.37669372558594,97.58216094970703,101.86809539794922,87.30118560791016,71843982
2006-04-19,102.73670959472656,106.51976013183594,102.17668151855469,105.35398864746094,90.28861236572266,93268219
2006-04-20,106.86263275146484,114.2573013305664,106.86263275146484,113.44011688232422,97.21844482421875,130476958
2006-04-21,114.29158782958984,115.20592498779297,108.9770278930664,111.42858123779297,95.49453735351562,75692148
2006-04-24,111.43429565429688,114.23444366455078,110.40567779541016,111.68573760986328,95.71492004394531,58418086
2006-04-25,111.72003173828125,112.57721710205078,108.69129943847656,109.15989685058594,93.55027770996094,30839609
2006-04-26,109.71992492675781,112.23433685302734,108.82273864746094,111.8514633178711,95.8569564819336,41957400
2006-04-27,112.23433685302734,120.00616455078125,112.23433685302734,114.05728912353516,97.74735260009766,86212039
2006-04-28,112.57721710205078,115.54879760742188,110.97713470458984,115.30878448486328,98.81989288330078,54765263
2006-05-02,117.14888000488281,119.19469451904297,117.03458404541016,117.85176849365234,100.99923706054688,26648041
2006-05-03,117.85749053955078,119.09183502197266,116.70314025878906,118.35465240478516,101.43020629882812,23390951
2006-05-04,119.09183502197266,128.09800720214844,118.86325073242188,123.45777130126953,105.80359649658203,124128451
2006-05-05,123.85779571533203,126.74937438964844,123.66349792480469,125.6350326538086,107.66951751708984,52275053
2006-05-08,127.43511962890625,133.60687255859375,127.09224700927734,132.0067901611328,113.1301040649414,67921200
2006-05-09,132.5782470703125,133.68687438964844,129.8352508544922,131.90391540527344,113.04195404052734,63383719
2006-05-10,132.5782470703125,134.29261779785156,129.9781036376953,133.69830322265625,114.57974243164062,89270042
2006-05-11,134.29261779785156,135.36695861816406,125.83503723144531,126.8922348022461,108.74693298339844,106032727
2006-05-12,128.06944274902344,128.06944274902344,120.80621337890625,121.9319839477539,104.4959945678711,74881301
2006-05-15,122.29199981689453,122.29199981689453,115.61165618896484,116.76599884033203,100.06871032714844,85087660
2006-05-16,117.1431655883789,120.56620025634766,111.54859161376953,119.2861328125,102.2284927368164,109591379
2006-05-17,122.20056915283203,124.80069732666016,120.57762908935547,124.14352416992188,106.39128875732422,51148724
2006-05-18,121.72054290771484,122.2691421508789,113.43440246582031,114.8401870727539,98.41829681396484,83552753
2006-05-19,115.43450164794922,121.14908599853516,109.89136505126953,111.78860473632812,95.80307006835938,122474060
2006-05-22,113.72013092041016,114.17729949951172,96.00493621826172,106.22260284423828,91.03302001953125,112969668
2006-05-23,107.3198013305664,112.0057601928711,105.28541564941406,110.5313949584961,94.72566223144531,73477471
2006-05-24,111.09142303466797,111.09142303466797,98.86222076416016,107.26837158203125,91.92922973632812,100243526
2006-05-25,107.93697357177734,109.9485092163086,105.43399047851562,108.57701110839844,93.05074310302734,79605105
2006-05-26,109.71992492675781,113.35440063476562,108.86845397949219,109.5484848022461,93.88327026367188,58021662
2006-05-29,109.9485092163086,111.77717590332031,108.69129943847656,109.25704193115234,93.63353729248047,32605426
2006-05-30,109.68563842773438,111.72003173828125,108.00555419921875,109.14275360107422,93.53559112548828,31027558
2006-05-31,107.20551300048828,110.0513687133789,104.23393249511719,109.05132293701172,93.45722961425781,79677166
2006-06-01,110.2913818359375,110.2913818359375,105.71971893310547,105.75971984863281,91.67732238769531,78184283
2006-06-02,106.29117584228516,109.9485092163086,105.72543334960938,109.50276947021484,94.92194366455078,49858174
2006-06-05,109.9485092163086,110.9428482055664,105.72543334960938,105.75971984863281,91.67732238769531,51169635
2006-06-06,105.14826202392578,105.71971893310547,102.8624267578125,103.6053237915039,89.80978393554688,73627018
2006-06-07,103.43389129638672,105.14826202392578,100.44515991210938,102.06238555908203,88.47228240966797,100805037
2006-06-08,100.70231628417969,101.14805603027344,92.23331451416016,94.37056732177734,81.80467987060547,104511487
2006-06-09,93.14764404296875,106.19974517822266,93.14764404296875,105.46256256103516,91.41971588134766,98846897
2006-06-12,104.919677734375,108.34842681884766,102.0966796875,102.98243713378906,89.26983642578125,61593736
2006-06-13,101.71951293945312,101.71951293945312,97.26213836669922,98.136474609375,85.06912231445312,63382091
2006-06-14,98.86222076416016,102.06238555908203,96.37066650390625,98.11361694335938,85.04932403564453,75101186
2006-06-15,100.23372650146484,102.8624267578125,99.71941375732422,102.33097076416016,88.70511627197266,52498149
2006-06-16,103.77676391601562,108.00555419921875,103.77676391601562,105.33113098144531,91.30575561523438,60863192
2006-06-19,104.919677734375,107.43409729003906,103.20530700683594,106.71405792236328,92.50457763671875,35025945
2006-06-20,106.29117584228516,106.9769287109375,104.69109344482422,105.71971893310547,91.64263916015625,39634604
2006-06-21,106.29117584228516,110.69140625,104.919677734375,110.1942367553711,95.5213394165039,56845197
2006-06-22,110.86283874511719,113.53726196289062,110.5428237915039,111.44572448730469,96.60619354248047,42457577
2006-06-23,110.6342544555664,116.17739868164062,108.81702423095703,115.65165710449219,100.25208282470703,52768668
2006-06-26,116.00596618652344,117.01172637939453,111.72003173828125,112.14290618896484,97.21054077148438,61659515
2006-06-27,113.49154663085938,115.53736877441406,111.9543228149414,112.66293334960938,97.66133117675781,109435620
2006-06-28,109.96565246582031,114.97734069824219,109.96565246582031,114.4001693725586,99.16724395751953,56030177
2006-06-29,117.02315521240234,117.7203369140625,114.46302795410156,115.24592590332031,99.9003677368164,52730100
2006-06-30,117.137451171875,121.60625457763672,117.137451171875,121.13194274902344,105.00263977050781,52072458
2006-07-03,121.33766174316406,123.40062713623047,120.49761962890625,122.417724609375,106.11719512939453,38339251
2006-07-04,122.29199981689453,123.85779571533203,122.06341552734375,122.82917022705078,106.473876953125,31663257
2006-07-05,122.7491683959961,125.60645294189453,121.73768615722656,125.05213928222656,108.4008560180664,38295941
2006-07-06,123.4234848022461,124.69212341308594,122.42343139648438,123.80636596679688,107.3209457397461,37355775
2006-07-07,125.03499603271484,125.03499603271484,117.29174041748047,117.90320587158203,102.20382690429688,57829355
2006-07-10,118.40608978271484,119.98902130126953,116.94315338134766,119.24041748046875,103.36299133300781,39154175
2006-07-11,119.43470764160156,120.32047271728516,118.42894744873047,119.91473388671875,103.947509765625,30355671
2006-07-12,118.42894744873047,125.72074890136719,115.56022644042969,125.49787902832031,108.7872314453125,64260537
2006-07-13,124.14923858642578,125.1492919921875,122.33200073242188,122.91488647460938,106.54816436767578,29174001
2006-07-14,121.72054290771484,123.77779388427734,120.09188842773438,122.18914031982422,105.9190673828125,28412300
2006-07-17,120.92050170898438,122.109130859375,117.46318054199219,117.8803482055664,102.18400573730469,25732995
2006-07-18,118.0632095336914,118.86325073242188,113.04581451416016,114.79447174072266,99.50904846191406,55770770
2006-07-19,115.43450164794922,117.70890808105469,111.68002319335938,112.3543472290039,97.3938217163086,58942316
2006-07-20,113.94871520996094,115.43450164794922,112.60578918457031,113.7658462524414,98.61736297607422,63024777
2006-07-21,113.14867401123047,113.72013092041016,109.217041015625,110.58282470703125,95.85819244384766,58215228
2006-07-24,109.9485092163086,111.43429565429688,107.60552978515625,111.0342788696289,96.2495346069336,46571895
2006-07-25,112.55435943603516,113.2629623413086,111.66287994384766,112.89723205566406,97.86443328857422,27579168
2006-07-26,113.14867401123047,114.85161590576172,112.13147735595703,114.28015899658203,99.06320190429688,25801706
2006-07-27,114.85161590576172,116.09739685058594,112.94866180419922,114.30301666259766,99.08301544189453,40973706
2006-07-28,115.28592681884766,115.28592681884766,111.32000732421875,111.89717864990234,96.9975357055664,31577196
2006-07-31,112.92008972167969,114.06300354003906,111.56002044677734,111.86860656738281,96.97277069091797,29046931
2006-08-01,111.32000732421875,113.25724792480469,111.32000732421875,112.1886215209961,97.25017547607422,30444199
2006-08-02,111.89146423339844,113.65727233886719,111.89146423339844,113.25153350830078,98.17153930664062,18028876
2006-08-03,113.72013092041016,115.20592498779297,112.16004943847656,112.92008972167969,97.88423156738281,34767693
2006-08-04,112.92008972167969,114.23444366455078,109.97708129882812,110.61139678955078,95.8829574584961,43700494
2006-08-07,110.6342544555664,110.71426391601562,108.80559539794922,109.14275360107422,94.60987091064453,21285415
2006-08-08,109.20561218261719,111.97147369384766,109.14846801757812,111.68002319335938,96.80928039550781,19332271
2006-08-09,111.68002319335938,113.88014221191406,110.86283874511719,112.92008972167969,97.88423156738281,29473831
2006-08-10,112.92008972167969,113.14867401123047,110.5428237915039,111.88574981689453,96.98760986328125,23640138
2006-08-11,112.6800765991211,116.00596618652344,111.43429565429688,115.54879760742188,100.16293334960938,48343496
2006-08-14,116.00596618652344,117.94892120361328,114.54302978515625,117.6346206665039,101.97101593017578,23130442
2006-08-16,118.29179382324219,120.57762908935547,118.18893432617188,119.60614776611328,103.68000793457031,36026229
2006-08-17,121.0347900390625,122.7491683959961,118.640380859375,121.84626007080078,105.6218490600586,46844190
2006-08-18,122.06341552734375,123.26348114013672,119.89187622070312,120.68048858642578,104.61129760742188,18878851
2006-08-21,120.57762908935547,122.8520278930664,119.43470764160156,122.0177001953125,105.77045440673828,20695564
2006-08-22,123.4349136352539,123.99494171142578,120.64048767089844,121.69768524169922,105.49304962158203,27080339
2006-08-23,121.37767028808594,122.73773956298828,120.59477233886719,121.36624145507812,105.20575714111328,20861526
2006-08-24,121.14908599853516,127.98371887207031,120.23474884033203,126.50364685058594,109.6590576171875,49476974
2006-08-25,127.43511962890625,128.57803344726562,125.83503723144531,126.93795013427734,110.03555297851562,41967707
2006-08-28,127.20653533935547,128.4523162841797,126.53793334960938,128.24659729003906,111.1699447631836,18145464
2006-08-29,129.1380615234375,130.28097534179688,127.43511962890625,127.8751449584961,110.84795379638672,34556191
2006-08-30,127.43511962890625,129.720947265625,126.53221893310547,129.01234436035156,111.833740234375,28771180
2006-08-31,118.86325073242188,129.81239318847656,118.86325073242188,127.70370483398438,110.69933319091797,44955888
2006-09-01,127.43511962890625,128.9666290283203,127.43511962890625,128.2923126220703,111.2095718383789,18774303
2006-09-04,128.58375549316406,130.05812072753906,128.58375549316406,129.33236694335938,112.11112213134766,21722805
2006-09-05,128.57803344726562,129.720947265625,127.5494155883789,128.68661499023438,111.55137634277344,13024825
2006-09-06,128.69232177734375,130.97816467285156,128.4637451171875,130.00668334960938,112.69567108154297,31321902
2006-09-07,129.720947265625,129.720947265625,128.04086303710938,128.6580352783203,111.52660369873047,24551500
2006-09-08,129.1494903564453,129.65809631347656,127.1493911743164,129.24093627929688,112.03187561035156,39334302
2006-09-11,129.37808227539062,129.71524047851562,123.77779388427734,124.3149642944336,107.76183319091797,41672348
2006-09-12,124.80641174316406,126.83509063720703,122.64630126953125,126.50364685058594,109.6590576171875,50741607
2006-09-13,127.06938934326172,128.61231994628906,126.97795867919922,127.56655883789062,110.5804672241211,35040119
2006-09-14,128.00657653808594,129.9381103515625,127.52655792236328,128.73233032226562,111.59099578857422,27713657
2006-09-15,128.80662536621094,130.74957275390625,127.34940338134766,130.36099243164062,113.0028076171875,26321350
2006-09-18,130.86387634277344,131.50961303710938,128.59518432617188,129.54380798339844,112.29443359375,24127707
2006-09-19,129.720947265625,130.9095916748047,126.74937438964844,127.76085662841797,110.7488784790039,26778672
2006-09-20,127.32083129882812,129.355224609375,126.29792022705078,128.93804931640625,111.76933288574219,27366195
2006-09-21,129.509521484375,130.7152862548828,129.17807006835938,130.16668701171875,112.83439636230469,32394562
2006-09-22,129.6923828125,132.4525146484375,128.92091369628906,132.12107849121094,114.52851867675781,46463515
2006-09-25,132.55538940429688,134.29261779785156,132.12107849121094,132.9325408935547,115.23193359375,37707061
2006-09-26,133.03541564941406,135.0926513671875,132.5953826904297,134.76121520996094,116.81710815429688,33132674
2006-09-27,135.54981994628906,136.7841796875,133.74972534179688,134.1840362548828,116.31678009033203,21181864
2006-09-28,133.85830688476562,134.86407470703125,132.92111206054688,133.49256896972656,115.7174072265625,33521163
2006-09-29,135.984130859375,135.984130859375,133.61830139160156,133.92117309570312,116.08892059326172,17727148
2006-10-03,133.1782684326172,134.44691467285156,132.5782470703125,132.78396606445312,115.10313415527344,9095349
2006-10-04,133.1497039794922,133.37828063964844,130.63528442382812,131.32675170898438,113.83993530273438,44511779
2006-10-05,132.5782470703125,133.0811309814453,131.50390625,131.995361328125,114.41954803466797,35692547
2006-10-06,133.2639923095703,134.2240447998047,131.66390991210938,132.9039764404297,115.2071762084961,23645475
2006-10-09,132.0067901611328,133.37828063964844,131.44676208496094,131.8296356201172,114.27588653564453,14470574
2006-10-10,132.5782470703125,133.12684631347656,131.09815979003906,131.53819274902344,114.02325439453125,11522501
2006-10-11,132.0067901611328,132.79539489746094,130.1209716796875,130.66957092285156,113.2702865600586,23692513
2006-10-12,130.80101013183594,134.0640411376953,130.549560546875,133.5782928466797,115.79170227050781,34037745
2006-10-13,134.0640411376953,136.68702697753906,134.0640411376953,136.0869903564453,117.96634674072266,47385989
2006-10-16,136.5784454345703,139.32144165039062,136.4641571044922,138.68141174316406,120.2153091430664,38044671
2006-10-17,138.86428833007812,139.64146423339844,137.7327880859375,138.88714599609375,120.39364624023438,22184239
2006-10-18,137.40135192871094,139.49288940429688,137.40135192871094,138.1213836669922,119.7298355102539,21577563
2006-10-19,138.74998474121094,138.74998474121094,135.61839294433594,136.81846618652344,118.60041809082031,32234690
2006-10-20,137.81280517578125,139.35572814941406,137.14990234375,137.55564880371094,119.23943328857422,33183754
2006-10-23,137.14990234375,137.2527618408203,136.2012939453125,136.447021484375,118.27845764160156,15570647
2006-10-26,136.00698852539062,136.4641571044922,133.72116088867188,134.28689575195312,116.40593719482422,21219811
2006-10-27,135.309814453125,140.24720764160156,134.87550354003906,139.74432373046875,121.13670349121094,41792532
2006-10-30,140.0072021484375,141.72157287597656,138.53854370117188,141.28155517578125,122.46925354003906,17880493
2006-10-31,141.15011596679688,141.60728454589844,139.23573303222656,140.12149047851562,121.46363067626953,17921966
2006-11-01,139.55003356933594,144.92173767089844,139.44717407226562,144.51028442382812,125.2680435180664,48093538
2006-11-02,144.92173767089844,148.4647674560547,143.83596801757812,146.67611694335938,127.14549255371094,36317956
2006-11-03,147.4361572265625,147.65330505371094,144.92173767089844,147.17327880859375,127.57646179199219,28470721
2006-11-06,146.97898864746094,150.29344177246094,146.32180786132812,149.0933837890625,129.24087524414062,30595173
2006-11-07,149.49339294433594,150.4020233154297,146.8818359375,147.58473205566406,127.9331283569336,31880044
2006-11-08,147.58473205566406,147.9733123779297,141.87586975097656,143.12164306640625,124.06429290771484,42717762
2006-11-09,143.55023193359375,144.76173400878906,142.1558837890625,144.0759735107422,124.89158630371094,35843381
2006-11-10,144.8074493408203,147.85902404785156,143.22450256347656,146.8989715576172,127.33866882324219,30040836
2006-11-13,147.2075653076172,148.1219024658203,146.52182006835938,146.91041564941406,127.34859466552734,9861469
2006-11-14,147.48187255859375,148.1104736328125,145.43032836914062,146.2246551513672,126.75415802001953,14216391
2006-11-15,146.52182006835938,146.9618377685547,143.79025268554688,144.31027221679688,125.09467315673828,18325127
2006-11-16,144.578857421875,146.52182006835938,143.45309448242188,144.66458129882812,125.40180969238281,14140848
2006-11-17,145.1503143310547,145.37890625,143.13307189941406,143.9216766357422,124.7578125,10982566
2006-11-20,140.0357666015625,144.91030883789062,140.0357666015625,143.8931121826172,124.73307037353516,24385013
2006-11-21,144.8074493408203,146.11036682128906,143.91024780273438,145.6132049560547,126.22410583496094,16005333
2006-11-22,146.28179931640625,147.49330139160156,145.41319274902344,146.08180236816406,126.63031768798828,15767608
2006-11-23,146.29322814941406,147.41329956054688,145.03602600097656,145.37318420410156,126.01602935791016,16107904
2006-11-24,145.1503143310547,145.6531982421875,143.8131103515625,144.27598571777344,125.06493377685547,18410392
2006-11-27,144.23599243164062,145.03602600097656,142.93878173828125,143.19021606445312,124.12374877929688,15857501
2006-11-28,142.78448486328125,145.11602783203125,141.71014404296875,142.94448852539062,123.91075897216797,27266564
2006-11-29,143.44737243652344,144.6588592529297,142.42446899414062,142.78448486328125,123.77203369140625,15458547
2006-11-30,142.97877502441406,144.12168884277344,141.72727966308594,142.23016357421875,123.29157257080078,23547891
2006-12-01,142.30445861816406,145.02459716796875,142.30445861816406,144.12741088867188,124.93614196777344,19952019
2006-12-04,144.578857421875,145.83607482910156,143.5045166015625,143.9959716796875,124.82221221923828,21858012
2006-12-05,146.29322814941406,147.93902587890625,144.578857421875,146.24180603027344,126.76896667480469,32943928
2006-12-06,146.84182739257812,148.4590606689453,145.16746520996094,146.44752502441406,126.94735717773438,27990519
2006-12-07,146.40753173828125,149.60769653320312,146.40753173828125,148.693359375,128.89410400390625,33453887
2006-12-08,149.15052795410156,149.15052795410156,144.578857421875,145.0531768798828,125.73863220214844,25528483
2006-12-11,146.29322814941406,146.29322814941406,140.15577697753906,141.72157287597656,122.85066986083984,39687399
2006-12-12,141.49298095703125,143.8931121826172,134.44691467285156,137.76707458496094,119.4227294921875,60181243
2006-12-13,138.85284423828125,141.96157836914062,137.26419067382812,141.53871154785156,122.69214630126953,45985404
2006-12-14,142.29302978515625,145.53890991210938,141.6129913330078,143.94454956054688,124.77761840820312,26296213
2006-12-15,144.69314575195312,145.1503143310547,142.3501739501953,143.28736877441406,124.20793151855469,21131992
2006-12-18,144.0074005126953,148.35047912597656,142.07015991210938,147.33328247070312,127.71513366699219,22069305
2006-12-19,148.32762145996094,148.32762145996094,140.5786590576172,143.2702178955078,124.193115234375,36971040
2006-12-20,144.0074005126953,145.72177124023438,140.955810546875,142.73876953125,123.73238372802734,36757166
2006-12-21,143.0930633544922,144.8760223388672,142.07586669921875,144.17312622070312,124.97577667236328,20249661
2006-12-22,144.18455505371094,145.72177124023438,143.5788116455078,145.44175720214844,126.07546997070312,12273869
2006-12-26,146.85325622558594,146.85325622558594,144.69314575195312,145.9503631591797,126.51636505126953,14411909
2006-12-27,146.86468505859375,148.33905029296875,146.3503875732422,147.81903076171875,128.13623046875,20441871
2006-12-28,148.23619079589844,148.92193603515625,144.95030212402344,145.68748474121094,126.28849792480469,35820527
2006-12-29,146.2989501953125,147.09327697753906,144.60171508789062,145.16746520996094,125.83768463134766,19637297
2007-01-02,145.72177124023438,146.9561309814453,145.18460083007812,146.39610290527344,126.90272521972656,10061125
2007-01-03,146.86468505859375,147.5390167236328,145.76177978515625,146.81326293945312,127.26438903808594,13034467
2007-01-04,147.4361572265625,148.57907104492188,145.9503631591797,146.3503875732422,126.8631820678711,26444841
2007-01-05,145.72177124023438,149.9505615234375,145.72177124023438,147.22471618652344,127.62105560302734,26660981
2007-01-08,147.893310546875,147.893310546875,144.76173400878906,145.93321228027344,126.50151062011719,19173370
2007-01-09,147.98475646972656,147.98475646972656,145.37890625,146.09893798828125,126.6451644897461,22409750
2007-01-10,145.72177124023438,147.5390167236328,144.4759979248047,145.5103302001953,126.13494873046875,42113055
2007-01-11,145.72177124023438,148.57907104492188,144.60171508789062,148.17904663085938,128.4482879638672,19496132
2007-01-12,149.5734100341797,153.72218322753906,148.0076141357422,153.0935821533203,132.70843505859375,39190014
2007-01-15,155.98516845703125,156.8080596923828,153.8364715576172,156.00230407714844,135.2298583984375,28151257
2007-01-16,156.23660278320312,156.8080596923828,153.61932373046875,153.94505310058594,133.44654846191406,15692397
2007-01-17,155.20797729492188,155.66514587402344,153.7393341064453,154.27650451660156,133.73385620117188,13686536
2007-01-18,154.86509704589844,158.2595672607422,154.17935180664062,156.28231811523438,135.4725799560547,30901337
2007-01-19,163.20838928222656,163.20838928222656,157.06521606445312,158.0366973876953,136.99334716796875,56511743
2007-01-22,158.29385375976562,159.43104553222656,156.69947814941406,157.01950073242188,136.1116180419922,13715121
2007-01-23,156.69947814941406,157.80810546875,155.16796875,155.49942016601562,134.79391479492188,10620755
2007-01-24,157.08236694335938,157.08236694335938,155.4651336669922,156.52232360839844,135.6806182861328,14724968
2007-01-25,157.6881103515625,157.6881103515625,155.72801208496094,156.64805603027344,135.78961181640625,22136178
2007-01-29,156.57948303222656,159.31105041503906,156.03659057617188,157.98526000976562,136.94874572753906,14797851
2007-01-31,158.40243530273438,158.7510223388672,155.27655029296875,156.17373657226562,135.3784637451172,23624188
2007-02-01,156.35089111328125,158.1795654296875,155.89944458007812,157.44808959960938,136.4830780029297,8045902
2007-02-02,158.14527893066406,159.28819274902344,156.3566131591797,157.15664672851562,136.23048400878906,14278285
2007-02-05,157.72239685058594,158.97959899902344,156.8080596923828,158.56243896484375,137.4490966796875,8424574
2007-02-06,152.0078125,160.9225616455078,152.0078125,158.7738800048828,137.63232421875,15368716
2007-02-07,159.77964782714844,159.98536682128906,157.86524963378906,159.4253387451172,138.1970672607422,13360974
2007-02-08,159.65963745117188,160.35110473632812,157.83668518066406,159.6710662841797,138.41009521484375,8767390
2007-02-09,160.06536865234375,160.785400390625,156.57948303222656,159.07102966308594,137.8899688720703,13458978
2007-02-12,158.52243041992188,158.52243041992188,154.6593780517578,155.31655883789062,134.6354217529297,11095995
2007-02-13,154.97940063476562,158.29385375976562,153.3793182373047,156.122314453125,135.33387756347656,12632180
2007-02-14,156.02516174316406,158.48814392089844,153.4078826904297,157.38523864746094,136.42860412597656,12438544
2007-02-15,158.00811767578125,161.5740203857422,158.00811767578125,160.80255126953125,139.3909149169922,17888402
2007-02-19,161.15113830566406,163.4369659423828,161.15113830566406,162.37977600097656,140.7581329345703,13674777
2007-02-20,163.3226776123047,165.082763671875,161.17971801757812,161.6768798828125,140.14881896972656,28700335
2007-02-21,158.97959899902344,162.86550903320312,158.97959899902344,160.77969360351562,139.37112426757812,13364272
2007-02-22,161.72259521484375,162.97409057617188,160.0082244873047,161.38543701171875,139.8961639404297,32546891
2007-02-23,162.751220703125,165.0027618408203,160.24822998046875,161.5225830078125,140.0150604248047,32824943
2007-02-26,162.29405212402344,163.4141082763672,156.86520385742188,160.7568359375,139.35134887695312,63419942
2007-02-27,149.16195678710938,161.73402404785156,149.16195678710938,160.63111877441406,139.24232482910156,26148818
2007-02-28,154.30506896972656,157.72239685058594,152.13925170898438,154.57937622070312,133.9963836669922,61743983
2007-03-01,157.15093994140625,157.15093994140625,150.75631713867188,156.32232666015625,135.5072479248047,34581643
2007-03-02,156.6937713623047,156.6937713623047,149.49339294433594,150.4305877685547,130.40000915527344,41534412
2007-03-05,148.57907104492188,148.693359375,142.6587677001953,143.93310546875,124.76768493652344,47152367
2007-03-06,145.60748291015625,149.36767578125,144.3845672607422,148.33334350585938,128.58204650878906,31088166
2007-03-07,149.83627319335938,151.89352416992188,144.13311767578125,147.2818603515625,127.67060089111328,30188258
2007-03-08,150.7506103515625,153.15072631835938,147.4361572265625,152.6421356201172,132.31710815429688,29274218
2007-03-09,152.92214965820312,154.27078247070312,149.15052795410156,150.6591796875,130.59820556640625,21098499
2007-03-12,151.9963836669922,152.53355407714844,149.3791046142578,150.37344360351562,130.35049438476562,18864108
2007-03-13,150.37344360351562,152.2021026611328,149.17909240722656,151.63636779785156,131.4452667236328,13837877
2007-03-14,149.60769653320312,149.60769653320312,144.1502685546875,146.90469360351562,127.34359741210938,23510172
2007-03-15,148.4647674560547,149.71055603027344,146.17893981933594,146.68182373046875,127.15046691894531,25017125
2007-03-16,146.68182373046875,149.24195861816406,145.83607482910156,148.59620666503906,128.80990600585938,22468407
2007-03-19,148.7047882080078,150.6363067626953,148.24761962890625,150.12771606445312,130.13748168945312,10332291
2007-03-20,150.6363067626953,152.5792694091797,150.40773010253906,151.20205688476562,131.06878662109375,10261183
2007-03-21,150.86489868164062,153.5850372314453,149.15052795410156,153.15072631835938,133.9647979736328,10490395
2007-03-22,153.95077514648438,157.7166748046875,153.95077514648438,157.17950439453125,137.48886108398438,21121580
2007-03-23,157.26522827148438,158.15670776367188,155.43655395507812,157.27093505859375,137.56884765625,16677657
2007-03-26,158.0652618408203,158.0652618408203,154.29364013671875,155.9565887451172,136.41912841796875,12894448
2007-03-28,155.43655395507812,157.03663635253906,153.44216918945312,154.29364013671875,134.9645233154297,18664269
2007-03-29,155.8937225341797,156.46517944335938,153.8364715576172,155.11654663085938,135.684326171875,23169325
2007-03-30,155.43655395507812,157.13951110839844,154.6593780517578,156.61376953125,136.99400329589844,23147171
2007-04-02,154.86509704589844,155.29940795898438,149.17909240722656,150.17343139648438,131.36048889160156,28788942
2007-04-03,150.9220428466797,153.8364715576172,149.6648406982422,153.2364501953125,134.03976440429688,23283681
2007-04-04,154.0650634765625,156.45947265625,154.03077697753906,155.80801391601562,136.28916931152344,17412059
2007-04-05,155.77943420410156,155.98516845703125,154.5450897216797,155.3051300048828,135.84930419921875,10617290
2007-04-09,156.00802612304688,158.63671875,155.66514587402344,158.21385192871094,138.39364624023438,9728896
2007-04-10,158.80816650390625,158.8653106689453,156.64805603027344,158.22528076171875,138.40362548828125,11596942
2007-04-11,158.3109893798828,159.8253631591797,157.38523864746094,158.47671508789062,138.62356567382812,14678962
2007-04-12,158.1795654296875,159.20819091796875,156.83663940429688,158.57957458496094,138.7135467529297,9616770
2007-04-13,157.17950439453125,161.82545471191406,157.17950439453125,161.37400817871094,141.1578826904297,13299955
2007-04-16,162.076904296875,167.32289123535156,161.97975158691406,166.6085662841797,145.7366943359375,14851941
2007-04-17,167.4371795654297,170.06588745117188,165.99139404296875,168.67152404785156,147.5412139892578,33423430
2007-04-18,168.3515167236328,170.96878051757812,168.3515167236328,169.7630157470703,148.4959716796875,20053251
2007-04-19,167.4657440185547,171.38023376464844,166.93429565429688,170.56304931640625,149.19577026367188,19251241
2007-04-20,170.8659210205078,176.58050537109375,170.8659210205078,176.17477416992188,154.10447692871094,20879952
2007-04-23,176.3519287109375,178.2948760986328,174.32896423339844,177.64341735839844,155.38912963867188,21884768
2007-04-24,177.609130859375,181.67791748046875,176.12905883789062,180.91787719726562,158.2533721923828,20824121
2007-04-25,180.80929565429688,182.86654663085938,178.63775634765625,182.6836700439453,159.79800415039062,18046358
2007-04-26,184.00946044921875,185.9066925048828,181.03787231445312,182.50653076171875,159.64300537109375,54287817
2007-04-27,184.238037109375,184.238037109375,175.09471130371094,175.91761779785156,153.8795623779297,27450567
2007-04-30,177.1291046142578,179.6663818359375,171.5516815185547,178.41488647460938,156.06398010253906,20872174
2007-05-03,180.00924682617188,186.2952880859375,180.00924682617188,185.8552703857422,162.57223510742188,32242197
2007-05-04,186.32386779785156,186.9810333251953,180.249267578125,180.94073486328125,158.27340698242188,32242949
2007-05-07,183.43800354003906,184.92379760742188,182.4093780517578,183.60943603515625,160.60777282714844,24784859
2007-05-08,183.83802795410156,184.51234436035156,181.7236328125,182.08364868164062,159.2731475830078,18773874
2007-05-09,181.7236328125,182.86654663085938,179.8378143310547,182.66653442382812,159.7830047607422,20192089
2007-05-10,183.6665802001953,183.98660278320312,180.00924682617188,180.74072265625,158.0984649658203,15843099
2007-05-11,177.26625061035156,182.86654663085938,175.00900268554688,181.62075805664062,158.86825561523438,29450679
2007-05-14,184.00946044921875,185.95240783691406,183.43800354003906,185.1809539794922,161.98243713378906,16711929
2007-05-15,185.2095184326172,185.82669067382812,182.12364196777344,182.69509887695312,159.80796813964844,30350894
2007-05-16,182.9808349609375,188.3525390625,182.70652770996094,186.83245849609375,163.42703247070312,24876581
2007-05-17,188.02108764648438,193.12420654296875,188.02108764648438,192.60989379882812,168.480712890625,24973307
2007-05-18,192.5584716796875,194.9814453125,190.87838745117188,194.11854553222656,169.8003692626953,20283846
2007-05-21,195.43861389160156,202.29611206054688,194.77572631835938,201.26177978515625,176.04872131347656,28342277
2007-05-22,202.18182373046875,204.01048278808594,198.6559295654297,203.3533172607422,177.87823486328125,34401499
2007-05-23,203.43902587890625,205.47341918945312,200.01028442382812,200.7131805419922,175.56883239746094,14032887
2007-05-24,200.0159912109375,201.1531982421875,196.24436950683594,197.40443420410156,172.67459106445312,24716385
2007-05-25,194.43856811523438,198.5244903564453,194.42141723632812,197.5015869140625,172.7595672607422,21165870
2007-05-28,198.85594177246094,200.01028442382812,196.15866088867188,197.0272674560547,172.34469604492188,13474797
2007-05-29,196.81011962890625,202.06753540039062,195.75863647460938,200.79888916015625,175.6438446044922,20311599
2007-05-30,200.01028442382812,203.43902587890625,199.1073760986328,200.3360137939453,175.2389373779297,26982519
2007-05-31,200.5817413330078,202.49612426757812,199.6674041748047,201.01605224609375,175.8337860107422,16331017
2007-06-01,202.6161346435547,203.42759704589844,199.70741271972656,200.1531524658203,175.07901000976562,13167670
2007-06-04,202.18182373046875,202.18182373046875,198.70164489746094,199.09024047851562,174.14920043945312,12200442
2007-06-05,198.75306701660156,200.12457275390625,196.82725524902344,199.4845428466797,174.494140625,15844324
2007-06-06,200.12457275390625,200.92462158203125,192.27273559570312,193.30136108398438,169.08554077148438,23865990
2007-06-07,191.20982360839844,195.07289123535156,189.7240447998047,190.76980590820312,166.8711395263672,22658622
2007-06-08,190.1811981201172,194.0499725341797,188.2496795654297,189.38687133789062,165.66146850585938,30218286
2007-06-11,205.724853515625,205.724853515625,189.7526092529297,190.4269256591797,166.57118225097656,18858124
2007-06-12,191.42698669433594,195.65005493164062,190.03262329101562,194.16998291015625,169.8453826904297,26005430
2007-06-13,194.10140991210938,195.41575622558594,190.86695861816406,191.484130859375,167.4959716796875,19604810
2007-06-14,192.69561767578125,194.63858032226562,192.58132934570312,193.84425354003906,169.5604248046875,17465782
2007-06-15,194.2957000732422,195.43861389160156,190.655517578125,192.22702026367188,168.1457977294922,17472641
2007-06-18,194.0442657470703,194.0442657470703,190.46693420410156,191.04981994628906,167.1160888671875,12464749
2007-06-19,191.04981994628906,197.77017211914062,190.87838745117188,197.33013916015625,172.60963439941406,19266710
2007-06-20,197.33013916015625,199.87313842773438,196.81011962890625,198.06161499023438,173.2494659423828,17149940
2007-06-21,198.29591369628906,199.72454833984375,196.71868896484375,198.22161865234375,173.38941955566406,14187474
2007-06-22,198.29591369628906,198.29591369628906,194.1414031982422,194.8785858154297,170.46517944335938,17986039
2007-06-25,195.2100372314453,195.89578247070312,193.92996215820312,195.3414764404297,170.8700714111328,25281291
2007-06-26,195.32432556152344,196.58152770996094,194.2957000732422,194.66714477539062,170.28024291992188,12617428
2007-06-27,194.18141174316406,196.57009887695312,193.45565795898438,194.12997436523438,169.81036376953125,13754039
2007-06-28,195.32432556152344,195.98721313476562,192.73562622070312,193.38136291503906,169.155517578125,24648261
2007-06-29,194.2957000732422,195.5529022216797,193.0384979248047,194.3585662841797,170.0103302001953,23062353
2007-07-02,194.75286865234375,195.66720581054688,191.9012908935547,192.50132751464844,168.38571166992188,23953923
2007-07-03,191.5641326904297,195.76434326171875,191.5641326904297,195.13003540039062,170.6851348876953,23453510
2007-07-04,195.5529022216797,197.91302490234375,195.32432556152344,196.37008666992188,171.76986694335938,19068174
2007-07-05,196.3529510498047,197.15298461914062,192.0670166015625,195.42147827148438,170.94007873535156,15396233
2007-07-06,195.89578247070312,197.7873077392578,192.58132934570312,195.42718505859375,170.94505310058594,13805731
2007-07-09,194.6271514892578,196.5186767578125,194.4099884033203,195.5471954345703,171.050048828125,13210342
2007-07-10,196.0157928466797,196.0157928466797,193.7242431640625,194.6042938232422,170.22525024414062,9858905
2007-07-11,196.23866271972656,196.4443817138672,192.7127685546875,194.67286682128906,170.28524780273438,10772489
2007-07-12,195.05003356933594,197.16441345214844,195.05003356933594,196.5072479248047,171.88983154296875,12406162
2007-07-13,197.7015838623047,204.6619415283203,197.2958526611328,202.6446990966797,177.25840759277344,38976595
2007-07-16,203.43902587890625,204.4676513671875,201.9818115234375,203.06185913085938,177.623291015625,13185327
2007-07-17,204.4676513671875,210.1593780517578,203.45045471191406,208.9078826904297,182.73695373535156,31204282
2007-07-18,209.72506713867188,210.18223571777344,206.13059997558594,208.31356811523438,182.21707153320312,26883867
2007-07-19,208.3535614013672,218.18264770507812,207.690673828125,216.33111572265625,189.230224609375,33599436
2007-07-20,217.03973388671875,218.86839294433594,214.98248291015625,216.2568359375,189.16529846191406,31593917
2007-07-23,214.86819458007812,218.86839294433594,214.29672241210938,218.20550537109375,190.86984252929688,20646199
2007-07-24,218.5255126953125,220.69705200195312,218.068359375,218.59408569335938,191.20970153808594,20243493
2007-07-25,216.5825653076172,218.5255126953125,214.29672241210938,217.451171875,190.2100067138672,19721223
2007-07-26,218.29693603515625,222.69715881347656,217.8397674560547,221.94854736328125,194.1439208984375,33158301
2007-07-27,219.4169921875,221.26852416992188,212.01089477539062,213.43954467773438,186.70095825195312,57384677
2007-07-30,215.4396514892578,217.0225830078125,210.29652404785156,211.29656982421875,184.826416015625,24399424
2007-07-31,213.15380859375,217.3597412109375,209.49649047851562,216.41111755371094,189.3002166748047,19654919
2007-08-01,212.81094360351562,214.18243408203125,204.86767578125,205.4676971435547,179.72776794433594,36609150
2007-08-02,209.95364379882812,210.26223754882812,204.81053161621094,205.7877197265625,180.0076904296875,20934716
2007-08-03,206.98207092285156,210.1365203857422,205.2677001953125,205.85629272460938,180.06761169433594,26123969
2007-08-06,203.7819061279297,204.81053161621094,200.1702880859375,203.4561767578125,177.96824645996094,19342158
2007-08-07,206.86778259277344,208.12498474121094,204.83909606933594,206.89064025878906,180.972412109375,27077163
2007-08-08,208.3535614013672,215.42822265625,207.87353515625,214.34815979003906,187.4956817626953,28523314
2007-08-09,215.66822814941406,218.58265686035156,209.78221130371094,210.95941162109375,184.531494140625,32078790
2007-08-10,208.0106964111328,208.0106964111328,203.0047149658203,206.7592010498047,180.85748291015625,29431457
2007-08-13,208.23927307128906,209.9307861328125,206.5877685546875,209.0621795654297,182.87191772460938,13780410
2007-08-14,205.724853515625,210.29652404785156,205.724853515625,209.502197265625,183.2568359375,8919702
2007-08-16,204.81053161621094,204.81053161621094,197.15298461914062,198.7587890625,173.85926818847656,35041064
2007-08-17,195.5529022216797,202.74185180664062,192.3756103515625,200.3417205810547,175.24391174316406,52133783
2007-08-20,205.724853515625,210.86798095703125,203.55331420898438,205.49627685546875,179.7527618408203,20630590
2007-08-21,205.724853515625,207.17636108398438,198.3302001953125,199.6502685546875,174.63909912109375,33584247
2007-08-22,199.6674041748047,205.01625061035156,196.0443572998047,201.86180114746094,176.57359313964844,37659201
2007-08-23,205.61056518554688,206.63919067382812,198.29591369628906,199.32452392578125,174.35414123535156,26753018
2007-08-24,200.64459228515625,203.66761779785156,199.1073760986328,203.02186584472656,177.58831787109375,14865687
2007-08-27,207.7821044921875,210.3422393798828,204.81053161621094,209.58792114257812,183.33181762695312,17956745
2007-08-28,209.58792114257812,216.0111083984375,208.81072998046875,215.15391540527344,188.20053100585938,28190228
2007-08-29,211.8966064453125,217.5883331298828,210.86798095703125,215.97682189941406,188.92031860351562,23266768
2007-08-30,217.15402221679688,220.0113067626953,214.98248291015625,218.53123474121094,191.1547393798828,36922515
2007-08-31,217.15402221679688,225.15443420410156,217.0225830078125,224.1143798828125,196.03846740722656,31770666
2007-09-03,224.1143798828125,226.1830596923828,221.72567749023438,223.7772216796875,195.74354553222656,17448851
2007-09-04,224.4686737060547,225.9373321533203,219.5827178955078,225.48587036132812,197.2381591796875,17767160
2007-09-05,227.09738159179688,227.89743041992188,222.98289489746094,224.53726196289062,196.40835571289062,21831606
2007-09-06,222.18284606933594,227.21168518066406,222.0685577392578,226.62307739257812,198.23287963867188,13398046
2007-09-07,226.64022827148438,227.4402618408203,223.4400634765625,224.34295654296875,196.23838806152344,16099767
2007-09-10,223.4400634765625,228.01171875,222.18284606933594,226.9373779296875,198.50782775878906,13639157
2007-09-11,227.4402618408203,229.55465698242188,226.86880493164062,227.45169067382812,198.9576873779297,18968079
2007-09-12,228.12600708007812,230.98330688476562,227.66883850097656,230.08612060546875,201.26211547851562,21066003
2007-09-13,231.4404754638672,232.58338928222656,230.1432647705078,231.7261962890625,202.6967010498047,17281779
2007-09-14,232.58338928222656,236.6864471435547,231.81192016601562,232.5548095703125,203.4215087890625,22388716
2007-09-17,232.01193237304688,235.37210083007812,230.98330688476562,231.817626953125,202.77671813964844,12641000
2007-09-18,230.86900329589844,235.89784240722656,230.40042114257812,235.21780395507812,205.75091552734375,21998267
2007-09-19,244.01254272460938,249.47567749023438,237.72079467773438,248.45848083496094,217.33285522460938,28944037
2007-09-20,248.69850158691406,251.64151000976562,247.6698760986328,250.33287048339844,218.9724578857422,23858535
2007-09-21,249.61282348632812,262.7563781738281,249.3328094482422,260.6362609863281,227.9850616455078,25276339
2007-09-24,262.87066650390625,271.8996887207031,261.27056884765625,269.2138366699219,235.48809814453125,34178621
2007-09-25,264.6136169433594,277.2713928222656,264.6136169433594,274.25408935546875,239.89694213867188,29360349
2007-09-26,274.1855163574219,276.0141906738281,264.58502197265625,265.3793640136719,232.13400268554688,34436400
2007-09-27,266.37939453125,270.8710632324219,263.4935302734375,264.9621887207031,231.76905822753906,30579013
2007-09-28,268.5852355957031,268.5852355957031,258.8704528808594,262.6477966308594,229.74464416503906,30223702
2007-10-01,264.0135803222656,266.17938232421875,258.55615234375,261.97918701171875,229.1597900390625,38920492
2007-10-03,263.0992431640625,278.8714904785156,255.4416961669922,273.8312072753906,239.5269775390625,58659731
2007-10-04,272.01397705078125,278.8543395996094,269.95672607421875,277.2599792480469,242.52621459960938,30557209
2007-10-05,285.1346435546875,287.443359375,276.58563232421875,284.8717956542969,249.1844940185547,35575321
2007-10-08,286.3004455566406,289.38629150390625,272.6825866699219,276.7228088378906,242.0563507080078,32690288
2007-10-09,266.4136962890625,299.3125305175781,251.17861938476562,297.15814208984375,259.9316711425781,36199645
2007-10-10,301.14691162109375,306.7586364746094,295.12945556640625,299.2611083984375,261.77117919921875,43742833
2007-10-11,303.9013366699219,303.9013366699219,295.1466064453125,300.6497497558594,262.98583984375,42900147
2007-10-12,300.87261962890625,311.4102783203125,290.5120849609375,293.24365234375,256.5076599121094,87039965
2007-10-15,295.4552001953125,306.30145263671875,294.43798828125,304.74139404296875,266.5649108886719,43056335
2007-10-16,303.4441833496094,308.5815734863281,299.3296813964844,303.04986572265625,265.0852966308594,49332781
2007-10-17,287.7862243652344,309.15875244140625,257.2703552246094,307.16436767578125,268.68438720703125,75476314
2007-10-18,314.3018798828125,341.6175537109375,288.7005615234375,295.2323303222656,258.24713134765625,66271385
2007-10-19,299.901123046875,308.5872802734375,276.5513610839844,282.22021484375,246.86505126953125,46568956
2007-10-22,274.2998046875,283.7860107421875,271.0767822265625,275.4484558105469,240.941650390625,44200234
2007-10-23,282.30023193359375,298.7582092285156,280.5858459472656,297.1409912109375,259.9166564941406,42698443
2007-10-24,301.72979736328125,302.9527282714844,292.1978759765625,298.87823486328125,261.436279296875,37642822
2007-10-25,297.7295837402344,304.9071044921875,296.26666259765625,300.364013671875,262.7359619140625,36587556
2007-10-26,302.8727111816406,310.1645202636719,297.7638854980469,308.39300537109375,269.75909423828125,34497805
2007-10-29,316.0162353515625,325.1595764160156,312.5874938964844,323.2052001953125,282.7156066894531,39456350
2007-10-30,324.47381591796875,326.2396240234375,313.1932373046875,316.5305480957031,276.8771667480469,38271801
2007-10-31,316.359130859375,322.1308288574219,314.759033203125,318.1649169921875,278.3068542480469,36337643
2007-11-01,322.3022766113281,324.47381591796875,302.87841796875,306.3700256347656,267.989501953125,52379007
2007-11-02,294.5294189453125,311.444580078125,294.5294189453125,310.10736083984375,271.2586669921875,33839830
2007-11-05,310.10736083984375,312.5874938964844,300.92974853515625,304.1470642089844,266.0450439453125,38966769
2007-11-06,308.438720703125,314.8733215332031,303.01556396484375,304.7242431640625,266.5498962402344,26487784
2007-11-07,314.8733215332031,320.4736022949219,308.5872802734375,316.6905517578125,277.01708984375,30466913
2007-11-08,314.3018798828125,319.422119140625,303.1012878417969,313.48468017578125,274.21282958984375,31842605
2007-11-12,302.8727111816406,309.12445068359375,297.38671875,305.798583984375,267.48968505859375,39563331
2007-11-13,306.9872131347656,311.30743408203125,304.015625,307.7986755371094,269.2392883300781,37113194
2007-11-14,312.01605224609375,331.3313293457031,312.01605224609375,330.12554931640625,288.76910400390625,53647963
2007-11-15,329.1597900390625,332.5885314941406,325.73101806640625,328.5997619628906,287.43450927734375,23093037
2007-11-16,325.73101806640625,334.6457824707031,322.5308532714844,329.3483581542969,288.0892639160156,22269626
2007-11-19,329.7483825683594,332.13134765625,324.702392578125,325.8338928222656,285.0150451660156,15561048
2007-11-20,323.4451904296875,326.6453552246094,315.4676513671875,318.2849426269531,278.411865234375,33284548
2007-11-21,316.58770751953125,319.77642822265625,307.4443664550781,309.6730651855469,270.8787841796875,37514807
2007-11-22,316.55340576171875,316.55340576171875,304.7013854980469,311.416015625,272.4034118652344,30793018
2007-11-23,314.3075866699219,323.7880859375,310.8845520019531,321.2965087890625,281.04608154296875,20879620
2007-11-26,326.43963623046875,331.8684997558594,323.2280578613281,329.6798095703125,288.37921142578125,26472035
2007-11-27,330.8741455078125,330.8741455078125,322.8737487792969,324.96527099609375,284.25531005859375,21357048
2007-11-28,326.302490234375,327.87969970703125,316.4734191894531,319.13641357421875,279.15655517578125,20948085
2007-11-29,324.47381591796875,325.010986328125,319.7878723144531,321.4508056640625,281.18109130859375,35395334
2007-11-30,322.8737487792969,329.5026550292969,321.5365295410156,325.91961669921875,285.090087890625,27007770
2007-12-03,330.0969543457031,336.3487243652344,326.4167785644531,335.43438720703125,293.412841796875,21453424
2007-12-04,337.1601867675781,338.9431457519531,325.7538757324219,327.15966796875,286.1748046875,23074751
2007-12-05,332.8971252441406,333.7314453125,327.4454040527344,331.6056213378906,290.06378173828125,17131715
2007-12-06,337.1601867675781,341.5032653808594,327.4739685058594,328.451171875,287.30438232421875,21700398
2007-12-07,332.0170593261719,332.0170593261719,320.2850341796875,324.75384521484375,284.0702819824219,28847057
2007-12-10,325.73101806640625,327.87969970703125,320.1650390625,322.6394348144531,282.2207946777344,16149578
2007-12-11,326.302490234375,331.3255920410156,323.4451904296875,329.8055114746094,288.48919677734375,27847587
2007-12-12,328.13116455078125,332.5885314941406,324.5881042480469,329.26263427734375,288.0142517089844,27173714
2007-12-13,329.69696044921875,334.20574951171875,321.7651062011719,323.7594909667969,283.2005920410156,28950529
2007-12-14,320.5879211425781,331.44561767578125,320.5879211425781,330.1484069824219,288.7890319824219,31167534
2007-12-17,325.73675537109375,330.0740966796875,309.7301940917969,317.17059326171875,277.4370422363281,31451054
2007-12-18,318.30206298828125,320.02789306640625,308.9358825683594,311.73602294921875,272.68328857421875,36252011
2007-12-19,306.3071594238281,318.2906494140625,303.04986572265625,309.0216064453125,270.3089599609375,33185923
2007-12-20,310.3016662597656,318.1877746582031,307.6615295410156,310.1473693847656,271.29364013671875,21879693
2007-12-24,316.1305236816406,320.0107421875,308.35870361328125,318.70782470703125,278.78173828125,23564594
2007-12-26,320.0164489746094,333.1257019042969,319.7878723144531,331.04559326171875,289.5739440917969,27736485
2007-12-27,331.44561767578125,334.41717529296875,328.5997619628906,330.7427062988281,289.3089599609375,33440220
2007-12-28,329.9598083496094,334.8743591308594,326.4453430175781,330.85699462890625,289.4089050292969,15896769
2007-12-31,331.84564208984375,334.8743591308594,328.0168762207031,329.4683532714844,288.1943054199219,11211489
2008-01-01,330.3027038574219,331.3313293457031,324.028076171875,325.531005859375,284.7501525878906,10540548
2008-01-02,326.302490234375,329.616943359375,321.3079528808594,327.0739440917969,286.09979248046875,27276294
2008-01-03,325.9596252441406,334.8743591308594,323.4737548828125,331.8684997558594,290.2937316894531,30204199
2008-01-04,331.90277099609375,345.1377258300781,331.90277099609375,342.0747375488281,299.22137451171875,35463186
2008-01-07,339.99462890625,346.30352783203125,338.3031005859375,345.1891784667969,301.9456481933594,27412209
2008-01-08,348.646484375,352.4752502441406,342.874755859375,349.12078857421875,305.3847351074219,42941270
2008-01-09,348.3207702636719,350.87518310546875,344.2862548828125,346.7206726074219,303.2852478027344,22068981
2008-01-10,346.8749694824219,354.0181884765625,344.5891418457031,346.05206298828125,302.700439453125,35935303
2008-01-11,351.9609375,358.8755798339844,345.7320556640625,357.4583740234375,312.67779541015625,44021961
2008-01-14,361.047119140625,370.30474853515625,357.2755126953125,368.1160583496094,322.00030517578125,24160570
2008-01-15,376.93365478515625,376.93365478515625,359.024169921875,361.7957458496094,316.4717712402344,33236461
2008-01-16,355.44683837890625,359.4470520019531,345.7320556640625,353.57818603515625,309.28369140625,48600925
2008-01-17,361.047119140625,361.047119140625,340.14892578125,342.48046875,299.57623291015625,41921623
2008-01-18,340.0174865722656,340.0174865722656,317.7306213378906,319.9707336425781,279.8863830566406,50776299
2008-01-21,317.707763671875,317.707763671875,268.0423583984375,290.3920593261719,254.01316833496094,72442557
2008-01-22,268.8423767089844,284.35748291015625,242.2981719970703,269.43670654296875,235.6830291748047,76700972
2008-01-23,276.58563232421875,322.8737487792969,274.2998046875,291.5235595703125,255.00291442871094,64128524
2008-01-24,296.0152282714844,302.3012390136719,278.3000183105469,284.4603271484375,248.82464599609375,42719162
2008-01-25,294.30084228515625,300.0154113769531,288.5862731933594,298.918212890625,261.4712829589844,26217694
2008-01-28,293.1579284667969,296.5523986816406,277.72857666015625,293.31793212890625,256.5726013183594,26471239
2008-01-29,302.3012390136719,302.3012390136719,290.34063720703125,294.51800537109375,257.62225341796875,17399346
2008-01-30,290.89495849609375,296.9295349121094,280.3572692871094,282.5173645019531,247.12503051757812,21854267
2008-01-31,282.52880859375,293.6950988769531,270.9853515625,283.3174133300781,247.82485961914062,49427967
2008-02-01,284.5860595703125,292.61505126953125,276.58563232421875,290.61492919921875,254.2081298828125,18456589
2008-02-04,289.8434753417969,301.9583740234375,289.8434753417969,296.1523742675781,259.0519104003906,25814077
2008-02-05,297.15814208984375,301.0440368652344,293.3065185546875,299.1125183105469,261.6412048339844,15151447
2008-02-06,292.5750427246094,293.7293701171875,285.8775634765625,291.7292785644531,255.1829071044922,19264427
2008-02-07,288.0148010253906,294.872314453125,275.1112976074219,277.2085266113281,242.48126220703125,27417100
2008-02-08,278.31146240234375,282.0716552734375,273.1568908691406,277.3171081542969,242.5762481689453,27651544
2008-02-11,275.89990234375,275.89990234375,255.4416961669922,260.241943359375,227.64013671875,41653038
2008-02-12,260.6991271972656,276.58563232421875,257.95611572265625,265.7108154296875,232.42391967773438,35641327
2008-02-13,270.8710632324219,282.1802062988281,268.5909423828125,273.0997619628906,238.88723754882812,41541105
2008-02-14,280.014404296875,289.5005798339844,280.014404296875,287.64337158203125,251.60891723632812,25193638
2008-02-15,286.28900146484375,297.15814208984375,281.8430480957031,296.4666748046875,259.3268737792969,18833476
2008-02-18,297.15814208984375,298.87249755859375,290.0720520019531,291.8664245605469,255.30288696289062,11414925
2008-02-19,296.0152282714844,299.21539306640625,289.15771484375,291.9635925292969,255.38790893554688,14075130
2008-02-20,285.7518310546875,291.44354248046875,281.3858947753906,283.9002990722656,248.3346710205078,19315507
2008-02-21,286.87188720703125,290.4149169921875,281.31732177734375,285.30609130859375,249.56442260742188,14064753
2008-02-22,279.13433837890625,283.4431457519531,276.0141906738281,278.2371520996094,243.38104248046875,17346910
2008-02-25,285.1575012207031,293.1579284667969,275.4484558105469,291.6092834472656,255.0779571533203,16217938
2008-02-26,293.146484375,295.55804443359375,289.3977355957031,294.4894104003906,257.5972595214844,12791606
2008-02-27,297.7295837402344,301.501220703125,293.735107421875,295.83807373046875,258.7769775390625,23321593
2008-02-28,294.872314453125,297.15814208984375,287.63763427734375,289.5291748046875,253.25845336914062,24690014
2008-02-29,291.6721496582031,291.6721496582031,275.4427185058594,281.5516052246094,246.28024291992188,29196461
2008-03-03,274.2769470214844,274.2769470214844,261.6763000488281,263.556396484375,230.53941345214844,26500060
2008-03-04,265.156494140625,267.2137451171875,252.58441162109375,256.37890625,224.26104736328125,39850780
2008-03-05,256.02459716796875,265.156494140625,254.53880310058594,262.04205322265625,229.21478271484375,25698697
2008-03-07,260.4362487792969,260.4362487792969,247.5841522216797,256.9560546875,224.76593017578125,29082647
2008-03-10,252.68727111816406,261.590576171875,242.56675720214844,259.9619445800781,227.39524841308594,45876779
2008-03-11,257.15606689453125,269.1567077636719,251.9443817138672,268.34521484375,234.728271484375,32079079
2008-03-12,276.448486328125,277.5456848144531,269.7281494140625,271.3968200683594,237.39761352539062,27963509
2008-03-13,261.7277526855469,265.7279357910156,251.62435913085938,256.36175537109375,224.24606323242188,35443360
2008-03-14,257.15606689453125,267.4308776855469,254.90452575683594,265.4536437988281,232.19895935058594,23942995
2008-03-17,258.4247131347656,259.7847900390625,246.29837036132812,249.17852783203125,217.96270751953125,41204921
2008-03-18,257.1332092285156,257.1332092285156,242.2981719970703,245.84120178222656,215.04347229003906,34696227
2008-03-19,257.15606689453125,268.0137634277344,245.172607421875,246.7669677734375,215.85325622558594,29746169
2008-03-24,246.8698272705078,252.5501251220703,242.91534423828125,251.47006225585938,219.9671630859375,26119935
2008-03-25,253.15586853027344,265.72222900390625,253.15586853027344,264.4478759765625,231.3191680908203,27254936
2008-03-26,266.7565612792969,266.9908752441406,259.5047607421875,262.80780029296875,229.88453674316406,20401798
2008-03-27,261.7277526855469,264.4707336425781,256.4703369140625,259.5333557128906,227.02032470703125,36296397
2008-03-28,266.7565612792969,270.63104248046875,255.05882263183594,268.865234375,235.1831817626953,34512259
2008-03-31,263.4421081542969,266.870849609375,257.1675109863281,258.9618835449219,226.52044677734375,27093559
2008-04-01,262.7563781738281,271.4425354003906,256.4131774902344,268.0423583984375,234.46334838867188,26807230
2008-04-02,273.7283630371094,280.33441162109375,266.2994079589844,267.8480529785156,234.2934112548828,32063820
2008-04-03,268.5852355957031,276.3570556640625,268.1280822753906,273.8483581542969,239.5420379638672,17304422
2008-04-04,272.58544921875,276.00274658203125,264.2078552246094,265.2879333496094,232.05398559570312,21753752
2008-04-07,257.8703918457031,277.69427490234375,257.8703918457031,274.8598327636719,240.4267578125,23036200
2008-04-08,274.2998046875,276.911376953125,269.7224426269531,272.2139892578125,238.11239624023438,24671220
2008-04-09,269.1567077636719,277.9342956542969,268.7052307128906,276.3856506347656,241.761474609375,19966184
2008-04-10,277.1571044921875,287.94622802734375,274.9855651855469,282.14593505859375,246.80010986328125,32081433
2008-04-11,290.3006286621094,293.3865051269531,281.7859191894531,291.6206970214844,255.08786010742188,37507186
2008-04-15,287.4319152832031,301.3869323730469,284.16888427734375,298.50677490234375,261.1113586425781,37333368
2008-04-16,299.4496765136719,304.7013854980469,298.90679931640625,302.0155334472656,264.1805419921875,31515766
2008-04-17,306.3243103027344,310.64453125,299.5010986328125,301.7355041503906,263.9356384277344,21934177
2008-04-21,300.5525817871094,306.30145263671875,299.6839904785156,302.1412353515625,264.29052734375,18499558
2008-04-22,297.2724304199219,305.7300109863281,296.8323974609375,297.9981689453125,260.66644287109375,25134990
2008-04-23,298.5296325683594,300.8154602050781,293.50079345703125,294.5979919433594,257.6922912597656,27790487
2008-04-24,297.15814208984375,297.15814208984375,292.1693115234375,295.1751708984375,258.19708251953125,28908505
2008-04-25,296.0152282714844,301.0440368652344,292.8150634765625,299.9582824707031,262.3810119628906,29490656
2008-04-28,300.701171875,302.3012390136719,295.16375732421875,296.17523193359375,259.0719299316406,17866432
2008-04-29,294.872314453125,305.7300109863281,294.872314453125,304.0099182128906,265.92510986328125,21756290
2008-04-30,302.8727111816406,305.7300109863281,297.9124450683594,298.81536865234375,261.38128662109375,23952348
2008-05-02,345.8463439941406,345.8463439941406,300.47259521484375,305.701416015625,267.4046630859375,21082119
2008-05-05,305.7414245605469,309.61590576171875,302.8727111816406,305.0671081542969,266.8498840332031,18407373
2008-05-06,297.15814208984375,306.530029296875,297.15814208984375,302.8727111816406,264.9303894042969,18400969
2008-05-07,308.5872802734375,308.5872802734375,299.901123046875,307.3243713378906,268.8244323730469,22305438
2008-05-08,306.30145263671875,306.9872131347656,303.16986083984375,304.84423828125,268.0589599609375,16574019
2008-05-09,304.64422607421875,305.5757141113281,286.87188720703125,288.974853515625,254.10452270507812,30690657
2008-05-12,286.99188232421875,293.0550537109375,283.1116943359375,291.8835754394531,256.6622314453125,24158943
2008-05-13,297.15814208984375,297.15814208984375,284.35748291015625,285.8547058105469,251.36083984375,22755830
2008-05-14,288.0148010253906,292.0207214355469,283.4717102050781,289.2434387207031,254.3407440185547,17585152
2008-05-15,289.2605895996094,300.8954772949219,289.2434387207031,299.7811279296875,263.6068420410156,21878267
2008-05-16,300.701171875,302.6441345214844,297.5010070800781,301.23834228515625,264.8881530761719,16919206
2008-05-20,300.0154113769531,301.1583251953125,294.1865539550781,297.49530029296875,261.59686279296875,15553322
2008-05-21,294.872314453125,305.7300109863281,291.4721374511719,304.8956604003906,268.104248046875,29178778
2008-05-22,301.1583251953125,302.8727111816406,296.81524658203125,300.13543701171875,263.91845703125,20887381
2008-05-23,300.5868835449219,301.72979736328125,291.44354248046875,292.15216064453125,256.89837646484375,18053839
2008-05-26,290.3006286621094,291.99786376953125,285.968994140625,287.5119323730469,252.81813049316406,23292457
2008-05-27,292.5864562988281,295.99237060546875,283.4431457519531,285.1689453125,250.7578125,15293041
2008-05-28,286.3004455566406,289.72918701171875,282.4145202636719,288.300537109375,253.51158142089844,18875789
2008-05-29,292.0664367675781,292.0664367675781,279.44293212890625,281.4659118652344,247.50167846679688,36074351
2008-05-30,285.6032409667969,285.6032409667969,273.18548583984375,274.6998291015625,241.55203247070312,31400272
2008-06-02,277.4999694824219,278.8714904785156,267.44232177734375,269.59100341796875,237.05972290039062,23995763
2008-06-03,268.5852355957031,277.1456604003906,264.3564453125,275.0598449707031,241.86865234375,31603646
2008-06-04,275.32843017578125,279.3286437988281,261.1562805175781,263.6706848144531,231.85377502441406,34076759
2008-06-05,268.5852355957031,268.5852355957031,248.58421325683594,256.79034423828125,225.80368041992188,67512736
2008-06-06,262.7563781738281,262.7563781738281,252.81298828125,255.8417205810547,224.9695281982422,43442435
2008-06-09,249.38424682617188,253.65875244140625,241.26954650878906,247.1784210205078,217.35165405273438,45759185
2008-06-10,257.15606689453125,257.15606689453125,245.15545654296875,251.18434143066406,220.87416076660156,39890958
2008-06-11,260.5848083496094,260.5848083496094,252.58441162109375,258.4590148925781,227.27101135253906,41869703
2008-06-12,257.16180419921875,262.2991943359375,246.45266723632812,260.2762451171875,228.8689727783203,45823345
2008-06-13,261.3848571777344,262.8592224121094,255.4416961669922,259.48760986328125,228.17547607421875,30620547
2008-06-16,268.5852355957031,268.5852355957031,258.5504455566406,260.8534240722656,229.37648010253906,27675956
2008-06-17,260.5905456542969,267.44232177734375,258.2989807128906,266.630859375,234.4567413330078,21817003
2008-06-18,268.5852355957031,268.5852355957031,260.5848083496094,261.39630126953125,229.85385131835938,25210402
2008-06-19,258.16754150390625,259.4476318359375,254.89881896972656,256.94464111328125,225.9393768310547,17822807
2008-06-20,258.3047180175781,258.3047180175781,237.1893310546875,239.9208984375,210.96987915039062,46870019
2008-06-23,237.72650146484375,238.05795288085938,226.56593322753906,231.52047729492188,203.58311462402344,47741229
2008-06-24,233.72630310058594,243.78396606445312,230.29754638671875,235.749267578125,207.30160522460938,52403051
2008-06-25,223.58291625976562,245.4983367919922,223.58291625976562,244.1268310546875,214.66830444335938,36568788
2008-06-26,245.15545654296875,258.2875671386719,244.1268310546875,255.96173095703125,225.07508850097656,83441319
2008-06-27,248.69850158691406,256.927490234375,244.04112243652344,249.4585418701172,219.35659790039062,57025184
2008-06-30,249.15567016601562,253.37303161621094,237.4979248046875,239.45802307128906,210.56283569335938,52730468
2008-07-01,241.15525817871094,245.6126251220703,231.59475708007812,233.629150390625,205.43731689453125,51852931
2008-07-02,233.1205596923828,249.49853515625,227.4402618408203,245.04116821289062,215.47227478027344,60769519
2008-07-03,243.4410858154297,243.4410858154297,231.50904846191406,236.5950164794922,208.04531860351562,43012613
2008-07-04,236.5893096923828,243.57823181152344,234.303466796875,239.77232360839844,210.83921813964844,35613854
2008-07-07,238.87513732910156,242.2981719970703,228.2403106689453,231.8061981201172,203.83436584472656,32556971
2008-07-08,228.35459899902344,230.52041625976562,220.61705017089844,226.23448181152344,198.93499755859375,42090551
2008-07-09,228.5831756591797,239.43516540527344,228.5831756591797,237.62936401367188,208.954833984375,30800621
2008-07-10,237.37220764160156,238.26939392089844,232.19479370117188,233.91488647460938,205.6885986328125,25189447
2008-07-11,234.7549285888672,236.45787048339844,227.66883850097656,230.42327880859375,202.6183319091797,29313661
2008-07-14,228.5831756591797,237.15504455566406,227.4402618408203,233.5491485595703,205.3669891357422,32490063
2008-07-15,229.15463256835938,233.93202209472656,224.92584228515625,226.00018310546875,198.7289581298828,41694564
2008-07-16,227.45741271972656,231.4404754638672,219.43984985351562,222.12570190429688,195.32200622558594,33919101
2008-07-17,232.92625427246094,233.6920166015625,224.5944061279297,230.7032928466797,202.86453247070312,27019109
2008-07-18,227.4402618408203,243.09820556640625,227.4402618408203,241.52098083496094,212.3768768310547,33682872
2008-07-21,245.6126251220703,247.35557556152344,239.218017578125,246.05264282226562,216.36170959472656,26038363
2008-07-22,242.86962890625,251.32720947265625,242.86962890625,245.97264099121094,216.29136657714844,24964382
2008-07-23,248.01275634765625,260.47052001953125,248.01275634765625,259.1333312988281,227.86398315429688,44183828
2008-07-24,258.2875671386719,266.2994079589844,258.2875671386719,263.79071044921875,231.9593505859375,29147884
2008-07-25,267.2651672363281,267.2651672363281,244.01254272460938,245.39547729492188,215.7838134765625,62377468
2008-07-28,245.73263549804688,250.18429565429688,240.69808959960938,249.1442413330078,219.08026123046875,29603543
2008-07-29,244.56114196777344,246.7498321533203,237.15504455566406,238.080810546875,209.351806640625,31092016
2008-07-30,244.3554229736328,248.46990966796875,240.01805114746094,247.49844360351562,217.63304138183594,18342355
2008-07-31,253.1330108642578,253.72732543945312,246.3269500732422,252.29867553710938,221.85401916503906,28463721
2008-08-01,248.01846313476562,264.3564453125,246.06979370117188,262.5963439941406,230.9091033935547,33025291
2008-08-04,268.5623779296875,268.5623779296875,255.1674041748047,256.2874450683594,225.3615264892578,35839785
2008-08-05,257.9161071777344,261.27056884765625,252.01295471191406,260.13336181640625,228.74331665039062,41976693
2008-08-06,261.7277526855469,268.470947265625,261.2820129394531,262.71063232421875,231.0095672607422,36432724
2008-08-07,262.6420593261719,264.80218505859375,258.32757568359375,259.73907470703125,228.39663696289062,24556347
2008-08-08,257.1217956542969,261.0419921875,254.99024963378906,257.3617858886719,226.30621337890625,28902817
2008-08-11,257.2875061035156,266.9851379394531,257.2875061035156,265.75653076171875,233.68795776367188,25610677
2008-08-12,267.44232177734375,271.3853759765625,264.5964660644531,268.27093505859375,235.89894104003906,32882192
2008-08-13,266.27655029296875,271.55682373046875,263.710693359375,267.0823059082031,234.85374450683594,28458078
2008-08-14,266.9851379394531,268.0137634277344,258.4532775878906,260.2076721191406,228.8086700439453,20978604
2008-08-18,261.7277526855469,261.7277526855469,252.60726928710938,254.2759246826172,223.5926971435547,21991145
2008-08-19,254.2987823486328,255.32740783691406,250.91575622558594,253.68161010742188,223.0701141357422,18173673
2008-08-20,253.72732543945312,258.2989807128906,253.4416046142578,256.7389221191406,225.75851440429688,19893266
2008-08-21,258.4418640136719,258.4418640136719,251.73294067382812,252.8872833251953,222.37161254882812,17102509
2008-08-22,251.3843536376953,258.2875671386719,251.33863830566406,256.561767578125,225.6027069091797,20077470
2008-08-25,252.05296325683594,261.1562805175781,252.05296325683594,255.0988311767578,224.3163299560547,12172890
2008-08-26,253.613037109375,253.613037109375,245.3440399169922,249.0813751220703,219.0249481201172,30411756
2008-08-27,251.43006896972656,251.43006896972656,244.58399963378906,245.4983367919922,215.87429809570312,32314258
2008-08-28,247.78416442871094,247.78416442871094,234.61776733398438,236.6807403564453,208.12071228027344,41999424
2008-08-29,244.58399963378906,245.48690795898438,239.89804077148438,244.14968872070312,214.68838500976562,22026362
2008-09-01,242.2981719970703,247.4927215576172,240.35520935058594,244.7725830078125,215.23611450195312,20027134
2008-09-02,244.58399963378906,254.2987823486328,242.86962890625,252.89871215820312,222.3816680908203,22061325
2008-09-04,257.15606689453125,257.15606689453125,243.66966247558594,245.98406982421875,216.30137634277344,23303097
2008-09-05,240.58380126953125,240.58380126953125,236.0121307373047,237.82936096191406,209.1306915283203,28217684
2008-09-08,250.298583984375,250.298583984375,242.86962890625,243.80682373046875,214.38690185546875,25098286
2008-09-09,245.15545654296875,246.7555389404297,238.47511291503906,244.8754425048828,215.32656860351562,17241294
2008-09-10,243.43536376953125,243.97825622558594,236.8121795654297,238.0293731689453,209.30662536621094,33404610
2008-09-11,236.58358764648438,236.58358764648438,226.55450439453125,228.28602600097656,200.73895263671875,49802072
2008-09-12,231.8919219970703,233.15484619140625,219.4055633544922,220.88563537597656,194.23159790039062,59654354
2008-09-15,215.97682189941406,217.15402221679688,208.38214111328125,215.6625213623047,189.63873291015625,43957670
2008-09-16,205.724853515625,221.1542205810547,205.724853515625,220.35989379882812,193.76931762695312,39166941
2008-09-17,224.0115203857422,224.0115203857422,211.26800537109375,214.4853057861328,188.60354614257812,35299106
2008-09-18,205.9534454345703,222.6400146484375,201.7246551513672,221.5256805419922,194.79437255859375,76522901
2008-09-19,226.41163635253906,236.80645751953125,224.0115203857422,234.88064575195312,206.53781127929688,45121517
2008-09-22,240.01234436035156,241.15525817871094,230.44613647460938,233.05197143554688,204.92979431152344,50737652
2008-09-23,228.5831756591797,239.60089111328125,228.5831756591797,229.3203582763672,201.64846801757812,45365420
2008-09-24,227.44598388671875,236.0064239501953,227.44598388671875,233.85202026367188,205.63330078125,47808469
2008-09-25,233.2805633544922,235.40638732910156,227.78314208984375,231.52047729492188,203.58311462402344,43038005
2008-09-26,230.6404266357422,232.58338928222656,223.57720947265625,224.3772430419922,197.30186462402344,30364929
2008-09-29,225.72589111328125,226.29734802246094,214.98248291015625,220.9084930419922,194.25164794921875,53055417
2008-09-30,215.9996795654297,226.86880493164062,206.342041015625,222.7943115234375,195.90992736816406,59449825
2008-10-01,224.0115203857422,224.35438537597656,215.2624969482422,217.91976928710938,191.62359619140625,30413112
2008-10-03,223.897216796875,223.897216796875,199.5131072998047,201.3189239501953,177.0259552001953,93519208
2008-10-06,197.6101531982422,199.89599609375,186.5924530029297,187.62107849121094,164.98095703125,52962304
2008-10-07,189.85546875,195.66720581054688,184.40948486328125,191.39840698242188,168.3025360107422,56489869
2008-10-08,186.2952880859375,190.3983612060547,172.45457458496094,188.4154052734375,165.67945861816406,67137013
2008-10-10,182.83226013183594,182.83226013183594,168.8086700439453,174.59182739257812,153.52398681640625,73448501
2008-10-13,178.06629943847656,182.1807861328125,177.17481994628906,179.59780883789062,157.9259033203125,39084214
2008-10-14,185.7238311767578,190.63836669921875,184.00946044921875,185.2723846435547,162.91574096679688,40474211
2008-10-15,181.72933959960938,182.83226013183594,172.174560546875,173.74607849121094,152.78033447265625,45259130
2008-10-16,165.72280883789062,167.4371795654297,151.4363555908203,159.0881805419922,139.89114379882812,89683073
2008-10-17,160.0082244873047,164.57989501953125,147.07041931152344,149.27052307128906,131.25820922851562,62609392
2008-10-20,152.00210571289062,157.72239685058594,146.40753173828125,150.96775817871094,132.7506561279297,61508244
2008-10-21,154.29364013671875,162.86550903320312,151.26492309570312,159.43104553222656,140.1926727294922,58829228
2008-10-22,156.8709259033203,156.98521423339844,149.20767211914062,150.49916076660156,132.3385772705078,39086690
2008-10-23,145.2646026611328,148.22476196289062,136.62416076660156,139.1671600341797,122.37397766113281,62538390
2008-10-24,137.14990234375,138.26995849609375,113.14867401123047,116.52027130126953,102.45989227294922,80998549
2008-10-27,117.39460754394531,124.57783508300781,106.29117584228516,123.092041015625,108.23863983154297,86584017
2008-10-29,137.14990234375,139.1957244873047,131.32102966308594,137.34991455078125,120.77601623535156,67998730
2008-10-31,144.57315063476562,159.43104553222656,141.1901092529297,157.20236206054688,138.23291015625,91581008
2008-11-03,164.46559143066406,166.2942657470703,159.67677307128906,164.77418518066406,144.89102172851562,61689421
2008-11-04,165.72280883789062,167.32289123535156,157.17379760742188,165.90567016601562,145.88600158691406,54802265
2008-11-05,172.0316925048828,172.0316925048828,141.5272674560547,145.041748046875,127.53968811035156,102413467
2008-11-06,137.11561584472656,140.92152404785156,132.15536499023438,133.7840118408203,117.64041137695312,83827121
2008-11-07,134.0640411376953,141.69871520996094,131.5839080810547,139.52145385742188,122.68553161621094,62624476
2008-11-10,142.89877319335938,149.57911682128906,141.15011596679688,148.93336486816406,130.9617462158203,43389771
2008-11-11,146.30465698242188,147.4361572265625,136.46987915039062,138.0299530029297,121.37401580810547,59637607
2008-11-12,137.14990234375,137.90423583984375,130.5838623046875,132.82968139648438,116.80123901367188,72334211
2008-11-14,135.93841552734375,136.5784454345703,124.27495574951172,131.06387329101562,115.24852752685547,98632848
2008-11-17,131.43533325195312,133.70973205566406,123.246337890625,130.45242309570312,114.71087646484375,65078384
2008-11-18,125.95504760742188,131.66390991210938,122.33200073242188,130.2866973876953,114.56511688232422,64322213
2008-11-19,131.57818603515625,139.6471710205078,127.43511962890625,129.42950439453125,113.8113784790039,88865366
2008-11-20,124.0063705444336,125.60645294189453,118.86325073242188,120.6976318359375,106.13316345214844,67832147
2008-11-21,121.72054290771484,132.12107849121094,117.9603500366211,128.50375366210938,112.99732208251953,76070173
2008-11-24,134.4697723388672,134.4697723388672,122.86345672607422,130.84100341796875,115.05252075195312,65458351
2008-11-25,133.72116088867188,135.86984252929688,120.1204605102539,122.49772644042969,107.71605682373047,66249013
2008-11-26,121.90912628173828,131.0924530029297,121.90912628173828,130.16668701171875,114.4596176147461,74275220
2008-11-27,130.16668701171875,130.16668701171875,130.16668701171875,130.16668701171875,114.4596176147461,0
2008-11-28,128.00657653808594,133.68687438964844,124.69212341308594,129.65809631347656,114.01237487792969,63797424
2008-12-01,128.61231994628906,134.86407470703125,125.50930786132812,126.79508972167969,111.49484252929688,55672136
2008-12-02,122.29199981689453,123.85779571533203,117.14888000488281,122.74345397949219,107.93212890625,62975613
2008-12-03,125.78360748291016,127.32083129882812,120.00616455078125,122.18914031982422,107.44468688964844,57455881
2008-12-04,123.89208221435547,133.72116088867188,120.0176010131836,132.4753875732422,116.48970794677734,81077077
2008-12-05,134.29261779785156,135.0926513671875,126.0636215209961,127.7322769165039,112.31893157958984,58443609
2008-12-08,131.686767578125,134.25833129882812,126.52079010009766,127.84085845947266,112.4144287109375,60947625
2008-12-10,131.2867431640625,141.03582763671875,129.9495391845703,140.25863647460938,123.33377075195312,65787255
2008-12-11,142.86448669433594,148.31619262695312,136.3841552734375,143.8931121826172,126.52967834472656,79516743
2008-12-12,141.72157287597656,151.3220672607422,137.86422729492188,149.39053344726562,131.36370849609375,86870714
2008-12-15,154.17935180664062,155.322265625,145.40176391601562,153.21359252929688,134.72544860839844,86264860
2008-12-16,154.29364013671875,159.64248657226562,151.51065063476562,158.69387817382812,139.54444885253906,67795872
2008-12-17,158.8653106689453,160.8082733154297,152.0192413330078,154.4536590576172,135.81585693359375,77332575
2008-12-18,153.15072631835938,156.8080596923828,146.5846710205078,155.5508575439453,136.78062438964844,93671319
2008-12-19,155.4651336669922,157.43666076660156,151.15061950683594,154.44223022460938,135.80584716796875,72070062
2008-12-22,149.15052795410156,154.5679473876953,146.17893981933594,146.92755126953125,129.19796752929688,42665195
2008-12-23,146.40753173828125,146.40753173828125,142.45303344726562,143.9788360595703,126.60504913330078,33676275
2008-12-24,142.97877502441406,143.66452026367188,140.59579467773438,141.9501495361328,124.8211441040039,35923133
2008-12-26,142.86448669433594,145.72177124023438,137.60707092285156,138.30996704101562,121.62022399902344,27758079
2008-12-29,137.14990234375,143.0873565673828,135.77841186523438,142.4416046142578,125.2533187866211,51221529
2008-12-30,144.01312255859375,145.49319458007812,140.36721801757812,142.921630859375,125.67542266845703,39436803
2008-12-31,143.3216552734375,144.6588592529297,138.97857666015625,140.89295959472656,123.89154815673828,43146700
2009-01-02,143.97311401367188,148.56764221191406,143.0930633544922,147.0247039794922,129.2833709716797,43414060
2009-01-05,148.4647674560547,157.3795166015625,148.01904296875,156.10516357421875,137.2681121826172,48183501
2009-01-06,155.43655395507812,158.8653106689453,152.1506805419922,156.68234252929688,137.775634765625,52756287
2009-01-07,156.46517944335938,158.40814208984375,134.29261779785156,137.23562622070312,120.67552185058594,74375989
2009-01-09,138.29281616210938,138.29281616210938,124.9949951171875,131.80677795410156,115.90177154541016,83016869
2009-01-12,130.25811767578125,130.86387634277344,124.0063705444336,125.4807357788086,110.33910369873047,64436797
2009-01-13,125.11500549316406,130.97816467285156,121.72054290771484,123.15489959716797,108.29391479492188,57574149
2009-01-14,124.70355224609375,139.2071533203125,124.70355224609375,134.8354949951172,118.56501770019531,57312974
2009-01-15,130.49813842773438,132.57252502441406,126.57793426513672,130.5609893798828,114.80632781982422,54892324
2009-01-16,131.54962158203125,140.6929473876953,130.28097534179688,139.13287353515625,122.3438491821289,58287963
2009-01-19,139.96148681640625,142.8587646484375,138.06423950195312,140.56723022460938,123.6051025390625,37148665
2009-01-20,139.07000732421875,139.07000732421875,133.49256896972656,135.28123474121094,118.95697021484375,40660034
2009-01-21,132.5782470703125,135.19552612304688,126.86366271972656,127.98943328857422,112.5450668334961,43462384
2009-01-22,131.4239044189453,131.98963928222656,126.53221893310547,129.86953735351562,114.19831848144531,61203969
2009-01-23,136.92132568359375,152.5792694091797,128.00657653808594,132.13821411132812,116.1932144165039,70946672
2009-01-27,135.54981994628906,140.97296142578125,133.72116088867188,140.1157684326172,123.20811462402344,39227602
2009-01-28,142.6359100341797,147.4361572265625,140.16720581054688,145.60748291015625,128.03717041015625,40185450
2009-01-29,146.86468505859375,148.0076141357422,141.86444091796875,145.1617431640625,127.64523315429688,55501398
2009-01-30,141.49298095703125,152.0992431640625,141.49298095703125,151.27635192871094,133.02197265625,48641391
2009-02-02,147.4361572265625,154.61366271972656,145.55604553222656,146.29322814941406,128.64016723632812,46945414
2009-02-03,147.4361572265625,152.54498291015625,145.4989013671875,149.2876739501953,131.2732696533203,60467187
2009-02-04,150.29344177246094,152.86500549316406,148.01904296875,149.43624877929688,131.40391540527344,34707190
2009-02-05,151.89352416992188,151.89352416992188,145.28175354003906,147.2989959716797,129.5245819091797,35930771
2009-02-06,148.57907104492188,154.29364013671875,148.07618713378906,153.70504760742188,135.1575927734375,37982348
2009-02-09,154.86509704589844,159.89393615722656,153.2650146484375,158.83102416992188,139.66502380371094,38828552
2009-02-10,158.73959350585938,161.61973571777344,156.8480682373047,160.23109436035156,140.89613342285156,59468514
2009-02-11,156.00802612304688,158.78530883789062,155.5508575439453,157.86524963378906,138.81581115722656,36794369
2009-02-12,157.5738067626953,157.5738067626953,153.7564697265625,154.47079467773438,135.83096313476562,27513310
2009-02-13,156.23660278320312,160.46539306640625,155.5508575439453,159.1396026611328,139.9363555908203,25414398
2009-02-16,158.23098754882812,159.6710662841797,149.8477020263672,150.88775634765625,132.68026733398438,40197078
2009-02-17,148.7104949951172,149.3791046142578,143.8016815185547,144.84173583984375,127.36384582519531,33499857
2009-02-18,144.8074493408203,150.6134490966797,141.72157287597656,148.02474975585938,130.16275024414062,40022087
2009-02-19,147.4361572265625,149.60769653320312,146.5332489013672,147.86474609375,130.02206420898438,26286999
2009-02-20,143.5559539794922,146.6361083984375,141.8987274169922,143.25308227539062,125.96690368652344,32176864
2009-02-24,141.15011596679688,144.41885375976562,137.30419921875,143.23593139648438,125.95178985595703,39986923
2009-02-25,144.578857421875,146.97898864746094,144.29884338378906,144.75601196289062,127.2884521484375,25854675
2009-02-26,143.77882385253906,148.23619079589844,143.0130615234375,147.527587890625,129.72560119628906,33594353
2009-02-27,147.36756896972656,147.77902221679688,142.47018432617188,144.69886779785156,127.23818969726562,42086745
2009-03-02,140.43006896972656,144.43028259277344,138.86428833007812,140.08148193359375,123.17798614501953,43205200
2009-03-03,140.5786590576172,143.0873565673828,134.29261779785156,136.78988647460938,120.28358459472656,45821621
2009-03-04,132.04678344726562,139.17286682128906,132.04678344726562,138.41854858398438,121.7157211303711,52293436
2009-03-05,138.06423950195312,139.4357452392578,130.549560546875,131.4124755859375,115.55506134033203,62274477
2009-03-06,129.1494903564453,134.5211944580078,127.46940612792969,133.70973205566406,117.57510375976562,39923401
2009-03-09,132.69253540039062,133.49256896972656,130.0809783935547,131.81820678710938,115.9118423461914,29283265
2009-03-12,134.97836303710938,138.8185577392578,132.3496551513672,137.3784942626953,120.80116271972656,42565853
2009-03-13,140.56723022460938,147.87045288085938,140.12149047851562,146.7789764404297,129.0673065185547,35991799
2009-03-16,146.7789764404297,152.46498107910156,145.2646026611328,151.7335205078125,133.42398071289062,39608190
2009-03-17,152.0078125,153.4936065673828,147.79617309570312,148.6019287109375,130.6702880859375,41608363
2009-03-18,150.30487060546875,155.66514587402344,150.30487060546875,152.16781616210938,133.80584716796875,38224746
2009-03-19,152.92214965820312,154.73367309570312,150.87632751464844,153.80218505859375,135.2430419921875,37983276
2009-03-20,153.03643798828125,155.4251251220703,151.09347534179688,153.05929565429688,134.58981323242188,44674678
2009-03-23,154.7508087158203,165.72280883789062,154.7508087158203,164.40274047851562,144.5644073486328,43499158
2009-03-24,165.728515625,168.58009338378906,164.57989501953125,166.00282287597656,145.97142028808594,60343381
2009-03-25,165.72280883789062,177.0376739501953,165.72280883789062,175.11756896972656,153.9862823486328,83712931
2009-03-26,177.11767578125,180.46641540527344,174.0660858154297,178.92347717285156,157.33294677734375,71881938
2009-03-27,177.609130859375,180.96929931640625,175.43759155273438,177.00909423828125,155.64955139160156,59012548
2009-03-30,173.84893798828125,175.43759155273438,170.8659210205078,173.31747436523438,152.40341186523438,60118929
2009-03-31,175.43759155273438,177.3748321533203,173.15176391601562,174.26609802246094,153.237548828125,49999155
2009-04-01,174.0660858154297,182.1807861328125,171.13450622558594,180.72357177734375,158.91580200195312,41804082
2009-04-02,184.00946044921875,192.00987243652344,183.1237030029297,189.87832641601562,166.9658660888672,48027558
2009-04-06,194.2957000732422,199.13023376464844,188.07823181152344,191.04981994628906,167.9960479736328,46014129
2009-04-08,187.4324951171875,198.75306701660156,183.43800354003906,197.17013549804688,173.37779235839844,80451816
2009-04-09,200.01028442382812,202.05038452148438,194.89573669433594,198.38162231445312,174.443115234375,45443125
2009-04-13,201.14747619628906,204.4676513671875,196.92440795898438,202.70184326171875,178.24200439453125,33290726
2009-04-15,200.01028442382812,210.26223754882812,198.08447265625,209.15931701660156,183.9202423095703,52910376
2009-04-16,206.99349975585938,210.29652404785156,196.39295959472656,198.29591369628906,174.3677215576172,57919904
2009-04-17,200.02171325683594,203.51332092285156,194.5642852783203,196.23294067382812,172.55369567871094,56174264
2009-04-20,196.58152770996094,200.54745483398438,192.95849609375,196.0557861328125,172.39788818359375,43137461
2009-04-21,193.7242431640625,198.14161682128906,192.5470428466797,194.9928741455078,171.46327209472656,43770744
2009-04-22,196.58152770996094,198.06732177734375,193.26707458496094,196.3529510498047,172.65921020507812,38704160
2009-04-23,196.23866271972656,202.85614013671875,193.83853149414062,201.57608032226562,177.2521209716797,37089448
2009-04-24,200.01028442382812,205.9534454345703,197.38157653808594,204.4505157470703,179.7796630859375,47905047
2009-04-27,204.6962432861328,206.52490234375,201.26748657226562,204.07334899902344,179.44801330566406,36727750
2009-04-28,203.55331420898438,204.81053161621094,197.8387451171875,198.54164123535156,174.58380126953125,35210193
2009-04-29,200.12457275390625,208.0106964111328,199.5359649658203,206.43917846679688,181.5283660888672,37372907
2009-04-30,206.89064025878906,206.89064025878906,206.89064025878906,206.89064025878906,181.92532348632812,0
2009-05-04,211.55372619628906,216.5825653076172,210.330810546875,215.67965698242188,189.65379333496094,37496293
2009-05-05,215.4396514892578,216.54827880859375,209.83935546875,215.2853546142578,189.30706787109375,42684575
2009-05-06,215.8968048095703,221.50852966308594,212.5823516845703,215.0396270751953,189.09097290039062,42714525
2009-05-07,211.43943786621094,219.9998779296875,211.43943786621094,218.93125915527344,192.5130157470703,32146923
2009-05-08,219.43984985351562,220.8113555908203,214.29672241210938,217.1883087158203,190.98040771484375,34869757
2009-05-11,219.3255615234375,220.35418701171875,211.45086669921875,212.76522827148438,187.09103393554688,32877309
2009-05-12,211.43373107910156,225.7716064453125,210.639404296875,224.00009155273438,196.97021484375,40121823
2009-05-13,225.41159057617188,225.72589111328125,217.8397674560547,220.92564392089844,194.2667236328125,45730547
2009-05-14,217.4111785888672,220.2970428466797,214.89105224609375,218.1769256591797,191.84974670410156,35410007
2009-05-15,218.86839294433594,224.0115203857422,218.4855194091797,222.9486083984375,196.04562377929688,27591942
2009-05-18,245.38404846191406,289.72918701171875,240.1551971435547,270.591064453125,237.93910217285156,462151
2009-05-19,280.014404296875,285.7289733886719,251.44149780273438,254.9730987548828,224.20574951171875,91641231
2009-05-20,251.44149780273438,257.46466064453125,244.14968872070312,246.00692749023438,216.32151794433594,59032384
2009-05-21,245.15545654296875,248.8127899169922,240.3037872314453,241.77813720703125,212.60301208496094,34800216
2009-05-22,239.98947143554688,252.26438903808594,238.9837188720703,249.81283569335938,219.6681671142578,38903746
2009-05-25,251.44149780273438,253.15586853027344,246.18408203125,250.84146118164062,220.57266235351562,27159102
2009-05-26,249.16709899902344,252.47012329101562,243.49822998046875,244.89259338378906,215.3416290283203,21734582
2009-05-27,248.2413330078125,252.01295471191406,246.00692749023438,249.88140869140625,219.72845458984375,45717213
2009-05-28,249.15567016601562,256.69891357421875,249.15567016601562,253.79019165039062,223.16558837890625,39356028
2009-05-29,256.561767578125,263.7507019042969,252.9272918701172,259.6590576171875,228.3262176513672,55968204
2009-06-01,266.2994079589844,266.2994079589844,257.8589782714844,260.8362731933594,229.3614044189453,26050762
2009-06-02,262.882080078125,263.83642578125,254.19021606445312,260.4933776855469,229.0598907470703,28865737
2009-06-03,258.44757080078125,263.72784423828125,254.35592651367188,256.6874694824219,225.71322631835938,30082029
2009-06-04,254.2759246826172,259.31048583984375,246.8698272705078,258.4989929199219,227.30616760253906,33775337
2009-06-05,260.01336669921875,260.6991271972656,250.298583984375,252.89871215820312,222.3816680908203,40927517
2009-06-08,252.2415313720703,258.5047302246094,248.69850158691406,250.75575256347656,220.49728393554688,33055905
2009-06-09,250.0699920654297,261.842041015625,248.58421325683594,259.6876220703125,228.35134887695312,36345045
2009-06-10,261.842041015625,267.4308776855469,261.2877197265625,265.1793518066406,233.180419921875,34694005
2009-06-11,265.156494140625,265.7279357910156,260.87054443359375,263.2420959472656,231.4768829345703,22236115
2009-06-12,264.0135803222656,271.8996887207031,263.4706726074219,269.9681701660156,237.39137268066406,43019175
2009-06-15,269.6938781738281,269.6938781738281,247.47557067871094,249.0185089111328,218.9696807861328,62480205
2009-06-16,245.72691345214844,249.7156982421875,243.052490234375,244.9668731689453,215.4069366455078,44870038
2009-06-17,242.9610595703125,248.9270782470703,232.7376708984375,234.45205688476562,206.16094970703125,43046719
2009-06-18,235.21209716796875,236.86932373046875,227.45169067382812,231.44618225097656,203.51783752441406,54312001
2009-06-19,233.72630310058594,235.72068786621094,225.9658966064453,233.32627868652344,205.1710205078125,42449160
2009-06-22,234.03488159179688,234.29776000976562,220.87420654296875,223.15432739257812,196.22650146484375,40433018
2009-06-23,217.15402221679688,232.43479919433594,217.15402221679688,230.3318328857422,202.5379180908203,52029156
2009-06-24,231.4404754638672,232.66909790039062,225.38873291015625,228.8517608642578,201.23643493652344,41212516
2009-06-25,228.72032165527344,231.326171875,222.0056915283203,223.7943572998047,196.78932189941406,46686191
2009-06-26,224.7144012451172,232.8119659423828,224.3486785888672,231.9204864501953,203.934814453125,34815029
2009-06-29,231.5547637939453,241.4866943359375,229.12606811523438,238.52655029296875,209.74380493164062,32603982
2009-06-30,240.01234436035156,241.07525634765625,229.79466247558594,231.25759887695312,203.35198974609375,26084929
2009-07-01,232.00050354003906,238.29795837402344,227.21168518066406,235.30352783203125,206.90966796875,32531518
2009-07-02,249.49853515625,249.49853515625,228.05172729492188,229.88038635253906,202.1409149169922,33686302
2009-07-03,228.5831756591797,232.59481811523438,226.29734802246094,231.74334716796875,203.7790985107422,37909158
2009-07-06,234.0691680908203,234.52633666992188,212.70236206054688,216.37112426757812,190.26181030273438,51827829
2009-07-07,217.268310546875,218.6398162841797,208.60501098632812,212.0623321533203,186.4729766845703,51057090
2009-07-08,212.0623321533203,216.0111083984375,205.41627502441406,209.1136016845703,183.88003540039062,50495159
2009-07-09,209.72506713867188,214.28529357910156,209.1650390625,211.82803344726562,186.26695251464844,32268349
2009-07-10,211.78231811523438,213.37667846679688,199.43882751464844,202.8847198486328,178.40280151367188,36758916
2009-07-13,199.9759979248047,202.1246795654297,196.25009155273438,200.1188507080078,175.97068786621094,36305996
2009-07-14,202.75328063964844,208.5821533203125,201.8389434814453,207.33065795898438,182.31227111816406,32365032
2009-07-15,211.43943786621094,216.0111083984375,206.4734649658203,214.4453125,188.5684051513672,27771011
2009-07-16,217.268310546875,224.9715576171875,214.86819458007812,221.19993591308594,194.50794982910156,48357416
2009-07-17,222.30856323242188,224.697265625,220.04559326171875,221.38851928710938,194.6737518310547,28917805
2009-07-20,224.0115203857422,233.04054260253906,222.8686065673828,232.3890838623047,204.34690856933594,36034847
2009-07-21,238.72084045410156,238.72084045410156,229.4232177734375,230.7147216796875,202.87461853027344,26978476
2009-07-22,231.4404754638672,235.16636657714844,224.3086700439453,225.80589294433594,198.55809020996094,27518674
2009-07-23,227.4402618408203,234.73207092285156,227.09738159179688,233.33200073242188,205.176025390625,25944577
2009-07-24,234.29776000976562,236.28643798828125,226.99452209472656,230.5089874267578,202.69371032714844,37085126
2009-07-27,222.8686065673828,228.01171875,217.9140625,221.7999725341797,195.0355987548828,52651678
2009-07-28,222.52572631835938,223.97723388671875,215.5082244873047,218.0226287841797,191.71401977539062,50364983
2009-07-29,217.15402221679688,221.49710083007812,213.83956909179688,220.62847900390625,194.00543212890625,41704949
2009-07-30,219.43984985351562,220.05702209472656,215.8968048095703,217.1883087158203,190.98040771484375,26943006
2009-07-31,218.86839294433594,225.71446228027344,218.43980407714844,223.48577880859375,196.51791381835938,30553219
2009-08-03,225.02871704101562,232.126220703125,223.7943572998047,230.52613830566406,202.70875549316406,23955323
2009-08-04,232.35479736328125,234.64064025878906,228.86891174316406,233.1262664794922,204.9951171875,33575331
2009-08-05,232.58338928222656,238.1836700439453,232.19479370117188,237.3150634765625,208.67849731445312,33289859
2009-08-06,233.57200622558594,242.86962890625,231.59475708007812,233.93202209472656,205.70364379882812,43022238
2009-08-07,232.75482177734375,235.89784240722656,227.46311950683594,228.32601928710938,200.77413940429688,34997614
2009-08-10,232.0633544921875,232.5548095703125,225.49729919433594,227.22311401367188,199.8043212890625,26363427
2009-08-11,227.78314208984375,234.07489013671875,226.1830596923828,228.62889099121094,201.04046630859375,27474086
2009-08-12,225.7201690673828,228.5831756591797,222.10284423828125,227.520263671875,200.0656280517578,29958739
2009-08-13,231.4404754638672,233.62344360351562,228.2403106689453,231.36045837402344,203.44241333007812,26524147
2009-08-14,231.66905212402344,235.89784240722656,229.3832244873047,232.7490997314453,204.66346740722656,29262231
2009-08-17,229.61180114746094,229.72608947753906,220.0113067626953,221.94854736328125,195.1661834716797,30040259
2009-08-18,219.86273193359375,223.57720947265625,219.45700073242188,221.8628387451172,195.0908660888672,26014696
2009-08-19,221.72567749023438,222.85716247558594,213.83956909179688,215.5367889404297,189.52818298339844,29148426
2009-08-20,217.15402221679688,220.46847534179688,215.8453826904297,216.9711456298828,190.78945922851562,20579108
2009-08-21,215.7825164794922,221.1542205810547,213.4509735107422,220.44561767578125,193.8446502685547,26343198
2009-08-24,224.0115203857422,226.40020751953125,222.70858764648438,225.64588928222656,198.41744995117188,22140885
2009-08-25,224.6058349609375,232.35479736328125,223.50291442871094,231.51475524902344,203.5780792236328,28437053
2009-08-26,231.5604705810547,233.92059326171875,229.86895751953125,233.17198181152344,205.03533935546875,21993621
2009-08-27,232.46908569335938,235.32638549804688,230.86900329589844,233.42343139648438,205.25645446777344,25676360
2009-08-28,234.29776000976562,237.72650146484375,231.50332641601562,237.05218505859375,208.44732666015625,21877637
2009-08-31,235.89784240722656,235.89784240722656,228.01171875,229.1660614013672,201.51280212402344,31540641
2009-09-01,231.4176025390625,233.3834228515625,224.62869262695312,226.39450073242188,199.07571411132812,22733195
2009-09-02,225.04014587402344,228.34317016601562,224.0115203857422,225.28587341308594,198.10081481933594,23849191
2009-09-03,226.29734802246094,227.1202392578125,219.8170166015625,220.6741943359375,194.04566955566406,26446530
2009-09-04,221.49710083007812,227.89743041992188,221.1542205810547,226.4287872314453,199.10585021972656,25361664
2009-09-07,226.86880493164062,229.60609436035156,225.89732360839844,228.90890502929688,201.2866973876953,22578214
2009-09-08,230.29754638671875,239.37229919433594,229.19464111328125,237.22361755371094,208.59808349609375,52059674
2009-09-09,237.15504455566406,248.5270538330078,235.66925048828125,247.83560180664062,217.9294891357422,52578339
2009-09-10,250.30429077148438,256.0017395019531,243.7382354736328,245.4354705810547,215.81900024414062,35669728
2009-09-11,247.4412841796875,248.1613311767578,240.58380126953125,244.68115234375,215.1556854248047,31370847
2009-09-14,244.01254272460938,246.7669677734375,241.32669067382812,244.52685546875,215.02003479003906,19047648
2009-09-15,244.81259155273438,249.61282348632812,244.81259155273438,249.25852966308594,219.18075561523438,18872954
2009-09-16,250.9843292236328,253.57875061035156,247.28128051757812,249.61282348632812,219.49227905273438,19382756
2009-09-17,249.7271270751953,251.44149780273438,236.6978759765625,238.4293975830078,209.65835571289062,145062738
2009-09-18,237.72650146484375,241.4981231689453,237.16647338867188,240.3037872314453,211.3065643310547,25713816
2009-09-22,243.29251098632812,244.54971313476562,238.6522674560547,239.77804565429688,210.84425354003906,23011168
2009-09-23,239.66946411132812,242.86962890625,238.86941528320312,240.20663452148438,211.2211456298828,24365231
2009-09-24,238.86941528320312,243.4410858154297,235.21209716796875,240.12091064453125,211.14576721191406,41664465
2009-09-25,238.22938537597656,245.48690795898438,237.16647338867188,244.01254272460938,214.56776428222656,31204369
2009-09-29,245.2126007080078,249.33853149414062,244.58399963378906,248.13275146484375,218.1908416748047,40254449
2009-09-30,249.61282348632812,252.91586303710938,247.4412841796875,251.6300811767578,221.26612854003906,36946165
2009-10-01,251.43006896972656,251.43006896972656,246.18408203125,248.50991821289062,218.5224609375,26342402
2009-10-05,246.8583984375,248.2413330078125,242.44674682617188,244.48114013671875,214.97982788085938,25912186
2009-10-06,246.86412048339844,246.86412048339844,240.2409210205078,243.90968322753906,214.4773406982422,32106115
2009-10-07,245.66976928710938,246.64125061035156,238.19509887695312,240.16091918945312,211.18093872070312,27123920
2009-10-08,251.44149780273438,255.4988555908203,240.01234436035156,242.25816345214844,213.02508544921875,61481645
2009-10-09,243.2867889404297,243.6239471435547,238.86941528320312,239.9837646484375,211.02516174316406,27668151
2009-10-12,242.2981719970703,249.84141540527344,242.2981719970703,247.9041748046875,217.98983764648438,39339692
2009-10-13,247.09841918945312,247.09841918945312,247.09841918945312,247.09841918945312,217.2812957763672,0
2009-10-14,248.58421325683594,251.15576171875,246.02978515625,249.6356964111328,219.51239013671875,29186933
2009-10-15,251.32720947265625,253.9330596923828,247.4412841796875,248.18418884277344,218.23605346679688,28442679
2009-10-16,248.01275634765625,254.41307067871094,246.984130859375,253.58445739746094,224.4403533935547,29379397
2009-10-20,256.5846252441406,260.96197509765625,248.90994262695312,249.67568969726562,220.9808807373047,27662481
2009-10-21,249.04136657714844,252.47012329101562,247.85845947265625,249.4071044921875,220.74313354492188,22306470
2009-10-22,249.38424682617188,249.38424682617188,242.41246032714844,244.035400390625,215.98878479003906,20217305
2009-10-23,245.2926025390625,246.21836853027344,232.8805389404297,233.99488830566406,207.1022186279297,44095335
2009-10-26,234.29776000976562,236.35501098632812,229.04034423828125,230.33755493164062,203.86521911621094,27736152
2009-10-27,228.811767578125,229.72608947753906,225.72589111328125,227.55455017089844,201.40208435058594,30934515
2009-10-28,226.87451171875,233.5377197265625,226.87451171875,232.48623657226562,205.7669677734375,25810298
2009-10-29,228.6974639892578,233.6005859375,226.3430633544922,228.5146026611328,202.2517852783203,30886813
2009-10-30,228.70318603515625,232.58338928222656,219.66842651367188,220.71420288085938,195.34786987304688,43583626
2009-11-03,219.44557189941406,219.9884490966797,205.9820098876953,207.844970703125,183.95765686035156,42857711
2009-11-04,211.43943786621094,220.35418701171875,209.46218872070312,219.5198516845703,194.29075622558594,39964979
2009-11-05,218.1997833251953,222.6400146484375,211.55372619628906,221.85711669921875,196.35943603515625,30087288
2009-11-06,220.582763671875,225.71446228027344,220.582763671875,223.7257843017578,198.0133056640625,30606215
2009-11-09,225.72589111328125,232.24050903320312,224.1943817138672,231.37188720703125,204.78065490722656,28682653
2009-11-10,233.15484619140625,240.2923583984375,229.15463256835938,234.81207275390625,207.82546997070312,55352725
2009-11-11,236.35501098632812,243.48680114746094,232.6576690673828,241.6124267578125,213.84429931640625,36604347
2009-11-12,242.86962890625,245.26974487304688,238.1836700439453,240.1551971435547,212.5545196533203,33326415
2009-11-13,238.86941528320312,243.32679748535156,238.19509887695312,242.24102783203125,214.40065002441406,22380386
2009-11-16,245.6126251220703,247.0869903564453,243.62966918945312,246.13836669921875,217.8500518798828,18087647
2009-11-17,246.8698272705078,247.0641326904297,240.8123779296875,243.7096710205078,215.70045471191406,26297936
2009-11-18,247.09841918945312,247.09841918945312,239.3380126953125,240.01805114746094,212.43316650390625,34189418
2009-11-19,239.86947631835938,241.14382934570312,236.9150390625,238.1608123779297,210.7893524169922,20240605
2009-11-20,237.72650146484375,244.00682067871094,236.0121307373047,242.67532348632812,214.7850341796875,27023694
2009-11-23,246.8698272705078,252.32725524902344,243.7896728515625,250.86431884765625,222.0328826904297,48369770
2009-11-24,250.52716064453125,252.01295471191406,247.79559326171875,248.8356475830078,220.2373504638672,30382900
2009-11-25,249.81283569335938,254.40164184570312,248.00131225585938,250.83575439453125,222.0076141357422,36335219
2009-11-26,253.95591735839844,253.95591735839844,240.76666259765625,243.1553497314453,215.20986938476562,22221066
2009-11-27,240.01234436035156,241.84100341796875,231.09759521484375,239.08657836914062,211.6087188720703,25469866
2009-11-30,242.86962890625,246.61839294433594,240.92666625976562,243.09820556640625,215.1593017578125,18071456
2009-12-01,245.72691345214844,251.44149780273438,243.9439697265625,250.9843292236328,222.13906860351562,12511349
2009-12-02,252.6415557861328,255.70457458496094,249.42996215820312,251.5443572998047,222.63475036621094,20681036
2009-12-03,252.56155395507812,256.0131530761719,249.6356964111328,251.3614959716797,222.472900390625,17415284
2009-12-04,249.38424682617188,253.0415802001953,246.93841552734375,248.78993225097656,220.1968994140625,13963709
2009-12-07,248.69850158691406,250.0928497314453,240.01234436035156,241.15525817871094,213.43963623046875,20671910
2009-12-08,242.2981719970703,247.88702392578125,241.18954467773438,246.94984436035156,218.5682830810547,20434211
2009-12-09,244.58399963378906,246.41265869140625,242.7896270751953,245.0068817138672,216.84861755371094,11179921
2009-12-10,245.4297637939453,247.32699584960938,242.75534057617188,244.99545288085938,216.83851623535156,12944596
2009-12-11,246.8698272705078,248.69850158691406,243.32679748535156,244.86973571777344,216.7272491455078,15450296
2009-12-14,244.1268310546875,247.78416442871094,242.98391723632812,244.1154022216797,216.05958557128906,13923500
2009-12-15,244.1268310546875,245.4983367919922,239.55517578125,240.37806701660156,212.75180053710938,14673678
2009-12-16,239.98947143554688,241.15525817871094,237.2921905517578,239.36087036132812,211.8515167236328,14773099
2009-12-17,241.1095428466797,241.1095428466797,235.440673828125,236.57215881347656,209.38330078125,14196403
2009-12-18,236.58358764648438,236.58358764648438,229.72608947753906,230.3318328857422,203.86013793945312,21984942
2009-12-21,228.811767578125,235.62353515625,226.29734802246094,232.45765686035156,205.74166870117188,24594381
2009-12-22,232.74339294433594,235.16636657714844,231.16616821289062,232.9719696044922,206.19686889648438,13939289
2009-12-23,234.29776000976562,244.10397338867188,233.474853515625,243.7153778076172,215.70556640625,21453446
2009-12-24,245.72691345214844,247.7384490966797,241.92100524902344,246.02407836914062,217.74891662597656,16147574
2009-12-29,246.64125061035156,248.9270782470703,244.58399963378906,246.92697143554688,218.54803466796875,12172264
2009-12-30,246.82411193847656,248.01275634765625,244.46971130371094,245.96693420410156,217.6983184814453,9279882
2009-12-31,247.78416442871094,250.52716064453125,247.1784210205078,249.28138732910156,220.63189697265625,17542130
2010-01-04,249.4071044921875,249.4071044921875,233.57772827148438,245.84120178222656,217.58706665039062,76646086
2010-01-05,262.8478088378906,262.8478088378906,243.5325164794922,244.74400329589844,216.61598205566406,21392825
2010-01-06,246.8469696044922,250.18429565429688,244.73257446289062,248.69850158691406,220.115966796875,23691760
2010-01-07,248.69850158691406,254.8702392578125,246.41265869140625,252.8244171142578,223.7677001953125,26197920
2010-01-08,253.27015686035156,254.595947265625,250.52716064453125,252.16152954101562,223.18099975585938,15110149
2010-01-11,259.3733215332031,262.8020935058594,240.01234436035156,247.21270751953125,218.80091857910156,188649642
2010-01-12,250.298583984375,259.9676513671875,246.18408203125,247.86416625976562,219.37753295898438,32790509
2010-01-13,248.69850158691406,249.61282348632812,244.26397705078125,248.8356475830078,220.2373504638672,15360176
2010-01-14,248.2413330078125,257.1103515625,248.2413330078125,256.4017639160156,226.9339141845703,24545629
2010-01-15,257.33892822265625,260.3333740234375,252.59584045410156,253.8987579345703,224.71859741210938,18766617
2010-01-18,253.0415802001953,255.20169067382812,249.6013946533203,251.32720947265625,222.4425506591797,14172193
2010-01-19,251.44149780273438,252.8244171142578,247.47557067871094,248.01275634765625,219.509033203125,13064666
2010-01-20,250.298583984375,250.7786102294922,245.04116821289062,246.29837036132812,217.99169921875,19331024
2010-01-21,245.72691345214844,246.18408203125,240.06948852539062,240.93809509277344,213.2474822998047,18611321
2010-01-22,237.95509338378906,244.81259155273438,235.32638549804688,240.8923797607422,213.20701599121094,39869565
2010-01-25,239.9323272705078,241.01809692382812,236.97218322753906,238.19509887695312,210.81971740722656,13393277
2010-01-27,236.35501098632812,240.01234436035156,233.15484619140625,234.88064575195312,207.88616943359375,24843485
2010-01-28,237.72650146484375,239.20086669921875,234.29776000976562,237.07504272460938,209.82838439941406,33223459
2010-01-29,236.1035614013672,240.4237823486328,232.7205352783203,239.1437225341797,211.6593017578125,23333042
2010-02-01,237.15504455566406,241.15525817871094,236.7093048095703,238.9608612060547,211.4974822998047,12132865
2010-02-02,240.46949768066406,241.46383666992188,234.09202575683594,234.82350158691406,207.83560180664062,17248998
2010-02-03,235.69210815429688,239.6466064453125,235.69210815429688,236.3435821533203,209.18099975585938,15052266
2010-02-04,237.2693328857422,237.2693328857422,231.78334045410156,232.96054077148438,206.18673706054688,11974603
2010-02-05,222.8686065673828,230.3546905517578,222.8686065673828,224.4001007080078,198.61016845703125,29882876
2010-02-08,225.15443420410156,229.5775146484375,222.8686065673828,227.29168701171875,201.16940307617188,25894932
2010-02-09,227.15452575683594,228.12600708007812,224.62869262695312,227.0402374267578,200.9468994140625,14292031
2010-02-10,228.56031799316406,228.56031799316406,224.4686737060547,225.1772918701172,199.29800415039062,18261247
2010-02-11,226.12591552734375,233.109130859375,225.9544677734375,232.0462188720703,205.37750244140625,23450102
2010-02-15,234.7549285888672,234.7549285888672,230.32040405273438,230.86900329589844,204.33558654785156,13498617
2010-02-16,230.89186096191406,233.3834228515625,229.72608947753906,232.64053344726562,205.90353393554688,10068256
2010-02-17,234.29776000976562,237.22361755371094,233.62344360351562,236.0235595703125,208.89776611328125,15630122
2010-02-18,235.440673828125,237.34934997558594,227.4402618408203,228.08029174804688,201.8673858642578,19834114
2010-02-19,227.4402618408203,227.4402618408203,223.36004638671875,224.74298095703125,198.91360473632812,17754534
2010-02-22,227.5088348388672,228.5831756591797,221.72567749023438,223.5429229736328,197.85147094726562,12692045
2010-02-23,222.6400146484375,224.697265625,221.72567749023438,222.9486083984375,197.32546997070312,12976934
2010-02-24,221.72567749023438,225.31443786621094,220.95993041992188,223.73721313476562,198.02345275878906,12487589
2010-02-25,224.0343780517578,225.15443420410156,219.2455596923828,220.14845275878906,194.84713745117188,18954063
2010-02-26,221.49710083007812,227.4402618408203,220.86849975585938,223.77149963378906,198.05377197265625,22579233
2010-03-02,225.15443420410156,228.35459899902344,223.87435913085938,224.74298095703125,198.91360473632812,18210596
2010-03-03,225.84017944335938,234.98350524902344,225.84017944335938,234.25204467773438,207.32981872558594,26623966
2010-03-04,237.72650146484375,237.72650146484375,230.41184997558594,231.78334045410156,205.14483642578125,20781218
2010-03-05,233.6120147705078,234.52633666992188,229.7489471435547,230.8232879638672,204.2951202392578,11774505
2010-03-08,233.42913818359375,234.7549285888672,229.04034423828125,229.52037048339844,203.14193725585938,11941298
2010-03-09,230.0689697265625,231.28045654296875,225.8516082763672,226.37734985351562,200.3601531982422,17459521
2010-03-10,227.4402618408203,232.9033966064453,226.13734436035156,230.58328247070312,204.08270263671875,24807175
2010-03-11,230.86900329589844,233.15484619140625,230.18325805664062,232.34336853027344,205.64048767089844,14583772
2010-03-12,232.01193237304688,236.1264190673828,231.78334045410156,233.52056884765625,206.6824188232422,22333253
2010-03-15,233.6120147705078,235.88641357421875,231.57762145996094,234.99493408203125,207.9873046875,18131701
2010-03-16,235.89784240722656,244.99545288085938,235.21209716796875,244.1154022216797,216.05958557128906,33998717
2010-03-17,245.6811981201172,247.4412841796875,243.6239471435547,244.5154266357422,216.4136505126953,21599472
2010-03-18,245.4983367919922,247.23556518554688,243.23536682128906,246.1726531982422,217.8804168701172,15292424
2010-03-19,246.5955352783203,250.64144897460938,244.6182861328125,249.624267578125,220.93536376953125,19737747
2010-03-22,242.75534057617188,251.21290588378906,242.75534057617188,245.48690795898438,217.27349853515625,20468483
2010-03-23,246.40122985839844,250.05856323242188,246.1726531982422,249.47567749023438,220.80381774902344,20005544
2010-03-25,250.52716064453125,250.75575256347656,246.2755126953125,249.4871063232422,220.81396484375,22967888
2010-03-26,250.75575256347656,253.95591735839844,250.33287048339844,251.5443572998047,222.63475036621094,18075516
2010-03-29,252.28724670410156,253.7158966064453,249.38424682617188,249.9099884033203,221.18821716308594,20249784
2010-03-30,250.52716064453125,252.74441528320312,247.5555877685547,248.7327880859375,220.14630126953125,18938795
2010-03-31,249.8185577392578,250.298583984375,244.88116455078125,245.55548095703125,217.33413696289062,21647708
2010-04-01,246.41265869140625,251.09861755371094,246.18408203125,249.624267578125,220.93536376953125,12519976
2010-04-05,250.64144897460938,258.218994140625,250.64144897460938,257.3617858886719,227.78363037109375,19912935
2010-04-06,257.8418273925781,258.9847412109375,256.0588684082031,256.74462890625,227.23736572265625,12481837
2010-04-07,257.15606689453125,262.8020935058594,256.7217712402344,258.23040771484375,228.55239868164062,20218574
2010-04-08,258.9847412109375,259.7847900390625,251.7843780517578,252.938720703125,223.86886596679688,14723428
2010-04-09,253.3158721923828,258.527587890625,253.3158721923828,257.0874938964844,227.54083251953125,16826518
2010-04-12,261.7277526855469,261.7277526855469,256.618896484375,257.6932373046875,228.07696533203125,12699784
2010-04-13,257.8418273925781,259.21331787109375,254.0244903564453,256.2188720703125,226.77203369140625,13971281
2010-04-15,257.15606689453125,259.4190368652344,248.48133850097656,249.315673828125,220.66220092773438,24286918
2010-04-16,248.26419067382812,250.298583984375,244.8468780517578,247.84130859375,219.3572998046875,18193722
2010-04-19,246.82411193847656,246.82411193847656,240.2409210205078,242.70962524414062,214.8153839111328,16389189
2010-04-20,244.54971313476562,246.81268310546875,241.0066680908203,243.02963256835938,215.09860229492188,16748550
2010-04-21,244.58399963378906,245.4297637939453,239.58946228027344,240.94952392578125,213.25755310058594,19187549
2010-04-22,240.1266326904297,250.04713439941406,240.02377319335938,245.8983612060547,217.6376495361328,25598349
2010-04-23,246.8698272705078,250.52716064453125,246.8698272705078,248.7442169189453,220.15646362304688,23235165
2010-04-26,246.8698272705078,250.93861389160156,243.09820556640625,244.86973571777344,216.7272491455078,16652152
2010-04-27,242.98391723632812,244.1268310546875,241.15525817871094,242.58389282226562,214.7041015625,13970196
2010-04-28,240.9152374267578,240.9152374267578,231.326171875,232.5262451171875,205.8023681640625,40110291
2010-04-29,234.0691680908203,237.70364379882812,232.96054077148438,236.5950164794922,209.40353393554688,23447044
2010-04-30,237.72650146484375,239.37229919433594,235.440673828125,236.26358032226562,209.11016845703125,15821019
2010-05-03,234.52633666992188,236.0349884033203,232.7205352783203,234.01202392578125,207.11737060546875,12535244
2010-05-04,234.11488342285156,237.4979248046875,231.66905212402344,233.41770935058594,206.5913543701172,17348783
2010-05-05,230.86900329589844,233.96630859375,229.33750915527344,233.3034210205078,206.49020385742188,14976570
2010-05-06,233.109130859375,233.90916442871094,229.4975128173828,230.3775634765625,203.90060424804688,23863448
2010-05-07,223.09718322753906,242.2981719970703,223.09718322753906,236.08070373535156,208.94833374023438,72063684
2010-05-10,240.2409210205078,247.32699584960938,237.72650146484375,246.73268127441406,219.99148559570312,38050844
2010-05-11,248.9270782470703,248.9270782470703,243.0639190673828,244.08111572265625,217.62730407714844,26325489
2010-05-12,245.96693420410156,249.02993774414062,243.22393798828125,247.54415893554688,220.71507263183594,15294301
2010-05-13,242.75534057617188,249.93284606933594,242.75534057617188,244.99545288085938,218.44256591796875,11947698
2010-05-14,244.05825805664062,244.81259155273438,236.58358764648438,238.5608367919922,212.70533752441406,18161695
2010-05-17,236.5150146484375,236.5150146484375,230.6404266357422,232.36622619628906,207.18206787109375,20611809
2010-05-18,233.15484619140625,236.22927856445312,230.36611938476562,233.2919921875,208.007568359375,15445191
2010-05-19,232.46908569335938,232.64053344726562,227.46311950683594,228.27459716796875,203.53395080566406,26097480
2010-05-20,228.811767578125,231.5547637939453,227.15452575683594,228.57174682617188,203.79888916015625,18577281
2010-05-21,226.2744903564453,228.54888916015625,223.1200408935547,227.56597900390625,202.902099609375,19167407
2010-05-24,232.6976776123047,239.77232360839844,232.34336853027344,233.76058959960938,208.42532348632812,24726303
2010-05-25,234.29776000976562,234.29776000976562,224.64012145996094,225.30300903320312,200.88438415527344,25245934
2010-05-26,227.4174041748047,230.86900329589844,226.5259246826172,230.42327880859375,205.4497528076172,13726569
2010-05-27,231.09759521484375,234.91493225097656,228.94891357421875,233.66915893554688,208.34381103515625,27405100
2010-05-28,235.4292449951172,237.4979248046875,231.8976287841797,236.96075439453125,211.27865600585938,17535288
2010-05-31,235.47496032714844,239.66946411132812,235.15493774414062,239.00657653808594,213.1027374267578,16548811
2010-06-01,238.4808349609375,238.86941528320312,229.52037048339844,230.99473571777344,205.95925903320312,19466130
2010-06-02,232.01193237304688,233.3834228515625,229.34893798828125,231.10902404785156,206.06117248535156,19728249
2010-06-03,233.13198852539062,237.2693328857422,233.13198852539062,235.62353515625,210.0863800048828,17106958
2010-06-04,235.66925048828125,236.8121795654297,233.71487426757812,235.71498107910156,210.1679229736328,14088022
2010-06-07,232.01193237304688,232.01193237304688,228.5831756591797,230.3546905517578,205.3885498046875,13503377
2010-06-08,230.80043029785156,231.48619079589844,227.46311950683594,227.76028442382812,203.07534790039062,15226706
2010-06-09,228.62889099121094,232.01193237304688,228.5831756591797,230.19468688964844,205.2458953857422,15242486
2010-06-10,230.86900329589844,232.57196044921875,230.21754455566406,232.09193420410156,206.9375457763672,13962908
2010-06-11,234.29776000976562,240.20663452148438,233.3834228515625,239.18943786621094,213.2657928466797,23307069
2010-06-14,241.1324005126953,244.58399963378906,239.80661010742188,243.09820556640625,216.7509307861328,15892958
2010-06-15,243.48680114746094,244.56114196777344,240.0352020263672,243.69252014160156,217.2808380126953,18992836
2010-06-16,244.58399963378906,245.1897430419922,241.17811584472656,241.82957458496094,215.61981201171875,11833071
2010-06-17,243.052490234375,246.18408203125,241.90957641601562,244.90402221679688,218.36105346679688,21047804
2010-06-18,246.91554260253906,249.10995483398438,240.1380615234375,241.0066680908203,214.88607788085938,38277934
2010-06-21,242.52674865722656,244.97259521484375,242.52674865722656,243.58966064453125,217.18914794921875,11792906
2010-06-22,242.98391723632812,245.6811981201172,241.60098266601562,243.16677856445312,216.8120880126953,12908863
2010-06-23,242.22959899902344,244.01254272460938,240.92666625976562,242.00100708007812,215.7726287841797,11659191
2010-06-24,242.069580078125,243.6239471435547,239.39515686035156,240.48092651367188,214.4173126220703,18805263
2010-06-25,240.01234436035156,244.1268310546875,238.41226196289062,242.9724884033203,216.6388397216797,20325423
2010-06-28,245.4983367919922,249.61282348632812,243.47537231445312,249.18995666503906,222.18246459960938,31472648
2010-06-29,249.38424682617188,249.38424682617188,243.2582244873047,244.00111389160156,217.55599975585938,14213976
2010-06-30,242.2981719970703,250.05856323242188,241.72671508789062,249.1213836669922,222.12132263183594,26637611
2010-07-01,247.78416442871094,248.3213348388672,243.78396606445312,246.0126495361328,219.3494873046875,13310905
2010-07-02,245.95550537109375,247.77273559570312,243.50965881347656,244.343994140625,217.86172485351562,10948784
2010-07-05,244.58399963378906,245.3040313720703,242.91534423828125,244.19540405273438,217.7292022705078,6399512
2010-07-06,243.5553741455078,247.30413818359375,243.5553741455078,245.47547912597656,218.87059020996094,9255011
2010-07-07,245.4983367919922,245.6811981201172,240.2409210205078,240.8238067626953,214.72303771972656,13738578
2010-07-08,242.2981719970703,244.48114013671875,241.21240234375,241.63528442382812,215.44656372070312,11977911
2010-07-09,243.20108032226562,243.66966247558594,240.8238067626953,241.76100158691406,215.55865478515625,12974909
2010-07-12,242.2981719970703,244.1154022216797,240.48092651367188,241.44097900390625,215.27333068847656,12563614
2010-07-13,241.66957092285156,246.3555145263672,241.66957092285156,245.56690979003906,218.9521026611328,15043285
2010-07-14,246.8698272705078,250.17286682128906,243.9553985595703,244.68685913085938,218.1674346923828,15970199
2010-07-15,245.0297393798828,247.0755615234375,244.14968872070312,245.37261962890625,218.77883911132812,13877250
2010-07-16,244.8240203857422,245.4983367919922,242.2981719970703,242.9724884033203,216.6388397216797,8779539
2010-07-19,241.86386108398438,243.6468048095703,240.88095092773438,241.395263671875,215.23255920410156,9808534
2010-07-20,241.6124267578125,243.6468048095703,239.80661010742188,240.68666076660156,214.60073852539062,6845092
2010-07-21,242.04672241210938,242.98391723632812,241.3038330078125,241.93243408203125,215.71153259277344,9824712
2010-07-22,241.93243408203125,242.49246215820312,239.4637451171875,242.069580078125,215.83380126953125,15879834
2010-07-23,243.20108032226562,244.7897186279297,241.5666961669922,242.40103149414062,216.1293182373047,13790021
2010-07-26,243.09820556640625,243.98968505859375,240.06948852539062,240.720947265625,214.63133239746094,9113728
2010-07-27,242.03529357910156,242.56103515625,240.26377868652344,240.8123779296875,214.7128143310547,12133425
2010-07-28,242.98391723632812,245.4183349609375,232.6976776123047,233.44056701660156,208.1400146484375,52927114
2010-07-29,235.09779357910156,235.09779357910156,230.41184997558594,230.90330505371094,205.87774658203125,46281590
2010-07-30,232.00050354003906,233.23484802246094,230.2404022216797,230.78900146484375,205.77581787109375,19242072
2010-08-02,232.24050903320312,233.56629943847656,231.18902587890625,231.9090576171875,206.7744598388672,12676917
2010-08-03,232.96054077148438,235.64639282226562,231.78334045410156,234.92636108398438,209.46478271484375,20104173
2010-08-04,234.98350524902344,235.66925048828125,231.451904296875,232.25193786621094,207.0802001953125,18318233
2010-08-05,233.14341735839844,234.00059509277344,229.73751831054688,230.19468688964844,205.2458953857422,18308022
2010-08-06,230.61756896972656,230.89186096191406,228.2403106689453,228.6060333251953,203.8294219970703,19955917
2010-08-09,228.5831756591797,229.95468139648438,226.7545166015625,227.1202392578125,202.5046844482422,22253619
2010-08-10,226.5259246826172,229.13177490234375,225.4515838623047,225.81732177734375,201.34298706054688,19989721
2010-08-11,226.2516326904297,227.4174041748047,224.0343780517578,224.75440979003906,200.39524841308594,21917268
2010-08-12,224.0115203857422,224.75440979003906,221.72567749023438,222.3199920654297,198.22470092773438,24910354
2010-08-13,221.83998107910156,227.1659698486328,221.83998107910156,223.8057861328125,199.54945373535156,30512197
2010-08-16,224.0115203857422,226.73165893554688,222.8686065673828,223.3029022216797,199.10105895996094,14028775
2010-08-17,224.0115203857422,225.14300537109375,221.72567749023438,221.874267578125,197.82728576660156,14788743
2010-08-18,222.41143798828125,223.3257598876953,219.06268310546875,220.4913330078125,196.59420776367188,24859327
2010-08-19,220.28561401367188,225.13157653808594,220.28561401367188,223.37147521972656,199.16221618652344,20662946
2010-08-20,223.37147521972656,227.07452392578125,222.29713439941406,225.98875427246094,201.49583435058594,20996195
2010-08-23,226.7659454345703,226.7659454345703,223.00575256347656,223.3029022216797,199.10105895996094,13543428
2010-08-24,223.3029022216797,224.24009704589844,221.10850524902344,222.27427673339844,198.18392944335938,19276160
2010-08-25,221.72567749023438,223.5200653076172,220.69705200195312,221.22279357910156,197.2464141845703,18620473
2010-08-26,221.72567749023438,222.41143798828125,218.30836486816406,218.62838745117188,194.9331817626953,27834839
2010-08-27,219.18841552734375,219.64556884765625,216.3654022216797,217.06259155273438,193.53709411621094,24315870
2010-08-30,217.63404846191406,220.53704833984375,216.0111083984375,216.6854248046875,193.20077514648438,11908601
2010-08-31,215.9311065673828,217.14259338378906,209.1536102294922,210.11366271972656,187.34130859375,46605039
2010-09-01,211.45086669921875,215.73680114746094,210.5251007080078,213.99957275390625,190.80606079101562,27886811
2010-09-02,216.0111083984375,216.3882598876953,213.953857421875,214.28529357910156,191.06080627441406,17699285
2010-09-03,214.86819458007812,215.23391723632812,211.25657653808594,211.5994415283203,188.66603088378906,14440305
2010-09-06,212.7995147705078,218.9141082763672,210.822265625,217.759765625,194.15870666503906,33928353
2010-09-07,218.29693603515625,221.6571044921875,217.8397674560547,219.96559143066406,196.12547302246094,28379708
2010-09-08,218.31979370117188,220.51419067382812,217.61119079589844,219.34841918945312,195.5751953125,11632859
2010-09-09,220.11416625976562,221.0856475830078,218.3426513671875,219.1083984375,195.3611602783203,10114309
2010-09-13,222.18284606933594,227.55455017089844,220.6627655029297,226.86880493164062,202.28050231933594,27474309
2010-09-14,227.55455017089844,229.2689208984375,225.005859375,225.8744659423828,201.3939208984375,19472955
2010-09-15,226.06875610351562,232.85768127441406,226.06875610351562,231.76048278808594,206.64198303222656,33554695
2010-09-16,231.34902954101562,232.09193420410156,227.94314575195312,228.66317749023438,203.88038635253906,18540979
2010-09-17,229.72608947753906,235.7606964111328,229.72608947753906,234.83493041992188,209.38323974609375,31955142
2010-09-20,235.21209716796875,238.62940979003906,233.40628051757812,238.04652404785156,212.24676513671875,30419766
2010-09-21,238.1836700439453,239.66946411132812,234.30918884277344,236.6178741455078,210.9729461669922,21351925
2010-09-22,236.35501098632812,238.572265625,232.01193237304688,233.16627502441406,207.8954315185547,25872625
2010-09-23,233.16627502441406,234.0691680908203,227.66883850097656,228.04600524902344,203.33010864257812,23030491
2010-09-24,228.5831756591797,230.6404266357422,226.77737426757812,228.96034240722656,204.1453399658203,22669074
2010-09-27,230.41184997558594,233.13198852539062,229.7489471435547,230.91473388671875,205.8878936767578,16465376
2010-09-28,230.4804229736328,231.326171875,226.98309326171875,228.2403106689453,203.5033721923828,19682506
2010-09-29,228.5831756591797,230.6404266357422,227.4402618408203,228.35459899902344,203.60523986816406,17790040
2010-09-30,229.04034423828125,229.04034423828125,223.57720947265625,225.6687469482422,201.21051025390625,28981699
2010-10-01,226.7545166015625,230.86900329589844,226.29734802246094,230.3889923095703,205.41917419433594,19104034
2010-10-04,232.00050354003906,234.48062133789062,232.00050354003906,232.66339111328125,207.44705200195312,21163057
2010-10-05,232.24050903320312,235.8521270751953,230.6404266357422,234.03488159179688,208.66990661621094,22938984
2010-10-06,235.440673828125,239.3265838623047,234.74349975585938,238.8579864501953,212.97027587890625,28137687
2010-10-07,238.8579864501953,241.32669067382812,236.0121307373047,237.53221130371094,211.7882080078125,31547758
2010-10-08,239.2580108642578,241.1095428466797,235.56639099121094,239.9323272705078,213.9281768798828,20865341
2010-10-11,241.3838348388672,245.0983123779297,240.720947265625,244.40113830566406,217.91265869140625,25796876
2010-10-12,244.1268310546875,244.4468536376953,239.13229370117188,241.2924041748047,215.140869140625,13979878
2010-10-13,241.4066925048828,245.4983367919922,241.08668518066406,245.2811737060547,218.6973114013672,23967306
2010-10-14,245.72691345214844,247.21270751953125,240.97238159179688,242.069580078125,215.83380126953125,24414709
2010-10-15,242.2981719970703,244.1268310546875,236.72073364257812,237.80650329589844,212.03277587890625,11601973
2010-10-18,238.24081420898438,243.42965698242188,236.18356323242188,239.429443359375,213.47979736328125,22209315
2010-10-19,243.4410858154297,244.28684997558594,237.55506896972656,238.73226928710938,212.8582000732422,18579617
2010-10-20,237.58935546875,243.30393981933594,237.2693328857422,239.88661193847656,213.88742065429688,18232837
2010-10-21,240.46949768066406,248.66421508789062,239.8294677734375,247.2469940185547,220.45008850097656,37273145
2010-10-22,248.11561584472656,250.02427673339844,245.57833862304688,247.28128051757812,220.4806365966797,19627279
2010-10-25,248.69850158691406,251.8758087158203,248.2413330078125,249.2356719970703,222.2232208251953,18019151
2010-10-26,249.36138916015625,251.6586456298828,248.49276733398438,251.17861938476562,223.9556121826172,15444185
2010-10-27,250.9843292236328,253.72732543945312,247.61273193359375,249.78427124023438,222.7123565673828,21946562
2010-10-28,251.30435180664062,251.647216796875,245.63548278808594,247.32699584960938,220.52142333984375,36188021
2010-10-29,248.6299285888672,253.08729553222656,246.984130859375,250.5843048095703,223.42567443847656,29722655
2010-11-01,256.2417297363281,257.1332092285156,248.98422241210938,249.8871307373047,222.80406188964844,30509287
2010-11-02,250.3900146484375,250.3900146484375,244.65257263183594,245.692626953125,219.06417846679688,20360675
2010-11-03,247.32699584960938,247.98988342285156,242.90391540527344,243.50965881347656,217.11781311035156,19939993
2010-11-04,246.38980102539062,253.0415802001953,245.72691345214844,252.59584045410156,225.2191925048828,24311819
2010-11-08,254.61880493164062,255.78457641601562,251.5672149658203,254.15020751953125,226.60508728027344,22364112
2010-11-09,254.24163818359375,256.12744140625,250.81289672851562,253.39588928222656,225.9325408935547,15410057
2010-11-10,252.97300720214844,255.30455017089844,251.25863647460938,251.9443817138672,224.63836669921875,11899060
2010-11-11,252.81298828125,254.13877868652344,245.95550537109375,246.8469696044922,220.09341430664062,12690058
2010-11-12,246.90411376953125,248.5613555908203,241.6124267578125,242.72105407714844,216.41465759277344,19131902
2010-11-15,243.92111206054688,244.10397338867188,237.3150634765625,241.08668518066406,214.95742797851562,16084932
2010-11-16,242.069580078125,242.069580078125,234.65206909179688,235.55496215820312,210.02523803710938,19833309
2010-11-18,239.96661376953125,239.96661376953125,231.78334045410156,236.114990234375,210.5245819091797,22776798
2010-11-19,236.8121795654297,236.8121795654297,225.63446044921875,227.7259979248047,203.04476928710938,24826481
2010-11-22,229.3832244873047,232.34336853027344,227.94314575195312,231.38331604003906,206.30572509765625,18956753
2010-11-23,229.64608764648438,229.72608947753906,222.8686065673828,227.57740783691406,202.91232299804688,33113827
2010-11-24,228.35459899902344,232.65196228027344,225.39443969726562,227.68028259277344,203.00404357910156,19703855
2010-11-25,229.04034423828125,229.2689208984375,222.41143798828125,223.897216796875,199.6309814453125,29112802
2010-11-26,225.15443420410156,226.38877868652344,219.05125427246094,219.97702026367188,196.13565063476562,30639363
2010-11-29,221.61138916015625,229.14320373535156,219.9884490966797,228.21743774414062,203.4829864501953,23409097
2010-11-30,228.53746032714844,230.5718536376953,224.26295471191406,225.2915802001953,200.87425231933594,30483669
2010-12-01,225.15443420410156,227.98886108398438,224.7086944580078,226.02304077148438,201.52639770507812,18726828
2010-12-02,228.35459899902344,231.65762329101562,227.45169067382812,231.1318817138672,206.08152770996094,24834141
2010-12-03,231.78334045410156,234.0691680908203,228.12600708007812,229.93182373046875,205.01153564453125,19641270
2010-12-06,232.2062225341797,235.440673828125,231.5547637939453,233.1891326904297,207.91583251953125,17790259
2010-12-07,233.15484619140625,237.65792846679688,233.15484619140625,235.6121063232422,210.07618713378906,22397973
2010-12-08,234.27490234375,234.92636108398438,231.1318817138672,233.2805633544922,207.99734497070312,16997335
2010-12-09,234.1949005126953,236.3207244873047,223.7257843017578,225.04014587402344,200.65005493164062,31716183
2010-12-10,225.56588745117188,235.440673828125,223.86293029785156,234.0463104248047,208.68011474609375,26529301
2010-12-13,234.08059692382812,239.09800720214844,230.86900329589844,238.12652587890625,212.31809997558594,16834458
2010-12-14,238.41226196289062,242.2981719970703,238.1836700439453,241.21240234375,215.0695037841797,20081132
2010-12-15,240.92666625976562,243.21250915527344,236.8121795654297,240.90380859375,214.79437255859375,21436026
2010-12-16,241.77243041992188,242.2981719970703,237.73793029785156,241.578125,215.39559936523438,15530788
2010-12-20,238.86941528320312,244.1268310546875,238.77798461914062,241.55526733398438,215.37522888183594,15858100
2010-12-21,242.2753143310547,245.7040557861328,241.8981475830078,245.3040313720703,218.71766662597656,16089753
2010-12-22,245.22402954101562,245.72691345214844,239.6351776123047,241.395263671875,215.23255920410156,15132141
2010-12-23,241.7952880859375,243.3725128173828,240.1266326904297,242.16102600097656,215.9153594970703,14589936
2010-12-24,240.69808959960938,243.32679748535156,240.01234436035156,242.22959899902344,215.97647094726562,9452996
2010-12-27,241.90957641601562,244.30970764160156,240.27520751953125,241.21240234375,215.0695037841797,5782048
2010-12-28,241.45240783691406,242.22959899902344,238.24081420898438,239.53231811523438,213.57156372070312,8857349
2010-12-29,239.62374877929688,241.15525817871094,239.1665802001953,239.69232177734375,213.7141876220703,11184510
2010-12-30,240.56094360351562,241.32669067382812,239.1551513671875,240.28663635253906,214.24411010742188,14561753
2010-12-31,241.85243225097656,243.78396606445312,240.74380493164062,242.00100708007812,215.7726287841797,9973432
2011-01-03,243.4410858154297,243.78396606445312,240.60665893554688,241.2924041748047,215.140869140625,10411256
2011-01-04,242.2981719970703,246.8469696044922,241.68099975585938,246.20693969726562,219.52273559570312,22021878
2011-01-05,246.8698272705078,249.15567016601562,244.58399963378906,245.9097900390625,219.2578125,25943243
2011-01-06,246.41265869140625,249.47567749023438,245.62405395507812,248.14990234375,221.255126953125,21763180
2011-01-07,247.1669921875,248.641357421875,241.84100341796875,243.5325164794922,217.13816833496094,17875107
2011-01-10,243.5325164794922,244.68685913085938,233.42913818359375,236.22927856445312,210.62649536132812,18478415
2011-01-11,237.72650146484375,239.71517944335938,228.26316833496094,231.7261962890625,206.61143493652344,21147094
2011-01-12,233.3034210205078,236.73216247558594,229.2689208984375,235.62353515625,210.0863800048828,23195000
2011-01-13,235.440673828125,237.53221130371094,231.12045288085938,232.09193420410156,206.9375457763672,24336418
2011-01-14,231.79476928710938,235.39495849609375,228.12600708007812,228.92605590820312,204.11476135253906,19111808
2011-01-17,229.2689208984375,230.41184997558594,226.7659454345703,228.1031494140625,203.3810577392578,14046519
2011-01-18,229.69180297851562,230.41184997558594,226.29734802246094,227.40597534179688,202.7594451904297,14871527
2011-01-19,228.4917449951172,229.72608947753906,222.8686065673828,224.04580688476562,199.76345825195312,23491557
2011-01-20,223.46292114257812,223.46292114257812,218.19407653808594,221.69139099121094,197.66419982910156,41343304
2011-01-21,222.8686065673828,226.86880493164062,222.41143798828125,225.56588745117188,201.11880493164062,19528676
2011-01-24,227.46311950683594,227.64598083496094,220.37704467773438,222.09141540527344,198.02088928222656,22242712
2011-01-25,223.34861755371094,225.14300537109375,218.58265686035156,219.0969696044922,195.35092163085938,20325555
2011-01-27,220.8113555908203,221.13136291503906,214.86819458007812,215.48536682128906,192.13079833984375,28105152
2011-01-28,216.0111083984375,216.21682739257812,206.18202209472656,208.69644165039062,186.0776824951172,33855702
2011-01-31,207.74781799316406,212.31948852539062,206.4334716796875,210.1365203857422,187.3616943359375,25332450
2011-02-01,211.46229553222656,212.05661010742188,203.1075897216797,204.6962432861328,182.5110321044922,37898873
2011-02-02,208.0106964111328,212.10232543945312,207.39352416992188,210.59368896484375,187.76931762695312,28465716
2011-02-03,212.12518310546875,216.5825653076172,209.1536102294922,215.75965881347656,192.37535095214844,17047728
2011-02-04,216.55970764160156,216.55970764160156,208.73072814941406,210.29652404785156,187.5043487548828,20715343
2011-02-07,211.5994415283203,214.59388732910156,209.01646423339844,212.36520385742188,189.3488311767578,14586353
2011-02-08,213.88528442382812,213.88528442382812,208.29641723632812,209.21075439453125,186.53623962402344,19685333
2011-02-09,207.64495849609375,214.2281494140625,206.55918884277344,208.9936065673828,186.34263610839844,38228022
2011-02-10,208.5821533203125,210.47938537597656,202.3189697265625,205.6448516845703,183.35682678222656,28347803
2011-02-11,205.7134246826172,209.1536102294922,202.9932861328125,207.999267578125,185.45608520507812,20012347
2011-02-14,207.1192169189453,209.89649963378906,204.376220703125,209.10789489746094,186.44451904296875,30145949
2011-02-15,209.01646423339844,215.96539306640625,208.30784606933594,215.25677490234375,191.92698669433594,27266420
2011-02-16,214.47959899902344,217.33688354492188,214.4338836669922,215.81680297851562,192.42633056640625,11041551
2011-02-17,216.66256713867188,218.39979553222656,214.01100158691406,218.0569305419922,194.42367553710938,14091434
2011-02-18,218.5369415283203,220.12559509277344,213.03952026367188,213.8509979248047,190.673583984375,15747939
2011-02-21,213.97671508789062,219.64556884765625,213.5424041748047,218.60552978515625,194.9127960205078,25629860
2011-02-22,226.7545166015625,230.7318572998047,223.84007263183594,225.12014770507812,200.72134399414062,88922943
2011-02-23,225.4744415283203,229.10891723632812,225.15443420410156,227.58883666992188,202.92250061035156,31184499
2011-02-24,227.66883850097656,228.26316833496094,219.06268310546875,220.39990234375,196.5126953125,32903650
2011-02-25,224.17152404785156,224.5258331298828,218.19407653808594,220.86849975585938,196.9305419921875,15101417
2011-02-28,221.77139282226562,227.28025817871094,219.43984985351562,220.4113311767578,196.52288818359375,22487428
2011-03-01,222.57144165039062,226.91452026367188,221.0856475830078,226.0344696044922,201.5365753173828,12622459
2011-03-03,222.91432189941406,225.15443420410156,221.2913818359375,223.4171905517578,199.20298767089844,19518684
2011-03-04,225.07443237304688,227.39454650878906,223.57720947265625,224.514404296875,200.1812744140625,15419957
2011-03-07,222.66287231445312,224.76583862304688,220.35418701171875,223.33718872070312,199.13165283203125,11821324
2011-03-08,223.55435180664062,226.845947265625,223.55435180664062,225.14300537109375,200.7417449951172,12057689
2011-03-09,226.00018310546875,229.5889434814453,221.2913818359375,227.17739868164062,202.55564880371094,32473255
2011-03-10,226.91452026367188,226.98309326171875,224.4686737060547,225.0972900390625,200.70094299316406,9853822
2011-03-11,223.73721313476562,227.4174041748047,222.21713256835938,226.7659454345703,202.1887664794922,15000438
2011-03-14,226.97166442871094,233.32627868652344,226.81166076660156,232.77767944335938,207.5489501953125,28811267
2011-03-15,228.1145782470703,239.9208984375,226.0458984375,237.097900390625,211.4009552001953,56447390
2011-03-16,238.86941528320312,241.15525817871094,237.2921905517578,239.3494415283203,213.408447265625,20605120
2011-03-17,237.56649780273438,239.738037109375,234.98350524902344,235.6349639892578,210.09657287597656,12381790
2011-03-18,236.58358764648438,236.58358764648438,225.52015686035156,226.98309326171875,202.38243103027344,40501886
2011-03-21,228.36602783203125,228.5831756591797,224.26295471191406,226.3659210205078,201.83213806152344,15546778
2011-03-22,226.99452209472656,229.70323181152344,226.78880310058594,228.503173828125,203.7377166748047,9793572
2011-03-23,228.54888916015625,232.3890838623047,227.6231231689453,231.61190795898438,206.50953674316406,11419987
2011-03-24,232.2176513671875,233.6005859375,229.46322631835938,230.93759155273438,205.90829467773438,11233928
2011-03-25,234.0463104248047,235.4292449951172,230.86900329589844,234.6634979248047,209.23040771484375,15392440
2011-03-28,234.58348083496094,236.89218139648438,231.85191345214844,234.457763671875,209.04696655273438,19079527
2011-03-29,233.15484619140625,235.89784240722656,233.06341552734375,233.783447265625,208.4457244873047,18101992
2011-03-30,234.8692169189453,237.15504455566406,234.09202575683594,236.0121307373047,210.43283081054688,12257428
2011-03-31,236.46929931640625,241.1324005126953,236.46929931640625,239.80661010742188,213.81607055664062,31502965
2011-04-01,239.79518127441406,243.6468048095703,235.66925048828125,236.9036102294922,211.2277069091797,18772571
2011-04-04,237.72650146484375,241.1095428466797,235.21209716796875,240.16091918945312,214.1320037841797,13111730
2011-04-05,240.58380126953125,242.069580078125,237.72650146484375,239.4751739501953,213.52056884765625,10756797
2011-04-06,238.86941528320312,240.9838104248047,237.72650146484375,238.8351287841797,212.9499053955078,9083271
2011-04-07,238.88084411621094,239.45230102539062,236.6064453125,238.1608123779297,212.34866333007812,10163661
2011-04-08,238.1836700439453,240.2180633544922,233.3034210205078,234.0463104248047,208.68011474609375,11995738
2011-04-11,231.5547637939453,233.02911376953125,229.41751098632812,229.79466247558594,204.88922119140625,11296579
2011-04-13,229.0060577392578,234.0691680908203,227.80599975585938,233.56629943847656,208.25210571289062,19116564
2011-04-15,232.84625244140625,234.2634735107422,229.72608947753906,233.3719940185547,208.07887268066406,14174275
2011-04-18,232.9719696044922,238.80084228515625,228.72032165527344,230.67471313476562,205.67393493652344,14793743
2011-04-19,229.6575164794922,232.57196044921875,228.29745483398438,231.2461700439453,206.18344116210938,12022958
2011-04-20,232.24050903320312,235.55496215820312,230.4575653076172,234.50347900390625,209.08770751953125,10315413
2011-04-21,236.53787231445312,238.68655395507812,235.440673828125,237.8636474609375,212.08370971679688,14934401
2011-04-25,231.78334045410156,233.3834228515625,229.7603759765625,230.72042846679688,205.7146759033203,18138998
2011-04-26,230.6404266357422,230.6404266357422,228.0231475830078,228.84605407714844,204.04347229003906,17652410
2011-04-27,229.72608947753906,230.6632843017578,224.0343780517578,225.40586853027344,200.9761199951172,24710243
2011-04-28,226.7545166015625,226.98309326171875,221.72567749023438,222.27427673339844,198.18392944335938,35712321
2011-04-29,222.8686065673828,225.84017944335938,222.02284240722656,224.8686981201172,200.4971466064453,14936357
2011-05-02,224.90298461914062,225.56588745117188,219.7370147705078,220.52561950683594,196.62478637695312,13609544
2011-05-03,220.60562133789062,221.13136291503906,215.1082000732422,215.75965881347656,192.37535095214844,22028515
2011-05-04,216.0111083984375,218.69696044921875,214.86819458007812,216.61685180664062,193.13967895507812,11668233
2011-05-05,216.0111083984375,220.25132751464844,215.7025146484375,217.14259338378906,195.3955535888672,19582976
2011-05-06,217.8397674560547,219.43984985351562,216.9482879638672,218.30836486816406,196.44459533691406,12916462
2011-05-09,219.43984985351562,220.82278442382812,217.47402954101562,219.27984619140625,197.31875610351562,8012908
2011-05-10,219.27984619140625,220.33132934570312,216.3654022216797,217.32545471191406,195.5601043701172,8143376
2011-05-11,218.068359375,219.07411193847656,215.66822814941406,218.39979553222656,196.52682495117188,8197011
2011-05-12,217.49688720703125,218.2397918701172,215.09677124023438,216.12539672851562,194.480224609375,9218985
2011-05-13,216.06825256347656,219.8970184326172,214.39959716796875,216.6968536376953,194.99444580078125,13906027
2011-05-16,217.15402221679688,217.47402954101562,215.2224884033203,216.0111083984375,194.3773651123047,7008149
2011-05-17,216.15968322753906,216.42254638671875,209.6679229736328,210.44509887695312,189.36880493164062,17384039
2011-05-18,210.29652404785156,211.17657470703125,205.3477020263672,206.14773559570312,185.5018310546875,24814804
2011-05-19,207.64495849609375,210.75369262695312,206.81063842773438,209.2678985595703,188.30950927734375,18072585
2011-05-20,209.9422149658203,211.62229919433594,208.0792694091797,211.02798461914062,189.89332580566406,13873483
2011-05-23,210.0679473876953,210.75369262695312,206.47918701171875,207.87353515625,187.05477905273438,14836682
2011-05-24,207.0963592529297,210.5022430419922,207.0963592529297,209.32504272460938,188.36093139648438,11107409
2011-05-25,208.9478759765625,208.9478759765625,205.9534454345703,207.0963592529297,186.35545349121094,13112272
2011-05-26,208.60501098632812,214.1481475830078,208.2621307373047,213.46240234375,192.08392333984375,30001792
2011-05-27,213.51954650878906,217.81690979003906,213.51954650878906,216.1139678955078,194.46994018554688,15134521
2011-05-30,216.91400146484375,217.8397674560547,213.5538330078125,214.60531616210938,193.11239624023438,7564463
2011-05-31,216.0111083984375,218.50265502929688,214.25100708007812,217.576904296875,195.78636169433594,14083332
2011-06-01,217.61119079589844,219.1312713623047,215.7025146484375,216.42254638671875,194.7476043701172,8042814
2011-06-02,214.07957458496094,218.22836303710938,214.07957458496094,217.39402770996094,195.62181091308594,9418728
2011-06-03,219.55413818359375,221.03993225097656,212.92523193359375,213.6338348388672,192.23818969726562,19110238
2011-06-06,213.645263671875,215.05105590820312,212.1594696044922,214.3538818359375,192.88613891601562,6149800
2011-06-07,213.39382934570312,219.43984985351562,213.39382934570312,219.03982543945312,197.10279846191406,17612490
2011-06-08,218.3540802001953,218.5140838623047,215.77108764648438,216.9711456298828,195.24130249023438,14205061
2011-06-09,216.5825653076172,218.94839477539062,216.46827697753906,218.068359375,196.22860717773438,9152117
2011-06-10,218.31979370117188,218.5255126953125,213.0509490966797,215.8968048095703,194.27456665039062,11068775
2011-06-13,215.611083984375,215.611083984375,210.5251007080078,211.5765838623047,190.38699340820312,12923374
2011-06-14,211.5080108642578,212.9823760986328,208.0106964111328,208.31927490234375,187.4559326171875,18967099
2011-06-15,208.46786499023438,210.0450897216797,205.40484619140625,205.8505859375,185.2344512939453,20156715
2011-06-16,205.9534454345703,205.9534454345703,202.09039306640625,202.87899780273438,182.56044006347656,24969151
2011-06-17,203.73619079589844,204.193359375,197.77017211914062,198.58163452148438,178.69349670410156,22029696
2011-06-20,200.01028442382812,200.01028442382812,189.28973388671875,190.46693420410156,171.39146423339844,30300033
2011-06-21,191.9870147705078,195.43861389160156,191.3927001953125,193.98712158203125,174.5591278076172,17413744
2011-06-22,195.06146240234375,196.15866088867188,190.6726531982422,193.3356475830078,173.97288513183594,20107599
2011-06-23,193.50709533691406,199.4845428466797,193.35850524902344,198.98165893554688,179.053466796875,20713868
2011-06-24,199.81597900390625,201.08462524414062,195.5757598876953,199.1873779296875,179.2386016845703,31670322
2011-06-27,198.113037109375,201.5646514892578,197.00440979003906,199.22166442871094,179.26942443847656,14349371
2011-06-28,200.90174865722656,200.90174865722656,197.0386962890625,199.11880493164062,179.17684936523438,10219645
2011-06-29,200.1702880859375,202.9818572998047,199.34739685058594,202.35325622558594,182.08738708496094,12430639
2011-06-30,203.14187622070312,206.18202209472656,202.75328063964844,205.38198852539062,184.8127899169922,21744714
2011-07-01,207.32493591308594,207.32493591308594,195.82720947265625,197.0272674560547,177.2947998046875,28677893
2011-07-04,199.87313842773438,201.01605224609375,197.7244415283203,198.5016326904297,178.6215057373047,16499512
2011-07-05,198.7073516845703,198.7073516845703,192.92420959472656,193.36993408203125,174.00375366210938,33805768
2011-07-06,194.0328369140625,196.23866271972656,192.1698760986328,194.95858764648438,175.43328857421875,26877909
2011-07-07,196.12437438964844,199.9874267578125,195.49575805664062,199.02737426757812,179.09458923339844,20137982
2011-07-08,199.55311584472656,199.7816925048828,194.75286865234375,195.40432739257812,175.8343963623047,20937538
2011-07-11,195.2100372314453,196.57009887695312,193.60995483398438,195.05003356933594,175.5155792236328,9598807
2011-07-12,193.7242431640625,195.98721313476562,193.3127899169922,193.78138732910156,174.3739776611328,13066390
2011-07-13,194.9928741455078,198.79879760742188,194.54714965820312,197.8273162841797,178.0146942138672,17029770
2011-07-14,197.3358612060547,200.6731719970703,196.43295288085938,198.30734252929688,178.44668579101562,13312532
2011-07-15,198.3416290283203,200.23886108398438,197.7244415283203,199.5988311767578,179.6088104248047,10206245
2011-07-18,199.30166625976562,199.7588348388672,197.5415802001953,198.3187713623047,178.45693969726562,6582763
2011-07-19,198.29591369628906,201.47320556640625,197.95303344726562,201.02748107910156,180.89439392089844,9822813
2011-07-20,202.52468872070312,202.7075653076172,198.5930633544922,200.28457641601562,180.22589111328125,11180149
2011-07-21,200.22743225097656,200.22743225097656,196.02149963378906,196.7758331298828,177.0685577392578,7886175
2011-07-22,197.95303344726562,200.4674530029297,197.15298461914062,199.63311767578125,179.6396484375,15303807
2011-07-25,203.8961944580078,203.8961944580078,200.9589080810547,201.80465698242188,181.59373474121094,21905216
2011-07-26,203.03900146484375,203.4733123779297,198.73020935058594,199.21023559570312,179.25914001464844,20462017
2011-07-27,200.01028442382812,200.01028442382812,196.38723754882812,196.7758331298828,177.0685577392578,13675826
2011-07-28,195.43861389160156,195.43861389160156,190.501220703125,191.4041290283203,172.23484802246094,31299376
2011-07-29,192.00987243652344,193.66709899902344,188.1582489013672,189.2554473876953,170.3013153076172,21393442
2011-08-01,191.55270385742188,191.55270385742188,187.74679565429688,189.9183349609375,170.89784240722656,14242019
2011-08-02,189.16400146484375,191.7584228515625,187.0953369140625,191.3927001953125,172.2245330810547,16570663
2011-08-03,188.98114013671875,191.14125061035156,188.14682006835938,188.59254455566406,169.70480346679688,14085375
2011-08-04,189.26687622070312,190.1011962890625,185.16380310058594,185.68954467773438,167.0925750732422,13737415
2011-08-05,182.75225830078125,182.75225830078125,178.06629943847656,181.03787231445312,162.90675354003906,26222826
2011-08-08,177.54055786132812,182.04364013671875,175.32330322265625,178.44345092773438,160.57217407226562,22242669
2011-08-09,172.12313842773438,178.06629943847656,172.12313842773438,174.93470764160156,157.4148406982422,32649029
2011-08-10,179.51779174804688,180.58070373535156,174.8661346435547,176.6376495361328,158.9472198486328,17746463
2011-08-11,175.6318817138672,179.42636108398438,174.8661346435547,176.51193237304688,158.83407592773438,10890149
2011-08-12,178.9806365966797,178.9806365966797,173.26605224609375,173.92893981933594,156.509765625,17222470
2011-08-16,173.7232208251953,176.5347900390625,172.51171875,173.52891540527344,156.14984130859375,11286937
2011-08-17,173.83750915527344,177.0148162841797,171.6659698486328,172.58030700683594,155.2962188720703,13545843
2011-08-18,173.19747924804688,173.7232208251953,168.46580505371094,169.4258575439453,152.4576873779297,17126872
2011-08-19,167.10572814941406,168.9229736328125,164.87704467773438,167.4486083984375,150.67845153808594,20399978
2011-08-22,167.09429931640625,173.68893432617188,165.85995483398438,173.03746032714844,155.70758056640625,15542731
2011-08-23,173.80322265625,176.46621704101562,170.8659210205078,174.92327880859375,157.40455627441406,17536780
2011-08-24,174.63754272460938,175.89476013183594,172.8088836669922,174.02037048339844,156.59205627441406,12987792
2011-08-25,174.0889434814453,175.78045654296875,171.49452209472656,172.2374267578125,154.98770141601562,21214238
2011-08-26,171.6659698486328,172.8317413330078,162.751220703125,164.44273376464844,147.97361755371094,19501819
2011-08-29,167.11715698242188,173.7003631591797,166.48855590820312,172.59173583984375,155.30648803710938,18316877
2011-08-30,174.8661346435547,182.02078247070312,174.63754272460938,178.88919067382812,160.97329711914062,34217075
2011-09-02,182.11221313476562,185.99813842773438,180.45498657226562,184.11231994628906,165.6732940673828,34086257
2011-09-05,181.6093292236328,182.63795471191406,178.9691925048828,180.31784057617188,162.25885009765625,19981247
2011-09-06,179.02635192871094,188.69541931152344,177.49484252929688,187.7810821533203,168.97462463378906,31333473
2011-09-07,188.3525390625,192.80990600585938,188.28396606445312,190.52407836914062,171.4429168701172,31438175
2011-09-08,190.52407836914062,196.3529510498047,186.18099975585938,194.85572814941406,175.34072875976562,35284258
2011-09-09,194.7871551513672,196.25009155273438,188.28396606445312,188.7525634765625,169.84881591796875,29564130
2011-09-12,185.2323760986328,187.99822998046875,181.78077697753906,184.30661010742188,165.84812927246094,18579499
2011-09-13,185.8838348388672,188.5239715576172,182.12364196777344,185.2095184326172,166.66058349609375,25400442
2011-09-14,186.04385375976562,189.66688537597656,184.05517578125,188.6725616455078,169.7768096923828,20539026
2011-09-15,190.4097900390625,191.68984985351562,185.96385192871094,191.1641082763672,172.01881408691406,20407052
2011-09-16,194.2957000732422,194.2957000732422,187.6667938232422,188.72970581054688,169.82826232910156,26810791
2011-09-19,188.58111572265625,189.5297393798828,186.43243408203125,187.79251098632812,168.98492431640625,12796090
2011-09-20,188.12396240234375,195.1986083984375,186.5924530029297,194.7071533203125,175.20706176757812,18437927
2011-09-21,194.5014190673828,194.5014190673828,190.24978637695312,191.46127319335938,172.2862091064453,17030216
2011-09-22,188.3411102294922,189.2440185546875,178.2948760986328,179.7463836669922,161.7445831298828,27298045
2011-09-23,176.90052795410156,181.17503356933594,174.660400390625,176.1461944580078,158.5050048828125,38513013
2011-09-26,175.82618713378906,176.16905212402344,170.87734985351562,173.54034423828125,156.16012573242188,27202137
2011-09-27,176.9233856201172,183.02655029296875,176.46621704101562,182.2265167236328,163.97634887695312,22046959
2011-09-28,182.8094024658203,184.30661010742188,180.37498474121094,182.2265167236328,163.97634887695312,25034598
2011-09-29,180.69500732421875,185.78097534179688,179.31207275390625,184.6266326904297,166.13609313964844,31511671
2011-09-30,183.6665802001953,188.10108947753906,181.1521759033203,184.77520751953125,166.269775390625,34944185
2011-10-03,180.85501098632812,182.84368896484375,179.23207092285156,180.1692657470703,162.12513732910156,21109422
2011-10-04,179.20921325683594,180.76358032226562,174.92327880859375,176.37478637695312,158.710693359375,26251892
2011-10-05,176.59193420410156,177.81484985351562,174.12322998046875,175.32330322265625,157.76451110839844,20734666
2011-10-07,179.82638549804688,184.69520568847656,179.41493225097656,183.52943420410156,165.14877319335938,19911027
2011-10-10,183.83802795410156,189.9297637939453,183.82659912109375,189.55259704589844,170.5687255859375,14846381
2011-10-11,190.86695861816406,192.3298797607422,188.00965881347656,189.0382843017578,170.1059112548828,15716423
2011-10-12,189.58688354492188,194.73001098632812,188.82113647460938,194.2156982421875,174.76480102539062,17269967
2011-10-13,194.2957000732422,196.12437438964844,192.48989868164062,193.58709716796875,174.1991729736328,18353721
2011-10-14,192.467041015625,198.79879760742188,192.3527374267578,198.15875244140625,178.31297302246094,17871109
2011-10-17,198.18161010742188,198.6044921875,189.98690795898438,190.5926513671875,171.50460815429688,22052401
2011-10-18,188.58111572265625,188.90113830566406,185.46096801757812,187.41534423828125,168.6455078125,18299531
2011-10-19,188.69541931152344,193.1527862548828,188.37539672851562,192.69561767578125,173.39697265625,11872557
2011-10-20,190.83267211914062,192.21559143066406,187.89537048339844,191.71270751953125,172.5124969482422,9971735
2011-10-21,192.00987243652344,194.1128387451172,189.97547912597656,191.03839111328125,171.9056854248047,10342733
2011-10-24,193.83853149414062,195.2100372314453,192.8213348388672,193.49566650390625,174.11691284179688,9081569
2011-10-25,195.43861389160156,201.37034606933594,192.50132751464844,200.22743225097656,180.17446899414062,22735907
2011-10-28,205.65628051757812,206.63919067382812,202.09039306640625,205.724853515625,185.12127685546875,24528852
2011-10-31,205.2677001953125,205.56484985351562,199.45025634765625,200.59317016601562,180.5035858154297,15872042
2011-11-01,198.98165893554688,200.81031799316406,196.03292846679688,196.71868896484375,177.01712036132812,16384499
2011-11-02,195.43861389160156,201.37034606933594,195.43861389160156,199.27880859375,179.3208770751953,13751121
2011-11-03,198.35305786132812,203.2904510498047,197.2672882080078,202.5018310546875,182.2210693359375,16042287
2011-11-04,206.86778259277344,206.86778259277344,199.47311401367188,201.1417694091797,180.9972381591797,18251373
2011-11-08,200.92462158203125,202.29611206054688,198.5244903564453,201.99896240234375,181.76856994628906,10120202
2011-11-09,203.45045471191406,204.04476928710938,196.8444061279297,197.7130126953125,177.911865234375,11664515
2011-11-11,196.3529510498047,203.16473388671875,194.3185577392578,202.37611389160156,182.10794067382812,21739364
2011-11-14,203.75904846191406,204.81053161621094,199.55311584472656,200.39886474609375,180.32872009277344,15996247
2011-11-15,199.095947265625,200.69602966308594,195.72434997558594,196.91297912597656,177.1919708251953,9897941
2011-11-16,196.3758087158203,196.3758087158203,191.4041290283203,193.86138916015625,174.4459686279297,13313254
2011-11-17,193.16421508789062,193.98712158203125,184.29518127441406,185.1409454345703,166.5989227294922,24227745
2011-11-18,182.93511962890625,185.59811401367188,179.89495849609375,184.7180633544922,166.2183837890625,21690327
2011-11-21,182.86654663085938,182.86654663085938,178.63775634765625,179.7463836669922,161.7445831298828,17715656
2011-11-22,180.1464080810547,183.8837432861328,179.80352783203125,181.76934814453125,163.5649871826172,19171804
2011-11-23,180.55784606933594,180.55784606933594,172.76316833496094,176.78622436523438,159.08090209960938,23710270
2011-11-24,177.15196228027344,177.83770751953125,172.1574249267578,176.7290802001953,159.0294952392578,27857321
2011-11-25,175.9404754638672,176.29476928710938,171.6659698486328,172.30599975585938,155.04937744140625,16185464
2011-11-28,174.8661346435547,179.62066650390625,174.3061065673828,179.1634979248047,161.22010803222656,11033484
2011-11-29,178.75204467773438,178.75204467773438,173.52891540527344,174.8661346435547,157.3531036376953,21013969
2011-11-30,172.96888732910156,179.04920959472656,172.14599609375,177.8948516845703,160.07852172851562,19988986
2011-12-01,182.63795471191406,185.3238067626953,181.76934814453125,182.63795471191406,164.3465576171875,20626920
2011-12-02,182.1807861328125,186.2952880859375,179.79209899902344,185.6209716796875,167.0308380126953,19598467
2011-12-05,184.77520751953125,185.65525817871094,182.4893798828125,184.40948486328125,165.94068908691406,13827937
2011-12-07,184.4666290283203,187.32391357421875,183.59800720214844,185.10665893554688,166.5680694580078,15373615
2011-12-08,183.32371520996094,184.6266326904297,176.48907470703125,178.03201293945312,160.20191955566406,19435800
2011-12-09,175.98619079589844,175.98619079589844,172.0545654296875,172.7403106689453,155.4402313232422,22070197
2011-12-12,173.84893798828125,174.18038940429688,165.4942169189453,166.2942657470703,149.63973999023438,22298377
2011-12-13,165.4713592529297,170.52305603027344,164.8084716796875,169.6772918701172,152.68394470214844,22873371
2011-12-14,168.6943817138672,172.328857421875,167.6428985595703,169.5858612060547,152.60165405273438,23206895
2011-12-15,167.30003356933594,172.46600341796875,165.3799285888672,171.47166442871094,154.2986297607422,28922246
2011-12-16,171.20880126953125,193.0613555908203,163.67698669433594,165.0027618408203,148.47760009765625,25499308
2011-12-19,164.3970184326172,169.12869262695312,163.47125244140625,168.07720947265625,151.24411010742188,20623197
2011-12-20,169.54014587402344,169.54014587402344,162.11119079589844,163.08267211914062,146.74978637695312,24282464
2011-12-21,166.1799774169922,172.29457092285156,165.1970672607422,170.980224609375,153.85641479492188,19963870
2011-12-22,169.46014404296875,173.7917938232422,167.5514678955078,172.47743225097656,155.2036590576172,19571514
2011-12-23,173.7232208251953,175.951904296875,169.7001495361328,170.61448669433594,153.52725219726562,15360163
2011-12-26,170.7630615234375,174.82041931152344,170.42018127441406,173.95179748535156,156.53033447265625,10396517
2011-12-27,175.09471130371094,175.71188354492188,170.3744659423828,172.1345672607422,154.89512634277344,13449406
2011-12-28,173.19747924804688,173.38034057617188,168.08863830566406,168.9344024658203,152.01544189453125,12376536
2011-12-29,167.70004272460938,168.9229736328125,161.65402221679688,162.72836303710938,146.43096923828125,23840441
2011-12-30,162.9798126220703,164.7056121826172,157.49380493164062,158.39671325683594,142.53314208984375,29146195
2012-01-02,159.27676391601562,162.23690795898438,157.07093811035156,161.5054473876953,145.33053588867188,18808107
2012-01-03,162.80836486816406,166.1571044921875,162.37405395507812,165.64280700683594,149.05352783203125,20489219
2012-01-04,166.2714080810547,167.08287048339844,163.059814453125,163.69984436035156,147.30516052246094,18541902
2012-01-05,163.4369659423828,165.7113800048828,158.65957641601562,159.89393615722656,143.88040161132812,28959200
2012-01-06,159.3339080810547,165.4942169189453,159.2424774169922,164.0198516845703,147.59310913085938,20575210
2012-01-09,163.31124877929688,163.31124877929688,160.56825256347656,161.43687438964844,145.26881408691406,18386646
2012-01-10,162.751220703125,168.9229736328125,162.751220703125,168.28292846679688,151.42919921875,19720278
2012-01-11,168.67152404785156,172.12313842773438,167.20858764648438,171.03736877441406,153.90782165527344,21183286
2012-01-12,170.8659210205078,172.11170959472656,167.4600372314453,168.4429473876953,151.57322692871094,14225123
2012-01-13,169.6087188720703,171.654541015625,166.43141174316406,167.2771759033203,150.52418518066406,20530513
2012-01-16,166.8542938232422,166.8542938232422,162.52264404296875,162.9683837890625,146.64694213867188,17794345
2012-01-17,163.66555786132812,170.15731811523438,163.66555786132812,169.62014770507812,152.63253784179688,22738488
2012-01-18,174.18038940429688,180.10069274902344,173.27748107910156,178.23773193359375,160.3870391845703,40461227
2012-01-19,180.3521270751953,181.94078063964844,178.77490234375,179.5863800048828,161.6006317138672,23989114
2012-01-20,180.58070373535156,182.86654663085938,176.47764587402344,181.18646240234375,163.0404815673828,31725274
2012-01-23,172.6488800048828,178.23773193359375,172.6260223388672,176.3633575439453,158.70040893554688,28250482
2012-01-24,177.06053161621094,180.94644165039062,176.10047912597656,179.15206909179688,161.20982360839844,22291662
2012-01-25,180.28355407714844,181.7236328125,178.93490600585938,180.79786682128906,162.69078063964844,16786908
2012-01-27,182.86654663085938,189.2440185546875,182.63795471191406,187.52963256835938,168.7483367919922,24347771
2012-01-30,186.04385375976562,187.1753387451172,181.08358764648438,181.66647338867188,163.47238159179688,21126187
2012-01-31,183.89517211914062,187.62107849121094,183.18655395507812,186.7753143310547,168.06959533691406,27405612
2012-02-01,187.186767578125,190.63836669921875,186.5238800048828,189.9983367919922,170.96983337402344,16522676
2012-02-02,190.86695861816406,192.62704467773438,188.38682556152344,189.55259704589844,170.5687255859375,21445055
2012-02-03,189.7240447998047,192.00987243652344,186.44386291503906,191.62127685546875,172.4302215576172,19989261
2012-02-06,193.35850524902344,194.18141174316406,188.37539672851562,190.4097900390625,171.34010314941406,17430906
2012-02-07,192.467041015625,194.91287231445312,190.6955108642578,193.0499267578125,173.7157745361328,21068816
2012-02-08,193.60995483398438,197.65586853027344,193.1527862548828,196.21580505371094,176.5646209716797,15957543
2012-02-09,195.83863830566406,196.5586700439453,192.60418701171875,195.17575073242188,175.62869262695312,18851741
2012-02-10,194.37570190429688,196.3529510498047,191.55270385742188,192.7527618408203,173.44837951660156,14952871
2012-02-13,192.2613067626953,196.30723571777344,192.2384490966797,194.124267578125,174.68252563476562,15284147
2012-02-14,193.58709716796875,195.75863647460938,192.69561767578125,194.0442657470703,174.61053466796875,13711512
2012-02-15,195.25575256347656,195.6100616455078,190.4212188720703,191.24411010742188,172.09083557128906,31421021
2012-02-16,189.95262145996094,189.95262145996094,183.94088745117188,185.71240234375,167.11312866210938,27747347
2012-02-17,187.90679931640625,188.90113830566406,185.19808959960938,187.02674865722656,168.29583740234375,35922700
2012-02-21,186.8667449951172,194.00997924804688,186.31814575195312,192.8213348388672,173.5100860595703,36457910
2012-02-22,193.83853149414062,195.98721313476562,189.7469024658203,190.501220703125,171.42234802246094,25146771
2012-02-23,190.1811981201172,194.27284240722656,188.9468536376953,191.91844177246094,172.69764709472656,19105924
2012-02-24,190.52407836914062,192.39846801757812,186.18099975585938,187.42677307128906,168.65582275390625,18746068
2012-02-27,187.8496551513672,188.71827697753906,174.94613647460938,178.62632751464844,160.73672485351562,27772012
2012-02-28,180.36355590820312,182.94654846191406,180.05496215820312,182.06649780273438,163.8323516845703,23140014
2012-02-29,184.02088928222656,189.2440185546875,183.81517028808594,187.60964965820312,168.82037353515625,27846970
2012-03-01,185.56382751464844,187.14105224609375,183.11798095703125,185.36952209472656,166.80458068847656,12960682
2012-03-02,186.58102416992188,186.9810333251953,184.18089294433594,186.08956909179688,167.45249938964844,12687228
2012-03-05,185.6209716796875,186.06671142578125,181.55218505859375,182.2950897216797,164.03807067871094,13074509
2012-03-06,182.1807861328125,184.92379760742188,176.9233856201172,177.5062713623047,159.72886657714844,35129404
2012-03-07,177.5062713623047,177.72341918945312,171.6659698486328,174.13465881347656,156.69491577148438,28202989
2012-03-09,177.2205352783203,178.2034454345703,175.82618713378906,176.87767028808594,159.16319274902344,17249418
2012-03-12,180.58070373535156,183.5522918701172,178.22630310058594,182.53509521484375,164.25401306152344,15041933
2012-03-13,183.6551513671875,187.88394165039062,183.62086486816406,187.42677307128906,168.65582275390625,16117008
2012-03-14,189.26687622070312,189.7240447998047,184.39805603027344,186.18099975585938,167.53480529785156,17623820
2012-03-15,186.9810333251953,187.71250915527344,181.35789489746094,182.1007843017578,163.8632354736328,20258209
2012-03-16,178.2948760986328,182.34080505371094,175.40330505371094,176.5462188720703,158.8649444580078,25168501
2012-03-19,178.52346801757812,178.9806365966797,171.68882751464844,172.60316467285156,155.31678771972656,15978638
2012-03-20,172.8317413330078,175.18614196777344,171.50596618652344,173.84893798828125,156.43780517578125,10455362
2012-03-21,173.7232208251953,176.80908203125,172.60316467285156,175.5633087158203,157.98049926757812,14211666
2012-03-22,175.0718536376953,176.3404998779297,167.32289123535156,168.31723022460938,151.46011352539062,29243875
2012-03-23,170.02017211914062,171.32308959960938,168.7172393798828,170.0773162841797,153.0439453125,26956646
2012-03-26,170.04302978515625,170.04302978515625,166.1799774169922,166.88858032226562,150.1745147705078,23135333
2012-03-27,168.6943817138672,168.87725830078125,165.74566650390625,167.10572814941406,150.3699188232422,27194700
2012-03-28,166.86572265625,168.21435546875,164.69418334960938,165.8828125,149.26950073242188,18072694
2012-03-29,164.1227264404297,166.79714965820312,164.1227264404297,165.64280700683594,149.05352783203125,23976904
2012-03-30,166.75143432617188,172.12313842773438,166.2028350830078,171.5745391845703,154.3911895751953,17276879
2012-04-02,171.28880310058594,171.63168334960938,168.9344024658203,169.2772674560547,152.32400512695312,11220694
2012-04-03,170.12303161621094,174.3861083984375,170.12303161621094,172.0545654296875,154.8231201171875,17515593
2012-04-04,170.29446411132812,173.03746032714844,169.94017028808594,170.7516326904297,153.65069580078125,11813695
2012-04-09,169.16297912597656,170.980224609375,167.80291748046875,169.64300537109375,152.653076171875,11411688
2012-04-10,170.52305603027344,170.7516326904297,168.7172393798828,169.75729370117188,152.7559051513672,8370104
2012-04-11,168.9229736328125,168.9229736328125,166.01995849609375,166.93429565429688,150.21571350097656,16304095
2012-04-12,167.6200408935547,170.43162536621094,167.6200408935547,169.90586853027344,152.88966369628906,11779103
2012-04-13,170.53448486328125,174.18038940429688,168.58009338378906,171.79168701171875,154.58656311035156,14214624
2012-04-16,170.7744903564453,172.2259979248047,168.23721313476562,171.00308227539062,153.876953125,10518035
2012-04-17,172.53457641601562,172.53457641601562,169.23155212402344,170.61448669433594,153.52725219726562,13893966
2012-04-18,171.4373779296875,172.9917449951172,169.7687225341797,171.11737060546875,153.9797821044922,14998238
2012-04-19,172.328857421875,172.328857421875,168.8086700439453,169.52871704101562,152.5502471923828,18399192
2012-04-20,169.16297912597656,169.38014221191406,166.40855407714844,167.0600128173828,150.3287811279297,14922257
2012-04-23,165.91709899902344,170.46591186523438,165.53993225097656,168.30580139160156,151.4498291015625,22106609
2012-04-24,168.9229736328125,169.26583862304688,165.42564392089844,168.031494140625,151.20298767089844,16664900
2012-04-25,167.80291748046875,169.81443786621094,166.41998291015625,168.30580139160156,151.4498291015625,13586437
2012-04-26,168.48866271972656,171.20880126953125,167.68861389160156,170.30589294433594,153.24957275390625,15180399
2012-04-27,169.44871520996094,170.78591918945312,168.3515167236328,169.6087188720703,152.62225341796875,12501799
2012-04-30,168.58009338378906,170.9573516845703,168.58009338378906,170.31732177734375,153.2598876953125,12147744
2012-05-02,170.9573516845703,171.7574005126953,169.15155029296875,169.96302795410156,152.9410400390625,12520177
2012-05-03,168.8086700439453,170.1687469482422,168.0429229736328,168.88868713378906,151.9743194580078,8299657
2012-05-04,167.6428985595703,169.15155029296875,165.03704833984375,166.0542449951172,149.4237518310547,16529947
2012-05-07,163.4369659423828,165.03704833984375,161.1739959716797,163.59698486328125,147.21258544921875,20084811
2012-05-08,164.1227264404297,164.3284454345703,159.77964782714844,161.91690063476562,145.70079040527344,16997816
2012-05-09,160.46539306640625,161.9054718017578,157.96240234375,158.88816833496094,142.97535705566406,16058311
2012-05-10,159.37962341308594,161.92832946777344,157.84811401367188,158.6710205078125,142.7799530029297,14838445
2012-05-11,158.40814208984375,160.6939697265625,157.33380126953125,159.36819458007812,143.40731811523438,13310297
2012-05-14,159.55105590820312,160.64825439453125,155.10511779785156,155.7337188720703,140.1368408203125,17853868
2012-05-15,155.20797729492188,157.26522827148438,154.08792114257812,155.813720703125,140.2088165283203,16170682
2012-05-16,154.29364013671875,156.07659912109375,153.847900390625,154.5450897216797,139.06727600097656,13569502
2012-05-17,155.49371337890625,157.6881103515625,154.93368530273438,156.61376953125,140.9287567138672,15576334
2012-05-18,154.7279510498047,159.18531799316406,154.29364013671875,157.3909454345703,141.6280975341797,10341793
2012-05-21,156.92234802246094,160.16822814941406,156.8080596923828,158.97959899902344,143.05764770507812,10211280
2012-05-22,161.05970764160156,161.05970764160156,157.43666076660156,157.9738311767578,142.15260314941406,12853294
2012-05-23,156.6251983642578,157.71096801757812,155.3336944580078,157.00234985351562,141.2783966064453,11301566
2012-05-24,158.63671875,160.0082244873047,156.83091735839844,158.9338836669922,143.0165252685547,10498664
2012-05-25,158.8653106689453,158.9338836669922,157.3909454345703,157.99668884277344,142.1731719970703,13496281
2012-05-28,158.1795654296875,160.6939697265625,158.1795654296875,160.38539123535156,144.32261657714844,11265492
2012-05-29,160.5111083984375,162.2483367919922,159.4481964111328,160.4311065673828,144.36376953125,15024360
2012-05-30,159.92822265625,161.9854736328125,158.89959716796875,161.43687438964844,145.26881408691406,15403723
2012-05-31,159.32247924804688,166.6485595703125,155.97373962402344,161.2882843017578,147.05259704589844,39482174
2012-06-01,161.6883087158203,162.1683349609375,154.99082946777344,156.63662719726562,142.8114776611328,17921568
2012-06-04,154.7508087158203,159.32247924804688,153.92791748046875,158.3509979248047,144.37454223632812,14269847
2012-06-05,159.09388732910156,161.37973022460938,158.88816833496094,160.5911102294922,146.4169464111328,13284608
2012-06-06,161.02542114257812,164.1227264404297,159.66534423828125,163.6427001953125,149.19920349121094,23252900
2012-06-07,164.8199005126953,167.30003356933594,163.7227020263672,164.86561584472656,150.31419372558594,27944820
2012-06-08,164.1227264404297,167.30003356933594,162.81979370117188,166.79714965820312,152.07522583007812,12717493
2012-06-11,167.48289489746094,168.3286590576172,164.1455841064453,165.0941925048828,150.52256774902344,9954345
2012-06-12,163.4369659423828,165.95138549804688,163.29981994628906,165.25421142578125,150.66845703125,11961991
2012-06-13,165.0941925048828,165.4827880859375,162.8426513671875,163.734130859375,149.28257751464844,9950023
2012-06-14,163.66555786132812,164.76275634765625,162.53407287597656,163.7455596923828,149.29296875,7479627
2012-06-15,164.2370147705078,166.82000732421875,164.2370147705078,166.12281799316406,151.46041870117188,9936719
2012-06-18,166.9457244873047,167.89434814453125,162.751220703125,164.3284454345703,149.8244171142578,10034412
2012-06-19,163.89413452148438,169.014404296875,163.89413452148438,168.56866455078125,153.69039916992188,7804051
2012-06-20,168.6943817138672,169.82586669921875,167.5514678955078,168.55723571777344,153.67994689941406,10313366
2012-06-21,167.78005981445312,167.78005981445312,162.38548278808594,164.28273010253906,149.78273010253906,22609240
2012-06-22,163.10552978515625,163.4141082763672,160.8197021484375,162.52264404296875,148.17799377441406,19130296
2012-06-25,163.2541046142578,165.25421142578125,162.751220703125,163.71127319335938,149.26173400878906,11114641
2012-06-26,164.0084228515625,165.83709716796875,163.31124877929688,165.3799285888672,150.7830810546875,16084241
2012-06-27,166.04281616210938,166.7742919921875,164.1227264404297,165.15135192871094,150.57469177246094,7708056
2012-06-28,165.5856475830078,166.3628387451172,163.8141326904297,164.55703735351562,150.03282165527344,11903391
2012-06-29,165.74566650390625,169.35728454589844,165.74566650390625,168.66009521484375,153.77374267578125,16771028
2012-07-02,168.1229248046875,169.33441162109375,166.90000915527344,168.55723571777344,153.67994689941406,6831968
2012-07-03,169.14012145996094,169.75729370117188,167.16287231445312,168.31723022460938,153.46115112304688,10294922
2012-07-04,169.15155029296875,169.15155029296875,166.60284423828125,167.8372039794922,153.0234832763672,9347118
2012-07-05,167.99720764160156,169.7001495361328,167.33432006835938,168.85440063476562,153.95089721679688,7805552
2012-07-06,168.6943817138672,168.6943817138672,166.75143432617188,167.97434997558594,153.14852905273438,9259557
2012-07-09,166.6371307373047,167.7343292236328,165.9742431640625,167.2771759033203,152.51287841796875,7798797
2012-07-10,167.19715881347656,169.6087188720703,167.048583984375,169.08297729492188,154.1593017578125,5974354
2012-07-11,167.65432739257812,168.37437438964844,165.03704833984375,165.8713836669922,151.23117065429688,11937173
2012-07-12,165.01419067382812,166.82000732421875,163.9169921875,164.85418701171875,150.3037567138672,10066480
2012-07-13,164.57989501953125,166.065673828125,163.4369659423828,164.2370147705078,149.74105834960938,11373177
2012-07-16,164.57989501953125,165.52850341796875,163.44839477539062,164.65989685058594,150.12660217285156,7307313
2012-07-17,165.67709350585938,166.39712524414062,163.96270751953125,164.43130493164062,149.91818237304688,11396875
2012-07-18,164.1227264404297,165.0027618408203,162.79693603515625,163.61984252929688,149.1783447265625,8552746
2012-07-19,164.6256103515625,166.84286499023438,164.1227264404297,166.3628387451172,151.67922973632812,11681226
2012-07-20,165.1056365966797,166.60284423828125,163.9055633544922,165.18563842773438,150.60594177246094,12406980
2012-07-23,163.4369659423828,165.90567016601562,163.0483856201172,164.35130310058594,149.8452606201172,10221032
2012-07-24,164.8084716796875,166.1456756591797,164.20272827148438,165.6085205078125,150.9915313720703,8035118
2012-07-25,164.67132568359375,165.6199493408203,162.78550720214844,164.408447265625,149.8973388671875,8748220
2012-07-26,164.78561401367188,164.78561401367188,161.52830505371094,162.32833862304688,148.00083923339844,14016845
2012-07-27,164.35130310058594,166.13424682617188,163.69984436035156,164.8084716796875,150.26205444335938,13466410
2012-07-30,165.26564025878906,167.2771759033203,165.0027618408203,166.7742919921875,152.05438232421875,6963876
2012-07-31,167.23146057128906,170.54591369628906,164.8084716796875,169.97445678710938,154.97207641601562,13479810
2012-08-01,169.2086944580078,171.6431121826172,168.83152770996094,170.69448852539062,155.62857055664062,14431906
2012-08-02,169.63157653808594,170.88877868652344,168.40866088867188,169.04869079589844,154.12802124023438,7974567
2012-08-03,168.00863647460938,170.980224609375,166.99143981933594,169.73443603515625,154.75326538085938,10943814
2012-08-06,170.9916534423828,180.4435577392578,170.9916534423828,179.6778106689453,163.8190155029297,37384710
2012-08-07,179.6778106689453,181.94078063964844,177.7805633544922,179.15206909179688,163.33966064453125,19670296
2012-08-08,179.44921875,182.63795471191406,178.8777618408203,180.76358032226562,164.80897521972656,18370923
2012-08-09,180.3292694091797,182.04364013671875,177.5291290283203,178.32916259765625,162.5894012451172,12750067
2012-08-10,177.75770568847656,180.3521270751953,176.95767211914062,178.77490234375,162.9958038330078,10678248
2012-08-13,178.1805877685547,180.58070373535156,178.1805877685547,180.1578369140625,164.2566680908203,6183560
2012-08-14,180.10069274902344,183.32371520996094,179.89495849609375,182.76368713378906,166.63247680664062,16508712
2012-08-16,183.33514404296875,187.861083984375,182.6608123779297,186.55816650390625,170.0920867919922,21632112
2012-08-17,186.9581756591797,188.55825805664062,185.07237243652344,186.54673767089844,170.08164978027344,14330179
2012-08-21,186.5238800048828,188.32968139648438,185.67811584472656,186.1238555908203,169.69610595703125,11057384
2012-08-22,184.96951293945312,186.40957641601562,184.16946411132812,184.6494903564453,168.35186767578125,8748439
2012-08-23,185.27809143066406,185.47239685058594,180.11212158203125,181.6093292236328,165.58001708984375,16661033
2012-08-24,180.98072814941406,181.6093292236328,177.9977264404297,178.77490234375,162.9958038330078,15117604
2012-08-27,179.6663818359375,181.9979248046875,179.0949249267578,179.97496032714844,164.08993530273438,9154343
2012-08-28,179.8606719970703,181.47218322753906,177.96343994140625,180.62643432617188,164.6839141845703,8774153
2012-08-29,180.80929565429688,182.2950897216797,178.3634490966797,178.7863311767578,163.0062255859375,8842299
2012-08-30,178.23773193359375,181.0035858154297,175.68902587890625,179.0720672607422,163.2667236328125,27245709
2012-08-31,178.2948760986328,179.30064392089844,174.34039306640625,175.18614196777344,159.72378540039062,14781765
2012-09-03,175.5518798828125,175.99761962890625,173.73464965820312,174.42039489746094,159.02560424804688,9790138
2012-09-04,174.62611389160156,178.55775451660156,174.22610473632812,178.2034454345703,162.47474670410156,8754970
2012-09-05,177.2091064453125,178.283447265625,174.68325805664062,176.27191162109375,160.71372985839844,13179587
2012-09-06,175.1632843017578,177.06053161621094,174.63754272460938,175.59759521484375,160.09893798828125,5302686
2012-09-07,177.9977264404297,182.06649780273438,177.95201110839844,180.98072814941406,165.00692749023438,13821905
2012-09-10,182.86654663085938,183.63229370117188,180.38641357421875,181.04930114746094,165.0694580078125,8776096
2012-09-11,180.46641540527344,181.9179229736328,179.02635192871094,180.80929565429688,164.8506317138672,13658914
2012-09-12,181.38075256347656,182.7979736328125,180.45498657226562,182.43223571777344,166.330322265625,7772894
2012-09-13,182.43223571777344,184.8094940185547,181.56361389160156,182.6722412109375,166.5491485595703,11677889
2012-09-14,185.83811950683594,193.3127899169922,185.0495147705078,192.40989685058594,175.42730712890625,36312698
2012-09-17,193.86138916015625,201.51893615722656,193.86138916015625,199.72454833984375,182.0963897705078,42430663
2012-09-18,198.9130859375,199.7588348388672,194.59286499023438,195.5757598876953,178.31378173828125,17296128
2012-09-20,192.1698760986328,193.9071044921875,189.3240203857422,190.29550170898438,173.4995574951172,15310116
2012-09-21,190.4097900390625,195.3700408935547,190.1811981201172,194.36427307128906,177.209228515625,35935601
2012-09-24,194.2957000732422,196.07864379882812,190.35264587402344,191.175537109375,174.3019256591797,14905003
2012-09-25,191.55270385742188,193.10707092285156,189.78118896484375,191.95272827148438,175.01051330566406,13838236
2012-09-26,191.55270385742188,194.2271270751953,190.6040802001953,193.09564208984375,176.05255126953125,16657879
2012-09-27,193.19850158691406,193.83853149414062,188.40968322753906,189.6897430419922,172.94725036621094,30420370
2012-09-28,191.32412719726562,193.815673828125,190.71836853027344,191.36984252929688,174.47906494140625,14117613
2012-10-01,192.00987243652344,192.53561401367188,189.55259704589844,190.52407836914062,173.7079620361328,8712229
2012-10-03,190.74122619628906,195.08432006835938,190.6955108642578,193.4042205810547,176.33389282226562,21902919
2012-10-04,194.42141723632812,196.33009338378906,194.08998107910156,194.95858764648438,177.7510528564453,12626615
2012-10-05,196.5586700439453,197.0386962890625,155.97373962402344,196.07864379882812,178.77227783203125,15714795
2012-10-08,195.33575439453125,195.33575439453125,186.58102416992188,187.30105590820312,170.7694091796875,20893020
2012-10-09,188.69541931152344,188.96971130371094,185.86097717285156,186.36386108398438,169.9149627685547,11601732
2012-10-10,185.38095092773438,187.9639434814453,184.5580596923828,186.5238800048828,170.06082153320312,9380939
2012-10-11,187.20962524414062,187.89537048339844,184.99237060546875,187.42677307128906,170.88404846191406,11857119
2012-10-12,187.16390991210938,188.90113830566406,186.53530883789062,187.186767578125,170.6652069091797,10626525
2012-10-15,187.20962524414062,189.70118713378906,187.20962524414062,188.13539123535156,171.5300750732422,11181159
2012-10-16,191.7584228515625,191.99844360351562,185.15237426757812,185.71240234375,169.3209686279297,22171959
2012-10-17,186.53530883789062,186.84388732910156,183.22084045410156,184.0437469482422,167.7996063232422,20915414
2012-10-18,184.52377319335938,186.5238800048828,182.1807861328125,185.4495391845703,169.08128356933594,26601633
2012-10-19,184.6266326904297,185.26666259765625,182.71795654296875,183.50657653808594,167.3098602294922,12648708
2012-10-22,181.76934814453125,186.74102783203125,180.96929931640625,186.43243408203125,169.97743225097656,14165351
2012-10-23,185.95240783691406,186.24957275390625,183.9637451171875,185.1409454345703,168.7999725341797,9493730
2012-10-25,185.17523193359375,187.14105224609375,184.51234436035156,185.24380493164062,168.89373779296875,18056661
2012-10-29,183.40371704101562,186.15814208984375,183.40371704101562,185.4266815185547,169.06045532226562,10986118
2012-10-30,185.15237426757812,185.56382751464844,182.6722412109375,183.60943603515625,167.40362548828125,9337388
2012-10-31,183.58657836914062,184.546630859375,182.4093780517578,184.12374877929688,167.87255859375,9422473
2012-11-01,181.7236328125,184.87808227539062,180.28355407714844,184.48948669433594,168.2060089111328,18379112
2012-11-02,185.6095428466797,186.27243041992188,183.43800354003906,184.68377685546875,168.38314819335938,11547717
2012-11-05,183.70086669921875,184.91236877441406,183.28941345214844,184.27232360839844,168.00799560546875,5066549
2012-11-06,183.78086853027344,184.5580596923828,182.0093536376953,184.11231994628906,167.86212158203125,15450143
2012-11-07,183.32371520996094,184.07803344726562,182.4093780517578,183.0608367919922,166.90345764160156,10418019
2012-11-08,181.26646423339844,182.4779510498047,180.5235595703125,182.08935546875,166.01771545410156,12414461
2012-11-09,181.34646606445312,183.6665802001953,179.4377899169922,180.0435333251953,164.15245056152344,10595311
2012-11-12,179.63209533691406,180.4435577392578,178.06629943847656,179.81495666503906,163.9440460205078,12661154
2012-11-15,180.31784057617188,180.31784057617188,177.6205596923828,179.3463592529297,163.51681518554688,15252390
2012-11-16,179.98638916015625,181.18646240234375,176.2376251220703,177.18624877929688,161.54734802246094,14357871
2012-11-19,177.2091064453125,177.8948516845703,174.03179931640625,176.99195861816406,161.37022399902344,20723808
2012-11-20,178.4548797607422,178.4548797607422,174.22610473632812,174.94613647460938,159.50498962402344,9434023
2012-11-21,175.20899963378906,176.90052795410156,173.9746551513672,176.28334045410156,160.72415161132812,8612899
2012-11-22,176.7062225341797,176.8548126220703,174.04322814941406,175.0604248046875,159.60919189453125,10486909
2012-11-23,175.09471130371094,177.33482360839844,175.09471130371094,176.86624145507812,161.255615234375,7469469
2012-11-26,177.1291046142578,178.16915893554688,176.2376251220703,176.84336853027344,161.23477172851562,4542818
2012-11-27,177.609130859375,180.12355041503906,176.9233856201172,179.8492431640625,163.97531127929688,10808581
2012-11-29,179.6663818359375,183.78086853027344,178.90061950683594,182.4779510498047,166.3719940185547,19614256
2012-11-30,181.96363830566406,184.69520568847656,180.58070373535156,181.4264678955078,165.41331481933594,18244916
2012-12-03,181.7236328125,184.4666290283203,180.5235595703125,183.78086853027344,167.55992126464844,10320168
2012-12-04,184.27232360839844,188.7411346435547,184.238037109375,188.51254272460938,171.8739776611328,15279225
2012-12-05,189.3240203857422,191.34698486328125,187.5753631591797,190.318359375,173.5203857421875,13516432
2012-12-06,191.0841064453125,193.34707641601562,187.89537048339844,192.90133666992188,175.87539672851562,11534903
2012-12-07,192.2498779296875,194.2271270751953,189.826904296875,190.77552795410156,173.93722534179688,13188809
2012-12-10,190.77552795410156,191.54127502441406,187.72393798828125,189.33544921875,172.62425231933594,8177837
2012-12-11,190.1811981201172,191.63270568847656,186.18099975585938,187.4496307373047,170.9048614501953,16253418
2012-12-12,188.58111572265625,190.8212432861328,187.2896270751953,190.318359375,173.5203857421875,10123422
2012-12-13,190.318359375,192.2384490966797,189.8154754638672,190.6955108642578,173.86424255371094,11603084
2012-12-14,190.75265502929688,193.56423950195312,189.38116455078125,191.8384246826172,174.90628051757812,8950431
2012-12-17,190.75265502929688,193.01564025878906,189.95262145996094,190.6726531982422,173.84339904785156,7246381
2012-12-18,190.75265502929688,191.8841552734375,188.80970764160156,190.04405212402344,173.27029418945312,7996183
2012-12-19,190.9126739501953,192.70704650878906,190.64979553222656,191.8955841064453,174.95840454101562,8718992
2012-12-20,192.4556121826172,192.4556121826172,189.6097412109375,191.51841735839844,174.6145477294922,9577572
2012-12-21,190.4097900390625,190.75265502929688,187.9410858154297,188.63827514648438,171.98861694335938,9402708
2012-12-24,188.71827697753906,189.1182861328125,186.43243408203125,187.5982208251953,171.0403289794922,5704037
2012-12-26,187.89537048339844,191.0726776123047,187.89537048339844,189.3240203857422,172.6138458251953,5823779
2012-12-27,189.79261779785156,190.1811981201172,186.31814575195312,186.91246032714844,170.41510009765625,16101867
2012-12-28,188.23825073242188,193.38136291503906,187.79251098632812,192.0670166015625,175.11473083496094,14550602
2012-12-31,192.0784454345703,194.24998474121094,191.2783966064453,191.90701293945312,174.96881103515625,9730755
2013-01-01,192.92420959472656,193.51852416992188,191.80413818359375,192.1698760986328,175.20851135253906,6831351
2013-01-02,192.92420959472656,195.66720581054688,192.59275817871094,193.8271026611328,176.71945190429688,13441898
2013-01-03,193.97567749023438,197.0386962890625,193.0613555908203,196.7529754638672,179.3870849609375,17266808
2013-01-04,197.01583862304688,197.6330108642578,195.107177734375,197.00440979003906,179.61631774902344,13306377
2013-01-07,197.88446044921875,199.095947265625,194.7071533203125,195.80435180664062,178.52218627929688,15307180
2013-01-08,195.4614715576172,196.14723205566406,193.815673828125,194.44427490234375,177.28213500976562,13973797
2013-01-09,194.84429931640625,196.5472412109375,193.98712158203125,194.91287231445312,177.7093963623047,17071824
2013-01-10,196.0672149658203,196.34152221679688,193.60995483398438,194.30712890625,177.15707397460938,9239813
2013-01-11,194.86715698242188,194.9814453125,191.15267944335938,191.9870147705078,175.04177856445312,8050294
2013-01-14,192.2384490966797,194.9814453125,191.78128051757812,193.7356719970703,176.63609313964844,7060887
2013-01-15,193.4156494140625,194.7071533203125,191.55270385742188,193.6442413330078,176.5526885986328,10387846
2013-01-16,193.39279174804688,199.07308959960938,193.39279174804688,196.89012145996094,179.51211547851562,19551254
2013-01-17,197.06155395507812,204.25050354003906,196.52438354492188,203.43902587890625,185.48300170898438,22117537
2013-01-18,204.58193969726562,206.39918518066406,202.44468688964844,205.7705841064453,187.60877990722656,22754714
2013-01-21,214.4338836669922,218.29693603515625,209.8507843017578,210.28509521484375,191.7248077392578,43957346
2013-01-22,210.29652404785156,212.74237060546875,209.27932739257812,210.30795288085938,191.74563598632812,18664413
2013-01-23,210.77655029296875,212.3080596923828,209.4279022216797,210.9936981201172,192.37081909179688,11701950
2013-01-24,211.43943786621094,212.2052001953125,207.32493591308594,209.27932739257812,190.8078155517578,13438049
2013-01-25,209.4393310546875,209.69078063964844,206.89064025878906,208.51358032226562,190.10968017578125,14088477
2013-01-28,208.31927490234375,208.73072814941406,204.58193969726562,205.16482543945312,187.0564727783203,13400981
2013-01-29,204.58193969726562,206.18202209472656,201.17605590820312,201.80465698242188,183.99288940429688,15439403
2013-01-30,202.86756896972656,206.50204467773438,202.86756896972656,205.58770751953125,187.44204711914062,17641932
2013-01-31,204.9591064453125,205.2677001953125,201.86180114746094,202.67327880859375,184.78485107421875,16733589
2013-02-01,203.74761962890625,205.67913818359375,201.97608947753906,204.35336303710938,186.31661987304688,8152817
2013-02-04,204.82196044921875,205.9534454345703,202.09039306640625,202.68470764160156,184.79525756835938,13697044
2013-02-05,202.06753540039062,202.5018310546875,199.55311584472656,199.95314025878906,182.30479431152344,9708430
2013-02-06,201.2560577392578,201.8160858154297,199.05023193359375,200.1588592529297,182.4923858642578,9876509
2013-02-07,199.23309326171875,201.61036682128906,198.49020385742188,199.53025817871094,181.91925048828125,8542570
2013-02-08,198.85594177246094,199.7816925048828,195.89578247070312,197.39300537109375,179.9706268310547,9584217
2013-02-11,197.7244415283203,200.01028442382812,196.71868896484375,198.5016326904297,180.9813995361328,8329895
2013-02-12,198.54734802246094,201.2332000732422,197.77017211914062,200.11314392089844,182.4506378173828,9728703
2013-02-13,202.06753540039062,202.9818572998047,199.43882751464844,200.92462158203125,183.19053649902344,10533233
2013-02-14,201.1531982421875,201.94180297851562,194.5242919921875,195.6786346435547,178.40753173828125,12284945
2013-02-15,195.41575622558594,195.98721313476562,190.66122436523438,193.3356475830078,176.2713623046875,14390520
2013-02-18,193.83853149414062,195.34718322753906,192.7413330078125,193.7242431640625,176.62567138671875,5310071
2013-02-19,194.06712341308594,195.43861389160156,190.6955108642578,193.92996215820312,176.81324768066406,9677020
2013-02-20,196.11294555664062,200.89031982421875,195.80435180664062,199.96456909179688,182.3152313232422,14873246
2013-02-21,198.63877868652344,200.42173767089844,195.13003540039062,196.39866638183594,179.0640411376953,16214530
2013-02-22,196.23866271972656,199.32452392578125,196.12437438964844,197.1758575439453,179.77264404296875,9725304
2013-02-25,197.49586486816406,197.7130126953125,194.5242919921875,195.2900390625,178.05325317382812,9878487
2013-02-26,194.2271270751953,194.2271270751953,187.15248107910156,188.23825073242188,171.62387084960938,13474915
2013-02-27,189.7240447998047,192.22702026367188,189.07257080078125,190.0211944580078,173.2494659423828,17709146
2013-02-28,191.36984252929688,191.90701293945312,184.18089294433594,186.0324249267578,169.61276245117188,27667849
2013-03-01,186.5238800048828,187.0953369140625,184.12374877929688,185.24380493164062,168.89373779296875,13906688
2013-03-04,184.90093994140625,187.03819274902344,183.98660278320312,185.74668884277344,169.3522491455078,14948007
2013-03-05,187.23248291015625,190.74122619628906,187.23248291015625,188.88970947265625,172.21783447265625,13159371
2013-03-06,190.15834045410156,191.64413452148438,188.96971130371094,190.92410278320312,174.07264709472656,10778102
2013-03-07,190.009765625,192.3527374267578,188.3639678955078,191.20982360839844,174.33316040039062,10529882
2013-03-08,192.69561767578125,195.3700408935547,192.00987243652344,194.59286499023438,177.41761779785156,10131948
2013-03-11,194.77572631835938,196.71868896484375,192.02130126953125,193.0384979248047,176.00047302246094,10569010
2013-03-12,194.4099884033203,195.32432556152344,192.8213348388672,193.8042449951172,176.69859313964844,8552523
2013-03-13,192.51275634765625,195.80435180664062,192.0555877685547,193.1527862548828,176.10462951660156,9401899
2013-03-14,192.92420959472656,197.37014770507812,190.92410278320312,196.59295654296875,179.2411651611328,14790357
2013-03-15,197.66729736328125,198.73020935058594,191.62127685546875,192.8441925048828,175.82325744628906,12793329
2013-03-18,190.86695861816406,192.80990600585938,189.9069061279297,190.70693969726562,173.8746795654297,8023328
2013-03-19,191.23268127441406,191.78128051757812,185.58668518066406,188.58111572265625,171.93649291992188,17970333
2013-03-20,189.58688354492188,189.67831420898438,185.91812133789062,188.0553741455078,171.4571533203125,20179135
2013-03-21,188.58111572265625,190.36407470703125,183.9523162841797,185.74668884277344,169.3522491455078,16660114
2013-03-22,184.76377868652344,187.6667938232422,183.8608856201172,185.28952026367188,168.9354248046875,11876985
2013-03-25,187.5753631591797,188.20396423339844,183.380859375,184.98094177246094,168.65411376953125,14058667
2013-03-26,183.43800354003906,184.00946044921875,178.2948760986328,179.06063842773438,163.25628662109375,19465627
2013-03-28,179.4377899169922,179.6549530029297,174.72897338867188,176.67193603515625,161.0784149169922,26513604
2013-04-01,178.52346801757812,180.76358032226562,176.87767028808594,178.0091552734375,162.29763793945312,8326610
2013-04-02,178.34059143066406,182.06649780273438,177.90628051757812,181.47218322753906,165.4550018310547,11110756
2013-04-03,182.36366271972656,182.63795471191406,176.2376251220703,177.5062713623047,161.8391571044922,9321547
2013-04-04,176.58050537109375,177.82627868652344,174.68325805664062,175.4490203857422,159.9634552001953,11915658
2013-04-05,175.78045654296875,178.84347534179688,175.48330688476562,178.31773376464844,162.57896423339844,12989770
2013-04-08,177.86056518554688,181.57504272460938,177.83770751953125,180.4435577392578,164.5171661376953,8878601
2013-04-09,181.06072998046875,181.86077880859375,176.26048278808594,177.5977020263672,161.92250061035156,13081885
2013-04-10,178.31773376464844,179.19778442382812,176.37478637695312,178.15773010253906,162.43310546875,12190258
2013-04-11,179.20921325683594,179.4606475830078,174.6718292236328,176.26048278808594,160.7032928466797,11428531
2013-04-12,175.32330322265625,178.3863067626953,174.8661346435547,177.23196411132812,161.58905029296875,11349794
2013-04-15,176.7062225341797,182.85511779785156,176.7062225341797,181.4036102294922,165.39248657226562,16184406
2013-04-16,182.1807861328125,185.15237426757812,179.5292205810547,183.99803161621094,167.75790405273438,17774606
2013-04-17,184.20375061035156,185.06094360351562,175.82618713378906,176.8548126220703,161.24517822265625,32105722
2013-04-18,177.49484252929688,179.48350524902344,176.6147918701172,178.66061401367188,162.8916015625,13793320
2013-04-22,179.6663818359375,181.65504455566406,177.90628051757812,180.5235595703125,164.59011840820312,12790893
2013-04-23,180.923583984375,184.19232177734375,179.6778106689453,183.71229553222656,167.49740600585938,12356228
2013-04-25,184.60377502441406,188.9468536376953,184.60377502441406,187.3582000732422,170.82150268554688,25921526
2013-04-26,185.83811950683594,188.58111572265625,180.5121307373047,181.12930297851562,165.14239501953125,20852076
2013-04-29,181.28932189941406,182.61509704589844,180.22640991210938,181.18646240234375,165.19451904296875,20968563
2013-04-30,181.4150390625,182.1007843017578,177.64341735839844,180.1692657470703,164.26708984375,17548959
2013-05-02,179.98638916015625,184.4666290283203,179.0720672607422,183.52943420410156,167.33067321777344,27236264
2013-05-03,183.5522918701172,186.5010223388672,181.70077514648438,182.9808349609375,166.83047485351562,12917135
2013-05-06,183.3694305419922,188.56968688964844,183.3694305419922,187.80393981933594,171.22789001464844,9358282
2013-05-07,187.7810821533203,191.0726776123047,187.3582000732422,189.30116271972656,172.5929718017578,16529868
2013-05-08,189.7469024658203,190.38693237304688,187.90679931640625,189.64402770996094,172.90557861328125,11858396
2013-05-09,189.35830688476562,190.1011962890625,186.2952880859375,187.00389099121094,170.49847412109375,8182539
2013-05-10,186.22671508789062,187.55250549316406,184.96951293945312,185.82669067382812,171.46888732910156,9081731
2013-05-13,185.91812133789062,188.69541931152344,182.5922393798828,183.5522918701172,169.37020874023438,9087230
2013-05-14,182.9922637939453,184.92379760742188,181.86077880859375,182.44366455078125,168.3472442626953,8828077
2013-05-15,183.32371520996094,187.62107849121094,183.32371520996094,187.20962524414062,172.74496459960938,11255447
2013-05-16,186.5238800048828,192.87847900390625,186.40957641601562,192.158447265625,177.31141662597656,15197535
2013-05-17,192.158447265625,193.08421325683594,188.19253540039062,190.9812469482422,176.22518920898438,12484982
2013-05-20,191.41555786132812,195.43861389160156,189.4383087158203,189.98690795898438,175.30764770507812,13237846
2013-05-21,189.97547912597656,192.00987243652344,188.6497039794922,189.40402221679688,174.76983642578125,10594235
2013-05-22,189.7469024658203,190.63836669921875,185.95240783691406,187.15248107910156,172.6922607421875,12579289
2013-05-23,185.529541015625,186.5238800048828,178.31773376464844,179.31207275390625,165.45762634277344,12798137
2013-05-24,181.35789489746094,181.65504455566406,178.1120147705078,179.7692413330078,165.8794708251953,7975390
2013-05-27,183.49514770507812,190.36407470703125,183.09512329101562,189.33544921875,174.70655822753906,18956469
2013-05-28,189.7240447998047,193.58709716796875,188.8554229736328,192.78704833984375,177.89144897460938,21734556
2013-05-29,192.12416076660156,194.24998474121094,190.5126495361328,193.815673828125,178.84059143066406,25752389
2013-05-30,193.1527862548828,193.38136291503906,189.7240447998047,191.2783966064453,176.49940490722656,18225094
2013-05-31,190.66122436523438,191.03839111328125,183.34657287597656,184.30661010742188,170.06626892089844,17159386
2013-06-03,183.71229553222656,184.08946228027344,179.49493408203125,180.10069274902344,166.18528747558594,14165128
2013-06-04,180.71786499023438,182.82083129882812,178.1005859375,178.34059143066406,164.56118774414062,14752690
2013-06-05,178.40916442871094,183.84945678710938,178.40916442871094,183.32371520996094,169.15928649902344,12748842
2013-06-06,182.86654663085938,183.7580108642578,180.1464080810547,181.03787231445312,167.05007934570312,17113393
2013-06-07,181.54075622558594,183.32371520996094,178.52346801757812,179.11778259277344,165.27835083007812,9420701
2013-06-10,180.3521270751953,181.83792114257812,178.75204467773438,180.43212890625,166.49110412597656,11361378
2013-06-11,179.0949249267578,180.923583984375,177.2205352783203,179.574951171875,165.70018005371094,13242164
2013-06-12,178.9920654296875,182.2950897216797,178.79776000976562,180.76358032226562,166.79698181152344,12774566
2013-06-13,178.9806365966797,181.2436065673828,178.42059326171875,180.5349884033203,166.58604431152344,9726275
2013-06-14,181.9979248046875,187.40391540527344,181.97506713867188,186.2152862548828,171.8274688720703,17575615
2013-06-17,186.40957641601562,189.2440185546875,185.40380859375,188.70684814453125,174.12649536132812,11089648
2013-06-18,188.28396606445312,191.43841552734375,186.85531616210938,188.21539306640625,173.6730194091797,15658352
2013-06-19,187.89537048339844,190.46693420410156,186.27243041992188,190.1126251220703,175.42367553710938,17331546
2013-06-20,186.9581756591797,186.9581756591797,181.7236328125,182.4093780517578,168.3155975341797,17422410
2013-06-21,182.84368896484375,185.2323760986328,179.11778259277344,181.232177734375,167.2293701171875,20486223
2013-06-24,180.58070373535156,181.9864959716797,177.95201110839844,181.18646240234375,167.18719482421875,16311628
2013-06-25,182.7979736328125,187.41534423828125,181.7236328125,183.7351531982422,169.53897094726562,19232377
2013-06-26,185.0266571044922,186.16957092285156,183.11798095703125,183.68943786621094,169.4967498779297,16661304
2013-06-27,186.63816833496094,191.3126983642578,186.15814208984375,189.7240447998047,175.06509399414062,25751492
2013-06-28,198.75306701660156,199.55311584472656,193.38136291503906,197.1758575439453,181.941162109375,48133694
2013-07-01,197.0386962890625,202.9818572998047,195.58718872070312,202.45611572265625,186.81344604492188,20497553
2013-07-02,201.86180114746094,203.85047912597656,198.58163452148438,199.2902374267578,183.89219665527344,17779689
2013-07-03,196.69583129882812,197.3472900390625,193.96424865722656,194.489990234375,179.4628448486328,12816463
2013-07-04,195.00430297851562,199.0045166015625,193.68995666503906,196.9586944580078,181.7407684326172,13233510
2013-07-05,198.0330352783203,202.2389678955078,198.0330352783203,201.2332000732422,185.68499755859375,12756629
2013-07-08,198.86737060546875,199.65597534179688,196.15866088867188,198.17018127441406,182.85870361328125,14253091
2013-07-09,198.66163635253906,201.5646514892578,198.1930389404297,199.96456909179688,184.51441955566406,12922258
2013-07-10,199.83883666992188,201.11891174316406,191.78128051757812,195.66720581054688,180.54908752441406,22237458
2013-07-11,197.7244415283203,199.62168884277344,196.41009521484375,198.87879943847656,183.51251220703125,11368001
2013-07-12,199.83883666992188,204.81053161621094,198.7759246826172,203.42759704589844,187.7098846435547,14371976
2013-07-15,202.52468872070312,205.70199584960938,202.52468872070312,205.00482177734375,189.1652069091797,12913233
2013-07-16,202.75328063964844,206.74205017089844,201.85037231445312,205.8620147705078,189.95616149902344,12974694
2013-07-17,206.41061401367188,209.81649780273438,206.41061401367188,209.14218139648438,192.98292541503906,23132227
2013-07-18,209.83935546875,210.28509521484375,207.82781982421875,209.6679229736328,193.46804809570312,12303560
2013-07-19,210.07937622070312,212.10232543945312,208.70787048339844,211.1422882080078,194.8284912109375,14298611
2013-07-22,209.1536102294922,209.1536102294922,205.48484802246094,207.7935333251953,191.7384796142578,16958736
2013-07-23,208.4792938232422,211.43943786621094,207.38209533691406,207.9078369140625,191.8439178466797,12430954
2013-07-24,207.55352783203125,209.58792114257812,204.61622619628906,207.8621063232422,191.8017578125,13788582
2013-07-25,207.08493041992188,208.51358032226562,200.5703125,203.61045837402344,187.87860107421875,15831296
2013-07-26,203.94190979003906,206.57061767578125,202.3989715576172,203.4733123779297,187.7520751953125,9565406
2013-07-29,202.76470947265625,205.41627502441406,201.736083984375,202.45611572265625,186.81344604492188,9151355
2013-07-30,202.76470947265625,203.8961944580078,195.1871795654297,195.9757843017578,180.83380126953125,11393034
2013-07-31,196.27294921875,201.08462524414062,192.60418701171875,199.33596801757812,183.93438720703125,15795755
2013-08-01,200.04457092285156,201.80465698242188,193.11849975585938,194.2957000732422,179.28353881835938,11071339
2013-08-02,196.58152770996094,199.31309509277344,194.2957000732422,195.9757843017578,180.83380126953125,12821918
2013-08-05,196.58152770996094,199.53025817871094,195.6100616455078,196.9358367919922,181.71969604492188,12559130
2013-08-06,196.22723388671875,197.5415802001953,189.75833129882812,192.2498779296875,177.39578247070312,12415511
2013-08-07,193.1527862548828,201.57608032226562,189.95262145996094,199.42739868164062,184.0187225341797,18794821
2013-08-08,198.26162719726562,199.42739868164062,195.93006896972656,197.87303161621094,182.58447265625,11367214
2013-08-12,198.63877868652344,199.51882934570312,192.11273193359375,193.30136108398438,178.3660125732422,8728866
2013-08-13,192.69561767578125,196.57009887695312,190.86695861816406,194.95858764648438,179.8951873779297,11537003
2013-08-14,195.66720581054688,198.4102020263672,193.7128143310547,197.7244415283203,182.4473419189453,11260259
2013-08-16,197.7244415283203,198.18161010742188,186.7867431640625,188.96971130371094,174.3690643310547,27321905
2013-08-19,188.12396240234375,190.63836669921875,184.59234619140625,187.49534606933594,173.0085906982422,16150138
2013-08-20,185.40380859375,189.9069061279297,184.02088928222656,188.6611328125,174.0843048095703,11418893
2013-08-21,190.4097900390625,190.7983856201172,178.34059143066406,179.11778259277344,165.27835083007812,15711357
2013-08-22,178.8549041748047,184.84378051757812,176.96910095214844,184.26089477539062,170.0240936279297,22293762
2013-08-23,185.99813842773438,188.51254272460938,184.8094940185547,187.32391357421875,172.8504180908203,14332191
2013-08-26,188.00965881347656,190.05548095703125,184.78663635253906,188.0325164794922,173.5042724609375,9916035
2013-08-27,186.06671142578125,188.55825805664062,182.86654663085938,183.60943603515625,169.42294311523438,13094883
2013-08-28,181.74649047851562,187.1067657470703,174.61468505859375,185.56382751464844,171.22633361816406,25813146
2013-08-29,186.5238800048828,195.07289123535156,185.7238311767578,193.20993041992188,178.2816619873047,30837833
2013-08-30,192.87847900390625,196.58152770996094,189.33544921875,195.17575073242188,180.0955810546875,21443760
2013-09-02,195.02716064453125,203.43902587890625,195.02716064453125,202.69613647460938,187.03492736816406,21052445
2013-09-03,203.02757263183594,203.82762145996094,189.33544921875,189.95262145996094,175.27603149414062,17326878
2013-09-04,190.5812225341797,197.62158203125,190.4097900390625,194.14712524414062,179.14645385742188,13323596
2013-09-05,197.2672882080078,198.8102264404297,194.54714965820312,197.16441345214844,181.93060302734375,14254145
2013-09-06,198.86737060546875,199.6674041748047,192.3527374267578,198.4102020263672,183.0801544189453,15048312
2013-09-10,199.53025817871094,204.25050354003906,198.0101776123047,203.51902770996094,187.79420471191406,18493766
2013-09-11,203.21044921875,204.10191345214844,199.81597900390625,202.92471313476562,187.24583435058594,14860857
2013-09-12,202.9818572998047,205.9534454345703,199.13023376464844,200.10171508789062,184.6409454345703,17979275
2013-09-13,198.4102020263672,201.99896240234375,198.1930389404297,199.55311584472656,184.13473510742188,9825959
2013-09-16,202.5132598876953,202.9132843017578,195.2100372314453,196.98155212402344,181.7618865966797,12050423
2013-09-17,195.74720764160156,197.49586486816406,194.8900146484375,196.15866088867188,181.0025634765625,10930099
2013-09-18,196.69583129882812,200.01028442382812,195.85006713867188,199.31309509277344,183.9132537841797,13704245
2013-09-19,202.9932861328125,204.79910278320312,201.27891540527344,203.576171875,187.8469696044922,18935509
2013-09-20,202.52468872070312,205.9534454345703,198.98165893554688,201.58750915527344,186.01194763183594,18362492
2013-09-23,199.33596801757812,201.38177490234375,197.7244415283203,199.86170959472656,184.41949462890625,8875005
2013-09-24,199.32452392578125,202.19325256347656,198.44448852539062,199.91885375976562,184.4722442626953,12352943
2013-09-25,199.4159698486328,199.9874267578125,192.51275634765625,194.07855224609375,179.08316040039062,17472523
2013-09-26,193.5299530029297,194.32998657226562,190.92410278320312,191.60984802246094,176.80520629882812,19874983
2013-09-27,192.467041015625,195.32432556152344,191.32412719726562,191.9870147705078,177.15322875976562,12006474
2013-09-30,190.192626953125,193.0384979248047,187.23248291015625,187.98680114746094,173.46209716796875,15922812
2013-10-01,188.87828063964844,189.70118713378906,186.91246032714844,187.7696533203125,173.26173400878906,9108666
2013-10-03,188.21539306640625,194.0442657470703,188.21539306640625,193.59852600097656,178.64024353027344,9108321
2013-10-04,192.13558959960938,196.51295471191406,191.55270385742188,195.3014678955078,180.21157836914062,9909849
2013-10-07,193.74710083007812,194.84429931640625,191.0955352783203,192.93563842773438,178.02857971191406,11265723
2013-10-08,194.2271270751953,195.3700408935547,191.82699584960938,193.141357421875,178.21839904785156,12119312
2013-10-09,191.99844360351562,198.3302001953125,191.43841552734375,196.78726196289062,181.5825653076172,11954619
2013-10-10,196.3529510498047,197.22157287597656,193.84996032714844,196.58152770996094,181.3927459716797,9371240
2013-10-11,197.7244415283203,198.4102020263672,195.2786102294922,197.3472900390625,182.09934997558594,9773103
2013-10-14,197.7244415283203,200.01028442382812,197.31300354003906,198.93594360351562,183.5652618408203,12156983
2013-10-15,205.10768127441406,205.41627502441406,197.49586486816406,198.36448669433594,183.0379638671875,23041721
2013-10-17,198.86737060546875,202.9818572998047,197.64443969726562,201.2332000732422,185.68499755859375,17613513
2013-10-18,201.51893615722656,207.55352783203125,201.51893615722656,207.016357421875,191.0213165283203,22177371
2013-10-21,207.016357421875,209.2678985595703,204.84481811523438,208.74215698242188,192.61380004882812,15143599
2013-10-22,207.4163818359375,208.22784423828125,205.1533966064453,206.68490600585938,190.7154998779297,10246173
2013-10-23,206.9134979248047,207.82781982421875,202.90185546875,204.98196411132812,189.14414978027344,8945093
2013-10-24,203.90762329101562,208.23927307128906,201.46177673339844,202.18182373046875,186.56036376953125,11717100
2013-10-25,202.09039306640625,204.0790557861328,201.00462341308594,202.75328063964844,187.087646484375,9945744
2013-10-28,202.9818572998047,206.83349609375,202.94757080078125,203.61045837402344,187.87860107421875,15374364
2013-10-29,203.23330688476562,206.6277618408203,202.044677734375,204.99339294433594,189.15467834472656,14450634
2013-10-30,204.92481994628906,206.38775634765625,204.51336669921875,205.30198669433594,189.43946838378906,9614780
2013-10-31,205.724853515625,209.83935546875,204.81053161621094,209.0850372314453,192.93017578125,19779731
2013-11-01,208.03355407714844,211.7937469482422,206.49061584472656,207.6106719970703,191.56971740722656,11890914
2013-11-05,206.49061584472656,210.68511962890625,206.49061584472656,207.94212341308594,191.87557983398438,10955587
2013-11-06,208.0106964111328,210.27366638183594,204.5705108642578,205.40484619140625,189.53433227539062,9619806
2013-11-07,205.49627685546875,207.05064392089844,201.6332244873047,202.5018310546875,186.85565185546875,9792601
2013-11-08,202.52468872070312,202.9818572998047,199.13023376464844,200.22743225097656,184.7569580078125,8755784
2013-11-11,199.7816925048828,201.6332244873047,196.6272430419922,197.47300720214844,182.21536254882812,8901228
2013-11-12,197.7244415283203,199.23309326171875,194.34141540527344,194.8900146484375,179.83193969726562,12169801
2013-11-13,194.27284240722656,196.90155029296875,192.48989868164062,193.01564025878906,178.10240173339844,8391536
2013-11-14,194.58143615722656,197.49586486816406,194.3871307373047,194.67286682128906,179.63157653808594,8031378
2013-11-18,196.14723205566406,200.63888549804688,195.7014923095703,199.95314025878906,184.5038604736328,12073167
2013-11-19,200.01028442382812,202.27325439453125,200.01028442382812,200.77603149414062,185.26316833496094,8434885
2013-11-20,199.9759979248047,201.8389434814453,195.89578247070312,197.15298461914062,181.92005920410156,13090661
2013-11-21,196.5586700439453,196.58152770996094,192.79847717285156,193.74710083007812,178.77731323242188,11465699
2013-11-22,194.5242919921875,195.7700653076172,191.80413818359375,192.86705017089844,177.9652557373047,7482129
2013-11-25,193.68995666503906,195.8614959716797,192.93563842773438,194.68429565429688,179.64210510253906,10078405
2013-11-26,194.4099884033203,195.85006713867188,191.44984436035156,192.29559326171875,177.43797302246094,13965988
2013-11-27,193.0384979248047,194.18141174316406,190.92410278320312,191.54127502441406,176.74191284179688,11421820
2013-11-28,192.71847534179688,195.75863647460938,192.71847534179688,193.8271026611328,178.85116577148438,12546701
2013-11-29,194.5128631591797,195.781494140625,193.97567749023438,195.02716064453125,179.95848083496094,9884161
2013-12-02,194.9814453125,197.255859375,194.82144165039062,195.50718688964844,180.40142822265625,7221751
2013-12-03,195.43861389160156,197.8387451171875,194.44427490234375,197.01583862304688,181.7935028076172,9184625
2013-12-04,196.78726196289062,198.29591369628906,195.02716064453125,195.6786346435547,180.55958557128906,8761077
2013-12-05,199.32452392578125,200.4674530029297,198.421630859375,199.095947265625,183.71290588378906,12534404
2013-12-06,198.9016571044922,199.93028259277344,196.8558349609375,198.113037109375,182.80593872070312,7301066
2013-12-09,201.6332244873047,202.9818572998047,200.28457641601562,200.91317749023438,185.3897247314453,12704841
2013-12-10,200.81031799316406,203.14187622070312,200.81031799316406,202.2161102294922,186.59197998046875,8718563
2013-12-11,201.7246551513672,202.28468322753906,199.43882751464844,201.7475128173828,186.15957641601562,4977570
2013-12-12,200.69602966308594,201.1531982421875,198.4102020263672,198.9130859375,183.54415893554688,5690033
2013-12-13,198.18161010742188,198.4330596923828,196.0443572998047,197.65586853027344,182.3840789794922,8926111
2013-12-16,196.58152770996094,197.09584045410156,192.7413330078125,193.16421508789062,178.23948669433594,10046119
2013-12-17,193.99855041503906,194.95858764648438,191.2669677734375,191.82699584960938,177.00558471679688,10089421
2013-12-18,191.82699584960938,197.46157836914062,191.82699584960938,196.57009887695312,181.38218688964844,12009855
2013-12-19,197.58729553222656,197.58729553222656,192.85562133789062,195.22146606445312,180.13775634765625,13450539
2013-12-20,199.32452392578125,205.2677001953125,197.06155395507812,204.61622619628906,188.806640625,20508621
2013-12-23,205.49627685546875,207.7821044921875,203.43902587890625,204.86767578125,189.03868103027344,16191974
2013-12-24,204.92481994628906,206.86778259277344,204.60479736328125,205.2791290283203,189.41831970214844,7306775
2013-12-26,204.4676513671875,205.724853515625,201.6332244873047,202.87899780273438,187.2036590576172,14619868
2013-12-27,203.1190185546875,204.33050537109375,200.44459533691406,200.89031982421875,185.3686065673828,7744563
2013-12-30,201.38177490234375,203.4047393798828,200.20457458496094,202.77613830566406,187.10873413085938,10315527
2013-12-31,202.9818572998047,205.32484436035156,202.77613830566406,204.62765502929688,188.81719970703125,5706010
2014-01-01,205.1419677734375,205.32484436035156,202.8904266357422,203.16473388671875,187.46731567382812,5849398
2014-01-02,202.9132843017578,204.81053161621094,198.89022827148438,200.01028442382812,184.55657958984375,6023632
2014-01-03,199.23309326171875,199.63311767578125,195.43861389160156,197.55300903320312,182.28916931152344,12833897
2014-01-06,197.06155395507812,197.32443237304688,194.2957000732422,195.42718505859375,180.32763671875,13315857
2014-01-07,195.34718322753906,196.57009887695312,192.02130126953125,192.48989868164062,177.6172637939453,17311470
2014-01-08,193.01564025878906,195.9757843017578,193.01564025878906,194.07855224609375,179.08316040039062,12726430
2014-01-09,194.3985595703125,195.16432189941406,193.16421508789062,194.45570373535156,179.43118286132812,8309185
2014-01-10,193.9185333251953,200.30743408203125,193.83853149414062,196.15866088867188,181.0025634765625,14839980
2014-01-13,198.46734619140625,201.8389434814453,198.4102020263672,201.24462890625,185.69558715820312,12058586
2014-01-14,200.81031799316406,202.19325256347656,199.42739868164062,201.49607849121094,185.92758178710938,12075547
2014-01-15,202.2275390625,204.58193969726562,201.38177490234375,202.3989715576172,186.76071166992188,12660424
2014-01-16,203.14187622070312,204.193359375,201.62179565429688,202.55899047851562,186.90838623046875,18038361
2014-01-17,203.24473571777344,205.01625061035156,201.21034240722656,202.2389678955078,186.6130828857422,15463211
2014-01-20,202.7304229736328,203.21044921875,197.97589111328125,198.8102264404297,183.4492645263672,16576057
2014-01-21,199.47311401367188,199.6902618408203,197.0386962890625,197.27871704101562,182.0360565185547,9806364
2014-01-22,197.38157653808594,200.0902862548828,196.15866088867188,199.42739868164062,184.0187225341797,8517726
2014-01-23,196.71868896484375,199.16452026367188,196.71868896484375,197.90731811523438,182.61611938476562,13767334
2014-01-24,197.0386962890625,199.93028259277344,196.83297729492188,198.3302001953125,183.00631713867188,11879019
2014-01-27,195.66720581054688,196.764404296875,192.08987426757812,192.7299041748047,177.83871459960938,12345838
2014-01-28,193.60995483398438,195.66720581054688,192.62704467773438,193.11849975585938,178.19729614257812,11573795
2014-01-29,194.24998474121094,194.86715698242188,190.86695861816406,191.23268127441406,176.45716857910156,12374165
2014-01-30,190.04405212402344,190.6040802001953,187.9410858154297,188.58111572265625,174.010498046875,14102043
2014-01-31,189.0382843017578,190.5126495361328,188.843994140625,189.98690795898438,175.30764770507812,11038353
2014-02-03,188.8554229736328,189.67831420898438,187.31248474121094,187.64393615722656,173.14573669433594,8227762
2014-02-04,186.18099975585938,188.95828247070312,185.87240600585938,187.79251098632812,173.28280639648438,12362252
2014-02-05,187.4610595703125,187.7810821533203,184.4437713623047,186.80960083007812,172.3758544921875,11298451
2014-02-06,187.43820190429688,188.37539672851562,184.7294921875,186.48959350585938,172.08058166503906,10826505
2014-02-07,187.91822814941406,188.30682373046875,185.28952026367188,186.16957092285156,171.78526306152344,8459052
2014-02-10,186.35243225097656,188.71827697753906,185.4152374267578,187.88394165039062,173.3671875,10345205
2014-02-11,188.12396240234375,188.58111572265625,183.49514770507812,184.0666046142578,169.84481811523438,12609169
2014-02-12,184.69520568847656,187.8725128173828,184.5580596923828,186.9581756591797,172.51296997070312,9828890
2014-02-13,187.186767578125,187.186767578125,184.02088928222656,184.5580596923828,170.29824829101562,8657303
2014-02-14,185.58668518066406,188.3525390625,184.69520568847656,187.90679931640625,173.38827514648438,9218744
2014-02-17,186.90103149414062,187.89537048339844,184.47805786132812,185.67811584472656,171.33180236816406,9058505
2014-02-18,184.48948669433594,186.94674682617188,184.48948669433594,185.87240600585938,171.51107788085938,5741275
2014-02-19,185.83811950683594,187.43820190429688,185.15237426757812,185.66668701171875,171.3212127685547,6130140
2014-02-20,185.4495391845703,185.99813842773438,183.5751495361328,184.11231994628906,169.886962890625,8041497
2014-02-21,184.48948669433594,186.5238800048828,184.1466064453125,185.49525451660156,171.16307067871094,6256274
2014-02-24,184.70663452148438,186.2838592529297,184.07803344726562,185.68954467773438,171.34231567382812,6800627
2014-02-25,186.13528442382812,186.5238800048828,184.59234619140625,185.27809143066406,170.9626922607422,7039336
2014-02-26,185.38095092773438,186.71817016601562,184.75234985351562,185.3123779296875,170.9943084716797,13608048
2014-02-28,185.3123779296875,186.3752899169922,181.28932189941406,182.85511779785156,168.72691345214844,18949872
2014-03-03,182.889404296875,184.42091369628906,182.21507263183594,183.6437225341797,169.45457458496094,11635479
2014-03-04,183.5522918701172,186.2152862548828,183.4608612060547,185.82669067382812,171.46888732910156,8997053
2014-03-05,186.42100524902344,186.9810333251953,184.0437469482422,184.4666290283203,170.21389770507812,11827655
2014-03-06,185.00379943847656,188.4439697265625,184.99237060546875,187.99822998046875,173.47264099121094,10172590
2014-03-07,188.58111572265625,199.7816925048828,188.58111572265625,198.73020935058594,183.37539672851562,33597187
2014-03-10,197.747314453125,206.55918884277344,197.3587188720703,202.3989715576172,186.76071166992188,32869474
2014-03-11,202.29611206054688,202.93614196777344,199.34739685058594,199.95314025878906,184.5038604736328,12780183
2014-03-12,199.7816925048828,201.8160858154297,198.3302001953125,199.1759490966797,183.7866973876953,9431389
2014-03-13,200.01028442382812,204.52479553222656,199.94171142578125,201.0503387451172,185.5162811279297,17221827
2014-03-14,199.7816925048828,203.42759704589844,198.65020751953125,202.55899047851562,186.90838623046875,16540547
2014-03-18,203.32473754882812,207.73638916015625,203.32473754882812,204.91339111328125,189.08087158203125,19034847
2014-03-19,205.724853515625,207.9878387451172,204.6390838623047,206.41061401367188,190.46240234375,16376397
2014-03-20,206.09059143066406,207.43923950195312,205.30198669433594,207.0963592529297,191.0951690673828,29711945
2014-03-21,207.32493591308594,208.7764434814453,201.6446533203125,202.47897338867188,186.8345489501953,22050970
2014-03-24,203.72476196289062,207.72496032714844,203.6904754638672,206.95921325683594,190.96861267089844,28815466
2014-03-25,200.92462158203125,201.7246551513672,199.43882751464844,200.99319458007812,185.46356201171875,31299573
2014-03-26,201.4389190673828,206.39918518066406,201.4160614013672,203.7133331298828,187.97352600097656,13811011
2014-03-27,204.5476531982422,206.8449249267578,203.91905212402344,205.89630126953125,189.98782348632812,55407935
2014-03-28,205.724853515625,210.28509521484375,205.724853515625,209.41647338867188,193.2360076904297,18667646
2014-03-31,209.4393310546875,214.8224639892578,208.74215698242188,212.75379943847656,196.31549072265625,18751896
2014-04-01,213.953857421875,216.0111083984375,212.42234802246094,215.46250915527344,198.81491088867188,15640608
2014-04-02,216.0111083984375,219.8970184326172,214.4338836669922,219.0283966064453,202.1052703857422,26780181
2014-04-03,218.70838928222656,220.11416625976562,214.95962524414062,217.759765625,200.93466186523438,26550895
2014-04-04,217.61119079589844,217.89691162109375,215.2224884033203,215.83966064453125,199.16293334960938,12513877
2014-04-07,215.7825164794922,218.28550720214844,213.57669067382812,215.81680297851562,199.14183044433594,12905249
2014-04-09,217.15402221679688,220.9713592529297,216.5025634765625,219.93130493164062,202.9384002685547,13438946
2014-04-10,220.51419067382812,222.61715698242188,219.94273376464844,221.50852966308594,204.39378356933594,10649501
2014-04-11,219.96559143066406,221.9656982421875,217.29116821289062,218.01119995117188,201.1666717529297,11691621
2014-04-15,217.15402221679688,218.068359375,214.09100341796875,216.9482879638672,200.1858673095703,9264526
2014-04-16,216.35397338867188,219.21127319335938,214.4338836669922,215.16534423828125,198.5406951904297,12381278
2014-04-17,216.0111083984375,219.85130310058594,215.73680114746094,219.234130859375,202.29510498046875,7845800
2014-04-21,221.71424865722656,221.71424865722656,218.54837036132812,219.34841918945312,202.40057373046875,11817203
2014-04-22,219.43984985351562,226.01161193847656,218.54837036132812,221.21136474609375,204.1195831298828,19331824
2014-04-23,221.49710083007812,224.4686737060547,220.4113311767578,221.07421875,203.99307250976562,15288495
2014-04-24,221.07421875,221.07421875,221.07421875,221.07421875,203.99307250976562,0
2014-04-25,221.26852416992188,221.49710083007812,216.23968505859375,216.75399780273438,200.0066375732422,13252156
2014-04-28,217.10830688476562,218.5255126953125,215.17677307128906,216.0111083984375,199.32110595703125,16610579
2014-04-29,216.25111389160156,217.55404663085938,214.41102600097656,214.936767578125,198.32977294921875,8396497
2014-04-30,215.75965881347656,219.43984985351562,212.3766326904297,213.90814208984375,197.38063049316406,14391181
2014-05-02,214.86819458007812,216.55970764160156,211.66802978515625,212.14804077148438,195.75650024414062,9070553
2014-05-05,211.43943786621094,219.0969696044922,211.43943786621094,216.43397521972656,199.71133422851562,15199246
2014-05-06,216.6739959716797,221.03993225097656,216.593994140625,220.2056121826172,203.19151306152344,12392211
2014-05-07,219.46270751953125,222.0457000732422,218.76553344726562,219.63414001464844,202.66421508789062,10571569
2014-05-08,220.14845275878906,221.74853515625,217.32545471191406,219.5084228515625,202.54823303222656,11949181
2014-05-09,218.47979736328125,228.35459899902344,218.47979736328125,228.03457641601562,210.4156036376953,18452114
2014-05-12,227.4174041748047,239.78375244140625,227.2345428466797,235.1435089111328,216.9752655029297,30847764
2014-05-13,237.72650146484375,244.30970764160156,236.46929931640625,243.07534790039062,224.29421997070312,26863271
2014-05-14,243.21250915527344,244.1268310546875,237.9779510498047,238.9837188720703,220.5187530517578,19375695
2014-05-15,238.9837188720703,242.2981719970703,237.55506896972656,240.78952026367188,222.18504333496094,20864719
2014-05-16,249.17852783203125,261.7848815917969,242.7781982421875,246.69839477539062,229.88348388671875,52633579
2014-05-19,249.38424682617188,257.09893798828125,248.44705200195312,256.02459716796875,238.57403564453125,23797958
2014-05-20,257.8189697265625,258.0704040527344,245.88693237304688,246.83554077148438,230.01129150390625,22509088
2014-05-21,246.83554077148438,252.11581420898438,245.44119262695312,246.5041046142578,229.70240783691406,21991587
2014-05-22,248.2413330078125,254.5045166015625,247.9441680908203,251.62435913085938,234.47372436523438,18745180
2014-05-23,254.08163452148438,258.75616455078125,251.89866638183594,257.7160949707031,240.15023803710938,16566818
2014-05-26,258.8704528808594,260.5848083496094,245.72691345214844,251.83009338378906,234.66546630859375,16073584
2014-05-27,252.1272430419922,253.27015686035156,245.74977111816406,248.68707275390625,231.7366180419922,11273379
2014-05-28,249.06422424316406,252.9501495361328,247.95559692382812,248.9042205810547,231.93898010253906,11351815
2014-05-29,249.7271270751953,249.93284606933594,244.2068328857422,245.39547729492188,228.6693878173828,27659174
2014-05-30,248.01275634765625,249.0870819091797,242.2981719970703,243.3725128173828,226.7843475341797,17293884
2014-06-02,245.66976928710938,248.75564575195312,243.50965881347656,247.37271118164062,230.51185607910156,8806299
2014-06-03,247.62416076660156,251.89866638183594,246.2640838623047,250.3900146484375,233.32350158691406,10874352
2014-06-04,249.76141357421875,251.8529510498047,246.0126495361328,246.29837036132812,229.51075744628906,8826406
2014-06-05,246.52696228027344,250.27572631835938,243.2696533203125,249.1328125,232.15199279785156,19974435
2014-06-06,253.1330108642578,258.9847412109375,252.37869262695312,256.561767578125,239.0745849609375,29319340
2014-06-09,258.2989807128906,258.9161682128906,254.2073516845703,256.618896484375,239.12782287597656,13497804
2014-06-10,258.40185546875,258.40185546875,251.5443572998047,255.62457275390625,238.2012481689453,15760599
2014-06-11,256.0131530761719,256.0131530761719,249.7271270751953,251.92152404785156,234.75064086914062,15164409
2014-06-12,251.11004638671875,254.52737426757812,247.80702209472656,250.10427856445312,233.05722045898438,11767348
2014-06-13,251.51007080078125,253.0415802001953,245.201171875,247.30413818359375,230.44793701171875,14646904
2014-06-16,247.78416442871094,247.78416442871094,241.64671325683594,243.5439453125,226.9440460205078,14371376
2014-06-17,241.86386108398438,249.9099884033203,241.86386108398438,249.16709899902344,232.1839599609375,15824961
2014-06-18,248.69850158691406,251.81866455078125,242.44674682617188,243.8411102294922,227.220947265625,19212704
2014-06-19,245.4983367919922,245.71548461914062,235.80641174316406,238.20652770996094,221.97044372558594,23126286
2014-06-20,239.0751495361328,239.87518310546875,236.4121551513672,236.9264678955078,220.7776336669922,12855084
2014-06-23,237.04075622558594,238.8465576171875,234.0691680908203,237.25790405273438,221.0864715576172,14768300
2014-06-24,238.86941528320312,242.93820190429688,238.86941528320312,242.26388549804688,225.75123596191406,11890148
2014-06-25,241.76100158691406,242.14959716796875,239.58946228027344,240.2409210205078,223.86618041992188,10564797
2014-06-26,234.29776000976562,234.73207092285156,230.11468505859375,231.30331420898438,215.53773498535156,24480677
2014-06-27,230.86900329589844,233.9548797607422,230.22897338867188,231.34902954101562,215.58033752441406,9225499
2014-06-30,231.451904296875,233.15484619140625,228.5831756591797,232.10336303710938,216.28326416015625,20656550
2014-07-01,232.5148162841797,233.2805633544922,230.1718292236328,230.41184997558594,214.70703125,9653273
2014-07-02,232.46908569335938,234.83493041992188,231.326171875,232.75482177734375,216.89035034179688,12293489
2014-07-03,233.15484619140625,234.29776000976562,229.3832244873047,230.0689697265625,214.3875274658203,11575392
2014-07-04,229.72608947753906,236.9950408935547,229.33750915527344,235.88641357421875,219.80844116210938,12957117
2014-07-07,236.1264190673828,237.04075622558594,233.3834228515625,234.80064392089844,218.7967071533203,14019093
2014-07-08,234.52633666992188,236.46929931640625,226.29734802246094,227.45169067382812,211.94862365722656,17484768
2014-07-09,229.04034423828125,230.8461456298828,226.86880493164062,228.8003387451172,213.20535278320312,14903156
2014-07-10,228.64031982421875,233.49771118164062,224.25152587890625,227.94314575195312,212.40660095214844,18600100
2014-07-11,227.48597717285156,229.04034423828125,220.27418518066406,220.92564392089844,205.86740112304688,17783841
2014-07-14,221.40567016601562,222.84573364257812,219.0969696044922,219.83987426757812,204.85565185546875,13764770
2014-07-15,220.217041015625,224.0115203857422,220.13702392578125,222.2285614013672,207.08154296875,15345123
2014-07-16,222.6400146484375,226.98309326171875,222.6400146484375,226.22877502441406,210.80909729003906,13957671
2014-07-17,225.84017944335938,228.17172241210938,224.08009338378906,224.58297729492188,209.2754669189453,9426887
2014-07-18,224.0115203857422,224.82298278808594,221.565673828125,223.26861572265625,208.05068969726562,9332698
2014-07-21,228.5831756591797,230.41184997558594,227.45169067382812,228.04600524902344,212.50245666503906,16987269
2014-07-22,229.4975128173828,236.3321533203125,228.83462524414062,235.65782165527344,219.595458984375,28489939
2014-07-23,236.5950164794922,237.6807861328125,233.3948516845703,236.18356323242188,220.0853729248047,13721398
2014-07-24,235.440673828125,238.45797729492188,234.0691680908203,237.96652221679688,221.74679565429688,9673900
2014-07-25,238.1608123779297,238.4808349609375,230.19468688964844,233.57772827148438,217.65713500976562,13532588
2014-07-28,233.3834228515625,233.96630859375,228.94891357421875,229.86325073242188,214.19583129882812,9372911
2014-07-30,229.4975128173828,231.09759521484375,226.98309326171875,229.9889678955078,214.31298828125,18616706
2014-07-31,230.40042114257812,233.13198852539062,229.04034423828125,230.0575408935547,214.3768768310547,17722817
2014-08-01,227.4402618408203,228.35459899902344,222.8686065673828,223.16575622558594,207.95481872558594,15826199
2014-08-04,224.24009704589844,226.22877502441406,223.10861206054688,225.15443420410156,209.80801391601562,14672155
2014-08-05,225.1772918701172,225.80589294433594,221.9542694091797,224.8915557861328,209.56301879882812,12233949
2014-08-06,225.13157653808594,228.26316833496094,223.897216796875,225.8744659423828,210.4789276123047,16358373
2014-08-07,226.06875610351562,227.828857421875,224.7772674560547,226.13734436035156,210.723876953125,10844144
2014-08-08,223.9086456298828,224.81155395507812,222.43429565429688,224.1258087158203,208.84947204589844,9118453
2014-08-11,225.188720703125,225.6687469482422,223.4171905517578,224.1258087158203,208.84947204589844,6696796
2014-08-12,225.3830108642578,225.6001739501953,223.17718505859375,225.0172882080078,209.68014526367188,9556263
2014-08-13,224.76583862304688,227.80599975585938,224.0115203857422,226.33163452148438,210.90492248535156,14113750
2014-08-14,227.4402618408203,229.72608947753906,226.69737243652344,229.2574920654297,213.63136291503906,12062077
2014-08-18,228.83462524414062,232.1147918701172,228.01171875,231.56619262695312,215.78269958496094,7643510
2014-08-19,232.01193237304688,233.84059143066406,229.9775390625,230.70899963378906,214.9839324951172,14559347
2014-08-20,231.09759521484375,232.800537109375,227.520263671875,228.2060089111328,212.65155029296875,13022078
2014-08-21,228.5831756591797,229.4975128173828,226.32020568847656,227.46311950683594,211.95928955078125,16449220
2014-08-22,228.6060333251953,230.18325805664062,227.5088348388672,228.194580078125,212.64088439941406,8571614
2014-08-25,228.5831756591797,230.52613830566406,227.08595275878906,227.6231231689453,212.10836791992188,7455233
2014-08-26,227.66883850097656,227.88600158691406,224.697265625,227.06309509277344,211.58651733398438,9548209
2014-08-27,227.94314575195312,228.99462890625,225.5773162841797,227.14309692382812,211.6610870361328,8391614
2014-08-28,227.3488311767578,229.4975128173828,227.3488311767578,228.28602600097656,212.72608947753906,15914040
2014-09-01,229.5775146484375,233.3834228515625,227.57740783691406,231.8061981201172,216.00636291503906,16197464
2014-09-02,232.8119659423828,235.79498291015625,231.00616455078125,234.02345275878906,218.0724639892578,16556769
2014-09-03,234.33204650878906,236.80075073242188,233.40628051757812,235.72640991210938,219.65939331054688,21922291
2014-09-04,235.21209716796875,236.3321533203125,232.7205352783203,234.50347900390625,218.51980590820312,9346763
2014-09-05,234.91493225097656,236.22927856445312,233.2919921875,234.4463348388672,218.466552734375,9078852
2014-09-08,236.3321533203125,237.5779266357422,234.98350524902344,237.2007598876953,221.03321838378906,13886787
2014-09-09,235.9207000732422,238.02366638183594,235.0292205810547,236.1264190673828,220.0321044921875,9166689
2014-09-10,235.01779174804688,235.23495483398438,231.4633331298828,232.2062225341797,216.37911987304688,9459033
2014-09-11,233.22341918945312,235.440673828125,230.41184997558594,233.01768493652344,217.13523864746094,10619105
2014-09-12,232.8119659423828,234.0691680908203,231.20045471191406,232.14907836914062,216.3258819580078,8749882
2014-09-15,230.6632843017578,231.326171875,228.811767578125,229.21177673339844,213.58877563476562,8738403
2014-09-16,228.9031982421875,229.53179931640625,223.2114715576172,223.87435913085938,208.61514282226562,13242995
2014-09-17,225.13157653808594,226.42306518554688,223.77149963378906,225.98875427246094,210.58541870117188,10887270
2014-09-18,225.15443420410156,230.86900329589844,224.85726928710938,229.70323181152344,214.0467071533203,9089107
2014-09-19,229.95468139648438,232.19479370117188,226.5259246826172,227.54312133789062,212.0338592529297,17169819
2014-09-22,226.98309326171875,227.66883850097656,225.7716064453125,226.6516571044922,211.20314025878906,7900222
2014-09-23,226.68594360351562,227.54312133789062,220.13702392578125,220.77706909179688,205.72894287109375,17694403
2014-09-24,221.3828125,222.66287231445312,218.38836669921875,220.5941925048828,205.55853271484375,15393998
2014-09-25,220.83421325683594,221.22279357910156,210.9022674560547,212.54806518554688,198.0608367919922,33092058
2014-09-26,212.35377502441406,215.24534606933594,209.67935180664062,213.32525634765625,198.78506469726562,15904980
2014-09-29,214.17100524902344,215.48536682128906,212.4909210205078,213.30239868164062,198.76377868652344,12481132
2014-09-30,212.12518310546875,216.79971313476562,211.45086669921875,216.17111206054688,201.4369354248047,17642155
2014-10-01,215.6910858154297,216.14825439453125,211.66802978515625,211.94232177734375,197.49639892578125,8656245
2014-10-07,211.95375061035156,213.70240783691406,211.0851287841797,211.7023162841797,197.2727508544922,12404189
2014-10-08,210.5594024658203,215.2110595703125,210.5594024658203,214.11386108398438,199.5198974609375,9827783
2014-10-09,214.4567413330078,218.81124877929688,214.4567413330078,218.21693420410156,203.34335327148438,11164671
2014-10-10,216.46827697753906,221.49710083007812,213.97671508789062,219.5884246826172,204.62132263183594,15465656
2014-10-13,219.85130310058594,220.52561950683594,216.70828247070312,218.95982360839844,204.03558349609375,13881865
2014-10-14,223.78292846679688,223.78292846679688,219.11984252929688,219.7255859375,204.7491455078125,19077913
2014-10-15,219.7255859375,219.7255859375,219.7255859375,219.7255859375,204.7491455078125,0
2014-10-16,217.53118896484375,218.7312469482422,212.12518310546875,212.81094360351562,198.3057861328125,19017182
2014-10-17,213.953857421875,215.0167694091797,211.4851531982422,214.38816833496094,199.77552795410156,15313270
2014-10-20,214.5253143310547,215.00534057617188,208.364990234375,213.7366943359375,199.16844177246094,21187302
2014-10-21,213.5538330078125,214.18243408203125,211.91946411132812,212.43377685546875,197.95436096191406,17621790
2014-10-22,213.7481231689453,217.33688354492188,213.30239868164062,216.15968322753906,201.42628479003906,13384016
2014-10-27,220.34275817871094,220.34275817871094,214.13671875,215.17677307128906,200.5103759765625,10072622
2014-10-28,215.11962890625,215.32534790039062,211.69088745117188,213.50811767578125,198.95545959472656,22023470
2014-10-29,214.09100341796875,217.9311981201172,213.53097534179688,217.51974487304688,202.69366455078125,17516848
2014-10-30,216.6968536376953,224.36581420898438,216.4911346435547,223.84007263183594,208.58322143554688,32745121
2014-10-31,224.43438720703125,229.42893981933594,224.43438720703125,228.70889282226562,213.1201629638672,14086084
2014-11-03,229.4975128173828,230.6404266357422,226.33163452148438,229.12034606933594,213.50355529785156,12376151
2014-11-05,229.04034423828125,230.52613830566406,225.93161010742188,226.59449768066406,211.14987182617188,15730002
2014-11-07,226.40020751953125,227.520263671875,223.56578063964844,224.1258087158203,208.84947204589844,11633677
2014-11-10,224.65155029296875,226.2516326904297,221.09707641601562,221.5771026611328,206.47447204589844,10482542
2014-11-11,222.27427673339844,225.79446411132812,220.86849975585938,223.48577880859375,208.25306701660156,10100100
2014-11-12,224.45724487304688,224.697265625,221.42852783203125,222.6514434814453,207.47557067871094,9286081
2014-11-13,222.6400146484375,223.96580505371094,220.217041015625,221.5542449951172,206.45315551757812,7041533
2014-11-14,221.49710083007812,223.49720764160156,220.5941925048828,221.53138732910156,206.43185424804688,8424014
2014-11-17,220.8113555908203,225.73731994628906,220.8113555908203,225.2001495361328,209.85057067871094,10224348
2014-11-18,225.25729370117188,228.05743408203125,225.2001495361328,225.98875427246094,210.58541870117188,13410579
2014-11-19,225.98875427246094,226.7545166015625,223.2114715576172,223.58863830566406,208.34890747070312,8099318
2014-11-20,223.55435180664062,224.85726928710938,221.79425048828125,224.18295288085938,208.90272521972656,11342020
2014-11-21,224.05723571777344,228.811767578125,224.05723571777344,228.05743408203125,212.51309204101562,11739875
2014-11-24,228.62889099121094,229.53179931640625,224.4001007080078,225.23443603515625,209.88250732421875,12426216
2014-11-25,225.1772918701172,227.4174041748047,222.48001098632812,226.98309326171875,211.51197814941406,14606201
2014-11-26,226.7430877685547,226.98309326171875,224.6058349609375,225.62303161621094,210.24461364746094,13155281
2014-11-27,226.29734802246094,226.98309326171875,224.7086944580078,225.98875427246094,210.58541870117188,12279963
2014-11-28,226.22877502441406,232.54910278320312,224.74298095703125,226.6630859375,211.2137908935547,20881173
2014-12-01,226.06875610351562,226.7430877685547,219.1083984375,219.8055877685547,204.8236846923828,17382184
2014-12-02,219.8970184326172,222.01141357421875,218.98268127441406,220.04559326171875,205.04733276367188,9453044
2014-12-03,219.1083984375,222.6400146484375,219.1083984375,221.34852600097656,206.261474609375,9789854
2014-12-04,221.2913818359375,222.85716247558594,218.45693969726562,219.1083984375,204.17401123046875,10775294
2014-12-05,219.66842651367188,221.03993225097656,218.31979370117188,218.8341064453125,203.9184112548828,10048267
2014-12-08,219.43984985351562,220.09130859375,215.38250732421875,215.91966247558594,201.20263671875,10238784
2014-12-09,215.09677124023438,217.31402587890625,212.81094360351562,214.83389282226562,200.19082641601562,10598750
2014-12-10,212.91380310058594,215.08534240722656,212.5823516845703,213.1652374267578,198.6359405517578,13242754
2014-12-11,212.35377502441406,212.35377502441406,206.49061584472656,207.13064575195312,193.0126953125,22620658
2014-12-12,207.32493591308594,208.23927307128906,201.00462341308594,201.69036865234375,187.9431915283203,17874849
2014-12-15,200.68460083007812,201.5646514892578,199.32452392578125,200.87889099121094,187.18702697753906,12647964
2014-12-16,200.42173767089844,201.89608764648438,196.51295471191406,197.6330108642578,184.1624298095703,20886278
2014-12-17,197.78160095214844,199.9874267578125,197.59872436523438,198.75306701660156,185.20611572265625,20779949
2014-12-18,201.50750732421875,202.25039672851562,197.64443969726562,201.17605590820312,187.4639434814453,14970699
2014-12-19,202.3189697265625,207.64495849609375,201.7246551513672,205.8505859375,191.8198699951172,20073537
2014-12-22,206.18202209472656,207.2792205810547,203.66761779785156,206.8449249267578,192.7464141845703,8305143
2014-12-23,206.26202392578125,206.67347717285156,203.85047912597656,204.2962188720703,190.37144470214844,10583206
2014-12-24,204.2962188720703,205.07339477539062,201.1531982421875,202.10182189941406,188.32664489746094,22479751
2014-12-26,202.66184997558594,204.04476928710938,201.17605590820312,203.17616271972656,189.32772827148438,4890141
2014-12-29,203.09616088867188,205.50770568847656,202.74185180664062,205.0391082763672,191.06370544433594,6931660
2014-12-30,205.0619659423828,205.359130859375,200.4903106689453,201.18748474121094,187.474609375,11627412
2014-12-31,201.1531982421875,204.33050537109375,200.93605041503906,203.701904296875,189.81764221191406,8464992
2015-01-01,202.59327697753906,203.8961944580078,201.98751831054688,202.95899963378906,189.1253662109375,2963643
2015-01-02,203.0047149658203,204.82196044921875,202.1361083984375,202.4218292236328,188.6248016357422,7331366
2015-01-05,202.29611206054688,203.64476013183594,199.80455017089844,200.20457458496094,186.55870056152344,10103941
2015-01-06,198.86737060546875,199.55311584472656,190.1811981201172,191.11839294433594,178.09181213378906,18627980
2015-01-07,191.34698486328125,196.30723571777344,191.32412719726562,195.2786102294922,181.96847534179688,20720312
2015-01-08,196.60438537597656,197.2444305419922,192.04415893554688,192.4784698486328,179.35916137695312,19872227
2015-01-09,193.92996215820312,197.0386962890625,193.1527862548828,196.6501007080078,183.24649047851562,13392787
2015-01-12,196.69583129882812,196.81011962890625,192.3756103515625,194.36427307128906,181.11648559570312,10100113
2015-01-13,194.9814453125,195.42718505859375,192.12416076660156,192.7299041748047,179.59347534179688,9948711
2015-01-14,192.69561767578125,193.60995483398438,189.9983367919922,190.85552978515625,177.84686279296875,11380041
2015-01-15,192.00987243652344,199.11880493164062,192.00987243652344,197.55300903320312,184.0878448486328,16927085
2015-01-16,196.58152770996094,200.01028442382812,194.76429748535156,198.79879760742188,185.2487335205078,19136963
2015-01-19,198.9130859375,202.52468872070312,196.29580688476562,201.0731964111328,187.3680877685547,13339962
2015-01-20,201.49607849121094,206.99349975585938,200.89031982421875,206.4220428466797,192.35238647460938,13361320
2015-01-21,206.86778259277344,208.33070373535156,203.90762329101562,207.26779174804688,193.14047241210938,17084297
2015-01-22,206.90206909179688,207.37066650390625,201.03890991210938,202.01039123535156,188.24143981933594,23721627
2015-01-23,203.43902587890625,205.2219696044922,200.4674530029297,202.7304229736328,188.912353515625,18080494
2015-01-27,204.10191345214844,204.9705352783203,201.26748657226562,203.2218780517578,189.37033081054688,17939876
2015-01-28,202.54754638671875,207.96498107910156,202.54754638671875,207.2906494140625,193.16177368164062,19298126
2015-01-29,207.34779357910156,213.61097717285156,207.3020782470703,212.44520568847656,197.96499633789062,36117653
2015-01-30,212.5823516845703,212.8680877685547,207.7821044921875,209.21075439453125,194.95101928710938,21746801
2015-02-02,209.39361572265625,210.27366638183594,207.0277862548828,207.56495666503906,193.41738891601562,19302710
2015-02-03,208.74215698242188,215.06248474121094,208.74215698242188,214.31959533691406,199.711669921875,17092333
2015-02-04,214.66246032714844,215.73680114746094,211.64517211914062,212.3080596923828,197.8372039794922,14072894
2015-02-05,213.953857421875,214.84532165527344,209.7479248046875,211.1422882080078,196.75088500976562,12365643
2015-02-06,211.2337188720703,212.5823516845703,206.41061401367188,207.9878387451172,193.81141662597656,9045844
2015-02-09,205.99916076660156,209.83935546875,203.8961944580078,204.9705352783203,190.99981689453125,8839692
2015-02-10,205.2677001953125,206.75347900390625,196.87869262695312,201.61036682128906,187.86865234375,13651008
2015-02-11,202.52468872070312,206.81063842773438,201.8389434814453,205.88487243652344,191.851806640625,9781008
2015-02-12,207.55352783203125,208.91358947753906,202.8104248046875,207.81639099121094,193.65167236328125,8709626
2015-02-13,208.92501831054688,210.47938537597656,207.7935333251953,209.72506713867188,195.4302520751953,7393680
2015-02-16,209.99935913085938,211.25657653808594,205.724853515625,206.36489868164062,192.2991180419922,12266698
2015-02-18,205.724853515625,207.55352783203125,204.44479370117188,206.10202026367188,192.05416870117188,9835036
2015-02-19,207.31350708007812,207.46209716796875,202.87899780273438,206.19345092773438,192.1393585205078,9550637
2015-02-20,204.6390838623047,204.81053161621094,199.16452026367188,199.5759735107422,185.9729461669922,18717199
2015-02-23,198.85594177246094,200.41030883789062,193.6328125,194.6271514892578,181.3614044189453,14104463
2015-02-24,195.26718139648438,195.85006713867188,191.32412719726562,192.34130859375,179.2313690185547,19946218
2015-02-25,194.0214080810547,195.781494140625,192.2498779296875,192.7299041748047,179.59347534179688,15274116
2015-02-26,193.4042205810547,194.2957000732422,191.23268127441406,192.467041015625,179.3485565185547,21459750
2015-02-27,193.7356719970703,196.81011962890625,193.0613555908203,195.5643310546875,182.23471069335938,18659378
2015-03-02,198.63877868652344,200.12457275390625,195.5643310546875,197.55300903320312,184.0878448486328,14579511
2015-03-03,198.63877868652344,207.19921875,198.27305603027344,205.90773010253906,191.87313842773438,20636925
2015-03-04,207.0963592529297,207.93069458007812,201.1646270751953,202.94757080078125,189.11468505859375,14476047
2015-03-05,204.01048278808594,205.4391326904297,200.73031616210938,202.28468322753906,188.49700927734375,10716702
2015-03-09,202.3189697265625,203.83905029296875,197.5301513671875,198.787353515625,185.23806762695312,14065391
2015-03-10,198.62734985351562,200.19314575195312,195.53004455566406,196.38723754882812,183.00152587890625,15234060
2015-03-11,196.79869079589844,198.7759246826172,194.84429931640625,195.65577697753906,182.31993103027344,11635873
2015-03-12,196.12437438964844,198.27305603027344,195.5757598876953,197.4501495361328,183.99200439453125,11782380
2015-03-13,198.63877868652344,198.7759246826172,193.60995483398438,194.3185577392578,181.07388305664062,12936157
2015-03-16,194.63858032226562,195.1986083984375,192.0784454345703,192.48989868164062,179.36985778808594,13839990
2015-03-17,194.42141723632812,196.5586700439453,192.2384490966797,195.8614959716797,182.51162719726562,19070082
2015-03-18,195.89578247070312,199.38168334960938,195.3700408935547,198.55877685546875,185.0250701904297,9269885
2015-03-19,200.13600158691406,200.39886474609375,195.23289489746094,195.7014923095703,182.36251831054688,13934612
2015-03-20,196.10150146484375,196.8444061279297,193.97567749023438,195.23289489746094,181.92587280273438,10405717
2015-03-23,195.781494140625,197.49586486816406,191.5755615234375,192.4556121826172,179.337890625,13251683
2015-03-24,192.48989868164062,195.2786102294922,192.48989868164062,193.8271026611328,180.61590576171875,9238431
2015-03-25,194.06712341308594,194.18141174316406,192.2384490966797,193.1299285888672,179.96621704101562,10264941
2015-03-26,192.2613067626953,194.124267578125,188.37539672851562,189.56402587890625,176.64341735839844,20621346
2015-03-27,190.61550903320312,190.86695861816406,183.19798278808594,185.5409698486328,172.89454650878906,23326922
2015-03-30,186.66102600097656,186.91246032714844,182.05506896972656,185.3238067626953,172.69219970703125,17330588
2015-03-31,186.9810333251953,190.38693237304688,186.9810333251953,188.80970764160156,175.94049072265625,20235395
2015-04-01,188.55825805664062,191.78128051757812,185.86097717285156,191.10696411132812,178.08114624023438,14588531
2015-04-06,191.0955352783203,191.55270385742188,187.7582244873047,188.50111389160156,175.65292358398438,12334096
2015-04-07,188.82113647460938,191.11839294433594,188.82113647460938,190.37550354003906,177.39955139160156,21275454
2015-04-08,190.52407836914062,198.75306701660156,190.38693237304688,197.93017578125,184.43930053710938,24821205
2015-04-09,197.8387451171875,205.49627685546875,196.30723571777344,204.60479736328125,190.6589813232422,27276420
2015-04-10,204.5705108642578,207.73638916015625,203.23330688476562,206.7191925048828,192.6292724609375,25323219
2015-04-13,207.2792205810547,211.38229370117188,205.4391326904297,210.86798095703125,196.4952850341797,20177342
2015-04-15,210.5251007080078,214.77674865722656,207.37066650390625,211.130859375,196.740234375,22231264
2015-04-16,211.3251495361328,214.41102600097656,210.0679473876953,212.2052001953125,197.74134826660156,20177302
2015-04-17,213.7366943359375,215.85108947753906,210.89083862304688,211.86231994628906,197.42181396484375,23958678
2015-04-20,214.25100708007812,214.28529357910156,200.81031799316406,202.44468688964844,188.6461181640625,37628162
2015-04-21,203.4733123779297,204.6962432861328,199.42739868164062,200.3417205810547,186.6864776611328,17707007
2015-04-22,201.58750915527344,202.69613647460938,198.18161010742188,201.09605407714844,187.38938903808594,14761313
2015-04-23,202.0332489013672,203.3018798828125,198.65020751953125,200.4788818359375,186.81430053710938,13337818
2015-04-24,200.4674530029297,202.17039489746094,198.55877685546875,200.90174865722656,187.2083282470703,12709854
2015-04-27,201.1646270751953,202.86756896972656,199.1988067626953,200.078857421875,186.44154357910156,11042925
2015-04-28,199.94171142578125,201.61036682128906,196.25009155273438,197.77017211914062,184.29022216796875,14687371
2015-04-29,197.0386962890625,198.9930877685547,193.70138549804688,194.2957000732422,181.05255126953125,16387960
2015-04-30,194.2957000732422,197.93017578125,193.8271026611328,197.1186981201172,183.6831512451172,34802149
2015-05-04,197.99874877929688,204.33050537109375,196.69583129882812,203.65618896484375,189.77503967285156,15078502
2015-05-05,204.2847900390625,206.1363067626953,202.3189697265625,203.93048095703125,190.03060913085938,17846755
2015-05-06,203.43902587890625,204.98196411132812,199.32452392578125,201.21034240722656,187.49591064453125,22438208
2015-05-07,200.01028442382812,200.79888916015625,196.58152770996094,199.03880310058594,185.47239685058594,16735535
2015-05-08,199.095947265625,204.2962188720703,196.83297729492188,203.37045288085938,191.89642333984375,17104443
2015-05-11,204.09048461914062,205.59913635253906,201.9303741455078,204.79910278320312,193.2444610595703,14214007
2015-05-12,204.55908203125,204.55908203125,197.7587432861328,198.57020568847656,187.3670196533203,16650201
2015-05-13,199.63311767578125,203.1304473876953,195.94149780273438,202.3189697265625,190.9042510986328,16701434
2015-05-14,202.52468872070312,202.57041931152344,198.93594360351562,200.7417449951172,189.41604614257812,12329713
2015-05-15,201.58750915527344,202.74185180664062,198.89022827148438,199.770263671875,188.49935913085938,8331715
2015-05-18,199.9874267578125,204.35336303710938,199.37025451660156,203.7933349609375,192.2954559326172,9847540
2015-05-19,203.72476196289062,206.81063842773438,202.66184997558594,204.70767211914062,193.158203125,14513036
2015-05-20,205.81629943847656,208.23927307128906,205.19911193847656,207.74781799316406,196.02684020996094,8708891
2015-05-21,208.29641723632812,209.2450408935547,204.376220703125,204.98196411132812,193.41702270507812,10759523
2015-05-22,205.0391082763672,207.0049285888672,205.0391082763672,206.6049041748047,194.94839477539062,8349048
2015-05-25,205.724853515625,207.55352783203125,203.9761962890625,204.4676513671875,192.93173217773438,6617337
2015-05-26,204.58193969726562,204.81053161621094,201.77037048339844,202.20468139648438,190.79644775390625,9510249
2015-05-27,202.52468872070312,203.64476013183594,201.19891357421875,202.36468505859375,190.94740295410156,8078236
2015-05-28,202.4904022216797,204.41050720214844,199.32452392578125,200.19314575195312,188.8983917236328,26538868
2015-05-29,201.13034057617188,202.6275634765625,199.5759735107422,200.4674530029297,189.15719604492188,29277517
2015-06-01,201.1531982421875,206.8449249267578,200.69602966308594,206.23916625976562,194.603271484375,19594976
2015-06-02,207.03921508789062,210.022216796875,203.77047729492188,205.41627502441406,193.8268280029297,20178960
2015-06-03,205.49627685546875,208.11355590820312,203.09616088867188,204.89053344726562,193.33078002929688,15546279
2015-06-04,206.68490600585938,209.4279022216797,204.02191162109375,208.62786865234375,196.8572235107422,15931395
2015-06-05,207.9878387451172,209.59934997558594,206.74205017089844,207.4963836669922,195.78958129882812,13066337
2015-06-08,207.2792205810547,208.0106964111328,201.86180114746094,202.3989715576172,190.97976684570312,10846953
2015-06-09,201.96466064453125,203.5876007080078,200.54745483398438,201.99896240234375,190.60232543945312,9153355
2015-06-10,202.52468872070312,207.9878387451172,202.29611206054688,207.05064392089844,195.36898803710938,13509379
2015-06-11,207.0963592529297,207.8964080810547,199.70169067382812,200.50173950195312,189.1895751953125,14676438
2015-06-12,200.92462158203125,204.0561981201172,200.753173828125,203.4047393798828,191.92881774902344,21543824
2015-06-15,204.55908203125,206.86778259277344,203.43902587890625,206.1248779296875,194.49546813964844,12858570
2015-06-16,205.49627685546875,206.86778259277344,204.17050170898438,206.6277618408203,194.96995544433594,13929305
2015-06-17,206.87921142578125,215.40536499023438,204.35336303710938,212.85665893554688,200.84744262695312,26232634
2015-06-18,213.1652374267578,224.4686737060547,213.15380859375,223.77149963378906,211.14645385742188,49366799
2015-06-19,224.58297729492188,230.04611206054688,224.58297729492188,227.8174285888672,214.96412658691406,45710935
2015-06-22,227.88600158691406,230.5718536376953,225.49729919433594,226.68594360351562,213.896484375,19394187
2015-06-23,226.90309143066406,229.20034790039062,226.5259246826172,227.4402618408203,214.60824584960938,16007498
2015-06-24,227.4402618408203,230.0575408935547,225.53158569335938,226.50306701660156,213.7239227294922,18603004
2015-06-25,225.61160278320312,230.6404266357422,225.15443420410156,229.62322998046875,216.66806030273438,27175118
2015-06-26,228.56031799316406,231.8061981201172,227.5316925048828,228.74319458007812,215.83767700195312,20966796
2015-06-29,225.81732177734375,227.17739868164062,222.18284606933594,226.49163818359375,213.71315002441406,20168946
2015-06-30,226.2744903564453,229.23463439941406,225.84017944335938,228.6060333251953,215.708251953125,23184864
2015-07-01,228.811767578125,230.9718780517578,228.811767578125,229.8746795654297,216.9053192138672,14824266
2015-07-02,230.6404266357422,233.0977020263672,230.20611572265625,231.0633087158203,218.02687072753906,15931202
2015-07-03,230.81185913085938,231.7376251220703,229.2803497314453,230.22897338867188,217.23959350585938,13831096
2015-07-06,227.69171142578125,232.9033966064453,227.48597717285156,232.1376495361328,219.0405731201172,12237733
2015-07-07,231.09759521484375,232.37765502929688,228.5831756591797,229.32608032226562,216.3876495361328,11294999
2015-07-08,227.63455200195312,230.5718536376953,226.6745147705078,227.80599975585938,214.95335388183594,15190654
2015-07-09,227.66883850097656,228.811767578125,224.73155212402344,225.70303344726562,212.96902465820312,16245867
2015-07-10,226.5487823486328,229.4975128173828,226.3544921875,228.99462890625,216.0749053955078,16110573
2015-07-13,228.99462890625,231.4404754638672,227.47454833984375,230.18325805664062,217.1964874267578,9860248
2015-07-14,230.61756896972656,231.21188354492188,227.48597717285156,228.08029174804688,215.21217346191406,9942927
2015-07-15,228.52603149414062,231.87477111816406,228.48031616210938,231.1318817138672,218.0915985107422,13532911
2015-07-16,231.326171875,234.9377899169922,231.1318817138672,234.00059509277344,220.79844665527344,14854295
2015-07-17,234.3549041748047,235.7035369873047,232.6976776123047,233.54342651367188,220.3670654296875,10195142
2015-07-20,234.9377899169922,235.4292449951172,232.67481994628906,234.24061584472656,221.02491760253906,6348354
2015-07-21,234.98350524902344,235.08636474609375,229.21177673339844,230.36611938476562,217.36904907226562,7923338
2015-07-22,229.72608947753906,240.9152374267578,229.63465881347656,240.10377502441406,226.55728149414062,17309440
2015-07-23,240.8123779296875,244.09254455566406,238.0008087158203,238.93800354003906,225.45729064941406,18642915
2015-07-24,239.55517578125,239.9323272705078,233.40628051757812,234.30918884277344,221.0896453857422,13099664
2015-07-27,234.27490234375,235.41781616210938,228.9832000732422,229.80609130859375,216.84060668945312,20118553
2015-07-28,230.4804229736328,232.4005126953125,228.6060333251953,230.92616271972656,217.89747619628906,13382878
2015-07-29,230.7547149658203,231.48619079589844,226.77737426757812,227.66883850097656,214.82391357421875,14790821
2015-07-30,228.6060333251953,230.41184997558594,226.82308959960938,228.61746215820312,215.71902465820312,11701228
2015-07-31,228.5831756591797,230.3889923095703,226.29734802246094,229.0060577392578,216.08570861816406,16634259
2015-08-03,228.811767578125,231.74905395507812,228.44602966308594,229.14320373535156,216.21511840820312,9887787
2015-08-04,229.36036682128906,229.8746795654297,224.0115203857422,225.84017944335938,213.0984344482422,12006872
2015-08-05,225.89732360839844,228.76605224609375,224.94869995117188,225.7830352783203,213.04452514648438,14345010
2015-08-06,226.5259246826172,226.7545166015625,223.4400634765625,223.77149963378906,211.14645385742188,8708037
2015-08-07,223.78292846679688,227.21168518066406,223.36004638671875,225.005859375,212.31117248535156,8608888
2015-08-10,225.04014587402344,226.02304077148438,220.46847534179688,221.4742431640625,208.97882080078125,9288894
2015-08-11,221.9542694091797,222.5600128173828,218.98268127441406,220.8113555908203,208.35333251953125,8762464
2015-08-12,220.26275634765625,220.8113555908203,214.99391174316406,215.5310821533203,203.3709716796875,9650325
2015-08-13,216.46827697753906,218.0569305419922,212.44520568847656,213.34811401367188,201.31114196777344,9340350
2015-08-14,214.9253387451172,222.18284606933594,213.5652618408203,221.02850341796875,208.5582275390625,12739366
2015-08-17,220.8113555908203,220.8113555908203,216.25111389160156,217.31402587890625,205.05332946777344,10857430
2015-08-18,218.5255126953125,218.5255126953125,215.37107849121094,215.8053741455078,203.6298065185547,6630334
2015-08-19,215.7825164794922,219.66842651367188,214.74246215820312,218.20550537109375,205.8944854736328,8877298
2015-08-20,219.4284210205078,219.4284210205078,208.8678741455078,209.4507598876953,197.63368225097656,19008087
2015-08-21,208.0106964111328,208.44500732421875,205.0391082763672,207.54209899902344,195.83273315429688,20050521
2015-08-24,201.1531982421875,201.1531982421875,186.9810333251953,189.6211700439453,178.9228515625,35635706
2015-08-25,192.20416259765625,196.73011779785156,188.169677734375,193.87281799316406,182.93466186523438,49504268
2015-08-26,193.79281616210938,199.96456909179688,192.00987243652344,195.07289123535156,184.06703186035156,18955515
2015-08-27,198.13589477539062,201.4389190673828,195.90721130371094,198.67306518554688,187.46405029296875,26997546
2015-08-28,200.01028442382812,201.8389434814453,197.97589111328125,199.4159698486328,188.16506958007812,10770215
2015-08-31,199.51882934570312,199.51882934570312,195.16432189941406,195.64434814453125,184.60623168945312,20708942
2015-09-01,195.1871795654297,195.1871795654297,190.8898162841797,191.9755859375,181.14447021484375,21645696
2015-09-02,194.2957000732422,195.91864013671875,192.60418701171875,194.19284057617188,183.23660278320312,19652369
2015-09-03,195.22146606445312,196.7529754638672,193.01564025878906,195.17575073242188,184.1640625,11659978
2015-09-04,194.2271270751953,194.2271270751953,188.60397338867188,191.0726776123047,180.29246520996094,16199949
2015-09-07,191.60984802246094,192.92420959472656,189.19830322265625,190.45550537109375,179.7101287841797,10234633
2015-09-08,191.0955352783203,194.9700164794922,188.60397338867188,193.97567749023438,183.03170776367188,12900468
2015-09-09,196.81011962890625,200.8560333251953,194.4099884033203,199.79312133789062,188.5209197998047,17340694
2015-09-10,196.81011962890625,198.98165893554688,195.5529022216797,198.18161010742188,187.00033569335938,11074406
2015-09-11,199.32452392578125,200.26171875,195.71292114257812,196.79869079589844,185.69546508789062,10634833
2015-09-14,196.98155212402344,197.88446044921875,194.73001098632812,197.46157836914062,186.32093811035156,7964072
2015-09-15,197.0386962890625,198.86737060546875,195.5757598876953,198.18161010742188,187.00033569335938,11509788
2015-09-16,199.34739685058594,200.54745483398438,197.77017211914062,199.45025634765625,188.19740295410156,13424811
2015-09-18,200.79888916015625,205.61056518554688,200.50173950195312,204.6733856201172,193.12586975097656,34261453
2015-09-21,201.1531982421875,203.02757263183594,200.2502899169922,200.71888732910156,189.39447021484375,12732187
2015-09-22,201.1531982421875,202.27325439453125,193.0384979248047,193.815673828125,182.8807373046875,15745524
2015-09-23,192.69561767578125,195.85006713867188,192.00987243652344,194.37570190429688,183.4091339111328,15221260
2015-09-24,193.83853149414062,193.83853149414062,190.809814453125,191.4041290283203,180.605224609375,29076982
2015-09-28,191.9641571044922,192.21559143066406,189.4268798828125,190.6955108642578,179.9365997314453,11624639
2015-09-29,189.7240447998047,194.35284423828125,188.8325653076172,192.18130493164062,181.33859252929688,15853471
2015-09-30,194.5242919921875,197.67872619628906,191.6669921875,197.10726928710938,185.98660278320312,17292020
2015-10-01,199.770263671875,199.770263671875,196.2615203857422,197.65586853027344,186.5042724609375,8663393
2015-10-05,197.22157287597656,203.43902587890625,197.00440979003906,202.9818572998047,191.52975463867188,16015412
2015-10-06,204.73052978515625,205.8391571044922,202.46754455566406,205.2791290283203,193.6974334716797,12330294
2015-10-07,204.51336669921875,209.8507843017578,203.66761779785156,208.87930297851562,197.094482421875,11515191
2015-10-08,209.13075256347656,209.13075256347656,202.58184814453125,203.23330688476562,191.76702880859375,10753149
2015-10-09,204.3647918701172,206.97064208984375,201.49607849121094,202.83328247070312,191.3895721435547,9327873
2015-10-12,202.9818572998047,206.09059143066406,202.9818572998047,203.83905029296875,192.33859252929688,6212395
2015-10-13,202.3075408935547,204.8791046142578,201.8160858154297,204.26193237304688,192.73760986328125,6162561
2015-10-14,204.7648162841797,206.86778259277344,204.34193420410156,206.39918518066406,194.75430297851562,8002587
2015-10-15,207.48495483398438,208.23927307128906,205.7477264404297,206.57061767578125,194.91604614257812,9048478
2015-10-16,206.75347900390625,209.10789489746094,206.57061767578125,209.10789489746094,197.3101806640625,15246935
2015-10-19,215.09677124023438,220.69705200195312,215.09677124023438,220.23989868164062,207.81411743164062,33505855
2015-10-20,220.582763671875,220.9713592529297,217.8397674560547,218.68553161621094,206.34742736816406,18091895
2015-10-21,218.41122436523438,222.8228759765625,217.8397674560547,218.29693603515625,205.9807586669922,14404450
2015-10-23,220.34275817871094,222.42286682128906,215.1310577392578,218.4455108642578,206.12095642089844,12153422
2015-10-26,219.87416076660156,220.12559509277344,215.16534423828125,215.5196533203125,203.3601531982422,10938775
2015-10-27,214.59388732910156,216.75399780273438,214.27386474609375,214.76531982421875,202.64840698242188,11601798
2015-10-28,214.15957641601562,215.98825073242188,212.5594940185547,214.17100524902344,202.08763122558594,11958727
2015-10-29,213.953857421875,216.0111083984375,213.71383666992188,215.09677124023438,202.96116638183594,13280382
2015-10-30,215.34820556640625,218.50265502929688,214.89105224609375,216.62828063964844,204.40628051757812,13366359
2015-11-02,216.92543029785156,219.78273010253906,216.05682373046875,219.39413452148438,207.01609802246094,7222044
2015-11-03,220.18275451660156,221.82855224609375,219.7255859375,221.0856475830078,208.61215209960938,11373522
2015-11-04,221.26852416992188,222.8686065673828,216.285400390625,217.451171875,205.18272399902344,10033187
2015-11-05,216.92543029785156,217.38259887695312,213.2681121826172,214.09100341796875,202.01214599609375,10767454
2015-11-06,214.74246215820312,218.2397918701172,214.38816833496094,217.70262145996094,205.42001342773438,8367190
2015-11-09,213.3824005126953,220.582763671875,211.0851287841797,219.7255859375,207.32884216308594,17031699
2015-11-10,218.7541046142578,219.3255615234375,209.4507598876953,210.9251251220703,199.02490234375,11486238
2015-11-13,209.1650390625,214.5367431640625,209.03932189941406,213.279541015625,201.24644470214844,13682323
2015-11-16,211.66802978515625,215.32534790039062,211.38229370117188,213.5652618408203,201.5160369873047,15346549
2015-11-17,214.42245483398438,214.6167449951172,211.7137451171875,212.0680389404297,200.10330200195312,8588142
2015-11-18,212.03375244140625,212.8795166015625,207.999267578125,208.46786499023438,196.70626831054688,11249222
2015-11-19,210.0450897216797,214.57102966308594,209.6679229736328,213.66812133789062,201.6131134033203,12183206
2015-11-20,213.49668884277344,217.79405212402344,211.56515502929688,216.43397521972656,204.22293090820312,11304265
2015-11-23,217.15402221679688,218.95982360839844,216.285400390625,218.01119995117188,205.7111358642578,10499517
2015-11-24,217.8397674560547,222.09141540527344,217.39402770996094,221.19993591308594,208.71998596191406,14806176
2015-11-26,221.9542694091797,226.7430877685547,221.32566833496094,225.98875427246094,213.23861694335938,23805828
2015-11-27,226.06875610351562,226.86880493164062,222.66287231445312,223.7943572998047,211.1680450439453,10891864
2015-11-30,223.66864013671875,225.0172882080078,219.96559143066406,221.0627899169922,208.59059143066406,29919205
2015-12-01,220.35418701171875,223.73721313476562,219.7255859375,220.7884979248047,208.33175659179688,12981379
2015-12-02,220.86849975585938,223.9429473876953,220.46847534179688,223.5429229736328,210.93077087402344,7573628
2015-12-03,222.84573364257812,226.0573272705078,222.66287231445312,223.37147521972656,210.76901245117188,11361395
2015-12-04,222.2514190673828,223.1428985595703,219.75987243652344,220.6856231689453,208.23468017578125,13443688
2015-12-07,220.6856231689453,222.41143798828125,217.0968780517578,217.62261962890625,205.344482421875,14483909
2015-12-08,216.90257263183594,217.97691345214844,213.97671508789062,215.07391357421875,202.9396209716797,7532164
2015-12-09,213.99957275390625,215.65679931640625,208.6621551513672,209.3593292236328,197.5474090576172,9174419
2015-12-10,210.86798095703125,218.0226287841797,210.29652404785156,217.23402404785156,204.97784423828125,18592203
2015-12-11,217.55404663085938,219.21127319335938,215.5310821533203,217.82833862304688,205.53860473632812,18155513
2015-12-14,216.6054229736328,220.23989868164062,216.23968505859375,218.31979370117188,206.00234985351562,10563900
2015-12-15,218.7541046142578,223.5429229736328,217.98834228515625,223.07432556152344,210.48863220214844,15718833
2015-12-16,223.07432556152344,225.73731994628906,222.52572631835938,223.7029266357422,211.0817413330078,12097338
2015-12-17,224.02294921875,232.01193237304688,223.55435180664062,230.80043029785156,217.7788543701172,19369032
2015-12-18,229.45179748535156,230.6404266357422,226.29734802246094,226.73165893554688,213.93963623046875,16016139
2015-12-21,225.81732177734375,228.35459899902344,225.005859375,226.77737426757812,213.9827423095703,12331769
2015-12-22,226.9373779296875,229.177490234375,224.92584228515625,225.68017578125,212.94744873046875,11579277
2015-12-23,226.70880126953125,230.160400390625,226.29734802246094,229.45179748535156,216.50625610351562,12919467
2015-12-24,229.4746551513672,230.22897338867188,227.7374267578125,228.70889282226562,215.8052978515625,11901877
2015-12-28,228.72032165527344,231.7261962890625,228.5831756591797,230.96044921875,217.92982482910156,12885935
2015-12-29,230.96044921875,232.85768127441406,230.21754455566406,232.10336303710938,219.0082550048828,14913870
2015-12-30,232.01193237304688,232.24050903320312,229.04034423828125,229.61180114746094,216.6572265625,8151610
2015-12-31,229.36036682128906,233.08627319335938,228.37745666503906,231.9204864501953,218.835693359375,18483713
2016-01-01,230.8232879638672,232.9033966064453,230.4575653076172,232.09193420410156,218.99746704101562,5416562
2016-01-04,229.72608947753906,231.7376251220703,225.5430145263672,227.5088348388672,214.67294311523438,30170947
2016-01-05,228.65174865722656,230.86900329589844,227.89743041992188,229.7603759765625,216.79747009277344,14946239
2016-01-06,230.32040405273438,237.36077880859375,228.6746063232422,235.9435577392578,222.63180541992188,26759864
2016-01-07,233.3948516845703,234.98350524902344,230.42327880859375,231.61190795898438,218.54452514648438,19739943
2016-01-08,233.15484619140625,236.1035614013672,232.4005126953125,234.4691925048828,221.24058532714844,21313199
2016-01-11,232.2290802001953,242.4810333251953,231.09759521484375,240.37806701660156,226.81610107421875,29016443
2016-01-12,241.15525817871094,243.5325164794922,237.9779510498047,238.9722900390625,225.48963928222656,23373377
2016-01-13,240.720947265625,249.09852600097656,239.37229919433594,246.14979553222656,232.26222229003906,71802356
2016-01-14,243.17820739746094,247.09841918945312,240.7095184326172,242.67532348632812,228.98374938964844,27823189
2016-01-15,244.52685546875,249.04136657714844,243.57823181152344,245.33831787109375,231.4965057373047,28767318
2016-01-18,245.72691345214844,247.77273559570312,230.43470764160156,232.43479919433594,219.3209991455078,27254669
2016-01-19,235.21209716796875,239.96661376953125,231.8061981201172,238.54940795898438,225.0906524658203,21489315
2016-01-20,236.56072998046875,236.56072998046875,226.29734802246094,229.62322998046875,216.66806030273438,45114225
2016-01-21,232.59481811523438,234.4691925048828,223.25718688964844,224.9715576171875,212.27880859375,31768619
2016-01-22,227.22311401367188,231.09759521484375,227.22311401367188,229.53179931640625,216.58175659179688,23682648
2016-01-25,230.86900329589844,232.86911010742188,228.5831756591797,229.486083984375,216.53863525390625,13099564
2016-01-27,230.43470764160156,230.86900329589844,227.88600158691406,228.43460083007812,215.54647827148438,17251028
2016-01-28,228.811767578125,233.56629943847656,227.9202880859375,232.44622802734375,219.33177185058594,23074633
2016-01-29,232.91482543945312,237.72650146484375,232.6976776123047,236.67501831054688,223.32199096679688,19177163
2016-02-01,237.71507263183594,238.13795471191406,234.42347717285156,235.50924682617188,222.2220001220703,9918809
2016-02-02,235.50924682617188,236.08070373535156,226.41163635253906,228.84605407714844,215.93472290039062,14771279
2016-02-03,225.84017944335938,227.21168518066406,222.8686065673828,224.33152770996094,211.67489624023438,15691478
2016-02-04,225.84017944335938,228.811767578125,220.74278259277344,222.42286682128906,209.87393188476562,18203784
2016-02-05,223.8057861328125,224.4686737060547,219.75987243652344,221.93141174316406,209.41017150878906,20998404
2016-02-08,221.9771270751953,225.1087188720703,218.97125244140625,219.67987060546875,207.28567504882812,12078110
2016-02-09,217.81690979003906,221.45138549804688,217.15402221679688,218.86839294433594,206.5199737548828,19603494
2016-02-10,217.54261779785156,222.41143798828125,216.84542846679688,220.04559326171875,207.63075256347656,16883350
2016-02-11,220.09130859375,220.7999267578125,209.2678985595703,211.33657836914062,199.41310119628906,17114833
2016-02-12,213.4738311767578,213.4738311767578,203.0047149658203,207.22207641601562,195.53079223632812,29319458
2016-02-15,209.83935546875,217.4626007080078,209.83935546875,216.41111755371094,204.20135498046875,19283523
2016-02-16,217.40545654296875,218.98268127441406,211.8966064453125,212.7080841064453,200.7072296142578,13024856
2016-02-17,213.7481231689453,218.85696411132812,209.47361755371094,217.7483367919922,205.46315002441406,15442221
2016-02-18,220.11416625976562,221.42852783203125,213.953857421875,214.89105224609375,202.7670440673828,14433087
2016-02-19,214.86819458007812,217.78262329101562,214.26243591308594,215.86251831054688,203.68368530273438,10235503
2016-02-22,215.8053741455078,221.33709716796875,215.8053741455078,219.96559143066406,207.55526733398438,12770834
2016-02-23,220.14845275878906,221.0856475830078,215.49679565429688,217.0740203857422,204.8268280029297,18989787
2016-02-24,215.98825073242188,219.1083984375,215.32534790039062,217.759765625,205.47390747070312,15186204
2016-02-25,218.11407470703125,218.6512451171875,215.06248474121094,215.8053741455078,203.6298065185547,24826958
2016-02-26,217.8397674560547,219.1541290283203,215.85108947753906,217.23402404785156,204.97784423828125,8349402
2016-02-29,217.451171875,227.3488311767578,213.7252655029297,220.95993041992188,208.49351501464844,31032353
2016-03-01,220.51419067382812,225.16586303710938,220.5027618408203,224.3086700439453,211.65333557128906,16453192
2016-03-02,226.96023559570312,229.8975372314453,225.6687469482422,228.92605590820312,216.0101776123047,20105967
2016-03-03,230.86900329589844,232.6976776123047,228.01171875,231.52047729492188,218.45826721191406,15880459
2016-03-04,231.78334045410156,232.01193237304688,229.3832244873047,230.04611206054688,217.0670623779297,8987660
2016-03-08,230.29754638671875,235.64639282226562,230.29754638671875,234.7549285888672,221.5102081298828,13222993
2016-03-09,233.15484619140625,238.61798095703125,232.83482360839844,238.11509704589844,224.68080139160156,11854901
2016-03-10,238.19509887695312,239.0751495361328,230.6404266357422,231.26902770996094,218.2209930419922,20706353
2016-03-11,231.98907470703125,235.3378143310547,231.00616455078125,231.8976287841797,218.81414794921875,15319044
2016-03-14,232.94911193847656,234.61776733398438,231.5433349609375,233.0977020263672,219.9464874267578,11880095
2016-03-15,234.0691680908203,234.94921875,232.0347900390625,233.26913452148438,220.10826110839844,10487788
2016-03-16,233.3834228515625,234.48062133789062,229.82896423339844,233.5548553466797,220.3778533935547,11064129
2016-03-17,234.7549285888672,237.0178985595703,231.326171875,232.24050903320312,221.60496520996094,16832997
2016-03-18,232.75482177734375,235.47496032714844,232.17193603515625,234.80064392089844,224.0478515625,14030979
2016-03-21,234.97207641601562,238.0693817138672,233.783447265625,237.1093292236328,226.25082397460938,12708074
2016-03-22,237.04075622558594,240.52664184570312,236.73216247558594,239.52088928222656,228.55194091796875,15333442
2016-03-23,239.30372619628906,239.30372619628906,233.7034454345703,235.2578125,224.48406982421875,16806372
2016-03-28,235.440673828125,235.8292694091797,232.16050720214844,233.24627685546875,222.56468200683594,18070240
2016-03-29,234.02345275878906,238.1836700439453,233.2005615234375,236.86932373046875,226.0218048095703,15871250
2016-03-30,238.3436737060547,240.412353515625,238.3436737060547,239.3380126953125,228.37741088867188,14453294
2016-03-31,237.95509338378906,241.3838348388672,236.05784606933594,238.91513061523438,227.97390747070312,30833349
2016-04-01,237.52078247070312,239.1665802001953,234.29776000976562,236.45787048339844,225.62921142578125,12381116
2016-04-04,237.72650146484375,238.22938537597656,234.3663330078125,236.5950164794922,225.76004028320312,8632568
2016-04-05,235.749267578125,238.2751007080078,233.65773010253906,234.74349975585938,223.9933319091797,10259495
2016-04-06,235.9207000732422,236.97218322753906,233.74916076660156,236.29786682128906,225.4765167236328,6990781
2016-04-07,236.56072998046875,239.55517578125,233.63487243652344,237.097900390625,226.2399139404297,8789163
2016-04-08,236.789306640625,241.02952575683594,235.71498107910156,236.89218139648438,226.0436248779297,13411752
2016-04-11,237.04075622558594,238.9837188720703,236.1264190673828,237.79507446289062,226.90516662597656,10308361
2016-04-12,237.79507446289062,241.7152862548828,237.28076171875,239.4180145263672,228.4537811279297,11164859
2016-04-13,240.59523010253906,244.56114196777344,240.59523010253906,243.68109130859375,232.5216064453125,16038542
2016-04-18,243.6239471435547,243.8525390625,241.24668884277344,243.38394165039062,232.23806762695312,19065716
2016-04-20,244.40113830566406,244.40113830566406,236.76644897460938,237.1093292236328,226.25082397460938,21687934
2016-04-21,238.04652404785156,240.46949768066406,236.58358764648438,237.9893798828125,227.090576171875,11380697
2016-04-22,237.4979248046875,239.4408721923828,235.28067016601562,237.4864959716797,226.61070251464844,11705087
2016-04-25,238.7436981201172,238.7436981201172,231.39474487304688,232.44622802734375,221.80125427246094,61157544
2016-04-26,232.10336303710938,234.0463104248047,230.29754638671875,232.45765686035156,221.81216430664062,26429236
2016-04-27,232.67481994628906,234.51490783691406,232.24050903320312,233.01768493652344,222.34654235839844,14502641
2016-04-28,231.78334045410156,232.9719696044922,226.51449584960938,227.828857421875,217.39535522460938,61949033
2016-04-29,227.08595275878906,228.25173950195312,223.74864196777344,224.62869262695312,214.3417205810547,23479680
2016-05-02,223.78292846679688,226.845947265625,223.55435180664062,225.6001739501953,215.26869201660156,10620873
2016-05-03,225.84017944335938,227.4288330078125,222.3542938232422,223.0514678955078,212.8367156982422,17571826
2016-05-04,222.6514434814453,224.85726928710938,222.41143798828125,223.57720947265625,213.33840942382812,13546285
2016-05-05,224.0115203857422,224.8001251220703,221.93141174316406,222.92575073242188,212.71676635742188,21665684
2016-05-06,222.41143798828125,223.28004455566406,221.03993225097656,221.4856719970703,211.34263610839844,14748329
2016-05-09,222.8686065673828,225.3830108642578,222.36572265625,224.72012329101562,214.42898559570312,15347096
2016-05-10,224.72012329101562,225.0858612060547,223.55435180664062,224.5944061279297,214.30902099609375,7248302
2016-05-11,222.1371307373047,224.18295288085938,221.72567749023438,222.9600372314453,212.74948120117188,12339923
2016-05-12,223.09718322753906,227.2574005126953,222.88003540039062,226.9373779296875,216.54470825195312,12786216
2016-05-13,226.0573272705078,226.42306518554688,222.8686065673828,223.58863830566406,213.3493194580078,14648291
2016-05-16,223.3257598876953,224.58297729492188,221.9771270751953,223.08575439453125,212.86947631835938,9327335
2016-05-17,224.06866455078125,224.72012329101562,220.891357421875,221.53138732910156,211.38624572753906,12157600
2016-05-18,220.7884979248047,222.29713439941406,220.37704467773438,221.85140991210938,211.69163513183594,8228838
2016-05-19,222.11427307128906,222.1599884033203,216.14825439453125,217.42831420898438,207.47109985351562,9134784
2016-05-20,217.61119079589844,218.18264770507812,212.8909454345703,213.5424041748047,203.7631378173828,18544619
2016-05-23,214.26243591308594,215.0281982421875,211.5880126953125,212.5823516845703,202.84707641601562,18365734
2016-05-24,212.13661193847656,215.7825164794922,212.13661193847656,214.97105407714844,205.12635803222656,12283217
2016-05-25,217.11973571777344,217.79405212402344,215.1310577392578,217.42831420898438,207.47109985351562,9240115
2016-05-26,217.15402221679688,217.70262145996094,215.8053741455078,216.43397521972656,206.52230834960938,14190024
2016-05-27,216.93685913085938,223.3029022216797,216.8682861328125,222.80001831054688,212.59678649902344,13401594
2016-05-30,223.18861389160156,224.35438537597656,220.582763671875,221.42852783203125,211.28811645507812,9633652
2016-05-31,221.49710083007812,222.41143798828125,218.6398162841797,218.94839477539062,208.9215545654297,23332727
2016-06-01,218.97125244140625,220.83421325683594,217.5654754638672,217.97691345214844,207.99456787109375,9042808
2016-06-02,218.18264770507812,218.78839111328125,216.03396606445312,218.58265686035156,208.5725860595703,10253825
2016-06-03,219.43984985351562,220.1027374267578,218.49122619628906,219.35984802246094,209.3141632080078,8643295
2016-06-06,219.66842651367188,220.12559509277344,217.73690795898438,218.251220703125,208.25631713867188,8672842
2016-06-07,218.81124877929688,219.65699768066406,217.51974487304688,218.30836486816406,208.31085205078125,18954268
2016-06-08,218.98268127441406,218.98268127441406,216.959716796875,218.09121704101562,208.10362243652344,12135516
2016-06-09,219.43984985351562,223.20004272460938,218.57122802734375,221.98855590820312,211.82252502441406,15643495
2016-06-10,222.6400146484375,225.0172882080078,221.33709716796875,223.25718688964844,213.03302001953125,16316760
2016-06-13,221.70281982421875,224.8001251220703,220.13702392578125,224.26295471191406,213.99276733398438,10214469
2016-06-14,224.22866821289062,225.24586486816406,221.565673828125,223.15432739257812,212.9348907470703,10923848
2016-06-15,224.0115203857422,225.49729919433594,222.58287048339844,225.06300354003906,214.7561492919922,11129082
2016-06-16,224.24009704589844,224.84584045410156,221.05136108398438,223.16575622558594,212.94577026367188,9372207
2016-06-17,223.3257598876953,223.7029266357422,221.74853515625,222.84573364257812,212.6404266357422,10534878
2016-06-20,222.21713256835938,226.89166259765625,221.26852416992188,226.3430633544922,215.97760009765625,10758608
2016-06-21,227.2345428466797,227.2459716796875,223.9429473876953,225.63446044921875,215.3014373779297,13933068
2016-06-22,225.15443420410156,225.3601531982422,223.34861755371094,224.1258087158203,213.8618621826172,12788710
2016-06-23,224.00009155273438,224.4686737060547,221.72567749023438,224.1143798828125,213.85096740722656,9837526
2016-06-24,220.55990600585938,220.55990600585938,213.3595428466797,217.48545837402344,207.52560424804688,24985097
2016-06-27,214.98248291015625,219.07411193847656,214.98248291015625,218.4455108642578,208.4417266845703,9163399
2016-06-28,218.61695861816406,219.79415893554688,218.29693603515625,218.9369659423828,208.91067504882812,7604977
2016-06-29,219.8970184326172,221.4856719970703,219.43984985351562,221.01707458496094,210.8955078125,7523987
2016-06-30,222.18284606933594,223.4400634765625,221.05136108398438,221.53138732910156,211.38624572753906,12758283
2016-07-01,222.3542938232422,223.28004455566406,221.72567749023438,222.51429748535156,212.3241729736328,6610193
2016-07-04,222.98289489746094,227.1202392578125,222.98289489746094,225.5430145263672,215.21420288085938,7803505
2016-07-05,225.40586853027344,229.24606323242188,224.08009338378906,227.00595092773438,216.6101531982422,11359882
2016-07-07,226.86880493164062,228.6974639892578,225.41729736328125,225.81732177734375,215.47589111328125,12029091
2016-07-08,225.61160278320312,226.06875610351562,223.17718505859375,223.64578247070312,213.40383911132812,7140617
2016-07-11,226.5259246826172,227.4288330078125,225.2687225341797,226.86880493164062,216.479248046875,8266601
2016-07-12,227.49740600585938,229.72608947753906,226.5259246826172,229.36036682128906,218.85671997070312,9767494
2016-07-13,229.7718048095703,232.4005126953125,229.53179931640625,230.58328247070312,220.0236358642578,14915296
2016-07-14,230.43470764160156,231.8061981201172,228.1831512451172,229.70323181152344,219.1838836669922,10758372
2016-07-15,230.6404266357422,233.3834228515625,229.3832244873047,231.37188720703125,220.77610778808594,13992989
2016-07-18,234.98350524902344,237.44078063964844,228.9832000732422,230.01182556152344,219.47833251953125,32106850
2016-07-19,229.95468139648438,233.82916259765625,227.5088348388672,232.65196228027344,221.99758911132812,16649300
2016-07-20,233.14341735839844,235.0520782470703,232.36622619628906,233.84059143066406,223.1317596435547,12265316
2016-07-21,234.0691680908203,234.29776000976562,229.72608947753906,230.03468322753906,219.50013732910156,6711097
2016-07-22,229.95468139648438,232.65196228027344,229.7489471435547,231.97764587402344,221.35414123535156,6899519
2016-07-25,231.78334045410156,234.01202392578125,230.2632598876953,233.783447265625,223.07723999023438,8241568
2016-07-26,233.84059143066406,236.53787231445312,232.05764770507812,234.08059692382812,223.36077880859375,10516399
2016-07-27,233.85202026367188,234.52633666992188,230.62899780273438,231.57762145996094,220.972412109375,11030767
2016-07-28,232.00050354003906,235.55496215820312,231.56619262695312,234.60633850097656,223.86244201660156,15610838
2016-07-29,234.0691680908203,234.27490234375,231.326171875,231.98907470703125,221.3650360107422,9629597
2016-08-01,232.6976776123047,233.22341918945312,229.73751831054688,230.7547149658203,220.1872100830078,7978251
2016-08-02,230.41184997558594,233.15484619140625,230.02325439453125,231.50904846191406,220.90701293945312,7710138
2016-08-03,231.87477111816406,231.87477111816406,226.64022827148438,227.20025634765625,216.79551696777344,11872282
2016-08-04,228.35459899902344,228.5831756591797,224.7886962890625,226.98309326171875,216.58831787109375,10187608
2016-08-05,228.12600708007812,232.92625427246094,227.9088592529297,232.2976531982422,221.65948486328125,12109001
2016-08-08,233.13198852539062,236.35501098632812,232.84625244140625,235.2692413330078,224.4949951171875,13556347
2016-08-09,234.7549285888672,236.46929931640625,233.3834228515625,235.60067749023438,224.81126403808594,13290768
2016-08-10,235.72640991210938,236.48072814941406,229.04034423828125,229.41751098632812,218.91123962402344,13471958
2016-08-11,229.02891540527344,233.80630493164062,228.4917449951172,231.8061981201172,221.19056701660156,14169454
2016-08-12,232.46908569335938,238.389404296875,232.46908569335938,236.76644897460938,225.92364501953125,16365425
2016-08-16,236.86932373046875,238.82369995117188,232.126220703125,234.27490234375,223.5461883544922,13367575
2016-08-17,234.09202575683594,235.16636657714844,230.22897338867188,231.6233367919922,221.0160675048828,15486572
2016-08-18,232.24050903320312,233.98916625976562,232.24050903320312,232.7091064453125,222.0521240234375,7749690
2016-08-19,232.6976776123047,233.6120147705078,230.20611572265625,231.98907470703125,221.3650360107422,8177802
2016-08-22,231.326171875,233.08627319335938,230.22897338867188,231.29188537597656,220.69976806640625,6684236
2016-08-23,231.326171875,232.01193237304688,229.72608947753906,230.9718780517578,220.39442443847656,7320433
2016-08-24,231.25759887695312,233.6005859375,231.09759521484375,233.26913452148438,222.5865020751953,8719596
2016-08-25,233.42913818359375,235.21209716796875,230.6404266357422,231.48619079589844,220.88519287109375,14960746
2016-08-26,232.67481994628906,235.62353515625,231.9204864501953,234.9606475830078,224.20053100585938,9639663
2016-08-29,234.81207275390625,242.24102783203125,234.5491943359375,241.7152862548828,230.6458282470703,16193208
2016-08-30,242.75534057617188,244.24111938476562,240.69808959960938,243.7611083984375,232.59796142578125,18170724
2016-08-31,243.41822814941406,245.4983367919922,239.3265838623047,242.2981719970703,231.2020263671875,23295502
2016-09-01,240.69808959960938,245.2126007080078,234.457763671875,235.2578125,224.48406982421875,42621045
2016-09-02,235.69210815429688,236.0235595703125,229.10891723632812,231.634765625,221.02696228027344,28124615
2016-09-06,233.13198852539062,234.29776000976562,232.01193237304688,233.13198852539062,222.4556121826172,11510431
2016-09-07,233.6120147705078,234.766357421875,231.56619262695312,232.61767578125,221.96484375,12927438
2016-09-08,233.85202026367188,236.80075073242188,233.2005615234375,236.2178497314453,225.40017700195312,12206479
2016-09-09,236.58358764648438,239.98947143554688,235.440673828125,238.7665557861328,227.8321533203125,15269894
2016-09-12,235.5321044921875,241.3838348388672,235.2463836669922,239.21229553222656,228.25747680664062,33684893
2016-09-14,239.55517578125,242.069580078125,237.93223571777344,238.81227111816406,227.87579345703125,18604842
2016-09-15,239.3265838623047,244.6297149658203,239.3265838623047,243.4410858154297,232.29261779785156,31371009
2016-09-16,243.89825439453125,250.03570556640625,242.09243774414062,245.85263061523438,234.59371948242188,39324529
2016-09-19,245.16688537597656,248.69850158691406,244.81259155273438,247.41842651367188,236.08782958984375,16678060
2016-09-20,247.78416442871094,247.95559692382812,244.36685180664062,245.54405212402344,234.29928588867188,11531268
2016-09-21,245.4983367919922,247.98988342285156,244.3554229736328,245.0983123779297,233.87393188476562,10943394
2016-09-22,247.5555877685547,250.4814453125,246.64125061035156,248.9156494140625,237.5164794921875,18761415
2016-09-23,248.9270782470703,253.6016082763672,248.9270782470703,252.08152770996094,240.537353515625,31085948
2016-09-26,252.2186737060547,258.1961364746094,251.49864196777344,253.08729553222656,241.4970703125,38213411
2016-09-27,255.32740783691406,257.37322998046875,252.9501495361328,253.84161376953125,242.2168426513672,19374535
2016-09-28,253.24729919433594,253.27015686035156,248.30990600585938,249.3042449951172,237.88723754882812,24820234
2016-09-29,250.298583984375,253.8987579345703,243.98968505859375,245.14402770996094,233.9175567626953,21260295
2016-09-30,244.1268310546875,250.1957244873047,243.7382354736328,247.71559143066406,236.37135314941406,11199883
2016-10-03,248.46990966796875,253.25872802734375,246.0126495361328,249.315673828125,237.898193359375,18125170
2016-10-04,249.85284423828125,253.33872985839844,249.61282348632812,250.60716247558594,239.13050842285156,13113580
2016-10-05,252.3558349609375,252.9272918701172,248.19561767578125,249.0185089111328,237.61460876464844,10789932
2016-10-06,249.61282348632812,257.4418029785156,249.61282348632812,253.9102020263672,242.2822723388672,21111045
2016-10-07,254.64166259765625,256.7103271484375,252.9272918701172,253.49874877929688,241.88966369628906,15280380
2016-10-10,254.64166259765625,256.4703369140625,250.0699920654297,250.60716247558594,239.13050842285156,11553662
2016-10-13,248.9270782470703,248.93850708007812,240.46949768066406,241.64671325683594,230.58042907714844,21938040
2016-10-14,242.98391723632812,247.32699584960938,242.67532348632812,246.33265686035156,235.0517578125,15265659
2016-10-17,246.8698272705078,247.05270385742188,242.01243591308594,242.44674682617188,231.3437957763672,9826781
2016-10-18,243.66966247558594,247.49844360351562,242.7667694091797,247.12127685546875,235.80429077148438,11073137
2016-10-19,247.88702392578125,250.23001098632812,247.18984985351562,248.54991149902344,237.16744995117188,17073242
2016-10-20,250.05856323242188,250.9843292236328,247.79559326171875,248.59564208984375,237.21112060546875,10125508
2016-10-21,250.75575256347656,250.75575256347656,241.93243408203125,243.2582244873047,232.1181182861328,43608816
2016-10-24,244.58399963378906,245.4983367919922,242.44674682617188,243.052490234375,231.9218292236328,10513017
2016-10-25,243.4410858154297,243.49822998046875,240.97238159179688,242.49246215820312,231.38743591308594,7658966
2016-10-26,241.395263671875,242.17245483398438,240.4923553466797,240.93809509277344,229.90423583984375,10945927
2016-10-27,240.26377868652344,240.90380859375,238.50369262695312,239.71517944335938,228.73731994628906,12842476
2016-10-28,240.01234436035156,241.84100341796875,238.59512329101562,241.14382934570312,230.10055541992188,8127969
2016-11-01,240.3094940185547,241.37240600585938,239.4180145263672,240.2409210205078,229.239013671875,10223897
2016-11-02,237.95509338378906,238.3779754638672,233.3834228515625,234.01202392578125,223.29534912109375,7039997
2016-11-03,234.03488159179688,236.5264434814453,233.2919921875,234.0577392578125,223.33897399902344,7311872
2016-11-04,233.2119903564453,234.73207092285156,228.5831756591797,229.85182189941406,219.32566833496094,11535892
2016-11-07,231.78334045410156,232.36622619628906,228.36602783203125,228.84605407714844,218.365966796875,9506040
2016-11-08,229.8861083984375,229.8861083984375,228.194580078125,229.3832244873047,218.87852478027344,13432073
2016-11-09,217.15402221679688,230.6404266357422,212.5823516845703,229.63465881347656,219.11846923828125,21640144
2016-11-10,232.83482360839844,235.20066833496094,230.18325805664062,230.96044921875,220.38351440429688,9764091
2016-11-11,228.0917205810547,232.58338928222656,227.46311950683594,228.9832000732422,218.49685668945312,14775330
2016-11-15,227.78314208984375,228.5831756591797,223.9086456298828,225.24586486816406,214.93064880371094,14487470
2016-11-16,227.4402618408203,227.85171508789062,224.17152404785156,225.50872802734375,215.18145751953125,16550762
2016-11-17,225.3830108642578,228.16029357910156,222.7314453125,223.49720764160156,213.26210021972656,12628378
2016-11-18,225.15443420410156,226.91452026367188,224.4686737060547,225.72589111328125,215.388671875,18163751
2016-11-21,225.73731994628906,227.1088104248047,224.74298095703125,226.64022827148438,216.2611541748047,13232434
2016-11-22,228.05743408203125,230.36611938476562,227.05166625976562,228.9146270751953,218.431396484375,17646355
2016-11-23,229.72608947753906,230.98330688476562,228.48031616210938,230.6404266357422,220.0781707763672,13107911
2016-11-24,229.85182189941406,229.85182189941406,224.514404296875,225.6916046142578,215.35597229003906,18913793
2016-11-25,226.29734802246094,227.64598083496094,225.005859375,227.14309692382812,216.74098205566406,10454964
2016-11-28,226.98309326171875,228.72032165527344,224.94869995117188,225.53158569335938,215.2032928466797,8312777
2016-11-29,226.06875610351562,229.5660858154297,225.8516082763672,228.05743408203125,217.61346435546875,9885281
2016-11-30,228.57174682617188,228.57174682617188,225.53158569335938,226.30877685546875,215.9448699951172,27596098
2016-12-01,228.5831756591797,232.01193237304688,227.4402618408203,228.06886291503906,217.6243438720703,12627845
2016-12-02,227.64598083496094,229.72608947753906,226.70880126953125,227.38311767578125,216.9700164794922,12481430
2016-12-05,227.4402618408203,228.5146026611328,225.49729919433594,227.17739868164062,216.7737274169922,3987213
2016-12-06,227.66883850097656,230.0803985595703,227.3488311767578,229.7718048095703,219.24932861328125,6726369
2016-12-07,229.4975128173828,230.32040405273438,227.7488555908203,228.38888549804688,217.92974853515625,4930865
2016-12-08,229.73751831054688,233.56629943847656,229.5775146484375,233.16627502441406,222.48831176757812,8750556
2016-12-09,233.6120147705078,235.86355590820312,233.22341918945312,235.20066833496094,224.4295654296875,8239158
2016-12-12,233.26913452148438,238.11509704589844,233.26913452148438,234.80064392089844,224.0478515625,9023848
2016-12-13,234.98350524902344,237.95509338378906,234.88064575195312,237.6807861328125,226.79608154296875,10365823
2016-12-14,237.6807861328125,243.31536865234375,237.3150634765625,242.1838836669922,231.0929718017578,24139260
2016-12-15,240.56094360351562,244.035400390625,239.70375061035156,240.68666076660156,229.66432189941406,19331986
2016-12-16,240.46949768066406,242.75534057617188,240.46949768066406,241.64671325683594,230.58042907714844,14942206
2016-12-19,241.15525817871094,243.88682556152344,241.0066680908203,242.8810577392578,231.75823974609375,15009634
2016-12-20,241.08668518066406,242.52674865722656,240.7323760986328,241.81814575195312,230.74400329589844,11688169
2016-12-21,242.32102966308594,243.96682739257812,241.65814208984375,243.0410614013672,231.910888671875,20367894
2016-12-22,241.84100341796875,242.90391540527344,240.2294921875,240.77809143066406,229.75155639648438,28892834
2016-12-23,240.46949768066406,244.343994140625,240.46949768066406,241.68099975585938,230.6131134033203,10265033
2016-12-26,241.0066680908203,243.66966247558594,238.78941345214844,239.429443359375,228.4646759033203,15321770
2016-12-27,239.52088928222656,243.92111206054688,239.3265838623047,243.3725128173828,232.2271728515625,17442849
2016-12-28,244.10397338867188,244.48114013671875,239.3494415283203,239.94375610351562,228.9554443359375,9637310
2016-12-29,240.01234436035156,244.30970764160156,239.89804077148438,243.5439453125,232.39076232910156,8772325
2016-12-30,243.39537048339844,248.01275634765625,243.00677490234375,247.41842651367188,236.08782958984375,15711974
2017-01-02,247.78416442871094,249.15567016601562,245.1211700439453,248.03561401367188,236.6767120361328,7097888
2017-01-03,249.1213836669922,250.75575256347656,247.12127685546875,249.0185089111328,237.61460876464844,6434204
2017-01-04,249.8185577392578,249.84141540527344,243.2810821533203,243.9325408935547,232.76156616210938,10392483
2017-01-05,244.81259155273438,246.8469696044922,244.29827880859375,246.2755126953125,234.9972381591797,8734164
2017-01-06,245.54405212402344,248.01275634765625,245.2926025390625,245.71548461914062,234.4628448486328,7845839
2017-01-09,246.18408203125,248.2413330078125,244.81259155273438,246.34408569335938,235.06265258789062,5228980
2017-01-10,246.8698272705078,250.1614227294922,246.8698272705078,249.1213836669922,237.71275329589844,11349916
2017-01-11,250.298583984375,250.45858764648438,247.78416442871094,248.2527618408203,236.8839111328125,11475958
2017-01-12,248.46990966796875,249.2356719970703,246.82411193847656,247.62416076660156,236.2841033935547,4371992
2017-01-13,247.90988159179688,250.8700408935547,247.90988159179688,249.24710083007812,237.83273315429688,7234429
2017-01-16,249.1442413330078,250.05856323242188,245.48690795898438,246.0126495361328,234.74639892578125,12013154
2017-01-17,243.4410858154297,244.1268310546875,237.38363647460938,238.01223754882812,227.11236572265625,39234251
2017-01-18,238.32081604003906,239.55517578125,235.15493774414062,236.0235595703125,225.21475219726562,15867619
2017-01-19,236.6178741455078,238.93800354003906,235.66925048828125,236.28643798828125,225.4656219482422,15284274
2017-01-20,236.3435821533203,237.14361572265625,234.0463104248047,234.48062133789062,223.74249267578125,8784907
2017-01-23,233.56629943847656,235.66925048828125,231.50904846191406,232.2176513671875,221.58319091796875,13708502
2017-01-24,232.46908569335938,235.16636657714844,232.46908569335938,234.82350158691406,224.0696563720703,9419288
2017-01-25,235.89784240722656,236.05784606933594,232.27479553222656,232.5376739501953,221.88851928710938,23856654
2017-01-27,233.2119903564453,235.18923950195312,232.92625427246094,234.32061767578125,223.5897979736328,21861796
2017-01-30,234.2863311767578,239.20086669921875,234.25204467773438,238.82369995117188,227.88668823242188,15678126
2017-01-31,239.29229736328125,240.88095092773438,237.79507446289062,238.91513061523438,227.97390747070312,15125194
2017-02-01,239.12086486816406,240.2180633544922,236.62930297851562,239.9323272705078,228.9445037841797,11312284
2017-02-02,240.01234436035156,240.19520568847656,237.3264923095703,238.52655029296875,227.6031494140625,9099129
2017-02-03,239.09800720214844,240.11520385742188,235.46353149414062,236.27500915527344,225.45468139648438,13219481
2017-02-06,237.04075622558594,238.8465576171875,235.90927124023438,238.10366821289062,227.19961547851562,9991907
2017-02-07,238.1836700439453,238.263671875,234.80064392089844,235.64639282226562,224.85484313964844,9905562
2017-02-08,235.64639282226562,237.3264923095703,233.6120147705078,234.33204650878906,223.60072326660156,16230826
2017-02-09,234.98350524902344,236.35501098632812,234.70921325683594,236.06927490234375,225.25839233398438,9861688
2017-02-10,236.58358764648438,236.7093048095703,234.42347717285156,235.47496032714844,224.69129943847656,12518554
2017-02-13,236.1264190673828,236.35501098632812,233.6120147705078,235.40638732910156,224.6258544921875,8565757
2017-02-14,236.58358764648438,240.67523193359375,235.41781616210938,239.96661376953125,228.97723388671875,18244623
2017-02-15,240.67523193359375,241.72671508789062,238.9265594482422,240.3094940185547,229.30442810058594,15236663
2017-02-16,240.59523010253906,244.45828247070312,240.59523010253906,244.01254272460938,232.837890625,19655195
2017-02-17,243.78396606445312,246.45838928222656,241.94386291503906,245.84120178222656,234.58279418945312,14847356
2017-02-20,244.709716796875,246.60696411132812,243.78396606445312,245.81834411621094,234.5609893798828,11650581
2017-02-21,245.7726287841797,249.37281799316406,245.2811737060547,248.7442169189453,237.35289001464844,14186476
2017-02-22,249.84141540527344,276.9627990722656,249.61282348632812,276.0141906738281,263.3739929199219,127323130
2017-02-23,277.4085388183594,279.3286437988281,269.5795593261719,270.35675048828125,257.9756164550781,62249698
2017-02-27,272.1282653808594,287.2833251953125,272.093994140625,283.19171142578125,270.2228698730469,83422197
2017-02-28,281.6144714355469,285.2718200683594,280.8144226074219,282.9974060058594,270.03741455078125,36111716
2017-03-01,283.46600341796875,284.44891357421875,281.1573181152344,282.1859436035156,269.26312255859375,24385665
2017-03-02,282.9631042480469,286.8033142089844,280.4830017089844,282.70025634765625,269.7538757324219,18063590
2017-03-03,283.7974548339844,294.3694152832031,283.7974548339844,287.683349609375,274.5088195800781,84305639
2017-03-06,290.0720520019531,299.901123046875,289.2148742675781,298.38104248046875,284.71661376953125,66724743
2017-03-07,301.4669189453125,303.3298645019531,296.278076171875,298.28961181640625,284.6293640136719,42071555
2017-03-08,298.918212890625,298.918212890625,293.9808349609375,295.1466064453125,281.6302795410156,43336972
2017-03-09,294.872314453125,296.7009582519531,292.9293518066406,294.12939453125,280.6596374511719,31094457
2017-03-10,294.929443359375,296.2438049316406,288.2890930175781,292.963623046875,279.54718017578125,24785585
2017-03-14,301.4440612792969,301.501220703125,293.7865295410156,294.75799560546875,281.25946044921875,27765035
2017-03-15,295.1123046875,300.884033203125,294.9637451171875,298.28961181640625,284.6293640136719,24107889
2017-03-16,299.4439697265625,299.535400390625,295.6951904296875,296.6209716796875,283.03704833984375,15924023
2017-03-17,298.9867858886719,301.7183532714844,296.71240234375,297.3181457519531,283.70233154296875,22727289
2017-03-20,298.5296325683594,298.5867919921875,292.2093200683594,292.76934814453125,279.3618469238281,12869337
2017-03-21,293.08935546875,293.4779357910156,287.85479736328125,288.8834228515625,275.6539001464844,22596181
2017-03-22,286.1861267089844,289.3634338378906,284.94036865234375,287.94622802734375,274.7596130371094,20291685
2017-03-23,288.7348327636719,292.02642822265625,287.5576477050781,291.0549621582031,277.7259826660156,11807911
2017-03-24,291.2378234863281,295.3294677734375,289.9463195800781,294.12939453125,280.6596374511719,16282523
2017-03-27,290.55206298828125,292.3007507324219,285.08892822265625,285.98040771484375,272.8838195800781,32452615
2017-03-28,287.5576477050781,288.92913818359375,283.92315673828125,284.75750732421875,271.7168884277344,21707345
2017-03-29,286.1175537109375,288.0148010253906,281.9230651855469,287.2490539550781,274.0943603515625,18924345
2017-03-30,286.87188720703125,291.38641357421875,286.41473388671875,290.44921875,277.14794921875,27862325
2017-03-31,289.38629150390625,305.7642822265625,289.38629150390625,301.9355163574219,288.1082458496094,45390562
2017-04-03,306.7586364746094,315.55908203125,305.62713623046875,314.22186279296875,299.8319396972656,44886623
2017-04-05,318.91925048828125,324.1309509277344,315.4676513671875,323.4451904296875,308.6329040527344,40323877
2017-04-06,322.0736999511719,331.19415283203125,320.51934814453125,328.81689453125,313.7586364746094,50620850
2017-04-07,324.8852844238281,327.78826904296875,320.5993347167969,321.52508544921875,306.8006896972656,31875272
2017-04-10,322.3022766113281,325.7081604003906,314.8276062011719,315.7533874511719,301.2933349609375,30768410
2017-04-11,317.2391662597656,320.11932373046875,313.18182373046875,313.6961364746094,299.330322265625,32249647
2017-04-12,316.0848083496094,316.9191589355469,308.85015869140625,309.5016174316406,295.3278503417969,27448279
2017-04-13,309.5016174316406,313.9361267089844,307.9815368652344,311.9703369140625,297.6835021972656,12713918
2017-04-17,312.01605224609375,318.999267578125,312.01605224609375,318.15350341796875,303.58349609375,11837502
2017-04-18,320.0050354003906,322.3022766113281,312.47320556640625,313.2046813964844,298.8613586425781,16016414
2017-04-19,312.93035888671875,316.0276794433594,310.3130798339844,312.8846435546875,298.5559997558594,11572557
2017-04-20,315.2162170410156,316.9991455078125,311.810302734375,313.05609130859375,298.71954345703125,8393496
2017-04-21,315.55908203125,324.81671142578125,315.11334228515625,320.5879211425781,305.9064636230469,30230907
2017-04-24,322.0851135253906,328.0168762207031,320.0621643066406,323.9938049316406,309.1564025878906,25512511
2017-04-25,333.7314453125,335.5029602050781,325.98248291015625,327.51397705078125,312.51531982421875,36764315
2017-04-26,328.0168762207031,329.17120361328125,320.61077880859375,323.7766418457031,308.9491882324219,16763153
2017-04-27,323.9023742675781,325.5367431640625,320.51934814453125,322.18798828125,307.4333190917969,12571594
2017-04-28,322.2451477050781,324.65667724609375,317.9591979980469,318.91925048828125,304.314208984375,11848658
2017-05-02,320.4736022949219,320.4736022949219,312.3132019042969,313.28466796875,298.93768310546875,18591411
2017-05-03,314.7361755371094,315.6162109375,312.01605224609375,313.18182373046875,298.8395080566406,9500038
2017-05-04,314.3018798828125,315.3533630371094,309.5130615234375,310.404541015625,296.189453125,14365934
2017-05-05,311.2388610839844,312.55322265625,302.8727111816406,303.6156005859375,289.71142578125,15598448
2017-05-08,304.015625,306.1871643066406,301.3526306152344,302.0498046875,288.2173156738281,16066733
2017-05-09,302.6441345214844,304.8499450683594,301.78692626953125,304.09564208984375,290.1694641113281,21106150
2017-05-10,305.1128234863281,311.6960144042969,304.1642150878906,310.6673889160156,296.44024658203125,22906024
2017-05-11,311.810302734375,313.101806640625,308.9644470214844,310.770263671875,296.5384216308594,13783848
2017-05-12,310.8845520019531,311.7874450683594,307.22723388671875,308.6901550292969,294.5535888671875,7523427
2017-05-15,310.05023193359375,310.05023193359375,304.815673828125,307.2386474609375,293.16851806640625,6738085
2017-05-16,307.68438720703125,314.7361755371094,306.530029296875,310.0273742675781,295.8295593261719,12655992
2017-05-17,309.2730407714844,312.2331848144531,308.0729675292969,309.2958984375,295.1315612792969,9844573
2017-05-18,306.3586120605469,308.5872802734375,302.6669921875,303.4098815917969,289.5151062011719,9790379
2017-05-19,304.7013854980469,305.31854248046875,299.4439697265625,301.4669189453125,287.6611328125,12813204
2017-05-22,303.215576171875,304.8385314941406,300.6325988769531,302.67840576171875,288.8171691894531,8801430
2017-05-23,303.03271484375,303.9813537597656,297.61529541015625,298.4267578125,284.76019287109375,9223001
2017-05-24,298.87249755859375,300.28973388671875,296.0380859375,296.63238525390625,283.0479736328125,14326531
2017-05-25,297.15814208984375,299.9925537109375,296.3466491699219,297.7181701660156,284.0840759277344,25922008
2017-05-26,298.06103515625,307.3072204589844,297.15814208984375,305.6842956542969,291.6853332519531,21430443
2017-05-29,305.61572265625,312.118896484375,305.2956848144531,310.1645202636719,295.9603576660156,24022633
2017-05-30,309.9359436035156,311.9474792480469,308.2444152832031,310.72454833984375,296.49481201171875,9658309
2017-05-31,312.47320556640625,312.69036865234375,305.3414001464844,306.4614562988281,292.42694091796875,16423338
2017-06-01,304.6328125,306.30145263671875,302.4155578613281,303.6156005859375,289.71142578125,9534069
2017-06-02,305.1585388183594,306.0043029785156,301.0440368652344,302.8155517578125,288.94805908203125,11495005
2017-06-05,303.158447265625,306.530029296875,300.78118896484375,303.8670349121094,289.9513244628906,10835031
2017-06-06,304.91851806640625,304.91851806640625,299.67254638671875,300.083984375,286.3415222167969,9591064
2017-06-07,299.71826171875,306.7586364746094,299.21539306640625,306.0728759765625,292.05615234375,11199223
2017-06-08,306.30145263671875,307.3986511230469,303.56988525390625,304.4042053222656,290.46392822265625,7903123
2017-06-09,307.46722412109375,309.2615966796875,304.24420166015625,305.31854248046875,291.33636474609375,13836547
2017-06-12,303.2270202636719,303.95849609375,301.0440368652344,301.60406494140625,287.7920227050781,8432435
2017-06-13,301.866943359375,303.3298645019531,299.67254638671875,300.43829345703125,286.67962646484375,6025338
2017-06-14,300.7926025390625,310.87310791015625,300.7926025390625,310.3016662597656,296.09124755859375,52939271
2017-06-15,310.87310791015625,318.87353515625,310.6673889160156,316.3476867675781,301.86041259765625,28290813
2017-06-16,317.52490234375,319.056396484375,312.9989318847656,317.4563293457031,302.9183349609375,32710880
2017-06-19,317.7763366699219,323.6280517578125,317.7763366699219,322.1308288574219,307.37872314453125,15236956
2017-06-20,322.0736999511719,325.0681457519531,321.7193908691406,322.8394470214844,308.05487060546875,10142474
2017-06-21,321.7994079589844,326.4167785644531,320.9879150390625,325.0452880859375,310.15966796875,19992472
2017-06-22,326.74822998046875,330.3941345214844,326.34820556640625,327.4797058105469,312.4826354980469,22118609
2017-06-23,328.2454528808594,329.616943359375,327.0111083984375,328.2111511230469,313.1806335449219,31143289
2017-06-27,327.33111572265625,329.84552001953125,325.73101806640625,328.50830078125,313.4641418457031,32591540
2017-06-28,329.1483459472656,329.1483459472656,318.999267578125,319.673583984375,305.03399658203125,15567803
2017-06-29,320.0164489746094,322.3022766113281,317.75347900390625,318.3477783203125,303.7688903808594,12898245
2017-06-30,318.1877746582031,318.2792053222656,314.31329345703125,315.4447937011719,300.9989318847656,7814271
2017-07-03,317.31915283203125,318.8049621582031,313.3875427246094,315.6847839355469,301.2278747558594,9195278
2017-07-04,317.7306213378906,326.2110595703125,317.5020446777344,325.0338439941406,310.1488342285156,18816782
2017-07-05,326.74822998046875,330.86273193359375,325.50244140625,329.7655334472656,314.663818359375,27209010
2017-07-06,331.1484375,331.44561767578125,328.7026062011719,329.74267578125,314.6419982910156,13590313
2017-07-07,329.84552001953125,342.3604431152344,329.1597900390625,340.851806640625,325.2423400878906,35845310
2017-07-10,341.75469970703125,343.08050537109375,340.3832092285156,341.2403869628906,325.6131591796875,3504540
2017-07-11,343.1033630371094,343.8805236816406,339.9031982421875,341.5832824707031,325.9403076171875,20995547
2017-07-12,342.73760986328125,348.58935546875,342.3033142089844,345.41204833984375,329.5937805175781,17104482
2017-07-13,344.8748779296875,348.58935546875,344.2805480957031,347.92645263671875,334.63214111328125,23010262
2017-07-14,347.4464416503906,351.103759765625,346.4292297363281,350.5894470214844,337.19342041015625,20530867
2017-07-17,351.33233642578125,356.4983215332031,351.33233642578125,354.7039489746094,341.1507263183594,18749450
2017-07-18,353.57244873046875,354.7153625488281,345.3891906738281,347.423583984375,334.1485595703125,19640167
2017-07-19,345.7549133300781,351.5609436035156,345.7549133300781,350.4065856933594,337.017578125,11790198
2017-07-20,351.9609375,354.3039245605469,348.29217529296875,349.4808349609375,336.12713623046875,13626050
2017-07-21,354.3039245605469,363.8358459472656,353.14959716796875,362.3043518066406,348.4607238769531,97142371
2017-07-24,365.73309326171875,371.4248046875,362.3043518066406,369.218994140625,355.11114501953125,43429394
2017-07-25,371.37908935546875,371.4362487792969,365.1844787597656,366.22454833984375,352.23114013671875,20063064
2017-07-26,366.6931457519531,372.5677185058594,365.9845275878906,370.933349609375,356.7599792480469,21954323
2017-07-27,372.1334228515625,372.9334411621094,363.0700988769531,364.5444641113281,350.6152648925781,18409364
2017-07-28,363.73297119140625,367.0931701660156,360.7042541503906,364.4644470214844,350.5382385253906,14331863
2017-07-31,366.1788330078125,370.03045654296875,364.8187561035156,369.2075500488281,355.1001281738281,16567422
2017-08-01,370.933349609375,370.933349609375,363.7901306152344,366.5559997558594,352.5499267578125,12311920
2017-08-02,368.0189208984375,373.89349365234375,367.5845947265625,372.40771484375,358.1780090332031,20786240
2017-08-03,371.87054443359375,380.5681457519531,369.63043212890625,377.1850891113281,362.7728576660156,19707381
2017-08-04,380.1338195800781,380.1338195800781,369.1846923828125,370.79620361328125,356.62811279296875,18579866
2017-08-07,372.956298828125,372.956298828125,368.601806640625,369.4704284667969,355.3529357910156,9537088
2017-08-08,369.84759521484375,370.5447692871094,362.7157897949219,366.31597900390625,352.319091796875,10961296
2017-08-09,366.0759582519531,370.30474853515625,362.3043518066406,365.4587707519531,351.4945983886719,10436651
2017-08-10,364.1444396972656,367.253173828125,360.6928405761719,362.15576171875,348.31781005859375,10188164
2017-08-11,354.5210876464844,361.1614074707031,350.4179992675781,353.4467468261719,339.9415283203125,16996281
2017-08-14,356.8183288574219,362.1900329589844,356.8183288574219,359.57275390625,345.8334655761719,13440617
2017-08-16,359.332763671875,360.2471008300781,354.3496398925781,357.984130859375,344.3055725097656,13576650
2017-08-17,358.6470031738281,365.1959228515625,356.8526306152344,358.21270751953125,344.525390625,15828719
2017-08-18,357.50408935546875,360.6585388183594,355.0239562988281,360.10992431640625,346.35015869140625,7935890
2017-08-21,360.4756774902344,362.11004638671875,356.64691162109375,357.59552001953125,343.9317626953125,7573558
2017-08-22,359.332763671875,361.1385498046875,355.6868591308594,356.6011962890625,342.9754333496094,9533641
2017-08-23,357.6983947753906,362.65863037109375,355.0239562988281,361.6300048828125,347.8121032714844,8320052
2017-08-24,363.447265625,364.1558532714844,357.6183776855469,358.4298400878906,344.7342834472656,12654347
2017-08-28,360.94427490234375,361.6071472167969,356.8640441894531,358.08697509765625,344.4045104980469,12316426
2017-08-29,357.01263427734375,358.30413818359375,349.7322692871094,350.2237243652344,336.8417053222656,15164812
2017-08-30,353.743896484375,358.6012878417969,352.3038330078125,357.5269470214844,343.8658447265625,10334911
2017-08-31,360.01849365234375,365.15020751953125,359.7899169921875,364.47589111328125,350.54931640625,25104625
2017-09-01,365.69879150390625,369.5275573730469,365.5045166015625,368.0417785644531,353.9788818359375,15431918
2017-09-04,369.276123046875,373.9963684082031,364.7844543457031,368.78466796875,354.6934509277344,21560532
2017-09-05,372.590576171875,373.69921875,370.5447692871094,373.1849060058594,358.92547607421875,25216776
2017-09-06,371.7676696777344,377.73370361328125,370.9447937011719,376.1107482910156,361.7395935058594,48745984
2017-09-07,376.2479248046875,380.59100341796875,372.590576171875,374.0077819824219,359.7169494628906,16205339
2017-09-08,374.87640380859375,376.3622131347656,371.2648010253906,373.4591979980469,359.1893310546875,13248413
2017-09-11,375.4707336425781,378.00799560546875,373.2991943359375,373.9163513183594,359.6290283203125,12690592
2017-09-12,376.13360595703125,377.1622314453125,373.5049133300781,376.5907897949219,362.2012939453125,6500191
2017-09-13,376.705078125,393.1173400878906,375.7907409667969,388.1342468261719,373.3036804199219,29377106
2017-09-14,391.24298095703125,393.84881591796875,384.93408203125,385.7798156738281,371.0391540527344,11867640
2017-09-15,384.93408203125,389.8943176269531,381.61962890625,384.8426513671875,370.1377868652344,28595395
2017-09-18,388.5914001464844,389.0714416503906,385.43695068359375,386.5570068359375,371.78662109375,5061995
2017-09-19,387.9971008300781,388.01995849609375,382.64825439453125,383.37969970703125,368.7307434082031,7718697
2017-09-20,391.380126953125,398.8776550292969,386.3512878417969,387.2884826660156,372.490234375,24942703
2017-09-21,387.21990966796875,389.36859130859375,382.30535888671875,384.63690185546875,369.93994140625,12950541
2017-09-22,383.9740295410156,383.9740295410156,371.7676696777344,373.6877746582031,359.40911865234375,12294087
2017-09-25,372.590576171875,378.5108947753906,368.1103515625,375.58502197265625,361.23394775390625,14229631
2017-09-26,375.6535949707031,378.09942626953125,371.3105163574219,374.922119140625,360.59637451171875,10564143
2017-09-27,377.4365539550781,377.4822692871094,363.67584228515625,365.344482421875,351.3846740722656,18448855
2017-09-28,365.5730895996094,367.0588684082031,356.6811828613281,359.5384826660156,345.8005676269531,29547622
2017-09-29,361.9614562988281,362.7157897949219,356.1783142089844,357.001220703125,343.3602294921875,16666208
2017-10-03,363.447265625,367.4931640625,359.03558349609375,364.978759765625,351.03289794921875,18345748
2017-10-04,365.3673400878906,377.1393737792969,363.7215576171875,374.3506774902344,360.0467834472656,18907611
2017-10-05,377.1622314453125,378.7394714355469,374.2592468261719,376.7736511230469,362.37713623046875,10631751
2017-10-06,376.705078125,383.72259521484375,376.0650329589844,382.6711120605469,368.04925537109375,12997688
2017-10-09,383.56256103515625,383.9283142089844,378.53375244140625,379.7452392578125,365.2351379394531,8850408
2017-10-10,379.9052429199219,387.3570556640625,379.9052429199219,385.482666015625,370.7533874511719,14732024
2017-10-11,386.4427185058594,392.4316101074219,382.1910705566406,384.08831787109375,369.412353515625,15420644
2017-10-12,384.97979736328125,400.8434753417969,384.97979736328125,398.991943359375,383.7464904785156,18642942
2017-10-13,401.98638916015625,407.19805908203125,399.2662353515625,400.6834411621094,385.37335205078125,21509701
2017-10-16,401.8492431640625,407.7923889160156,393.75738525390625,400.8434753417969,385.5272216796875,32009221
2017-10-17,401.3920593261719,404.13507080078125,396.45465087890625,399.7234191894531,384.45001220703125,13898844
2017-10-18,401.1177673339844,419.63299560546875,400.02056884765625,418.0786437988281,402.1038818359375,36671941
2017-10-19,418.6729431152344,421.461669921875,412.82122802734375,415.9756774902344,400.0812072753906,8014767
2017-10-23,417.34716796875,431.88507080078125,415.60992431640625,429.6220703125,413.20623779296875,27455320
2017-10-24,433.2565612792969,433.2565612792969,424.3418273925781,427.107666015625,410.787841796875,13857773
2017-10-25,429.7821044921875,432.43365478515625,424.9361267089844,429.690673828125,413.272216796875,10011782
2017-10-26,429.73638916015625,437.8739318847656,425.62188720703125,433.1194152832031,416.5699462890625,16840049
2017-10-27,434.30804443359375,437.3710632324219,423.1988830566406,425.09613037109375,408.8531799316406,11498547
2017-10-30,426.9933776855469,432.2736511230469,425.43902587890625,430.8793029785156,414.4154052734375,7823263
2017-10-31,431.9993591308594,432.3650817871094,426.17047119140625,430.1249694824219,413.6899108886719,9504986
2017-11-01,433.2794189453125,437.8739318847656,432.3650817871094,435.47381591796875,418.8343811035156,17571371
2017-11-02,435.5881042480469,437.2796325683594,431.6793212890625,432.753662109375,416.21820068359375,10277678
2017-11-03,437.0281677246094,437.0281677246094,429.8049621582031,432.15936279296875,415.64654541015625,4798537
2017-11-06,430.8793029785156,430.8793029785156,424.7075500488281,426.3076171875,410.0184020996094,9757496
2017-11-07,426.69622802734375,427.4505310058594,412.8440856933594,414.5127258300781,398.6741943359375,20447574
2017-11-08,412.5926513671875,414.1927185058594,404.1807861328125,405.8722839355469,390.36395263671875,17752793
2017-11-09,409.0495910644531,415.9756774902344,407.81524658203125,411.6783142089844,395.94805908203125,15007224
2017-11-10,411.884033203125,411.884033203125,401.940673828125,404.0664978027344,388.6271057128906,13923102
2017-11-13,404.59222412109375,407.7466735839844,399.3348083496094,400.1348571777344,384.845703125,9088619
2017-11-14,400.02056884765625,409.16387939453125,399.1062316894531,405.3694152832031,389.8802490234375,12481463
2017-11-15,404.3636474609375,407.15234375,401.36920166015625,403.9979248046875,388.5611877441406,15272059
2017-11-16,404.82080078125,414.1927185058594,404.82080078125,413.2098083496094,397.42108154296875,15160866
2017-11-17,420.113037109375,422.8331604003906,415.33563232421875,416.8900146484375,400.9606628417969,12219276
2017-11-20,414.2841491699219,422.58172607421875,413.7355651855469,420.98162841796875,404.8959045410156,9231195
2017-11-21,423.7017822265625,429.57635498046875,423.1074523925781,426.3304748535156,410.04034423828125,13082246
2017-11-22,428.5705871582031,429.11920166015625,422.1702575683594,425.5075988769531,409.2489013671875,11058315
2017-11-23,425.62188720703125,434.2623291015625,423.6332092285156,432.9365539550781,416.3940124511719,16031638
2017-11-24,434.30804443359375,438.651123046875,433.1194152832031,434.8109130859375,418.1968078613281,13987125
2017-11-27,433.05084228515625,437.7367858886719,431.5650329589844,434.9252014160156,418.30670166015625,10237135
2017-11-28,434.2394714355469,434.9252014160156,428.8677673339844,431.26788330078125,414.7891540527344,10153618
2017-11-29,430.5821228027344,434.30804443359375,430.19354248046875,432.4793701171875,415.9543151855469,8038351
2017-11-30,430.3992614746094,430.3992614746094,420.3644714355469,421.3016662597656,405.2037353515625,20637767
2017-12-01,422.62744140625,425.7361755371094,414.96990966796875,416.0671081542969,400.1692199707031,11114967
2017-12-04,417.6214599609375,417.75860595703125,410.23822021484375,412.1811828613281,396.4317321777344,10103208
2017-12-05,411.92974853515625,420.9359130859375,409.36962890625,417.712890625,401.7521057128906,18306627
2017-12-06,416.0213928222656,425.3018493652344,415.4727783203125,423.6332092285156,407.4461975097656,24078081
2017-12-07,425.18756103515625,427.90771484375,421.96453857421875,425.8733215332031,409.6006774902344,12095301
2017-12-08,426.9248046875,428.3420104980469,420.15875244140625,421.0502014160156,404.9619140625,12224184
2017-12-11,421.7131042480469,423.3360595703125,417.6443176269531,418.83294677734375,402.829345703125,10792248
2017-12-12,418.74151611328125,424.7075500488281,415.1070556640625,418.5815124511719,402.5875244140625,15782031
2017-12-13,419.17584228515625,422.85601806640625,416.3414001464844,418.147216796875,402.1698303222656,9147866
2017-12-14,420.1358947753906,422.8331604003906,415.4499206542969,421.27880859375,405.1817626953125,10983157
2017-12-15,425.62188720703125,426.51336669921875,419.54156494140625,420.478759765625,404.41229248046875,24408414
2017-12-18,416.9128723144531,426.3761901855469,394.37457275390625,421.0502014160156,404.9619140625,18581421
2017-12-19,422.2388610839844,423.793212890625,420.5930480957031,423.3132019042969,407.1383972167969,8891691
2017-12-20,423.29034423828125,423.97607421875,419.2215576171875,419.7472839355469,403.7087707519531,10443493
2017-12-21,419.8844299316406,422.39886474609375,416.0213928222656,417.3700256347656,401.42230224609375,9071450
2017-12-22,418.147216796875,421.69024658203125,415.70135498046875,420.7759094238281,404.6980895996094,10658428
2017-12-26,422.810302734375,429.2334899902344,419.7472839355469,425.0732727050781,408.8312072753906,11596338
2017-12-27,426.5362243652344,428.59344482421875,420.1358947753906,422.30743408203125,406.17108154296875,9520350
2017-12-28,422.9931640625,427.1762390136719,420.1816101074219,422.5131530761719,406.36895751953125,15511891
2017-12-29,423.56463623046875,426.2161865234375,419.90728759765625,421.07305908203125,404.9838562011719,11089700
2018-01-01,421.827392578125,421.827392578125,414.87847900390625,415.9071044921875,400.01531982421875,9453202
2018-01-02,417.39288330078125,420.3873291015625,414.3755798339844,416.547119140625,400.630859375,9499419
2018-01-03,422.8788757324219,423.3360595703125,417.4157409667969,418.2157897949219,402.23577880859375,13507800
2018-01-04,419.7472839355469,421.41595458984375,418.6272277832031,420.7301940917969,404.6541442871094,9008932
2018-01-05,421.41595458984375,423.74749755859375,420.70733642578125,422.0788269042969,405.9512023925781,7441284
2018-01-08,423.38177490234375,425.62188720703125,422.1931457519531,424.5018310546875,408.2816162109375,8827020
2018-01-09,424.3189392089844,431.5193176269531,422.4217224121094,430.1706848144531,413.7339172363281,14294571
2018-01-10,431.1078796386719,433.1194152832031,427.67913818359375,430.81072998046875,414.34942626953125,11727682
2018-01-11,430.55926513671875,430.9478759765625,427.4505310058594,428.707763671875,412.32684326171875,7849171
2018-01-12,431.1078796386719,435.5881042480469,428.93634033203125,433.8508605957031,417.2734375,15071161
2018-01-15,434.30804443359375,438.1939392089844,432.1136474609375,433.91943359375,417.33941650390625,11120925
2018-01-16,433.2565612792969,433.2565612792969,420.5930480957031,421.9416809082031,405.8193054199219,10825151
2018-01-17,423.3360595703125,424.7075500488281,414.6498718261719,422.6502990722656,406.5008239746094,13204016
2018-01-18,424.7075500488281,424.9818420410156,418.3529357910156,420.4559020996094,404.3902587890625,9381821
2018-01-19,421.96453857421875,427.1762390136719,421.5531005859375,425.759033203125,409.4908142089844,9973533
2018-01-22,433.3937072753906,445.41717529296875,429.73638916015625,444.1371154785156,427.1666564941406,45700733
2018-01-23,445.7372131347656,453.02899169921875,445.7372131347656,449.5088195800781,432.3330993652344,22526810
2018-01-24,448.82305908203125,448.82305908203125,440.0911865234375,441.78271484375,424.9022216796875,14289485
2018-01-25,442.4913024902344,444.3656921386719,437.1195983886719,441.5769958496094,424.7043762207031,13669901
2018-01-29,441.7141418457031,446.7886657714844,438.5596923828125,440.93695068359375,424.0887451171875,9897064
2018-01-30,441.5312805175781,441.5312805175781,433.8508605957031,434.49090576171875,417.8890075683594,9182956
2018-01-31,434.30804443359375,440.93695068359375,430.4449768066406,439.4740295410156,422.6817321777344,12551686
2018-02-01,440.3655090332031,444.6399841308594,428.1820068359375,431.4964599609375,415.0090026855469,16524809
2018-02-02,427.4505310058594,431.54217529296875,411.9068908691406,413.4383850097656,397.6408996582031,28965593
2018-02-05,408.70672607421875,417.164306640625,403.1293029785156,412.4326171875,396.673583984375,19191099
2018-02-06,400.9349060058594,410.535400390625,398.19189453125,407.8381042480469,392.2546081542969,24062503
2018-02-07,412.6155090332031,413.9184265136719,406.8780517578125,408.88958740234375,393.26593017578125,15532284
2018-02-08,410.48968505859375,416.31854248046875,407.952392578125,413.5298156738281,397.7288818359375,13825894
2018-02-09,406.4208984375,412.3640441894531,405.04937744140625,410.4668273925781,394.7828674316406,11580639
2018-02-12,412.82122802734375,419.7701416015625,412.38690185546875,418.5357971191406,402.54351806640625,11877059
2018-02-14,421.96453857421875,430.8793029785156,421.0502014160156,426.8333740234375,410.52410888671875,22247829
2018-02-15,428.66204833984375,432.3650817871094,424.3189392089844,427.7477111816406,411.40350341796875,13363743
2018-02-16,429.5534973144531,430.9250183105469,419.72442626953125,421.1873779296875,405.0937805175781,9628162
2018-02-19,421.0502014160156,426.07904052734375,417.6443176269531,423.793212890625,407.60003662109375,8941900
2018-02-20,424.7075500488281,424.958984375,420.0444641113281,421.0959167480469,405.0058898925781,8458450
2018-02-21,425.1647033691406,426.3076171875,421.5759582519531,424.8675537109375,408.6334228515625,11917390
2018-02-22,421.50738525390625,425.62188720703125,420.5930480957031,422.58172607421875,406.43487548828125,11196908
2018-02-23,423.0617370605469,428.8220520019531,421.8502502441406,427.107666015625,410.787841796875,10610664
2018-02-26,429.2792053222656,431.97650146484375,428.1820068359375,429.1420593261719,412.7445068359375,8435611
2018-02-27,429.2792053222656,436.9595947265625,428.9820556640625,434.53662109375,417.9329833984375,14021366
2018-02-28,432.4565124511719,437.5539245605469,431.1993103027344,436.3881530761719,419.7137756347656,56650480
2018-03-01,434.1937561035156,438.833984375,432.4565124511719,433.5765686035156,417.0096435546875,8956590
2018-03-05,431.1078796386719,434.3766174316406,421.32452392578125,422.4674377441406,406.324951171875,12325694
2018-03-06,424.7075500488281,427.9991455078125,413.7812805175781,416.40997314453125,400.4989318847656,16019726
2018-03-07,415.6784973144531,415.6784973144531,405.986572265625,406.7637634277344,391.2213439941406,15853546
2018-03-08,410.3753662109375,418.0786437988281,408.38671875,416.68426513671875,400.7628173828125,13283967
2018-03-09,418.2615051269531,420.2958984375,416.50140380859375,417.4385986328125,401.4882507324219,10638527
2018-03-12,420.5930480957031,426.5819396972656,419.4729919433594,425.3018493652344,409.05108642578125,8315150
2018-03-13,426.0333251953125,427.90771484375,421.2102355957031,426.0104675292969,409.7326354980469,11148731
2018-03-14,424.6161193847656,426.1018981933594,420.2273254394531,424.73040771484375,408.50146484375,14724464
2018-03-15,422.8788757324219,424.91326904296875,416.0213928222656,416.8442687988281,400.91668701171875,12711836
2018-03-16,415.564208984375,415.8842468261719,405.072265625,411.47259521484375,395.75030517578125,30814962
2018-03-19,411.9068908691406,414.6041564941406,407.7923889160156,409.3924865722656,393.74969482421875,12630833
2018-03-20,408.38671875,413.27838134765625,405.5294189453125,406.78662109375,391.2432556152344,15192983
2018-03-21,409.0953063964844,412.5240478515625,408.38671875,410.0325012207031,394.3651428222656,14715126
2018-03-22,409.6210632324219,416.9128723144531,409.50677490234375,415.1756286621094,399.3117980957031,22129723
2018-03-23,407.15234375,411.44970703125,406.46661376953125,408.6610107421875,393.04608154296875,23469999
2018-03-26,408.6838684082031,413.41552734375,408.0209655761719,411.9526062011719,396.2119140625,13227705
2018-03-27,414.7413330078125,416.3642578125,410.0782165527344,411.3582763671875,395.6402587890625,15179544
2018-03-28,409.5296325683594,409.552490234375,402.306396484375,403.5407409667969,388.1214904785156,19160609
2018-04-02,408.2495422363281,411.884033203125,405.2779846191406,408.2266845703125,392.62835693359375,12494499
2018-04-03,407.3352355957031,412.2268981933594,404.7065124511719,411.2439880371094,395.5303649902344,13922126
2018-04-04,413.598388671875,416.8442687988281,407.81524658203125,409.1181640625,393.48577880859375,14214534
2018-04-05,413.7812805175781,416.0213928222656,413.0498046875,415.198486328125,399.3337707519531,8527915
2018-04-06,415.1070556640625,419.90728759765625,413.7355651855469,416.4785461425781,400.56494140625,9664888
2018-04-09,417.1871643066406,420.1358947753906,417.1871643066406,418.7643737792969,402.7633972167969,7813897
2018-04-10,419.861572265625,422.3760070800781,417.91864013671875,419.2444152832031,403.2250671386719,8455132
2018-04-11,421.41595458984375,426.4219055175781,418.7872314453125,425.5533142089844,409.2929382324219,13140816
2018-04-12,425.09613037109375,428.2048645019531,422.5131530761719,424.5704040527344,408.34759521484375,10822592
2018-04-13,426.3990478515625,430.5135498046875,424.5704040527344,429.21063232421875,412.8105163574219,12616816
2018-04-16,427.1990966796875,429.73638916015625,424.4789733886719,428.3877258300781,412.0190734863281,8934275
2018-04-17,429.73638916015625,433.0279846191406,427.90771484375,431.6793212890625,415.184814453125,9599816
2018-04-18,432.1365051269531,433.4851379394531,427.473388671875,428.8220520019531,412.436767578125,7360987
2018-04-19,429.3249206542969,432.022216796875,427.4505310058594,430.7878723144531,414.3274841308594,9802587
2018-04-20,428.8220520019531,430.5821228027344,421.14166259765625,424.20465087890625,407.9957580566406,7326696
2018-04-23,425.1647033691406,431.72503662109375,424.4789733886719,427.90771484375,411.5574035644531,7674482
2018-04-24,427.8162841796875,446.0572204589844,427.4505310058594,443.4742126464844,426.529052734375,19921115
2018-04-25,445.1200256347656,448.8459167480469,440.5026550292969,443.6799621582031,426.7269287109375,14079382
2018-04-26,444.8228759765625,451.68035888671875,439.9083251953125,445.897216796875,428.85943603515625,34096999
2018-04-27,452.5032653808594,462.1951904296875,450.5374450683594,455.474853515625,438.07122802734375,25518647
2018-04-30,448.9373779296875,453.7833251953125,438.87969970703125,440.38836669921875,423.5611572265625,19406069
2018-05-02,442.0798645019531,447.65728759765625,441.1883850097656,444.68572998046875,427.69427490234375,13381914
2018-05-03,447.06298828125,447.06298828125,438.5368347167969,439.6111755371094,422.8136291503906,8634812
2018-05-04,440.1826171875,441.02838134765625,434.30804443359375,436.1138610839844,419.4499206542969,8302649
2018-05-07,438.3539733886719,444.9371643066406,437.2110595703125,443.9085388183594,426.9468078613281,7683268
2018-05-08,446.880126953125,448.9373779296875,441.2569580078125,442.1255798339844,425.23199462890625,10792648
2018-05-09,441.5769958496094,449.98883056640625,439.9083251953125,446.5143737792969,429.45306396484375,9831044
2018-05-10,448.0230407714844,450.1260070800781,445.3943176269531,448.54876708984375,431.40972900390625,8781584
2018-05-11,448.594482421875,453.1889953613281,446.9944152832031,452.2518310546875,434.9713134765625,8774740
2018-05-14,453.4861755371094,453.4861755371094,446.5143737792969,451.0403137207031,433.80609130859375,5642499
2018-05-15,449.4173889160156,457.1663513183594,446.49151611328125,447.5429992675781,430.44232177734375,10501479
2018-05-16,445.280029296875,445.280029296875,435.4281005859375,437.1195983886719,420.4172668457031,18840763
2018-05-17,438.5825500488281,438.87969970703125,430.422119140625,432.1822204589844,415.6685791015625,10353948
2018-05-18,432.2965087890625,435.9081115722656,426.07904052734375,426.9248046875,410.612060546875,11440117
2018-05-21,425.5075988769531,427.77056884765625,421.5531005859375,425.7818908691406,409.5127868652344,14491208
2018-05-22,426.60479736328125,426.9933776855469,422.8788757324219,423.6789245605469,407.4901428222656,11310073
2018-05-23,423.3360595703125,423.3360595703125,415.6327819824219,417.0500183105469,401.11456298828125,9991028
2018-05-24,417.85003662109375,421.0502014160156,416.0899658203125,418.69580078125,402.6974792480469,11632489
2018-05-25,418.7643737792969,422.14739990234375,418.0557861328125,420.9587707519531,404.8739013671875,17782410
2018-05-28,422.8331604003906,423.793212890625,419.72442626953125,420.7759094238281,404.6980895996094,11369679
2018-05-29,421.27880859375,424.2503662109375,418.0329284667969,419.4272766113281,403.4009704589844,17878384
2018-05-30,418.2386474609375,422.05596923828125,414.4670104980469,418.8100891113281,402.8073425292969,13105124
2018-05-31,421.0502014160156,421.64453125,418.10150146484375,421.2102355957031,405.1158447265625,37080158
2018-06-01,420.5930480957031,427.7934265136719,419.8844299316406,425.4161682128906,409.16107177734375,19174278
2018-06-04,426.7190856933594,431.5650329589844,425.4161682128906,430.1249694824219,413.6899108886719,12250151
2018-06-05,431.0164489746094,436.5938720703125,430.19354248046875,433.23370361328125,416.6798400878906,17436812
2018-06-06,432.9365539550781,437.051025390625,430.9478759765625,436.319580078125,419.6478271484375,9164022
2018-06-07,436.54815673828125,446.1943664550781,436.3424377441406,444.06854248046875,427.1007080078125,14999572
2018-06-08,441.78271484375,451.0174560546875,439.15399169921875,450.01171875,432.8168029785156,14289325
2018-06-11,451.2689208984375,457.14349365234375,447.5887145996094,449.2345275878906,432.06927490234375,15018718
2018-06-12,449.577392578125,457.1663513183594,448.1601867675781,455.8634338378906,438.4449157714844,16285583
2018-06-13,457.1663513183594,459.8636474609375,452.3661193847656,458.30926513671875,440.7972717285156,12962502
2018-06-14,456.0005798339844,462.5609130859375,451.40606689453125,460.80084228515625,443.19366455078125,11997529
2018-06-15,459.90936279296875,467.9097595214844,456.823486328125,463.6581115722656,445.9417724609375,24705890
2018-06-18,461.1894226074219,466.5154113769531,460.36651611328125,464.2752990722656,446.53533935546875,12363932
2018-06-19,463.5209655761719,463.93243408203125,454.2633361816406,455.3605651855469,437.9612121582031,13881382
2018-06-20,455.3376770019531,467.6354675292969,454.81195068359375,465.966796875,448.1622009277344,15735681
2018-06-21,467.88690185546875,473.6243591308594,466.90399169921875,471.7728271484375,453.7463684082031,22988909
2018-06-22,470.1498718261719,470.515625,461.0294189453125,462.8809509277344,445.1943054199219,35370008
2018-06-25,462.3780517578125,464.7095947265625,458.21783447265625,459.20074462890625,441.6546936035156,11369371
2018-06-26,459.90936279296875,459.90936279296875,445.85150146484375,447.5429992675781,430.44232177734375,17649122
2018-06-27,447.3372802734375,450.4917297363281,440.1140441894531,441.55413818359375,427.521240234375,19595831
2018-06-28,439.7940368652344,442.765625,429.87353515625,431.9993591308594,418.2701416015625,18770484
2018-06-29,433.8965759277344,445.9657897949219,433.8508605957031,444.5714111328125,430.44256591796875,17425606
2018-07-02,444.52569580078125,444.52569580078125,437.5082092285156,439.15399169921875,425.1973571777344,14570004
2018-07-03,441.16552734375,447.3144226074219,439.0397033691406,444.0456848144531,429.93359375,11084063
2018-07-04,444.2742614746094,453.509033203125,443.9085388183594,452.6404113769531,438.25518798828125,10938521
2018-07-05,455.79486083984375,461.0065612792969,438.23968505859375,440.93695068359375,426.9236755371094,40946479
2018-07-06,441.0512390136719,449.39453125,440.93695068359375,446.9029846191406,432.7000732421875,20039239
2018-07-09,451.2689208984375,457.1663513183594,449.62310791015625,455.840576171875,441.3536071777344,11309207
2018-07-10,458.4235534667969,470.1955871582031,457.1663513183594,468.91552734375,454.0130615234375,22846197
2018-07-11,468.59552001953125,475.8644714355469,465.3267822265625,474.9044189453125,459.8116455078125,18953870
2018-07-12,477.4416809082031,502.4258117675781,476.6416320800781,494.8139953613281,479.0884704589844,52736376
2018-07-13,493.96826171875,506.99749755859375,493.7396545410156,502.79156494140625,486.8124694824219,39301408
2018-07-16,502.79156494140625,506.9517822265625,490.5623474121094,492.00244140625,476.3662414550781,14427529
2018-07-17,492.9624938964844,501.0314636230469,488.9851379394531,499.38568115234375,483.5148620605469,14150770
2018-07-18,502.1515197753906,504.9859619140625,492.50531005859375,499.47711181640625,483.6033935546875,10241565
2018-07-19,499.8199768066406,509.740478515625,496.6426696777344,505.1002502441406,489.0477600097656,11885426
2018-07-20,509.009033203125,520.48388671875,508.3232727050781,515.9808349609375,499.5825500488281,17538801
2018-07-23,516.5065307617188,516.5065307617188,508.87188720703125,512.1634521484375,495.8865051269531,12779803
2018-07-24,512.940673828125,515.1121826171875,506.2660217285156,507.88897705078125,491.7478942871094,9775749
2018-07-25,507.45465087890625,513.3978271484375,504.8031005859375,509.8090515136719,493.60699462890625,13014255
2018-07-26,507.5003662109375,512.7120971679688,506.4488830566406,507.7518005371094,491.6150817871094,14053674
2018-07-27,511.7977294921875,519.9810180664062,508.43756103515625,516.5294189453125,500.1138000488281,14610585
2018-07-30,516.5979614257812,529.07861328125,515.6836547851562,526.38134765625,509.6526184082031,30344461
2018-07-31,526.198486328125,544.2108154296875,524.4384155273438,542.1992797851562,524.9677734375,30350826
2018-08-01,544.2108154296875,549.9254150390625,541.9249877929688,545.102294921875,527.7786254882812,21227054
2018-08-02,544.7137451171875,544.7137451171875,533.0331420898438,534.1303100585938,517.1553344726562,13668930
2018-08-03,537.1704711914062,541.056396484375,534.6788940429688,538.0619506835938,520.9619750976562,14536058
2018-08-06,537.9476318359375,546.7709350585938,537.3305053710938,545.2166137695312,527.8892822265625,8785462
2018-08-07,546.26806640625,549.2396850585938,538.0847778320312,541.3764038085938,524.171142578125,8879612
2018-08-08,541.7421264648438,558.8858642578125,541.7421264648438,556.6914672851562,538.9993896484375,17307566
2018-08-09,558.4287109375,563.091796875,554.0856323242188,556.8057861328125,539.1101684570312,14976885
2018-08-10,553.6284790039062,555.4571533203125,549.651123046875,550.5197143554688,533.0238647460938,7833494
2018-08-13,547.4795532226562,548.5767822265625,540.690673828125,542.9765014648438,525.7202758789062,10211072
2018-08-14,544.0279541015625,556.462890625,541.422119140625,553.4456176757812,535.856689453125,11592139
2018-08-16,550.08544921875,555.914306640625,546.5423583984375,548.96533203125,531.5188598632812,13086024
2018-08-17,552.714111328125,555.6400146484375,548.6224975585938,550.3140258789062,532.8247680664062,8379864
2018-08-20,552.2112426757812,565.42333984375,552.096923828125,564.5547485351562,546.61279296875,16639535
2018-08-21,565.6290893554688,572.1436767578125,560.943115234375,570.1778564453125,552.0572509765625,15923396
2018-08-23,569.7664184570312,582.429931640625,566.1548461914062,580.349853515625,561.9058837890625,17429373
2018-08-24,578.4297485351562,585.1500854492188,576.052490234375,584.030029296875,565.4691772460938,14550512
2018-08-27,584.8986206054688,592.4190063476562,584.6015014648438,590.4303588867188,571.6660766601562,12188510
2018-08-28,592.4876098632812,604.8311157226562,592.0304565429688,603.00244140625,583.838623046875,19018790
2018-08-29,601.76806640625,607.5740966796875,589.8360595703125,591.6646728515625,572.8612060546875,24230135
2018-08-30,591.390380859375,593.0133666992188,580.8070068359375,582.6356811523438,564.1190185546875,21545859
2018-08-31,580.6012573242188,580.6012573242188,565.3319091796875,567.640625,549.6005859375,33479841
2018-09-03,569.172119140625,575.069580078125,560.5087890625,561.926025390625,544.067626953125,26686176
2018-09-04,564.6690063476562,573.65234375,561.8574829101562,567.7777709960938,549.7333984375,19333815
2018-09-05,568.0291748046875,572.66943359375,552.4855346679688,560.943115234375,543.1159057617188,22584608
2018-09-06,562.3831787109375,578.6354370117188,560.1887817382812,576.6696166992188,558.3427124023438,24487897
2018-09-07,578.2697143554688,585.7901000976562,573.5151977539062,584.5328979492188,565.9559936523438,23389269
2018-09-10,582.8870849609375,583.8014526367188,571.503662109375,574.1323852539062,555.8860473632812,15440786
2018-09-11,575.5724487304688,579.8698120117188,564.257568359375,565.8347778320312,547.8521728515625,23787332
2018-09-12,572.2808227539062,575.435302734375,561.7888793945312,572.6008911132812,554.4031982421875,17642490
2018-09-14,575.7553100585938,583.161376953125,570.3836059570312,572.8980102539062,554.69091796875,17233514
2018-09-17,571.8008422851562,571.8008422851562,558.4744262695312,560.4402465820312,542.6290283203125,14773803
2018-09-18,560.4859619140625,566.6119995117188,555.1599731445312,556.4400024414062,538.7560424804688,16660044
2018-09-19,559.5715942382812,559.5715942382812,549.0568237304688,553.51416015625,535.9230346679688,24642640
2018-09-21,557.2857666015625,565.6976318359375,541.056396484375,556.6000366210938,538.9107666015625,41713856
2018-09-24,555.2056884765625,566.840576171875,550.6568603515625,563.2518310546875,545.3512573242188,22098277
2018-09-25,564.8290405273438,569.172119140625,546.3137817382812,562.5889282226562,544.7095336914062,21250513
2018-09-26,566.4291381835938,573.2637329101562,561.01171875,572.0979614257812,553.9161987304688,13992341
2018-09-27,573.7437744140625,577.401123046875,565.7433471679688,573.1723022460938,554.9564208984375,23642923
2018-09-28,575.98388671875,581.3784790039062,570.2235717773438,575.0924072265625,556.8156127929688,24220992
2018-10-01,574.9781494140625,574.9781494140625,550.4282836914062,563.091796875,545.1963500976562,16039441
2018-10-03,562.0860595703125,566.7034301757812,548.6224975585938,550.93115234375,533.4221801757812,16135428
2018-10-04,543.7993774414062,544.2108154296875,505.6259765625,513.054931640625,496.7497253417969,50774608
2018-10-05,502.6544189453125,509.87762451171875,474.60723876953125,479.4989318847656,464.2601623535156,47998260
2018-10-08,480.0246887207031,510.6548156738281,468.8469543457031,507.18035888671875,491.0617980957031,53983473
2018-10-09,512.7806396484375,513.5349731445312,494.28826904296875,498.3341979980469,482.4967956542969,24042005
2018-10-10,500.0942687988281,510.12908935546875,495.7054748535156,503.8430480957031,487.8305969238281,20784941
2018-10-11,486.4250183105469,509.6261901855469,476.82452392578125,497.3055725097656,481.5008544921875,28926389
2018-10-12,505.1459655761719,516.1408081054688,503.7516174316406,515.020751953125,498.6530456542969,19814528
2018-10-15,516.55224609375,524.3240966796875,511.1805725097656,521.0553588867188,504.4958190917969,19406012
2018-10-16,523.9126586914062,533.6959838867188,521.1696166992188,532.0502319335938,515.1412963867188,16358598
2018-10-17,538.9991455078125,539.1591186523438,521.1696166992188,526.3356323242188,509.6083068847656,27967162
2018-10-19,502.88299560546875,507.9118347167969,489.28228759765625,503.477294921875,487.4764404296875,55606079
2018-10-22,507.45465087890625,509.6490478515625,483.3848571777344,485.8078308105469,470.3685302734375,28798142
2018-10-23,481.2818908691406,486.7450256347656,477.1216735839844,482.1733703613281,466.8495788574219,23128845
2018-10-24,491.4081115722656,491.8881530761719,471.5213928222656,478.08172607421875,462.8879699707031,29869514
2018-10-25,473.6243591308594,475.75018310546875,464.66387939453125,471.2470703125,456.2704772949219,30833933
2018-10-26,472.2071228027344,483.224853515625,467.2240295410156,477.693115234375,462.51171875,20085933
2018-10-29,478.1960144042969,500.0714111328125,478.1960144042969,497.3055725097656,481.5008544921875,16781215
2018-10-30,496.25408935546875,496.25408935546875,480.9847106933594,483.224853515625,467.8676452636719,19263668
2018-10-31,484.13916015625,487.270751953125,478.6531677246094,485.16778564453125,469.7488098144531,35999348
2018-11-01,488.20794677734375,488.20794677734375,480.0246887207031,482.8819580078125,467.5356140136719,20552752
2018-11-02,487.7965087890625,494.19683837890625,486.0364074707031,491.4081115722656,475.7908020019531,36739798
2018-11-05,490.7452392578125,499.5456848144531,486.8821716308594,498.448486328125,482.6074523925781,16585905
2018-11-06,500.1399841308594,508.3689880371094,499.04278564453125,504.75738525390625,488.7158508300781,18886485
2018-11-07,509.740478515625,509.740478515625,505.9460144042969,507.774658203125,491.63720703125,2808599
2018-11-09,505.74029541015625,509.19189453125,496.0255126953125,499.8885498046875,484.0017395019531,23712291
2018-11-12,501.8315124511719,502.3343811035156,491.24810791015625,493.7396545410156,478.04827880859375,12690610
2018-11-13,490.9966735839844,504.2544860839844,489.19085693359375,502.6315612792969,486.6576232910156,14899604
2018-11-14,505.1916809082031,508.6661376953125,496.25408935546875,501.94580078125,485.99359130859375,17034346
2018-11-15,501.4886474609375,504.2544860839844,496.71124267578125,501.44293212890625,485.5067443847656,14943663
2018-11-16,501.94580078125,516.5751342773438,501.5572204589844,515.4093627929688,499.0292663574219,24131016
2018-11-19,517.9237670898438,526.5184936523438,517.05517578125,525.7413330078125,509.03289794921875,15987574
2018-11-20,523.4555053710938,528.4385986328125,516.5979614257812,519.9810180664062,503.4556884765625,12511640
2018-11-21,520.0267333984375,523.68408203125,506.10601806640625,508.7804260253906,492.6110534667969,16422494
2018-11-22,509.51190185546875,514.47216796875,502.9287109375,504.1859130859375,488.1625671386719,12670591
2018-11-26,506.99749755859375,510.8833923339844,501.6943664550781,507.3403625488281,491.21673583984375,13969873
2018-11-27,506.4945983886719,516.5979614257812,505.3745422363281,515.7750854492188,499.3833923339844,14896607
2018-11-28,517.718017578125,529.2843627929688,514.906494140625,526.9528198242188,510.2059020996094,17507771
2018-11-29,530.7701416015625,539.4105834960938,530.31298828125,534.1989135742188,517.2217407226562,27640198
2018-11-30,535.9360961914062,542.1992797851562,531.3644409179688,533.7645874023438,516.8011474609375,23443212
2018-12-03,537.124755859375,537.124755859375,525.0555419921875,528.6900634765625,511.887939453125,12182825
2018-12-04,529.3986206054688,529.3986206054688,522.1754150390625,526.7927856445312,510.0509033203125,11358720
2018-12-05,522.884033203125,529.764404296875,520.849609375,528.095703125,511.3124084472656,12729759
2018-12-06,525.2841186523438,525.2841186523438,511.2262878417969,513.6950073242188,497.3694763183594,12831451
2018-12-07,516.3465576171875,519.7752685546875,506.7003173828125,518.335205078125,501.86212158203125,15779984
2018-12-10,507.45465087890625,509.42047119140625,495.1568908691406,498.4256286621094,482.5852966308594,20521072
2018-12-11,487.3393249511719,503.8430480957031,482.3105163574219,501.762939453125,485.81658935546875,29518062
2018-12-12,502.4258117675781,509.05474853515625,497.28271484375,507.6832275390625,491.5486755371094,27572962
2018-12-13,515.6836547851562,515.6836547851562,500.6200256347656,506.10601806640625,490.0216064453125,20337275
2018-12-14,504.3002014160156,509.69476318359375,499.13421630859375,508.4604187011719,492.30120849609375,15795834
2018-12-17,510.1748046875,517.969482421875,508.1404113769531,516.55224609375,500.13580322265625,11077711
2018-12-18,513.5349731445312,520.7124633789062,512.2548828125,519.5238647460938,503.0130615234375,12841994
2018-12-19,521.8554077148438,524.5069580078125,518.0609130859375,519.7067260742188,503.1900329589844,16118419
2018-12-20,512.4834594726562,517.7409057617188,510.2662353515625,515.889404296875,499.4940490722656,12609700
2018-12-21,514.3121337890625,517.16943359375,501.0543212890625,502.97442626953125,486.9895324707031,18115814
2018-12-24,503.29443359375,504.3459167480469,496.7341003417969,497.9227294921875,482.0983581542969,9065704
2018-12-26,496.3912353515625,502.88299560546875,487.1793212890625,502.128662109375,486.1706848144531,15771193
2018-12-27,506.1745910644531,515.2265014648438,504.711669921875,512.1177368164062,495.8422546386719,27294221
2018-12-28,514.5407104492188,518.9981079101562,512.5748901367188,514.5635986328125,498.2104187011719,16768547
2018-12-31,517.0322875976562,518.3580932617188,510.2890930175781,512.5977783203125,496.30706787109375,15799099
2019-01-01,514.4264526367188,515.3636474609375,507.5003662109375,512.4834594726562,496.19635009765625,9746670
2019-01-02,509.51190185546875,515.2265014648438,503.34014892578125,505.8088684082031,489.7338562011719,15628818
2019-01-03,506.3117370605469,509.5576171875,498.3570556640625,499.56854248046875,483.69195556640625,16288287
2019-01-04,501.6943664550781,504.9173889160156,494.2425537109375,502.26580810546875,486.30340576171875,18516544
2019-01-07,506.0831604003906,511.3177185058594,503.34014892578125,505.0545349121094,489.0035400390625,12060290
2019-01-08,505.21453857421875,507.4317932128906,501.0543212890625,505.0088195800781,488.95928955078125,12304389
2019-01-09,508.3689880371094,510.6548156738281,502.2886657714844,507.7975158691406,491.65936279296875,12614237
2019-01-10,506.426025390625,507.9118347167969,504.2544860839844,506.3117370605469,490.2207946777344,8925160
2019-01-11,506.3574523925781,509.19189453125,497.6712951660156,501.99151611328125,486.0378723144531,14139060
2019-01-14,500.59716796875,503.111572265625,496.66552734375,501.4200744628906,485.484619140625,8994060
2019-01-15,505.1688232421875,517.5123291015625,505.1688232421875,516.43798828125,500.0252685546875,22011407
2019-01-16,518.8837890625,523.4555053710938,516.7579956054688,519.2952880859375,502.7917175292969,13961606
2019-01-17,523.2040405273438,524.78125,516.5979614257812,518.6323852539062,502.1498718261719,16379077
2019-01-18,525.1926879882812,543.9822387695312,518.9981079101562,541.4449462890625,524.2374267578125,56181172
2019-01-21,545.8566284179688,566.8634033203125,543.4107666015625,565.8347778320312,547.8521728515625,48206814
2019-01-22,563.6175537109375,570.0635986328125,557.56005859375,564.6690063476562,546.723388671875,36207430
2019-01-23,563.8232421875,568.806396484375,558.6572875976562,560.6231079101562,542.8060913085938,19313542
2019-01-24,560.02880859375,572.9208984375,557.7886962890625,570.2921752929688,552.1679077148438,28775487
2019-01-25,571.6636962890625,578.1782836914062,564.7833251953125,569.6292724609375,551.5260009765625,18703992
2019-01-28,571.6865234375,574.1781005859375,558.8401489257812,562.10888671875,544.2447509765625,18744303
2019-01-29,562.7717895507812,563.0689697265625,549.216796875,553.4684448242188,535.87890625,20405845
2019-01-30,555.4571533203125,560.02880859375,544.5308227539062,546.6337890625,529.261474609375,17164298
2019-01-31,549.5139770507812,562.177490234375,549.0568237304688,561.01171875,543.182373046875,22279301
2019-02-01,564.143310546875,573.7437744140625,560.9660034179688,571.43505859375,553.2744750976562,20187323
2019-02-04,570.08642578125,592.9219360351562,567.823486328125,590.1560668945312,571.4005737304688,25528059
2019-02-05,590.658935546875,596.3278198242188,584.5328979492188,590.4531860351562,571.688232421875,20479210
2019-02-06,592.6018676757812,602.38525390625,591.6875610351562,599.002197265625,579.9655151367188,20586783
2019-02-07,599.002197265625,604.0081787109375,587.961669921875,589.927490234375,571.1791381835938,20150710
2019-02-08,587.3673095703125,594.5448608398438,581.6298828125,584.1214599609375,565.5577392578125,14230054
2019-02-11,583.298583984375,583.3442993164062,571.9151000976562,572.9437255859375,554.7351684570312,16457901
2019-02-12,572.1436767578125,581.6755981445312,572.1436767578125,574.3837890625,556.1295166015625,13998153
2019-02-14,567.3434448242188,567.3434448242188,556.82861328125,559.6630249023438,541.8765869140625,14496604
2019-02-15,562.2003173828125,571.4122314453125,554.9999389648438,568.920654296875,550.8399658203125,20994460
2019-02-18,571.4579467773438,572.6008911132812,555.4571533203125,557.7886962890625,540.0617065429688,21106139
2019-02-19,556.82861328125,566.7491455078125,553.7199096679688,555.9600219726562,538.291259765625,13658461
2019-02-20,559.5030517578125,566.8862915039062,557.2857666015625,564.3032836914062,546.3693237304688,13776558
2019-02-21,565.0576171875,575.0238647460938,562.0174560546875,570.0407104492188,551.9244995117188,23142949
2019-02-22,568.9892578125,569.3092651367188,560.4859619140625,563.3889770507812,545.4840698242188,19152470
2019-02-25,565.0576171875,568.2578125,558.0401000976562,563.3660888671875,545.4619140625,17176522
2019-02-26,552.9426879882812,564.509033203125,551.3426513671875,557.8572387695312,540.1282348632812,22160532
2019-02-27,561.4231567382812,569.1264038085938,552.714111328125,559.343017578125,541.5667114257812,24308835
2019-02-28,564.0289916992188,566.8176879882812,560.7373657226562,562.7946166992188,544.90869140625,24688859
2019-03-01,565.5147705078125,567.9606323242188,558.7716064453125,560.5087890625,542.6953735351562,17329606
2019-03-05,559.2973022460938,566.7948608398438,557.1029052734375,565.8119506835938,547.8300170898438,15577500
2019-03-06,566.7948608398438,582.0184936523438,564.6461791992188,578.2239990234375,559.84765625,26332276
2019-03-07,577.8582763671875,585.0814819335938,575.183837890625,580.715576171875,562.260009765625,17738092
2019-03-08,578.7954711914062,582.6356811523438,576.9439697265625,579.2755126953125,560.8658447265625,13211934
2019-03-11,580.6241455078125,599.80224609375,579.6869506835938,596.190673828125,577.2432861328125,21258869
2019-03-12,602.0423583984375,609.8599243164062,600.8308715820312,608.6484375,589.30517578125,24561597
2019-03-13,611.2314453125,621.7462158203125,607.1626586914062,615.9402465820312,596.3652954101562,24577591
2019-03-14,617.060302734375,622.6605834960938,610.8199462890625,613.3115234375,593.8200073242188,22753310
2019-03-15,614.8887329101562,621.1976318359375,599.4365234375,604.2139282226562,585.0116577148438,34764353
2019-03-18,608.4884033203125,620.80908203125,607.5740966796875,617.1974487304688,597.5824584960938,22104063
2019-03-19,621.7462158203125,630.8895874023438,614.0201416015625,629.3123779296875,609.3123779296875,21448030
2019-03-20,629.8837890625,634.546875,623.5748901367188,628.8094482421875,608.825439453125,21639437
2019-03-22,627.4608154296875,631.301025390625,611.0942993164062,613.4029541015625,593.9086303710938,25078643
2019-03-25,608.3055419921875,611.162841796875,601.950927734375,605.4939575195312,586.2509765625,17394088
2019-03-26,608.1683959960938,627.0493774414062,608.03125,625.0607299804688,605.1958618164062,20734876
2019-03-27,629.952392578125,629.952392578125,614.5458984375,616.8317260742188,597.228271484375,22079870
2019-03-28,617.2888793945312,626.2265014648438,613.8829956054688,621.7462158203125,601.9866943359375,22930248
2019-04-01,626.3179321289062,643.1416015625,622.9120483398438,636.3070068359375,616.0846557617188,22088854
2019-04-02,639.1185913085938,641.4501342773438,630.935302734375,635.3240966796875,615.133056640625,17526740
2019-04-03,636.7184448242188,641.4044189453125,627.2322387695312,628.6951904296875,608.7147827148438,17169813
2019-04-04,630.4324340820312,632.5811157226562,615.9173583984375,618.5689697265625,598.910400390625,18320845
2019-04-05,622.1805419921875,623.5291748046875,613.9744262695312,618.95751953125,599.2865600585938,14717266
2019-04-08,619.9176025390625,620.6033325195312,605.151123046875,607.6883544921875,588.3756103515625,19081843
2019-04-09,607.5283813476562,612.9229125976562,603.916748046875,610.065673828125,590.6773681640625,20774977
2019-04-10,611.6657104492188,616.26025390625,606.43115234375,608.6712646484375,589.3272094726562,16651949
2019-04-11,609.3798828125,618.5460815429688,607.5740966796875,615.711669921875,596.1438598632812,12558520
2019-04-12,617.174560546875,620.3290405273438,611.0714111328125,614.0201416015625,594.506103515625,12948769
2019-04-15,614.8887329101562,616.694580078125,610.3170776367188,612.6715087890625,593.2003784179688,9285737
2019-04-16,614.8887329101562,621.7462158203125,612.6029052734375,614.3173217773438,594.7938842773438,17360317
2019-04-18,628.603759765625,635.346923828125,624.0321044921875,633.6097412109375,613.4732055664062,39286534
2019-04-22,621.7462158203125,624.9464111328125,613.1972045898438,615.0487670898438,595.5021362304688,23607922
2019-04-23,616.26025390625,627.6893920898438,615.345947265625,623.50634765625,603.69091796875,19807450
2019-04-24,626.455078125,637.6556396484375,624.603515625,635.232666015625,615.0446166992188,16101112
2019-04-25,635.0498046875,645.7017822265625,622.9348754882812,627.4151000976562,607.4755249023438,30469914
2019-04-26,628.603759765625,638.181396484375,626.637939453125,636.7412719726562,616.5051879882812,15069884
2019-04-30,638.3870849609375,638.3870849609375,624.85498046875,636.7412719726562,616.5051879882812,22348580
2019-05-02,636.3755493164062,646.3875122070312,631.849609375,642.3416137695312,621.927490234375,18992003
2019-05-03,643.6673583984375,648.0333251953125,641.244384765625,644.0787963867188,623.6094970703125,14240262
2019-05-06,639.1185913085938,641.31298828125,630.0209350585938,633.1296997070312,613.0083618164062,15832114
2019-05-07,637.6556396484375,637.7470703125,612.6943359375,614.2030029296875,594.6832885742188,19417647
2019-05-08,612.6029052734375,612.6029052734375,590.7503662109375,594.0648193359375,575.18505859375,31958919
2019-05-09,589.1959838867188,589.1959838867188,572.2579956054688,574.4066772460938,556.1516723632812,42670173
2019-05-10,578.3154296875,584.1214599609375,569.172119140625,571.9837036132812,553.8057250976562,24557430
2019-05-13,570.4979248046875,576.3953247070312,561.1716918945312,563.2518310546875,545.3512573242188,17603659
2019-05-14,565.2861938476562,580.3041381835938,563.0003662109375,576.2353515625,557.9221801757812,28438234
2019-05-15,581.9727783203125,584.2586059570312,571.7322387695312,574.6123657226562,556.3508911132812,24419559
2019-05-16,576.0067749023438,581.4699096679688,575.1610107421875,578.4754638671875,560.091064453125,14451308
2019-05-17,579.2297973632812,583.778564453125,572.3722534179688,579.4126586914062,560.99853515625,17276949
2019-05-20,600.5337524414062,611.5514526367188,595.9163208007812,606.1568603515625,586.8927001953125,26979100
2019-05-21,609.0370483398438,624.9464111328125,608.0541381835938,612.511474609375,593.04541015625,30343560
2019-05-22,615.1859130859375,621.6090698242188,610.36279296875,612.7857666015625,593.31103515625,24689918
2019-05-23,627.2322387695312,636.3755493164062,605.7454223632812,609.814208984375,590.4338989257812,38766006
2019-05-24,616.26025390625,618.9118041992188,601.8594970703125,611.162841796875,591.7396240234375,22269265
2019-05-27,611.2771606445312,611.4600219726562,597.5164184570312,599.18505859375,580.1425170898438,16076686
2019-05-28,603.3681640625,610.2256469726562,600.41943359375,605.1739501953125,585.9410400390625,42594251
2019-05-29,603.916748046875,609.5399169921875,596.2135009765625,600.2822875976562,581.204833984375,15558515
2019-05-30,601.7452392578125,613.5172729492188,601.7452392578125,607.9169921875,588.596923828125,23494381
2019-05-31,611.6428833007812,613.4715576171875,603.551025390625,608.099853515625,588.7740478515625,25724066
2019-06-03,610.3170776367188,625.0607299804688,604.0081787109375,621.8377075195312,602.0752563476562,18556942
2019-06-04,620.5804443359375,628.2608642578125,616.3059692382812,617.9288940429688,598.2907104492188,15442761
2019-06-06,622.6148681640625,622.6148681640625,603.9624633789062,606.8197631835938,587.53466796875,16764835
2019-06-07,606.1797485351562,606.7740478515625,596.8764038085938,601.1280517578125,582.0238647460938,14722419
2019-06-10,603.8710327148438,606.6597290039062,598.9336547851562,603.0709838867188,583.9049682617188,11768468
2019-06-11,604.3053588867188,610.0885009765625,602.5452880859375,607.6426391601562,588.3313598632812,11492074
2019-06-12,610.179931640625,611.8714599609375,605.7454223632812,609.01416015625,589.6593017578125,10297599
2019-06-13,608.03125,610.179931640625,598.270751953125,606.7740478515625,587.4902954101562,15686169
2019-06-14,604.3281860351562,605.7454223632812,598.6136474609375,602.3395385742188,583.1967163085938,14942768
2019-06-17,603.4595947265625,603.4595947265625,584.4871826171875,586.2244262695312,567.5938110351562,14908257
2019-06-18,584.6700439453125,588.8074340820312,580.1898193359375,585.630126953125,567.0184936523438,16797371
2019-06-19,588.327392578125,595.2305908203125,577.21826171875,583.96142578125,565.4027709960938,14492763
2019-06-20,585.1729125976562,594.3162841796875,584.2586059570312,592.8304443359375,573.989990234375,10748848
2019-06-21,592.4647216796875,592.4876098632812,583.1385498046875,584.9443359375,566.3544311523438,23236832
2019-06-24,581.5841674804688,583.5499877929688,574.703857421875,577.1268310546875,558.785400390625,11267228
2019-06-25,575.5267333984375,593.4019165039062,573.40087890625,592.4190063476562,573.5914916992188,14966899
2019-06-26,590.2017822265625,596.4192504882812,588.075927734375,591.641845703125,572.839111328125,11593027
2019-06-27,591.1846923828125,592.8990478515625,581.0584106445312,582.49853515625,563.986328125,24905533
2019-06-28,583.84716796875,586.4758911132812,570.8407592773438,572.8751831054688,554.6687622070312,18942165
2019-07-01,575.1381225585938,581.812744140625,569.8350219726562,580.0755615234375,561.6404418945312,13478857
2019-07-02,582.4071044921875,585.630126953125,577.5382690429688,584.4871826171875,565.9118041992188,10146746
2019-07-03,586.4987182617188,588.14453125,582.9099731445312,586.3386840820312,567.7045288085938,8806492
2019-07-04,585.81298828125,590.2017822265625,585.1729125976562,587.0015869140625,568.3463134765625,9351405
2019-07-05,587.5044555664062,589.9732055664062,576.0296020507812,577.5610961914062,559.205810546875,10926753
2019-07-08,575.1152954101562,579.732666015625,570.6350708007812,572.3951416015625,554.2039794921875,14009219
2019-07-09,570.9779052734375,586.7730102539062,569.4006958007812,585.2186279296875,566.6199951171875,17535754
2019-07-10,585.19580078125,589.4474487304688,580.0069580078125,584.647216796875,566.0667114257812,12018196
2019-07-11,588.3731079101562,589.6531982421875,584.8529052734375,585.8815307617188,567.2618408203125,8608376
2019-07-12,586.54443359375,594.3162841796875,584.2814331054688,585.4015502929688,566.7969970703125,15692436
2019-07-15,587.458740234375,589.5159912109375,580.7612915039062,583.3900146484375,564.8494873046875,10659498
2019-07-16,585.1500854492188,591.9847412109375,583.8242797851562,591.1160888671875,572.3299560546875,10070773
2019-07-17,591.7103881835938,592.9447631835938,585.1729125976562,586.0186767578125,567.3946533203125,9482233
2019-07-18,586.0872802734375,588.0988159179688,575.1152954101562,576.8753662109375,558.5418090820312,11942908
2019-07-19,579.7783813476562,581.9498901367188,568.12060546875,571.0007934570312,552.85400390625,16336536
2019-07-22,571.9151000976562,587.2301635742188,561.0802612304688,585.4015502929688,566.7969970703125,29092589
2019-07-23,587.458740234375,591.5275268554688,576.2124633789062,582.2242431640625,563.7207641601562,20316348
2019-07-24,582.2013549804688,584.6243286132812,573.0808715820312,575.6181640625,557.3246459960938,15189179
2019-07-25,577.8582763671875,580.1669921875,560.943115234375,563.0003662109375,545.1077270507812,21805071
2019-07-26,563.0003662109375,568.0291748046875,553.1712646484375,554.9085083007812,537.2731323242188,20387504
2019-07-29,556.3257446289062,558.6572875976562,550.93115234375,553.6055908203125,536.0116577148438,17626045
2019-07-30,554.9771118164062,557.7429809570312,537.6047973632812,539.8677368164062,522.7103881835938,20853117
2019-07-31,537.5133666992188,541.7421264648438,531.41015625,533.1702880859375,516.225830078125,21229950
2019-08-01,531.8673095703125,543.205078125,525.9013061523438,539.5706176757812,522.4227294921875,22628222
2019-08-02,537.490478515625,547.799560546875,531.2730102539062,541.4449462890625,527.3841552734375,23766807
2019-08-05,533.5131225585938,533.5131225585938,515.6836547851562,522.701171875,509.12713623046875,30399133
2019-08-06,518.76953125,525.5584716796875,512.940673828125,515.82080078125,502.425537109375,29067994
2019-08-07,514.9979248046875,520.5067749023438,504.3002014160156,507.18035888671875,494.00946044921875,25349369
2019-08-08,506.7003173828125,529.3986206054688,500.73431396484375,526.815673828125,513.1348876953125,31198568
2019-08-09,531.1587524414062,537.3990478515625,526.7927856445312,531.2730102539062,517.4763793945312,21970009
2019-08-13,563.7546997070312,595.5963134765625,560.4859619140625,582.7728271484375,567.6387939453125,104827144
2019-08-14,596.1449584960938,596.3506469726562,585.3329467773438,588.944580078125,573.6502075195312,31688983
2019-08-16,590.293212890625,590.5675048828125,581.9727783203125,584.2586059570312,569.0859985351562,21977767
2019-08-19,585.6529541015625,592.8533325195312,585.1729125976562,590.9332275390625,575.58740234375,16317602
2019-08-20,589.6531982421875,590.9332275390625,581.7899169921875,583.3214111328125,568.1731567382812,14969299
2019-08-21,583.1842651367188,584.5557861328125,579.001220703125,581.0355834960938,565.94677734375,10677848
2019-08-22,581.0355834960938,581.0584106445312,566.3834228515625,569.97216796875,555.1705932617188,14031953
2019-08-23,566.4291381835938,587.0015869140625,560.7145385742188,583.2756958007812,568.128662109375,21307915
2019-08-26,591.5732421875,591.5732421875,575.5724487304688,579.1383666992188,564.0988159179688,19202504
2019-08-27,587.458740234375,587.458740234375,576.5781860351562,582.8185424804688,567.6834106445312,28401906
2019-08-28,582.315673828125,585.630126953125,574.2238159179688,577.5382690429688,562.5401611328125,11605488
2019-08-29,574.4066772460938,576.1439208984375,564.7376098632812,567.6863403320312,552.944091796875,18890222
2019-08-30,569.4006958007812,573.469482421875,558.2001342773438,570.7950439453125,555.9721069335938,24735240
2019-09-03,567.9149169921875,568.2578125,548.599609375,551.5255126953125,537.2030029296875,18730619
2019-09-04,548.85107421875,550.999755859375,542.22216796875,549.1253662109375,534.8651733398438,32949395
2019-09-05,551.7083740234375,554.6342163085938,545.53662109375,547.9595947265625,533.7296752929688,22995486
2019-09-06,549.9711303710938,561.8574829101562,546.4281005859375,558.8858642578125,544.3721923828125,23186819
2019-09-09,558.0401000976562,563.6860961914062,554.6113891601562,558.7487182617188,544.238525390625,11747929
2019-09-11,558.8858642578125,566.8862915039062,558.8858642578125,564.326171875,549.6712646484375,12127900
2019-09-12,564.6004638671875,567.0919799804688,551.2055053710938,553.331298828125,538.9618530273438,11880005
2019-09-13,554.0856323242188,561.6288452148438,551.7540893554688,560.3031005859375,545.752685546875,12947715
2019-09-16,543.57080078125,557.3314819335938,542.2449951171875,553.51416015625,539.1400146484375,20547730
2019-09-17,553.6284790039062,553.6284790039062,545.6280517578125,547.433837890625,533.217529296875,15640772
2019-09-18,550.8626098632812,556.0514526367188,547.319580078125,551.2055053710938,536.891357421875,14933909
2019-09-19,552.1883544921875,553.0341186523438,536.0961303710938,539.02197265625,525.024169921875,13766222
2019-09-20,543.0907592773438,580.5555419921875,536.8504638671875,573.4465942382812,558.5548095703125,48165560
2019-09-23,582.49853515625,585.630126953125,564.6004638671875,566.5205688476562,551.80859375,21610844
2019-09-24,568.5321044921875,593.7676391601562,568.1434936523438,584.57861328125,569.397705078125,34958974
2019-09-25,587.0015869140625,592.0304565429688,580.0755615234375,584.9672241210938,569.7762451171875,18192270
2019-09-26,590.658935546875,593.7676391601562,586.7730102539062,592.8533325195312,577.4575805664062,18350457
2019-09-27,590.8875122070312,601.1737670898438,587.0015869140625,598.45361328125,582.9124755859375,19058663
2019-09-30,598.887939453125,610.6599731445312,596.853515625,609.0598754882812,593.2432250976562,25263770
2019-10-01,611.2314453125,613.5172729492188,591.2532348632812,596.556396484375,581.064453125,17920384
2019-10-03,587.9159545898438,601.03662109375,585.7672729492188,599.3679809570312,583.802978515625,13524851
2019-10-04,603.4138793945312,607.3912353515625,596.0763549804688,598.019287109375,582.4894409179688,14992253
2019-10-07,598.019287109375,603.8253173828125,595.0934448242188,598.9336547851562,583.3800659179688,10061584
2019-10-09,598.2936401367188,608.0084228515625,590.8875122070312,605.631103515625,589.9035034179688,17588647
2019-10-10,605.7454223632812,625.8607177734375,603.916748046875,623.0034790039062,606.82470703125,35006390
2019-10-11,623.437744140625,624.306396484375,611.0256958007812,618.3632202148438,602.3050537109375,16597126
2019-10-14,624.0092163085938,624.0092163085938,617.5631713867188,620.8319091796875,604.70947265625,13394275
2019-10-15,622.88916015625,626.3179321289062,619.140380859375,623.6434936523438,607.4481201171875,9672791
2019-10-16,626.272216796875,630.7295532226562,623.437744140625,627.3922729492188,611.099609375,19403660
2019-10-17,628.603759765625,639.5757446289062,627.2322387695312,638.4328002929688,621.8533935546875,16038940
2019-10-18,641.861572265625,652.787841796875,639.4385986328125,647.507568359375,630.6925048828125,28121951
2019-10-22,651.4620361328125,656.8794555664062,641.5643920898438,646.5018310546875,629.7128295898438,27786502
2019-10-23,647.4847412109375,651.8963623046875,632.3296508789062,636.5584106445312,620.027587890625,18446160
2019-10-24,640.4900512695312,658.9595947265625,633.884033203125,656.6965942382812,639.642822265625,22642488
2019-10-25,658.8224487304688,658.982421875,645.176025390625,654.2965087890625,637.3051147460938,13539957
2019-10-27,658.7767333984375,660.6054077148438,653.7478637695312,655.6908569335938,638.663330078125,3014841
2019-10-29,660.833984375,676.606201171875,659.2796020507812,670.6859130859375,653.2689819335938,25768505
2019-10-30,676.606201171875,678.6863403320312,667.6000366210938,676.1947631835938,658.634765625,16341366
2019-10-31,678.4348754882812,681.0178833007812,668.2400512695312,669.4515380859375,652.0665893554688,19463741
2019-11-01,665.1770629882812,668.2857666015625,658.7767333984375,666.045654296875,648.7491455078125,13904301
2019-11-04,670.16015625,672.49169921875,660.651123046875,666.3885498046875,649.0831909179688,14063434
2019-11-05,668.880126953125,671.5545043945312,658.7767333984375,661.6568603515625,644.474365234375,12685356
2019-11-06,659.5538940429688,661.2682495117188,653.0621337890625,655.9879760742188,638.95263671875,14625505
2019-11-07,656.0337524414062,668.8343505859375,654.753662109375,666.8228759765625,649.5062255859375,14084039
2019-11-08,662.43408203125,667.3028564453125,658.9138793945312,660.833984375,643.6727905273438,12019353
2019-11-11,657.9080810546875,660.2625122070312,650.3419799804688,652.7421264648438,635.7910766601562,11357841
2019-11-13,653.7478637695312,674.7318115234375,653.7478637695312,673.0859985351562,655.606689453125,25225749
2019-11-14,674.7775268554688,677.337646484375,665.5427856445312,668.7200927734375,651.3541259765625,14258133
2019-11-15,670.0458984375,679.7149658203125,668.9029541015625,672.4231567382812,654.9609985351562,15691605
2019-11-18,673.2460327148438,679.3491821289062,665.3599243164062,667.09716796875,649.7733764648438,14076051
2019-11-19,670.6630249023438,692.5613403320312,669.7487182617188,690.2069091796875,672.2830200195312,30176255
2019-11-20,710.9165649414062,718.848388671875,705.4991455078125,707.5335083007812,689.15966796875,43538120
2019-11-21,706.322021484375,711.350830078125,698.8016357421875,702.93896484375,684.6843872070312,14897371
2019-11-22,704.9962158203125,717.5225830078125,702.93896484375,707.0077514648438,688.6475830078125,22352865
2019-11-25,709.1336059570312,715.3739013671875,709.0650024414062,713.8881225585938,695.3493041992188,15146156
2019-11-26,716.882568359375,720.6541748046875,711.350830078125,713.2938232421875,694.7703247070312,35330983
2019-11-27,713.1566772460938,720.265625,711.3965454101562,717.6826171875,699.045166015625,9642739
2019-11-28,718.962646484375,724.2200927734375,714.9853515625,722.4600219726562,703.6985473632812,13747479
2019-11-29,723.2142944335938,723.2142944335938,707.6249389648438,709.1336059570312,690.7181396484375,18559594
2019-12-02,731.4661865234375,738.0722045898438,720.9513549804688,725.29443359375,706.4593505859375,31225364
2019-12-03,728.1517333984375,728.72314453125,718.9398193359375,721.8199462890625,703.0750122070312,12990426
2019-12-04,719.1226806640625,721.179931640625,701.1788940429688,709.8422241210938,691.4083251953125,20987607
2019-12-05,719.579833984375,722.2085571289062,705.8648681640625,708.9964599609375,690.5845947265625,19942460
2019-12-06,709.9793701171875,716.8368530273438,704.5390625,710.8479614257812,692.3880004882812,13085234
2019-12-09,711.41943359375,721.1342163085938,707.0077514648438,718.9398193359375,700.269775390625,12642677
2019-12-10,718.6883544921875,719.39697265625,710.5050659179688,714.0709838867188,695.52734375,10173333
2019-12-11,711.16796875,719.8084106445312,708.8821411132812,714.2767333984375,695.7277221679688,12364641
2019-12-12,717.865478515625,719.5112915039062,711.6480102539062,716.9282836914062,698.3104248046875,10326606
2019-12-13,722.3228149414062,726.89453125,718.848388671875,723.6486206054688,704.8562622070312,12668303
2019-12-16,727.808837890625,728.6774291992188,715.168212890625,716.1968383789062,697.5980224609375,11892718
2019-12-17,716.265380859375,721.8656616210938,711.1451416015625,714.4138793945312,695.861328125,20324601
2019-12-18,714.551025390625,722.3228149414062,714.0938720703125,720.4255981445312,701.7169189453125,14742077
2019-12-19,719.4426879882812,738.2779541015625,718.5740966796875,736.0149536132812,716.9015502929688,20507816
2019-12-20,738.3236694335938,739.4894409179688,729.6832275390625,731.0547485351562,712.0701293945312,21271510
2019-12-23,713.2252197265625,721.2027587890625,712.1737670898438,718.3912353515625,699.7353515625,25107772
2019-12-24,717.248291015625,718.6883544921875,705.1790771484375,706.9849243164062,688.625244140625,18048449
2019-12-26,704.79052734375,709.9564819335938,690.3897705078125,692.7899169921875,674.7988891601562,29761019
2019-12-27,698.093017578125,706.87060546875,695.4871826171875,705.1105346679688,686.7996215820312,17677571
2019-12-30,706.75634765625,707.5335083007812,698.5730590820312,705.956298828125,687.623291015625,17123749
2019-12-31,704.9505004882812,705.7277221679688,689.4297485351562,692.1727294921875,674.19775390625,22203005
2020-01-01,693.978515625,698.1387329101562,688.2639770507812,690.1383056640625,672.2161254882812,14004468
2020-01-02,691.2355346679688,704.4705200195312,691.2355346679688,701.8875122070312,683.6602172851562,17710316
2020-01-03,700.8359985351562,704.79052734375,696.2643432617188,702.7332763671875,684.4840698242188,20984698
2020-01-06,694.8928833007812,698.5044555664062,684.835205078125,686.435302734375,668.6093139648438,24519177
2020-01-07,694.4356689453125,701.5217895507812,691.9212646484375,696.995849609375,678.8956298828125,16683622
2020-01-08,692.6070556640625,701.4989013671875,690.3212280273438,691.7612915039062,673.7970581054688,16047902
2020-01-09,703.3961791992188,708.6078491210938,700.0360107421875,707.6935424804688,689.3154907226562,14982742
2020-01-10,709.4764404296875,712.2423095703125,703.8761596679688,707.5335083007812,689.15966796875,12478359
2020-01-13,706.3449096679688,712.585205078125,703.3047485351562,705.7277221679688,687.400634765625,18282382
2020-01-14,704.0361938476562,708.6078491210938,695.7386474609375,699.1902465820312,681.0330200195312,15816535
2020-01-15,702.1389770507812,703.990478515625,694.0928344726562,696.6529541015625,678.5615844726562,15817859
2020-01-16,699.0073852539062,705.5676879882812,698.5501708984375,703.0761108398438,684.8179321289062,12847975
2020-01-17,710.2079467773438,724.5858154296875,710.07080078125,722.780029296875,704.0101928710938,29463471
2020-01-20,735.5806884765625,735.5806884765625,697.8187255859375,700.5388793945312,682.3466796875,32545850
2020-01-21,698.8245239257812,706.7106323242188,695.8071899414062,701.2474975585938,683.0369262695312,18922720
2020-01-22,705.8648681640625,707.1220703125,699.9674072265625,700.9960327148438,682.7919311523438,10322817
2020-01-23,702.4360961914062,704.9276733398438,695.212890625,698.0244750976562,679.8975219726562,11247739
2020-01-24,698.093017578125,702.3675537109375,694.22998046875,695.6015014648438,677.5374755859375,14628445
2020-01-27,692.5613403320312,696.92724609375,688.0353393554688,688.7439575195312,670.8580322265625,13387750
2020-01-28,689.68115234375,690.3212280273438,669.1087036132812,672.8345947265625,655.3617553710938,24532236
2020-01-29,673.8860473632812,683.1893920898438,669.3143920898438,676.5376586914062,658.96875,24746565
2020-01-30,676.1490478515625,676.4690551757812,658.319580078125,660.033935546875,642.8934936523438,22402689
2020-01-31,664.2626953125,664.3770141601562,643.3245239257812,645.35888671875,628.5996704101562,34750310
2020-02-03,626.272216796875,640.0100708007812,623.140625,633.4039916992188,616.9552001953125,30712290
2020-02-04,640.0328979492188,654.8908081054688,639.0271606445312,652.1021118164062,635.1676635742188,25383901
2020-02-05,655.9879760742188,664.1712646484375,653.8850708007812,662.2054443359375,645.0086669921875,18472100
2020-02-06,664.765625,670.6630249023438,658.3652954101562,666.4570922851562,649.1498413085938,15538577
2020-02-07,663.348388671875,663.965576171875,652.970703125,655.4165649414062,638.3961791992188,12209212
2020-02-10,652.8335571289062,660.833984375,644.810302734375,656.3080444335938,639.264404296875,15142476
2020-02-11,661.7025756835938,670.2973022460938,660.6282348632812,664.1484375,646.9011840820312,13999816
2020-02-12,665.7028198242188,674.2518310546875,665.1770629882812,672.1716918945312,654.7161865234375,13533565
2020-02-13,675.5775756835938,675.5775756835938,668.6514892578125,673.9317626953125,656.4304809570312,13565659
2020-02-14,675.3489990234375,686.4124145507812,664.3084106445312,680.0806884765625,662.4197998046875,21227841
2020-02-17,680.720703125,688.5610961914062,674.0003662109375,675.80615234375,658.2561645507812,13149130
2020-02-18,674.7318115234375,674.7318115234375,666.2742309570312,670.8458862304688,653.4247436523438,11127161
2020-02-19,676.3090209960938,688.6982421875,674.3660888671875,687.4867553710938,669.6334228515625,14084409
2020-02-20,684.3780517578125,689.4068603515625,678.3434448242188,679.3263549804688,661.6849975585938,16892268
2020-02-24,671.9202270507812,675.2346801757812,658.1138305664062,660.58251953125,643.4279174804688,21370214
2020-02-25,663.53125,663.53125,644.6045532226562,647.5304565429688,630.7147827148438,27745062
2020-02-26,644.6045532226562,645.6788940429688,634.249755859375,636.3755493164062,619.8495483398438,29362748
2020-02-27,634.546875,637.198486328125,625.8607177734375,633.7468872070312,617.2891235351562,25054993
2020-02-28,619.4146728515625,620.374755859375,605.7454223632812,607.4140625,591.6401977539062,39315769
2020-03-02,619.506103515625,625.8607177734375,594.8191528320312,601.6995239257812,586.0740356445312,29500495
2020-03-03,607.8941040039062,618.95751953125,604.3739013671875,613.9058227539062,597.9634399414062,27398798
2020-03-04,618.0889282226562,618.9118041992188,597.9278564453125,612.4657592773438,596.5607299804688,22105261
2020-03-05,618.1803588867188,620.80908203125,597.0592651367188,599.4136962890625,583.8475952148438,30510390
2020-03-06,580.6012573242188,588.8988647460938,567.38916015625,581.0584106445312,565.9688720703125,33734039
2020-03-09,566.9091186523438,567.3434448242188,500.59716796875,509.3518981933594,496.12457275390625,88187018
2020-03-11,506.5403137207031,538.7476806640625,506.5403137207031,527.3642578125,513.6692504882812,59578576
2020-03-12,496.0255126953125,503.34014892578125,479.43035888671875,485.96783447265625,473.3478088378906,55970485
2020-03-13,456.25201416015625,521.1696166992188,430.8335876464844,505.30596923828125,492.1836853027344,73297403
2020-03-16,484.8477783203125,493.6025085449219,459.4521789550781,464.3438720703125,452.2853698730469,38482258
2020-03-17,478.7674560546875,484.5963439941406,458.6293029785156,460.8236999511719,448.85662841796875,45445979
2020-03-18,468.732666015625,473.5786437988281,439.3368835449219,442.765625,431.2674865722656,44730415
2020-03-19,420.6387634277344,442.0798645019531,407.8838195800781,419.54156494140625,408.64654541015625,61404010
2020-03-20,429.5077819824219,473.1214599609375,425.1647033691406,465.37249755859375,453.28729248046875,63360475
2020-03-23,418.8558044433594,434.30804443359375,400.3177185058594,404.1579284667969,393.6623840332031,40670949
2020-03-24,425.1647033691406,443.45135498046875,409.5296325683594,431.2907409667969,420.090576171875,45734887
2020-03-25,440.616943359375,526.4498901367188,440.3655090332031,494.7682800292969,481.9196472167969,73130298
2020-03-26,500.962890625,510.6091003417969,476.52734375,487.4307556152344,474.772705078125,45744488
2020-03-27,500.59716796875,506.2203063964844,478.2874450683594,487.1564636230469,474.50555419921875,41657940
2020-03-30,475.7273254394531,491.3623962402344,466.3096923828125,471.0870666503906,458.85345458984375,30229866
2020-03-31,490.97381591796875,516.5065307617188,479.1103515625,509.1690368652344,495.9464416503906,44292810
2020-04-01,513.054931640625,514.1292724609375,477.8302917480469,493.9454040527344,481.1181945800781,41597459
2020-04-03,518.6323852539062,518.6323852539062,482.9048156738281,492.5738830566406,479.7823181152344,41367807
2020-04-07,503.8430480957031,554.9999389648438,502.88299560546875,551.3883666992188,537.0693969726562,54373624
2020-04-08,539.456298828125,561.8574829101562,530.31298828125,545.0108642578125,530.8575439453125,49880330
2020-04-09,554.9999389648438,563.5946655273438,545.3994750976562,557.7200927734375,543.2366943359375,33032857
2020-04-13,550.4054565429688,555.4571533203125,539.456298828125,543.639404296875,529.5216064453125,23673784
2020-04-15,547.2509765625,565.0576171875,522.5411376953125,525.6727294921875,512.021484375,35321842
2020-04-16,525.6727294921875,542.8621826171875,523.4555053710938,533.9931640625,520.1259765625,37455706
2020-04-17,555.914306640625,562.3146362304688,545.2394409179688,559.5715942382812,545.0401000976562,33269335
2020-04-20,560.4859619140625,574.6580810546875,549.5139770507812,568.62353515625,553.8569946289062,36030932
2020-04-21,553.1712646484375,572.3722534179688,532.1416625976562,565.6748046875,550.9848022460938,61371628
2020-04-22,603.4595947265625,633.1296997070312,594.3162841796875,623.3920288085938,607.2032470703125,142683366
2020-04-23,625.1064453125,633.5640258789062,618.6832275390625,626.7293701171875,610.453857421875,65464502
2020-04-24,617.2431640625,683.4408569335938,615.89453125,647.8047485351562,630.9819946289062,134986308
2020-04-27,655.5765380859375,674.3203735351562,650.5477294921875,653.6336059570312,636.659423828125,58482901
2020-04-28,662.8912353515625,665.3827514648438,636.4441528320312,652.9021606445312,635.947021484375,78453401
2020-04-29,660.5596923828125,664.5598754882812,649.1762084960938,652.353515625,635.4126586914062,37494672
2020-04-30,664.697021484375,683.4408569335938,657.4281005859375,670.2058715820312,652.8013305664062,71345899
2020-05-04,658.319580078125,669.7487182617188,648.0104370117188,656.1251831054688,639.0863037109375,53456868
2020-05-05,664.582763671875,676.1490478515625,661.6111450195312,667.760009765625,650.4190063476562,44903763
2020-05-06,669.2915649414062,678.8692016601562,660.833984375,667.8057861328125,650.4634399414062,40489094
2020-05-07,665.1770629882812,691.9898681640625,660.6054077148438,688.9268188476562,671.0360717773438,50026966
2020-05-08,706.322021484375,722.277099609375,702.7103881835938,714.00244140625,695.4605102539062,84262770
2020-05-11,722.3228149414062,738.3236694335938,718.8026733398438,720.8599243164062,702.1399536132812,67085063
2020-05-12,715.3739013671875,716.9968872070312,669.7487182617188,676.2633056640625,658.7015380859375,100683202
2020-05-13,704.7102661132812,704.7102661132812,671.020751953125,690.6114501953125,672.677001953125,66430125
2020-05-14,677.9432373046875,690.726806640625,659.9678344726562,662.690673828125,645.4812622070312,49266771
2020-05-15,666.40576171875,676.8818359375,653.0684204101562,673.5128784179688,656.0224609375,62152260
2020-05-18,678.40478515625,683.9427490234375,659.0217895507812,664.9058837890625,647.6390380859375,62796089
2020-05-19,672.4052734375,674.5743408203125,647.5996704101562,650.2070922851562,633.3219604492188,42315854
2020-05-20,650.7147827148438,667.7210693359375,642.8692626953125,661.65234375,644.4699096679688,55320985
2020-05-21,662.2522583007812,674.4589233398438,657.6372680664062,665.1366577148438,647.86376953125,39167981
2020-05-22,670.0054931640625,672.8667602539062,658.3295288085938,660.6600952148438,643.5035400390625,37828973
2020-05-26,668.3209838867188,669.0363159179688,653.6221923828125,657.1988525390625,640.132080078125,33216635
2020-05-27,660.40625,671.020751953125,651.6377563476562,667.12109375,649.796630859375,35667956
2020-05-28,671.4822387695312,682.9043579101562,668.7132568359375,679.443115234375,661.7987060546875,40126278
2020-05-29,677.4817504882812,679.3277587890625,670.3977661132812,675.8203735351562,658.27001953125,40022527
2020-06-01,683.019775390625,709.9483032226562,681.1506958007812,701.6412963867188,683.42041015625,39943702
2020-06-02,704.248779296875,710.7097778320312,701.8489379882812,708.7252807617188,690.3204345703125,22153960
2020-06-03,713.0172729492188,719.9397583007812,707.6407470703125,711.4712524414062,692.9951782226562,25381289
2020-06-04,712.5557250976562,733.5540161132812,711.1712646484375,729.0774536132812,710.1441040039062,34202350
2020-06-05,736.0922241210938,746.7067260742188,726.2622680664062,729.9542846679688,710.9981689453125,33076685
2020-06-08,746.891357421875,746.891357421875,722.2472534179688,724.323974609375,705.5140991210938,31414953
2020-06-09,720.0781860351562,730.5542602539062,707.479248046875,709.3944702148438,690.9722290039062,25857161
2020-06-10,712.140380859375,728.9620971679688,710.7328491210938,725.5469970703125,706.7052612304688,22132647
2020-06-11,722.708740234375,723.608642578125,706.5562744140625,709.6483154296875,691.2195434570312,20385805
2020-06-12,692.249755859375,735.1692504882812,690.865234375,733.23095703125,714.189697265625,38548899
2020-06-15,722.2472534179688,750.837158203125,720.4473876953125,745.1145629882812,725.7647705078125,53107403
2020-06-16,758.2442626953125,760.8055419921875,731.6156616210938,746.5682983398438,727.1807250976562,51187003
2020-06-17,742.2070922851562,754.7598876953125,739.368896484375,745.4837646484375,726.1243896484375,41782053
2020-06-18,741.6302490234375,768.397216796875,740.984130859375,764.1975708007812,744.3521728515625,40471557
2020-06-19,770.7047119140625,825.5308837890625,767.0127563476562,811.9628295898438,790.8770751953125,105804173
2020-06-22,818.423828125,832.6380004882812,800.7022094726562,805.8479614257812,784.9209594726562,60198705
2020-06-23,807.6246948242188,813.9703369140625,791.9798583984375,794.195068359375,773.5707397460938,37962078
2020-06-24,801.1175537109375,818.1007690429688,789.9492797851562,797.4024658203125,776.6947631835938,51586221
2020-06-25,797.0101928710938,807.1632080078125,790.572265625,792.810546875,772.22216796875,39679374
2020-06-26,797.8409423828125,808.5477294921875,792.3952026367188,803.7711791992188,782.8980712890625,30921913
2020-06-29,797.4948120117188,802.8943481445312,791.72607421875,795.2334594726562,774.5820922851562,25621946
2020-06-30,801.625244140625,803.47119140625,782.4960327148438,786.44189453125,766.018798828125,30276420
2020-07-01,793.7797241210938,807.1632080078125,788.2647705078125,801.902099609375,781.0775146484375,28464103
2020-07-02,804.3942260742188,815.7471313476562,800.7252807617188,812.4012451171875,794.524169921875,28789533
2020-07-03,821.3773803710938,827.46923828125,815.9317016601562,825.1155395507812,806.958740234375,29434266
2020-07-06,833.0072021484375,857.4666748046875,827.0538330078125,854.6054077148438,835.799560546875,47016185
2020-07-07,858.3897094726562,860.397216796875,833.607177734375,841.5218505859375,823.0039672851562,35189589
2020-07-08,841.7987670898438,846.8291015625,826.084716796875,829.7767333984375,811.5172119140625,26204095
2020-07-09,834.8532104492188,846.8521728515625,824.3540649414062,841.8910522460938,823.3650512695312,36418942
2020-07-10,843.8524780273438,869.7426147460938,841.8910522460938,866.7197875976562,847.6473999023438,43759967
2020-07-13,878.3956909179688,898.8632202148438,876.8496704101562,893.002197265625,873.3514404296875,69608392
2020-07-14,892.5407104492188,896.09423828125,870.9886474609375,884.6951904296875,865.2272338867188,67331128
2020-07-15,894.3635864257812,913.2158813476562,829.7767333984375,851.0056762695312,832.279052734375,139669773
2020-07-16,852.3901977539062,862.543212890625,836.4453735351562,850.7288208007812,832.0083618164062,60961724
2020-07-17,851.4672241210938,886.0797119140625,848.2366943359375,882.249267578125,862.8351440429688,49726765
2020-07-20,885.0643920898438,891.61767578125,876.6881713867188,886.0335083007812,866.5361328125,36592938
2020-07-21,894.8482055664062,912.3851928710938,893.6944580078125,909.8699951171875,889.8480834960938,42173371
2020-07-22,915.1541748046875,927.6146850585938,904.8627319335938,924.845703125,904.4942016601562,59771457
2020-07-23,924.8225708007812,959.7811889648438,919.0076904296875,949.6743774414062,928.7764892578125,58333751
2020-07-24,949.7666625976562,998.22412109375,949.6743774414062,990.4478759765625,968.6527709960938,120597372
2020-07-27,1005.515869140625,1014.745849609375,982.0255126953125,995.0859375,973.1888427734375,80304827
2020-07-28,995.0859375,1012.5306396484375,992.5245971679688,1005.0081787109375,982.8927001953125,55114422
2020-07-29,1005.1005249023438,1007.36181640625,955.5123291015625,967.6036376953125,946.311279296875,72663399
2020-07-30,968.6881713867188,987.47119140625,956.2276611328125,973.2339477539062,951.8177490234375,72857444
2020-07-31,975.8414306640625,982.5331420898438,947.3668823242188,953.96630859375,932.9739990234375,74958061
2020-08-03,946.6746215820312,949.30517578125,924.4302978515625,927.1531982421875,906.7509765625,46715383
2020-08-04,932.506591796875,1000.0701293945312,923.1150512695312,992.5015258789062,970.661376953125,92041055
2020-08-05,1000.9931640625,1013.45361328125,977.5950927734375,981.3563232421875,959.7613525390625,74549993
2020-08-06,995.4551391601562,1000.3931884765625,972.7493286132812,984.8867797851562,963.214111328125,49322975
2020-08-07,982.90234375,995.8243408203125,978.4719848632812,990.5863037109375,968.7882080078125,32984416
2020-08-10,996.42431640625,999.1471557617188,972.8878173828125,978.3104248046875,956.7825317382812,26958997
2020-08-11,985.2098388671875,996.8396606445312,969.3111572265625,984.7483520507812,963.0787963867188,46828306
2020-08-12,978.8411254882812,989.9171752929688,972.287841796875,981.8870239257812,960.2804565429688,30264617
2020-08-13,982.0716552734375,987.1019897460938,973.7646484375,979.3257446289062,957.775390625,24830322
2020-08-14,979.5564575195312,995.4551391601562,964.1885375976562,975.5183715820312,954.0518798828125,33224635
2020-08-17,971.4571533203125,971.4571533203125,955.350830078125,965.15771484375,943.9192504882812,30979066
2020-08-18,962.2271728515625,984.9791259765625,961.0042114257812,977.7105102539062,956.19580078125,30547672
2020-08-19,988.0711669921875,994.0706787109375,979.002685546875,983.7099609375,962.063232421875,34087543
2020-08-20,978.379638671875,980.1795043945312,963.6116333007812,967.7882080078125,946.4917602539062,22537845
2020-08-21,977.4566650390625,979.3026733398438,958.53515625,960.7734375,939.63134765625,25280895
2020-08-24,965.1807861328125,971.2263793945312,955.535400390625,967.1882934570312,945.9050903320312,32717218
2020-08-25,971.9186401367188,974.3646240234375,958.9966430664062,960.8887939453125,939.7443237304688,19388008
2020-08-26,962.2271728515625,991.278564453125,944.690185546875,986.3635864257812,964.658447265625,59870421
2020-08-27,991.3016357421875,992.2246704101562,970.6495361328125,974.0415649414062,952.6075439453125,28085062
2020-08-28,978.379638671875,984.3330078125,972.0340576171875,976.6029052734375,955.1124877929688,27166900
2020-08-31,1003.3006591796875,1003.3006591796875,950.8511962890625,960.2427368164062,939.1123046875,62076132
2020-09-01,969.149658203125,979.4872436523438,951.7972412109375,963.2655639648438,942.0687255859375,38616258
2020-09-02,965.4576416015625,986.6866455078125,962.2271728515625,982.1639404296875,960.5512084960938,26949439
2020-09-03,982.0716552734375,987.0327758789062,970.5341796875,974.7338256835938,953.28466796875,18586429
2020-09-04,961.5579833984375,967.7420654296875,956.3199462890625,958.6505126953125,937.5551147460938,28475945
2020-09-07,961.7656860351562,971.8032836914062,943.4210205078125,961.1426391601562,939.992431640625,21926473
2020-09-08,965.4576416015625,978.8411254882812,960.150390625,972.4263305664062,951.02783203125,27397082
2020-09-09,962.2271728515625,1000.4393310546875,960.5888061523438,997.462646484375,975.51318359375,55310877
2020-09-10,1007.5003051757812,1082.194091796875,1003.9236450195312,1067.91064453125,1044.410888671875,140304404
2020-09-11,1066.9876708984375,1078.9173583984375,1055.496337890625,1070.564208984375,1047.0062255859375,59470807
2020-09-14,1072.9871826171875,1089.1396484375,1053.142578125,1062.62646484375,1039.2430419921875,44063445
2020-09-15,1066.964599609375,1073.333251953125,1055.9808349609375,1070.14892578125,1046.60009765625,27178393
2020-09-16,1070.6795654296875,1093.45458984375,1066.3184814453125,1072.7794189453125,1049.172607421875,33952295
2020-09-17,1070.6795654296875,1077.002197265625,1057.6883544921875,1060.872802734375,1037.528076171875,25828669
2020-09-18,1068.0260009765625,1070.42578125,1050.62744140625,1064.0802001953125,1040.664794921875,33074915
2020-09-21,1061.4495849609375,1078.0635986328125,1037.151611328125,1041.074462890625,1018.1653442382812,33627381
2020-09-22,1050.8350830078125,1050.8350830078125,1016.0149536132812,1020.4453735351562,997.990234375,34792254
2020-09-23,1042.9896240234375,1050.7197265625,1017.74560546875,1029.5137939453125,1006.8590087890625,42988708
2020-09-24,1018.9454956054688,1027.298583984375,1004.2467041015625,1006.6234741210938,984.4725341796875,29826318
2020-09-25,1010.22314453125,1021.2068481445312,1000.2086181640625,1016.0841674804688,993.7249755859375,28374935
2020-09-28,1027.7601318359375,1032.836669921875,1018.55322265625,1022.7990112304688,1000.2920532226562,19666849
2020-09-29,1026.837158203125,1044.8355712890625,1022.7990112304688,1036.0902099609375,1013.2908325195312,25842539
2020-09-30,1042.9896240234375,1046.2200927734375,1026.837158203125,1031.1522216796875,1008.46142578125,24465159
2020-10-01,1044.7432861328125,1044.7432861328125,1021.7606201171875,1026.9525146484375,1004.354248046875,20783227
2020-10-05,1035.6055908203125,1037.9822998046875,1018.0686645507812,1020.929931640625,998.464111328125,18922799
2020-10-06,1026.9525146484375,1030.9444580078125,1016.0610961914062,1020.076171875,997.629150390625,18412175
2020-10-07,1031.4521484375,1065.6031494140625,1024.5296630859375,1041.8359375,1018.9102172851562,53170865
2020-10-08,1042.528076171875,1046.681640625,1025.498779296875,1033.4134521484375,1010.673095703125,21077808
2020-10-09,1031.4521484375,1039.7591552734375,1023.1912841796875,1030.73681640625,1008.0552368164062,18545499
2020-10-12,1031.4521484375,1041.0281982421875,1027.4140625,1032.398193359375,1009.6799926757812,14226473
2020-10-13,1029.4215087890625,1054.873291015625,1027.2293701171875,1052.542724609375,1029.3812255859375,23112012
2020-10-14,1051.7120361328125,1063.295654296875,1046.912353515625,1055.680908203125,1032.4503173828125,26742011
2020-10-15,1056.8345947265625,1056.8345947265625,1012.9921264648438,1018.2993774414062,995.8914794921875,20036197
2020-10-16,1022.22216796875,1030.29833984375,1002.6776123046875,1004.13134765625,982.0352172851562,21583600
2020-10-19,1010.7077026367188,1028.544677734375,994.6013793945312,1004.31591796875,982.2156982421875,31200385
2020-10-20,1005.608154296875,1012.0691528320312,993.2630004882812,994.947509765625,973.053466796875,18482288
2020-10-21,1000.5316772460938,1011.607666015625,968.1112670898438,980.5025634765625,958.9264526367188,34082321
2020-10-22,981.7947387695312,984.1483764648438,964.9961547851562,972.3570556640625,950.9600219726562,30802210
2020-10-23,971.9186401367188,985.3021240234375,967.48828125,975.1722412109375,953.71337890625,23422125
2020-10-26,970.049560546875,970.049560546875,931.5374145507812,936.4293212890625,915.8229370117188,37324416
2020-10-27,939.1060180664062,950.6204223632812,925.3071899414062,938.9214477539062,918.2603149414062,36478896
2020-10-28,942.2903442382812,949.6282348632812,926.414794921875,928.2838745117188,907.8567504882812,29924017
2020-10-29,921.6151733398438,942.3826904296875,918.84619140625,935.4140014648438,914.8300170898438,30655304
2020-10-30,938.4598999023438,953.0433349609375,933.0603637695312,948.1514282226562,927.287109375,34021563
2020-11-02,935.4601440429688,935.4601440429688,857.9974365234375,866.44287109375,847.3766479492188,99366895
2020-11-03,872.2346801757812,881.003173828125,846.8983764648438,853.9592895507812,835.1677856445312,88691623
2020-11-04,847.7752075195312,890.2332153320312,847.7752075195312,882.9414672851562,863.5120849609375,80180117
2020-11-05,902.2091064453125,904.9780883789062,891.61767578125,902.232177734375,882.37841796875,37205373
2020-11-06,918.3847045898438,941.4596557617188,912.9158935546875,936.452392578125,915.8455200195312,66674086
2020-11-09,951.6588134765625,954.8431396484375,939.6136474609375,946.397705078125,925.5719604492188,35838510
2020-11-10,958.53515625,964.53466796875,942.0134887695312,962.0194702148438,940.8500366210938,36934242
2020-11-11,964.0731811523438,966.8421630859375,912.892822265625,921.7074584960938,901.4249877929688,56724780
2020-11-12,914.231201171875,926.8993530273438,906.84716796875,913.7696533203125,893.661865234375,40046527
2020-11-13,914.6926879882812,939.9136352539062,914.5773315429688,921.3382568359375,901.0640258789062,45388670
2020-11-14,929.8760375976562,930.0606079101562,920.8536987304688,924.0610961914062,903.7269287109375,5226220
2020-11-17,962.2271728515625,962.2271728515625,916.0771484375,919.884521484375,899.6422119140625,46542562
2020-11-18,919.884521484375,925.9994506835938,904.5858154296875,917.0924682617188,896.91162109375,30402290
2020-11-19,917.0924682617188,927.8223266601562,908.323974609375,910.6083984375,890.5703735351562,27796343
2020-11-20,911.462158203125,915.5233764648438,874.5421752929688,876.6189575195312,857.328857421875,57471248
2020-11-23,900.3861694335938,909.1546630859375,888.9640502929688,900.2477416992188,880.4375610351562,45327567
2020-11-24,906.3856811523438,911.0006713867188,891.61767578125,906.4087524414062,886.4630737304688,30936268
2020-11-25,913.7696533203125,919.74609375,896.3250122070312,898.9093627929688,879.1286010742188,32637879
2020-11-26,901.332275390625,906.84716796875,890.7177734375,901.1245727539062,881.295166015625,25838637
2020-11-27,895.5404052734375,902.7398071289062,886.7257690429688,890.6023559570312,871.00439453125,47336811
2020-12-01,895.47119140625,907.424072265625,890.7177734375,902.18603515625,882.3331909179688,19750687
2020-12-02,903.847412109375,905.4627075195312,893.002197265625,903.6859130859375,883.8001098632812,22188887
2020-12-03,910.0776977539062,914.27734375,903.9166259765625,906.4087524414062,886.4630737304688,27785372
2020-12-04,908.6931762695312,908.6931762695312,895.3096923828125,898.4248046875,878.65478515625,18464552
2020-12-07,895.5866088867188,906.84716796875,895.5866088867188,903.708984375,883.8226318359375,18242188
2020-12-08,905.0704345703125,929.5760498046875,899.9246826171875,920.1152954101562,899.8678588867188,43403061
2020-12-09,927.5916137695312,938.598388671875,922.653564453125,935.4370727539062,914.8526000976562,29175254
2020-12-10,932.9680786132812,936.1524047851562,923.461181640625,926.2301635742188,905.8482666015625,16065507
2020-12-11,928.9991455078125,940.5366821289062,911.1160278320312,925.6763916015625,905.3067016601562,26944202
2020-12-14,926.6685791015625,929.9221801757812,916.7001953125,918.984619140625,898.76220703125,17312747
2020-12-15,918.2462158203125,918.2462158203125,905.0473022460938,911.1622314453125,891.1119384765625,18551265
2020-12-16,917.461669921875,920.6691284179688,907.1702270507812,912.177490234375,892.1047973632812,18561011
2020-12-17,915.846435546875,925.3071899414062,912.4544067382812,916.3540649414062,896.1895141601562,20252358
2020-12-18,913.8158569335938,925.2610473632812,906.84716796875,919.0999755859375,898.875,18466344
2020-12-21,927.6146850585938,933.1526489257812,856.1975708007812,895.1712036132812,875.4727172851562,44135540
2020-12-22,899.4631958007812,904.0320434570312,871.5193481445312,893.7867431640625,874.1187744140625,28140001
2020-12-23,890.6947021484375,900.5938720703125,886.379638671875,897.0864868164062,877.3458862304688,19501410
2020-12-24,898.5401611328125,922.4458618164062,898.0325317382812,920.2999267578125,900.0486450195312,20776988
2020-12-28,926.0917358398438,931.3067016601562,920.8306274414062,924.5226440429688,904.1782836914062,17221499
2020-12-29,927.1531982421875,928.6761474609375,914.9464721679688,918.4077758789062,898.197998046875,18611939
2020-12-30,920.8075561523438,926.3224487304688,911.7160034179688,920.9229125976562,900.6578369140625,22043630
2020-12-31,919.9999389648438,928.4915161132812,913.1235961914062,916.2156372070312,896.0540771484375,18781189
2021-01-01,917.461669921875,921.6151733398438,914.6926879882812,917.23095703125,897.047119140625,10015175
2021-01-04,920.7383422851562,922.4920043945312,908.231689453125,918.7769775390625,898.55908203125,24513534
2021-01-05,908.6931762695312,915.4310913085938,902.6936645507812,907.3548583984375,887.3883056640625,24123091
2021-01-06,907.2625122070312,907.3086547851562,879.2264404296875,883.4260864257812,863.986083984375,46401468
2021-01-07,886.3104248046875,897.6171875,879.2264404296875,881.9954223632812,862.5869750976562,32325918
2021-01-08,885.1566772460938,894.5712890625,882.433837890625,892.4022216796875,872.7647094726562,27540187
2021-01-11,894.755859375,894.755859375,873.388427734375,875.58056640625,856.313232421875,33307825
2021-01-12,878.2341918945312,904.5396728515625,876.8035278320312,903.1782836914062,883.3036499023438,41161546
2021-01-13,906.177978515625,911.4390869140625,885.3643798828125,894.755859375,875.0665893554688,26619458
2021-01-14,897.6171875,907.7240600585938,894.8712768554688,904.8165893554688,884.9059448242188,21553242
2021-01-15,904.8165893554688,910.9083862304688,886.102783203125,894.1328735351562,874.457275390625,20593268
2021-01-18,899.5093383789062,921.6151733398438,887.625732421875,915.5925903320312,895.4447631835938,35100458
2021-01-19,920.5306396484375,937.30615234375,920.5306396484375,930.5682983398438,910.0909423828125,32006615
2021-01-20,932.8757934570312,949.7666625976562,923.645751953125,948.2437133789062,927.3773803710938,30924537
2021-01-21,960.8426513671875,978.379638671875,957.6121826171875,968.8727416992188,947.5524291992188,39087742
2021-01-22,974.2261352539062,976.2337036132812,939.2213745117188,945.8900756835938,925.0756225585938,30532660
2021-01-25,939.1290893554688,939.1290893554688,891.61767578125,895.7711791992188,876.0595092773438,54207104
2021-01-27,888.38720703125,888.38720703125,871.3117065429688,874.5421752929688,855.2977294921875,42370131
2021-01-28,867.6889038085938,887.6026611328125,863.0046997070312,866.0275268554688,846.9703979492188,34067814
2021-01-29,874.2191162109375,882.8953247070312,844.544677734375,850.0596313476562,831.3539428710938,43712383
2021-02-01,858.11279296875,879.1571655273438,852.8516845703125,874.6806640625,855.43310546875,34180952
2021-02-02,883.4260864257812,895.3096923828125,856.0591430664062,888.7564086914062,869.1991577148438,41470034
2021-02-03,889.91015625,900.84765625,876.8496704101562,890.9946899414062,871.38818359375,30301696
2021-02-04,887.9256591796875,895.3096923828125,879.1571655273438,888.0641479492188,868.5220947265625,25626981
2021-02-05,890.7177734375,897.4556884765625,886.0797119140625,887.810302734375,868.2738037109375,20248046
2021-02-08,892.1022338867188,908.6931762695312,890.2562866210938,900.5938720703125,880.7761840820312,21183400
2021-02-09,905.4396362304688,918.2000732421875,900.9861450195312,902.7628784179688,882.8974609375,19604141
2021-02-10,901.6553344726562,915.9617919921875,889.4486083984375,911.1390991210938,891.0892944335938,21234156
2021-02-11,913.7696533203125,952.6279907226562,910.1930541992188,948.7052001953125,927.8287353515625,42539278
2021-02-12,948.6129150390625,958.9966430664062,930.1067504882812,942.1980590820312,921.4647216796875,30497029
2021-02-15,945.1747436523438,951.2896118164062,934.5371704101562,938.0445556640625,917.4027099609375,15791099
2021-02-16,941.3442993164062,959.6427612304688,939.1521606445312,950.4589233398438,929.5438232421875,21421660
2021-02-17,950.6896362304688,967.2805786132812,946.3515625,961.4195556640625,940.2633056640625,23742994
2021-02-18,962.2271728515625,973.0262451171875,950.2742919921875,954.2432250976562,933.2449340820312,18646877
2021-02-19,949.30517578125,971.43408203125,947.5975952148438,960.05810546875,938.9317626953125,23403483
2021-02-22,959.919677734375,964.488525390625,920.6691284179688,926.73779296875,906.3447265625,23804335
2021-02-23,945.1516723632812,947.4130249023438,929.2760620117188,933.8218383789062,913.2728271484375,25644108
2021-02-24,936.8446655273438,953.112548828125,935.06787109375,951.1511840820312,930.2208251953125,10807663
2021-02-25,958.0736694335938,993.1476440429688,956.6891479492188,989.6171875,967.8403930664062,34855693
2021-02-26,976.9951782226562,984.7944946289062,955.627685546875,962.5963745117188,941.4141845703125,37481215
2021-03-01,973.85693359375,974.6876831054688,951.8433837890625,969.9342041015625,948.590576171875,17680764
2021-03-02,979.3026733398438,982.99462890625,964.1193237304688,971.9186401367188,950.5313110351562,17150760
2021-03-03,978.8642578125,1024.4835205078125,972.4724731445312,1016.268798828125,993.9055786132812,31924461
2021-03-04,1006.0696411132812,1010.6615600585938,995.7781982421875,1004.1544189453125,982.0577392578125,21435754
2021-03-05,994.99365234375,1020.8145751953125,993.6322021484375,1005.4696655273438,983.3440551757812,25511666
2021-03-08,1000.7623901367188,1030.021484375,1000.5316772460938,1011.1923217773438,988.9408569335938,19506841
2021-03-09,1015.2996215820312,1021.6683349609375,990.6555786132812,1011.169189453125,988.918212890625,15154484
2021-03-10,1018.5301513671875,1022.268310546875,1001.5700073242188,1006.9695434570312,984.8109741210938,11519358
2021-03-12,1012.9921264648438,1018.2532348632812,980.1795043945312,986.5020751953125,964.7938842773438,16864952
2021-03-15,987.6327514648438,991.7169799804688,960.150390625,973.2570190429688,951.8402099609375,16698099
2021-03-16,975.6106567382812,981.148681640625,967.0729370117188,969.4265747070312,948.0941162109375,13873801
2021-03-17,968.249755859375,970.5341796875,939.1983032226562,948.543701171875,927.6707763671875,19210236
2021-03-18,956.6430053710938,962.1348876953125,923.461181640625,927.1993408203125,906.796142578125,20647480
2021-03-19,918.84619140625,967.2344360351562,915.0618896484375,960.8426513671875,939.6990356445312,41787429
2021-03-22,955.7661743164062,957.150634765625,938.3214721679688,951.7972412109375,930.8526611328125,18572478
2021-03-23,951.589599609375,973.626220703125,948.8436889648438,963.3809204101562,942.1814575195312,17421165
2021-03-24,959.8042602539062,959.8042602539062,941.644287109375,944.82861328125,924.0374145507812,16822814
2021-03-25,947.920654296875,947.920654296875,916.0771484375,919.0538330078125,898.829833984375,22001648
2021-03-26,928.5376586914062,929.3222045898438,910.8622436523438,920.5306396484375,900.274169921875,20180202
2021-03-30,926.691650390625,945.5670166015625,919.0999755859375,936.5216064453125,915.9132690429688,20441701
2021-03-31,931.3067016601562,946.0285034179688,922.5381469726562,924.4302978515625,904.0880126953125,16250796
2021-04-01,931.3067016601562,936.8446655273438,924.453369140625,933.0834350585938,912.5507202148438,11723312
2021-04-05,934.5140991210938,934.5371704101562,905.5088500976562,919.5845947265625,899.3489990234375,14875099
2021-04-06,924.845703125,925.2841186523438,908.6931762695312,915.754150390625,895.602783203125,14009194
2021-04-07,922.9996948242188,944.64404296875,919.9076538085938,924.31494140625,903.9751586914062,24266353
2021-04-08,928.076171875,933.1526489257812,919.7691650390625,925.4686889648438,905.103515625,15369188
2021-04-09,922.2843627929688,925.93017578125,913.7696533203125,914.7157592773438,894.5872802734375,14037885
2021-04-12,904.0781860351562,905.185791015625,876.965087890625,881.9954223632812,862.5869750976562,20901482
2021-04-13,887.9256591796875,895.5866088867188,885.0874633789062,891.525390625,871.9071655273438,19411189
2021-04-15,888.9871215820312,905.0011596679688,882.8491821289062,897.2941284179688,877.5489501953125,19723716
2021-04-16,893.7406005859375,899.8785400390625,889.0563354492188,891.663818359375,872.0425415039062,15656948
2021-04-19,878.6956787109375,884.4182739257812,872.2346801757812,877.6342163085938,858.3217163085938,18478808
2021-04-20,881.6954345703125,885.6181640625,872.4423828125,877.3804321289062,858.0734252929688,17203668
2021-04-22,873.2730712890625,883.5183715820312,866.0967407226562,879.8032836914062,860.4429931640625,14490954
2021-04-23,879.6187133789062,885.572021484375,874.7037353515625,878.8572387695312,859.517822265625,11828857
2021-04-26,886.0797119140625,905.4627075195312,882.1569213867188,894.3174438476562,874.6378173828125,20846778
2021-04-27,895.3096923828125,921.7074584960938,894.5020751953125,917.7616577148438,897.566162109375,19992524
2021-04-28,922.0074462890625,926.691650390625,913.8389282226562,921.7536010742188,901.47021484375,17122437
2021-04-29,933.5679931640625,943.5364379882812,926.36865234375,934.0987548828125,913.5436401367188,17412606
2021-04-30,926.9224243164062,939.6136474609375,917.2540283203125,920.46142578125,900.2064819335938,19828769
2021-05-03,907.3086547851562,913.3081665039062,896.7403564453125,904.1012573242188,884.206298828125,23640186
2021-05-04,899.9246826171875,908.139404296875,881.9262084960938,884.5105590820312,865.0466918945312,21849830
2021-05-05,887.625732421875,894.617431640625,880.5647583007812,886.1258544921875,866.62646484375,12393609
2021-05-06,886.9334716796875,893.002197265625,879.8955688476562,891.1561889648438,871.5460815429688,14624666
2021-05-07,894.2713012695312,902.5321655273438,888.8486938476562,891.5023193359375,871.884521484375,12288548
2021-05-10,894.8482055664062,898.4478759765625,886.5181274414062,888.9409790039062,869.379638671875,13941237
2021-05-11,883.772216796875,894.6405029296875,881.4646606445312,892.1484375,872.5165405273438,13478264
2021-05-12,890.7408447265625,892.0330200195312,880.0802001953125,882.9183959960938,863.4895629882812,13177961
2021-05-14,889.7947387695312,896.232666015625,879.6187133789062,894.0636596679688,874.3896484375,13291616
2021-05-17,894.0636596679688,906.1318359375,890.8792724609375,904.7012329101562,884.7930908203125,11873078
2021-05-18,914.231201171875,924.1995849609375,910.3084106445312,917.4385986328125,897.2501831054688,12064918
2021-05-19,913.7696533203125,930.5913696289062,910.0776977539062,921.6382446289062,901.3573608398438,16317002
2021-05-20,922.030517578125,928.030029296875,914.231201171875,916.2617797851562,896.0992431640625,11422532
2021-05-21,919.3076782226562,927.4300537109375,916.5386962890625,924.176513671875,903.8397827148438,10785605
2021-05-24,926.691650390625,927.5223999023438,914.6926879882812,916.3771362304688,896.2120361328125,8551760
2021-05-25,921.3382568359375,921.6151733398438,904.5396728515625,905.993408203125,886.0568237304688,14780102
2021-05-26,911.462158203125,913.5389404296875,906.9856567382812,909.177734375,889.1710815429688,7480204
2021-05-27,909.2931518554688,919.7691650390625,905.5780639648438,911.9698486328125,891.9017333984375,26819294
2021-05-28,918.3847045898438,971.4571533203125,918.3847045898438,966.7498779296875,945.4762573242188,56469931
2021-05-31,970.0726318359375,1011.4691772460938,962.250244140625,996.9780883789062,975.0393676757812,59124142
2021-06-01,999.608642578125,1016.22265625,990.609375,1000.947021484375,978.9210205078125,28013832
2021-06-02,995.4551391601562,1019.6838989257812,995.4551391601562,1015.8765258789062,993.52197265625,24630162
2021-06-03,1024.9910888671875,1038.3746337890625,1013.4998168945312,1019.7531127929688,997.313232421875,23974257
2021-06-04,1022.1298217773438,1022.8912963867188,1008.031005859375,1010.9154052734375,988.6699829101562,14468646
2021-06-07,1016.22265625,1034.6826171875,1008.3771362304688,1027.9447021484375,1005.3245239257812,16336573
2021-06-08,1027.5755615234375,1027.829345703125,1014.4458618164062,1022.0375366210938,999.5473022460938,9674735
2021-06-09,1024.068115234375,1024.9910888671875,995.8935546875,1003.7621459960938,981.6741333007812,11409161
2021-06-10,1012.2537231445312,1029.1446533203125,1004.93896484375,1007.4541625976562,985.284912109375,14155653
2021-06-11,1007.4080200195312,1028.2216796875,1006.1157836914062,1021.3683471679688,1002.375244140625,13762778
2021-06-14,1022.22216796875,1042.1820068359375,1013.0151977539062,1036.02099609375,1016.75537109375,20332436
2021-06-15,1043.451171875,1049.865966796875,1033.8980712890625,1038.3746337890625,1019.0653686523438,15174215
2021-06-16,1036.02099609375,1037.01318359375,1017.9993896484375,1020.6530151367188,1001.6732177734375,10797349
2021-06-17,1015.2996215820312,1031.4521484375,1006.0234985351562,1022.5220947265625,1003.5075073242188,15745975
2021-06-18,1027.06787109375,1031.4521484375,1008.0771484375,1027.1370849609375,1008.0366821289062,29369026
2021-06-21,1016.9149169921875,1037.2208251953125,1015.368896484375,1032.490478515625,1013.2905883789062,12186448
2021-06-22,1040.2205810546875,1043.451171875,1024.2296142578125,1027.1832275390625,1008.08203125,12871913
2021-06-23,1038.3746337890625,1038.6514892578125,1016.0841674804688,1017.7686767578125,998.842529296875,16653951
2021-06-24,1018.4609375,1022.0375366210938,987.6096801757812,993.8399047851562,975.3587646484375,91461975
2021-06-25,993.8399047851562,993.8399047851562,960.4273071289062,971.2033081054688,953.1431274414062,55355022
2021-06-28,979.3026733398438,981.37939453125,960.3811645507812,962.6886596679688,944.7868041992188,20277042
2021-06-29,964.3038940429688,973.3031616210938,961.8118286132812,963.5193481445312,945.6019897460938,27144063
2021-06-30,967.4190063476562,979.6026000976562,965.0192260742188,974.0646362304688,955.951171875,19762858
2021-07-01,977.4566650390625,979.8333740234375,966.8421630859375,968.20361328125,950.19921875,12534407
2021-07-02,967.76513671875,984.3330078125,965.8960571289062,982.5562133789062,964.284912109375,14086620
2021-07-05,985.9713134765625,993.8629760742188,983.6868896484375,992.3169555664062,973.8640747070312,11702287
2021-07-06,989.8941040039062,991.7169799804688,978.4719848632812,980.5948486328125,962.3599243164062,10070124
2021-07-07,981.956298828125,981.956298828125,968.2266845703125,973.7877197265625,955.679443359375,10454892
2021-07-08,976.9721069335938,976.9721069335938,960.3811645507812,965.7345581054688,947.7760009765625,11185460
2021-07-09,963.6116333007812,965.3192138671875,953.5048217773438,955.8584594726562,938.0835571289062,9037675
2021-07-12,959.8042602539062,969.8419189453125,957.3814086914062,961.8118286132812,943.92626953125,8585292
2021-07-13,969.149658203125,970.5572509765625,963.6347045898438,969.01123046875,950.9917602539062,6717133
2021-07-14,969.3111572265625,972.3109130859375,960.4965209960938,962.6886596679688,944.7868041992188,8532544
2021-07-15,966.8421630859375,966.8421630859375,959.2274169921875,961.0042114257812,943.1336669921875,9448356
2021-07-16,963.4962768554688,975.956787109375,963.4270629882812,974.8722534179688,956.7438354492188,8828185
2021-07-19,969.149658203125,980.2256469726562,965.5730590820312,968.6651000976562,950.6520385742188,8354449
2021-07-20,968.9188842773438,972.8416748046875,961.7656860351562,966.288330078125,948.3194580078125,6741464
2021-07-22,977.9181518554688,980.1795043945312,968.2958984375,978.7026977539062,960.5029907226562,7972397
2021-07-23,985.04833984375,985.04833984375,970.095703125,971.7802124023438,953.7092895507812,9937030
2021-07-26,972.8416748046875,978.8411254882812,955.8123168945312,958.4659423828125,940.642578125,12389668
2021-07-27,958.44287109375,961.627197265625,942.3826904296875,948.3821411132812,930.7462768554688,10824523
2021-07-28,949.7666625976562,949.7666625976562,930.4990234375,940.2366943359375,922.7523193359375,12897848
2021-07-29,947.920654296875,957.3352661132812,943.0287475585938,947.5745239257812,929.9536743164062,13765738
2021-07-30,949.7666625976562,954.3585815429688,937.352294921875,939.2906494140625,921.8237915039062,11350608
2021-08-02,948.0591430664062,959.6427612304688,941.9904174804688,956.4584350585938,938.6724243164062,10925104
2021-08-03,964.53466796875,964.9961547851562,952.6279907226562,963.4962768554688,945.579345703125,11817299
2021-08-04,966.5652465820312,975.6106567382812,963.150146484375,970.8803100585938,952.826171875,13169800
2021-08-05,975.7490844726562,994.4398193359375,971.1110229492188,984.9560546875,966.6400756835938,21252078
2021-08-06,982.9715576171875,990.8170776367188,959.3427734375,964.0962524414062,946.168212890625,16620987
2021-08-09,960.3811645507812,964.4423828125,953.6893920898438,958.6043701171875,940.7783813476562,7494143
2021-08-10,960.8426513671875,975.149169921875,957.0352783203125,963.6347045898438,945.7151489257812,11919198
2021-08-11,967.7420654296875,978.379638671875,961.48876953125,977.1336059570312,958.9631958007812,9184963
2021-08-12,980.6409912109375,981.240966796875,971.4571533203125,973.9954223632812,955.88330078125,8137612
2021-08-13,977.1336059570312,992.1785278320312,973.2800903320312,990.2171020507812,971.8032836914062,12780901
2021-08-16,991.9246826171875,1016.6841430664062,982.140869140625,1003.0698852539062,984.4171142578125,21935444
2021-08-17,1000.9239501953125,1008.4694213867188,991.232421875,998.801025390625,980.2276611328125,12658169
2021-08-18,1003.3006591796875,1009.2078247070312,993.424560546875,1002.6776123046875,984.0321655273438,10075860
2021-08-20,988.994140625,1002.3776245117188,986.2251586914062,991.4170532226562,972.98095703125,9426282
2021-08-23,1003.3006591796875,1003.3006591796875,984.0560913085938,997.9241943359375,979.3670654296875,9854395
2021-08-24,999.1702270507812,1011.607666015625,994.8090209960938,1007.7772216796875,989.0369873046875,11864472
2021-08-25,1008.561767578125,1024.5296630859375,1006.1157836914062,1016.49951171875,997.5969848632812,13380559
2021-08-26,1018.9916381835938,1036.02099609375,1017.6071166992188,1029.352294921875,1010.2107543945312,18589616
2021-08-27,1032.3751220703125,1035.02880859375,1022.7067260742188,1027.9447021484375,1008.829345703125,10480636
2021-08-30,1038.3746337890625,1050.304443359375,1032.2828369140625,1047.719970703125,1028.2369384765625,14027062
2021-08-31,1050.7889404296875,1053.9501953125,1034.7979736328125,1042.1358642578125,1022.7566528320312,26485463
2021-09-01,1048.9891357421875,1058.1729736328125,1044.3741455078125,1046.2662353515625,1026.81005859375,11145486
2021-09-02,1040.68212890625,1065.04931640625,1040.68212890625,1058.865234375,1039.1749267578125,9956770
2021-09-03,1066.0645751953125,1105.2921142578125,1062.6033935546875,1102.2923583984375,1081.79443359375,30664428
2021-09-06,1113.59912109375,1144.5196533203125,1113.1375732421875,1119.4140625,1098.5977783203125,33641710
2021-09-07,1121.444580078125,1134.3665771484375,1113.1375732421875,1126.4749755859375,1105.5274658203125,17349882
2021-09-08,1131.59765625,1132.5206298828125,1110.6685791015625,1122.067626953125,1101.201904296875,14301651
2021-09-09,1120.4754638671875,1125.0673828125,1115.02978515625,1119.4140625,1098.5977783203125,8963249
2021-09-13,1122.8291015625,1122.8291015625,1092.854736328125,1094.469970703125,1074.1175537109375,16311160
2021-09-14,1096.0621337890625,1104.83056640625,1091.9085693359375,1093.039306640625,1072.71337890625,8908356
2021-09-15,1093.0623779296875,1105.63818359375,1093.0623779296875,1097.5850830078125,1077.1746826171875,9071075
2021-09-16,1099.0849609375,1124.5596923828125,1092.3701171875,1120.6138916015625,1099.7752685546875,13448882
2021-09-17,1128.82861328125,1133.3743896484375,1096.3389892578125,1103.2384033203125,1082.722900390625,34882133
2021-09-20,1094.7237548828125,1116.068115234375,1093.754638671875,1104.9921875,1084.4439697265625,11779819
2021-09-21,1109.9071044921875,1115.260498046875,1100.215576171875,1109.7686767578125,1089.1318359375,9915736
2021-09-22,1111.2916259765625,1126.9825439453125,1106.7919921875,1121.6754150390625,1100.817138671875,10995912
2021-09-23,1129.4747314453125,1152.3651123046875,1128.597900390625,1149.0885009765625,1127.7203369140625,15748397
2021-09-24,1155.387939453125,1156.2647705078125,1140.82763671875,1145.765625,1124.459228515625,15192163
2021-09-27,1147.7501220703125,1167.5484619140625,1142.3505859375,1165.033203125,1143.3685302734375,15373834
2021-09-28,1169.4405517578125,1183.700927734375,1159.65673828125,1175.9246826171875,1154.0574951171875,18035258
2021-09-29,1186.0545654296875,1186.0545654296875,1163.002685546875,1166.6024169921875,1144.90869140625,9719875
2021-09-30,1165.287109375,1169.717529296875,1153.9111328125,1162.6334228515625,1141.0133056640625,13590654
2021-10-01,1154.6495361328125,1172.1173095703125,1151.442138671875,1164.6871337890625,1143.0289306640625,8958928
2021-10-04,1178.2091064453125,1188.2928466796875,1170.84814453125,1179.662841796875,1157.7261962890625,10918552
2021-10-05,1179.17822265625,1205.4376220703125,1175.6015625,1204.1453857421875,1181.7532958984375,13533634
2021-10-06,1209.1064453125,1209.1064453125,1177.332275390625,1181.370361328125,1159.4019775390625,10258881
2021-10-07,1197.592041015625,1199.32275390625,1184.9931640625,1187.1622314453125,1165.086181640625,6336665
2021-10-08,1193.0924072265625,1238.8502197265625,1191.36181640625,1232.781494140625,1209.857177734375,15772493
2021-10-11,1246.6956787109375,1255.279541015625,1220.82861328125,1224.197509765625,1201.4326171875,14768666
2021-10-12,1220.6671142578125,1238.2041015625,1218.9364013671875,1231.189208984375,1208.29443359375,6682011
2021-10-13,1236.3580322265625,1255.048828125,1231.8814697265625,1243.718994140625,1220.591064453125,9959762
2021-10-14,1246.2110595703125,1254.102783203125,1240.142333984375,1246.234130859375,1223.0595703125,8623469
2021-10-18,1231.5584716796875,1266.8170166015625,1228.6510009765625,1249.5570068359375,1226.3206787109375,13594479
2021-10-19,1257.033203125,1269.74755859375,1249.7415771484375,1260.748291015625,1237.3037109375,8833409
2021-10-20,1265.7786865234375,1265.7786865234375,1242.1268310546875,1246.234130859375,1223.0595703125,12710570
2021-10-21,1258.6947021484375,1258.9715576171875,1201.3763427734375,1210.2833251953125,1187.7772216796875,20831669
2021-10-22,1209.1295166015625,1229.8509521484375,1205.206787109375,1212.544677734375,1189.9964599609375,11027475
2021-10-25,1236.819580078125,1236.819580078125,1186.0545654296875,1200.730224609375,1178.401611328125,17198417
2021-10-26,1207.791259765625,1231.6968994140625,1201.353271484375,1228.0740966796875,1205.2371826171875,9750178
2021-10-27,1223.8975830078125,1235.3427734375,1209.1064453125,1212.544677734375,1189.9964599609375,9896298
2021-10-28,1209.1295166015625,1217.4134521484375,1195.515380859375,1199.25341796875,1176.9522705078125,9886181
2021-10-29,1198.122802734375,1198.122802734375,1154.5341796875,1170.47900390625,1148.713134765625,14233025
2021-11-01,1170.47900390625,1179.5936279296875,1151.0267333984375,1171.1943359375,1149.415283203125,15481114
2021-11-02,1174.51708984375,1175.901611328125,1151.5574951171875,1154.1187744140625,1132.6571044921875,10569130
2021-11-03,1156.5416259765625,1162.9796142578125,1135.7510986328125,1146.1810302734375,1124.8670654296875,11989430
2021-11-04,1150.4959716796875,1156.010986328125,1149.1346435546875,1153.2188720703125,1131.7738037109375,1705656
2021-11-08,1162.70263671875,1162.9796142578125,1133.628173828125,1154.6495361328125,1133.1781005859375,20337183
2021-11-09,1156.05712890625,1167.0869140625,1147.773193359375,1163.76416015625,1142.1231689453125,15682497
2021-11-10,1161.4566650390625,1180.5166015625,1155.43408203125,1176.7784423828125,1154.8953857421875,10253470
2021-11-11,1172.232666015625,1186.2852783203125,1170.1558837890625,1178.9244384765625,1157.0015869140625,10722478
2021-11-12,1182.7779541015625,1199.32275390625,1180.0550537109375,1196.7152099609375,1174.4615478515625,8712341
2021-11-15,1199.8995361328125,1200.9149169921875,1186.0545654296875,1189.654296875,1167.53173828125,4803269
2021-11-16,1187.0006103515625,1188.362060546875,1151.442138671875,1162.010498046875,1140.402099609375,11337581
2021-11-17,1153.2650146484375,1153.2650146484375,1135.7510986328125,1137.1356201171875,1115.98974609375,10202029
2021-11-18,1135.28955078125,1148.673095703125,1130.6976318359375,1141.427490234375,1120.2017822265625,8505625
2021-11-22,1124.259765625,1130.213134765625,1084.986083984375,1090.8702392578125,1070.5848388671875,24124307
2021-11-23,1076.7021484375,1108.176513671875,1065.6031494140625,1101.0693359375,1080.59423828125,25326999
2021-11-24,1098.36962890625,1112.16845703125,1081.5479736328125,1085.1707763671875,1064.9913330078125,16820296
2021-11-25,1095.13916015625,1154.672607421875,1087.8243408203125,1150.4959716796875,1129.1016845703125,42401936
2021-11-26,1138.8892822265625,1143.4119873046875,1108.2918701171875,1113.41455078125,1092.7098388671875,15763138
2021-11-29,1125.644287109375,1153.7496337890625,1107.1842041015625,1126.7518310546875,1105.799072265625,24325354
2021-11-30,1138.9815673828125,1142.62744140625,1102.453857421875,1110.0916748046875,1089.44873046875,32172299
2021-12-01,1122.8291015625,1141.7506103515625,1119.1832275390625,1138.5201416015625,1117.3486328125,10104610
2021-12-02,1139.76611328125,1151.995849609375,1136.0279541015625,1145.8348388671875,1124.5272216796875,12720411
2021-12-03,1153.01123046875,1153.057373046875,1107.599609375,1111.406982421875,1090.7396240234375,19222481
2021-12-06,1114.983642578125,1119.1370849609375,1087.8243408203125,1090.3394775390625,1070.0638427734375,10332254
2021-12-07,1096.5928955078125,1109.445556640625,1089.1396484375,1099.223388671875,1078.7825927734375,11235122
2021-12-08,1118.7218017578125,1122.2752685546875,1110.507080078125,1115.9527587890625,1095.2008056640625,8744178
2021-12-09,1123.7520751953125,1142.1658935546875,1119.1370849609375,1133.6512451171875,1112.5701904296875,13213547
2021-12-10,1126.1749267578125,1138.05859375,1121.6060791015625,1134.8050537109375,1113.7025146484375,8364414
2021-12-13,1141.5198974609375,1141.7967529296875,1109.445556640625,1112.0531005859375,1091.3736572265625,12901733
2021-12-14,1098.36962890625,1110.36865234375,1095.32373046875,1098.4388427734375,1078.0125732421875,12991523
2021-12-15,1100.215576171875,1109.9071044921875,1089.647216796875,1095.2314453125,1074.8648681640625,9366969
2021-12-16,1110.2301025390625,1114.7528076171875,1093.131591796875,1109.3994140625,1088.7691650390625,9761279
2021-12-17,1106.69970703125,1111.2916259765625,1070.6795654296875,1080.1173095703125,1060.0318603515625,21049821
2021-12-20,1069.6873779296875,1069.6873779296875,1037.0362548828125,1050.9967041015625,1031.45263671875,14325846
2021-12-21,1066.6876220703125,1082.6785888671875,1057.8499755859375,1066.6414794921875,1046.8065185546875,12836561
2021-12-22,1072.94091796875,1094.6314697265625,1071.6026611328125,1091.9547119140625,1071.6490478515625,17658543
2021-12-23,1095.6005859375,1098.36962890625,1088.23974609375,1091.5625,1071.2640380859375,9072401
2021-12-24,1093.754638671875,1103.9075927734375,1078.7789306640625,1095.046875,1074.68359375,7886494
2021-12-27,1089.85498046875,1097.4466552734375,1083.6478271484375,1093.8699951171875,1073.5286865234375,4017223
2021-12-28,1096.3389892578125,1109.837890625,1095.1622314453125,1106.8612060546875,1086.2784423828125,6374613
2021-12-29,1103.4461669921875,1116.3681640625,1099.3387451171875,1108.75341796875,1088.13525390625,15425312
2021-12-30,1107.599609375,1109.884033203125,1082.4940185546875,1088.7242431640625,1068.478759765625,29333171
2021-12-31,1095.13916015625,1100.16943359375,1089.1396484375,1092.90087890625,1072.57763671875,9477290
2022-01-03,1091.4471435546875,1111.2685546875,1090.7779541015625,1109.3763427734375,1088.7467041015625,5421611
2022-01-04,1114.9375,1135.7510986328125,1109.445556640625,1134.4127197265625,1113.3173828125,10847728
2022-01-05,1136.212646484375,1143.1351318359375,1122.8060302734375,1139.719970703125,1118.5260009765625,11643813
2022-01-06,1131.2283935546875,1132.5206298828125,1111.7530517578125,1115.21435546875,1094.47607421875,14447422
2022-01-07,1121.883056640625,1134.3896484375,1112.929931640625,1124.213623046875,1103.30810546875,13112115
2022-01-10,1131.59765625,1133.9051513671875,1115.0067138671875,1125.1365966796875,1104.2138671875,9246731
2022-01-11,1124.213623046875,1142.18896484375,1123.7520751953125,1133.2359619140625,1112.16259765625,16205164
2022-01-12,1140.5045166015625,1165.2640380859375,1137.5970458984375,1163.4871826171875,1141.8514404296875,14800442
2022-01-13,1163.5565185546875,1172.671142578125,1157.626220703125,1170.04052734375,1148.28271484375,11856712
2022-01-14,1169.902099609375,1184.8084716796875,1165.6793212890625,1171.748046875,1149.9586181640625,19930176
2022-01-17,1171.28662109375,1183.7470703125,1170.8250732421875,1177.8629150390625,1155.9595947265625,8036453
2022-01-18,1179.0167236328125,1182.5240478515625,1161.0181884765625,1163.810302734375,1142.1683349609375,6215029
2022-01-19,1167.5946044921875,1173.132568359375,1157.903076171875,1163.718017578125,1142.0777587890625,9755485
2022-01-20,1153.772705078125,1158.341552734375,1132.9820556640625,1143.3427734375,1122.0816650390625,16494486
2022-01-21,1131.59765625,1154.7879638671875,1131.59765625,1143.52734375,1122.2626953125,13338594
2022-01-24,1142.2120361328125,1155.9417724609375,1086.8782958984375,1097.4005126953125,1076.993408203125,21868937
2022-01-25,1084.31689453125,1102.361572265625,1063.757080078125,1095.2545166015625,1074.887451171875,24510205
2022-01-27,1078.0635986328125,1087.3397216796875,1066.5491943359375,1079.03271484375,1058.9671630859375,20020431
2022-01-28,1091.4471435546875,1096.4774169921875,1074.5562744140625,1077.994384765625,1057.9483642578125,14667727
2022-01-31,1089.23193359375,1110.55322265625,1087.3858642578125,1101.41552734375,1080.93408203125,12143683
2022-02-01,1111.2916259765625,1117.1064453125,1083.186279296875,1097.7696533203125,1077.35595703125,13200509
2022-02-02,1110.830078125,1110.830078125,1096.1082763671875,1100.0079345703125,1079.5523681640625,10017691
2022-02-03,1103.9075927734375,1108.268798828125,1083.232421875,1085.793701171875,1065.6025390625,9572839
2022-02-04,1080.37109375,1083.809326171875,1071.187255859375,1075.89453125,1055.8875732421875,11061241
2022-02-07,1080.8326416015625,1087.662841796875,1063.757080078125,1069.34130859375,1049.4561767578125,10714467
2022-02-08,1075.5946044921875,1089.1396484375,1066.0645751953125,1087.316650390625,1067.09716796875,12060849
2022-02-09,1094.2852783203125,1101.6923828125,1088.2166748046875,1099.98486328125,1079.52978515625,11486225
2022-02-10,1105.6151123046875,1105.6151123046875,1091.4932861328125,1098.854248046875,1078.4202880859375,12464491
2022-02-11,1095.2545166015625,1100.4464111328125,1081.8017578125,1096.708251953125,1076.3140869140625,15943370
2022-02-14,1080.0250244140625,1086.80908203125,1067.4490966796875,1079.240478515625,1059.1712646484375,10719633
2022-02-15,1085.078369140625,1118.6295166015625,1077.9251708984375,1115.883544921875,1095.1328125,11212671
2022-02-16,1121.444580078125,1122.8291015625,1105.7305908203125,1113.5760498046875,1092.8682861328125,10392840
2022-02-17,1116.875732421875,1132.9359130859375,1112.214599609375,1127.6748046875,1106.7049560546875,12853252
2022-02-18,1128.0902099609375,1133.628173828125,1116.8988037109375,1118.8602294921875,1098.0543212890625,6775458
2022-02-21,1113.1375732421875,1124.9058837890625,1100.4925537109375,1107.553466796875,1086.957763671875,11107193
2022-02-22,1085.8629150390625,1105.70751953125,1083.2093505859375,1102.5230712890625,1082.0208740234375,13494914
2022-02-23,1108.1072998046875,1110.6224365234375,1092.8316650390625,1095.6236572265625,1075.249755859375,7310110
2022-02-24,1063.757080078125,1079.863525390625,1035.3287353515625,1041.0281982421875,1021.669677734375,24846650
2022-02-25,1052.2657470703125,1065.1185302734375,1050.489013671875,1054.0426025390625,1034.4420166015625,14570089
2022-02-28,1035.1441650390625,1092.5316162109375,1035.1441650390625,1088.931884765625,1068.6824951171875,21297446
2022-03-02,1077.3482666015625,1108.0611572265625,1074.9254150390625,1106.930419921875,1086.34619140625,21471786
2022-03-03,1107.599609375,1114.452880859375,1093.7777099609375,1097.5850830078125,1077.1746826171875,10186748
2022-03-04,1085.9090576171875,1091.1240234375,1070.8411865234375,1073.240966796875,1053.283203125,10805667
2022-03-07,1051.61962890625,1067.0338134765625,1025.45263671875,1033.552001953125,1014.3323364257812,17983310
2022-03-08,1020.6068725585938,1036.5286865234375,1006.0696411132812,1031.682861328125,1012.4979248046875,21289374
2022-03-09,1031.9136962890625,1092.3701171875,1031.059814453125,1086.416748046875,1066.214111328125,20414228
2022-03-10,1107.599609375,1109.9071044921875,1089.1396484375,1104.02294921875,1083.4927978515625,17980493
2022-03-11,1096.546630859375,1112.6761474609375,1096.546630859375,1107.207275390625,1086.617919921875,12257423
2022-03-14,1101.553955078125,1118.8602294921875,1095.6005859375,1116.298828125,1095.540283203125,8340678
2022-03-15,1120.49853515625,1120.49853515625,1080.3018798828125,1090.7318115234375,1070.4488525390625,15925769
2022-03-16,1099.2926025390625,1111.2454833984375,1097.03125,1109.1456298828125,1088.5203857421875,11149828
2022-03-17,1122.7137451171875,1152.5496826171875,1114.5682373046875,1145.30419921875,1124.0064697265625,21422098
2022-03-21,1127.9056396484375,1146.3656005859375,1125.59814453125,1138.7047119140625,1117.5296630859375,11999466
2022-03-22,1135.335693359375,1169.8790283203125,1132.3360595703125,1168.1253662109375,1146.4031982421875,22557065
2022-03-23,1164.3641357421875,1183.6778564453125,1164.3641357421875,1171.84033203125,1150.0491943359375,15462187
2022-03-24,1158.3646240234375,1192.5848388671875,1158.3646240234375,1190.0465087890625,1167.9166259765625,13168266
2022-03-25,1191.8233642578125,1207.2835693359375,1189.2850341796875,1197.984375,1175.70703125,14222488
2022-03-28,1204.5145263671875,1213.629150390625,1193.6693115234375,1210.029541015625,1187.5281982421875,9891424
2022-03-29,1217.4365234375,1217.4365234375,1203.314697265625,1210.306396484375,1187.7999267578125,8684065
2022-03-30,1218.3134765625,1240.5115966796875,1207.791259765625,1233.5660400390625,1210.626953125,15811550
2022-03-31,1229.8740234375,1232.066162109375,1213.0985107421875,1215.9366455078125,1193.325439453125,13223718
2022-04-01,1216.5135498046875,1229.96630859375,1210.0526123046875,1225.67431640625,1202.8819580078125,7922880
2022-04-04,1225.48974609375,1234.5120849609375,1219.12109375,1229.297119140625,1206.4375,7929162
2022-04-05,1223.482177734375,1232.158447265625,1209.45263671875,1211.921630859375,1189.3851318359375,13149870
2022-04-06,1193.9462890625,1215.8212890625,1193.9462890625,1208.691162109375,1186.214599609375,12257215
2022-04-07,1197.63818359375,1202.6685791015625,1184.6700439453125,1187.369873046875,1165.2899169921875,15496499
2022-04-08,1181.4395751953125,1211.4371337890625,1181.4395751953125,1207.1220703125,1184.6749267578125,15152495
2022-04-11,1199.8995361328125,1217.6904296875,1192.0540771484375,1204.60693359375,1182.2064208984375,9254209
2022-04-12,1193.9000244140625,1201.0994873046875,1179.316650390625,1181.9241943359375,1159.9454345703125,13217742
2022-04-13,1188.13134765625,1196.4844970703125,1174.747802734375,1177.5860595703125,1155.68798828125,10354235
2022-04-18,1168.9791259765625,1181.3472900390625,1163.810302734375,1173.986328125,1152.1551513671875,9974224
2022-04-19,1180.5166015625,1231.2816162109375,1177.3092041015625,1218.728759765625,1196.0655517578125,26141820
2022-04-20,1226.251220703125,1261.7406005859375,1222.5592041015625,1254.564208984375,1231.234619140625,25072240
2022-04-21,1269.5399169921875,1287.123046875,1260.8175048828125,1283.938720703125,1260.0628662109375,21708633
2022-04-22,1273.23193359375,1293.12255859375,1266.4478759765625,1273.185791015625,1249.510009765625,15054154
2022-04-25,1265.6171875,1273.0010986328125,1229.2740478515625,1243.7420654296875,1220.61376953125,17063215
2022-04-26,1250.66455078125,1289.89208984375,1249.6031494140625,1280.9620361328125,1257.1416015625,12227666
2022-04-27,1271.8243408203125,1305.12158203125,1271.455078125,1282.2081298828125,1258.3646240234375,19338945
2022-04-28,1296.79150390625,1315.736083984375,1285.78466796875,1301.3603515625,1277.1607666015625,25614076
2022-04-29,1318.11279296875,1318.11279296875,1281.7235107421875,1287.699951171875,1263.7542724609375,18214862
2022-05-02,1274.66259765625,1294.73779296875,1272.839599609375,1283.17724609375,1259.315673828125,9467006
2022-05-04,1285.277099609375,1287.5845947265625,1235.112060546875,1243.1190185546875,1220.0023193359375,19247660
2022-05-05,1256.894775390625,1259.89453125,1214.6676025390625,1218.77490234375,1196.1109619140625,17210669
2022-05-06,1205.5299072265625,1227.1280517578125,1196.9228515625,1209.4295654296875,1186.9393310546875,19649948
2022-05-09,1188.3389892578125,1198.561279296875,1156.9801025390625,1162.195068359375,1140.583251953125,18083752
2022-05-10,1151.442138671875,1166.0255126953125,1134.3665771484375,1142.050537109375,1120.8133544921875,19511677
2022-05-11,1141.1275634765625,1146.8040771484375,1117.7294921875,1130.3515625,1109.331787109375,16643899
2022-05-12,1120.2908935546875,1123.682861328125,1093.754638671875,1107.32275390625,1086.731201171875,20490321
2022-05-13,1119.5986328125,1143.5965576171875,1114.68359375,1119.87548828125,1099.050537109375,19308778
2022-05-16,1123.498291015625,1144.9810791015625,1115.2835693359375,1120.1524658203125,1099.3223876953125,13437911
2022-05-17,1123.7982177734375,1172.1634521484375,1122.3675537109375,1167.2022705078125,1145.497314453125,16551828
2022-05-18,1172.048095703125,1186.0545654296875,1157.5570068359375,1171.4481201171875,1149.6641845703125,17276788
2022-05-19,1146.3656005859375,1159.518310546875,1138.0816650390625,1144.4503173828125,1123.16845703125,14699118
2022-05-20,1159.518310546875,1220.39013671875,1154.672607421875,1211.1832275390625,1188.660400390625,21793091
2022-05-23,1214.436767578125,1224.6129150390625,1196.6690673828125,1203.083984375,1180.7117919921875,15252755
2022-05-24,1203.130126953125,1217.4365234375,1198.838134765625,1207.21435546875,1184.765380859375,13527818
2022-05-25,1216.0521240234375,1226.066650390625,1200.591796875,1205.4376220703125,1183.0216064453125,12714544
2022-05-26,1211.16015625,1216.0059814453125,1175.901611328125,1193.9462890625,1171.743896484375,17882023
2022-05-27,1196.692138671875,1202.2762451171875,1172.2557373046875,1188.408203125,1166.308837890625,16521973
2022-05-30,1206.822021484375,1234.050537109375,1197.222900390625,1229.8048095703125,1206.9356689453125,13853398
2022-05-31,1219.005615234375,1236.2657470703125,1207.1451416015625,1214.967529296875,1192.374267578125,70620653
2022-06-01,1215.72900390625,1225.3743896484375,1207.3758544921875,1215.35986328125,1192.75927734375,9776989
2022-06-02,1215.590576171875,1261.0252685546875,1215.590576171875,1257.2640380859375,1233.884521484375,22126569
2022-06-03,1266.3555908203125,1300.20654296875,1265.4324951171875,1282.73876953125,1258.88525390625,23939791
2022-06-06,1282.9696044921875,1298.6605224609375,1269.9552001953125,1277.223876953125,1253.4730224609375,11093152
2022-06-07,1278.308349609375,1288.0921630859375,1270.0706787109375,1279.6236572265625,1255.8282470703125,12358255
2022-06-08,1279.6236572265625,1283.4310302734375,1253.572021484375,1257.148681640625,1233.7711181640625,12479250
2022-06-09,1250.66455078125,1293.583984375,1250.66455078125,1291.6226806640625,1267.6041259765625,17278305
2022-06-10,1279.2314453125,1287.5384521484375,1246.7418212890625,1252.6259765625,1229.3323974609375,18093057
2022-06-13,1222.974609375,1233.4967041015625,1207.4219970703125,1228.9278564453125,1206.0750732421875,17620803
2022-06-14,1222.9976806640625,1233.058349609375,1206.106689453125,1212.86767578125,1190.3135986328125,14714312
2022-06-15,1207.9989013671875,1217.113525390625,1192.7001953125,1198.1920166015625,1175.9107666015625,11195535
2022-06-16,1210.5140380859375,1227.151123046875,1178.6705322265625,1181.4395751953125,1159.4698486328125,17111475
2022-06-17,1181.4395751953125,1211.3677978515625,1179.6397705078125,1195.2845458984375,1173.057373046875,24457187
2022-06-20,1202.20703125,1207.791259765625,1163.4871826171875,1173.6171875,1151.79296875,12066797
2022-06-21,1181.4395751953125,1196.8536376953125,1166.81005859375,1192.561767578125,1170.38525390625,11720049
2022-06-22,1180.562744140625,1180.655029296875,1154.2110595703125,1156.333984375,1134.8310546875,10617206
2022-06-23,1160.6951904296875,1165.287109375,1128.3670654296875,1137.573974609375,1116.419921875,19446323
2022-06-24,1144.5196533203125,1158.8260498046875,1138.9815673828125,1153.772705078125,1132.3175048828125,14240234
2022-06-27,1174.4940185546875,1174.4940185546875,1145.23486328125,1150.3575439453125,1128.9658203125,15474529
2022-06-28,1145.48876953125,1169.41748046875,1145.48876953125,1166.5330810546875,1144.840576171875,13572847
2022-06-29,1157.0723876953125,1198.51513671875,1154.2110595703125,1190.73876953125,1168.59619140625,19205146
2022-06-30,1190.6695556640625,1207.2374267578125,1184.2086181640625,1197.89208984375,1175.616455078125,23112959
2022-07-01,1188.31591796875,1196.20751953125,1091.4471435546875,1111.6146240234375,1090.943359375,81997149
2022-07-04,1097.885009765625,1126.9825439453125,1091.9547119140625,1113.922119140625,1093.2078857421875,41857728
2022-07-05,1118.214111328125,1137.5509033203125,1115.4912109375,1122.9444580078125,1102.0625,17647327
2022-07-06,1116.875732421875,1126.95947265625,1102.0616455078125,1113.068359375,1092.3701171875,23943726
2022-07-07,1119.552490234375,1122.9444580078125,1096.0621337890625,1102.1077880859375,1081.61328125,23301033
2022-07-08,1115.9066162109375,1115.9066162109375,1099.54638671875,1103.6307373046875,1083.1080322265625,19010108
2022-07-11,1096.75439453125,1120.8907470703125,1093.754638671875,1118.6295166015625,1097.8277587890625,13847467
2022-07-12,1109.445556640625,1125.921142578125,1109.445556640625,1117.0372314453125,1096.2650146484375,10778989
2022-07-13,1120.1986083984375,1123.2906494140625,1095.13916015625,1097.2388916015625,1076.8349609375,14224132
2022-07-14,1102.0616455078125,1123.267578125,1096.9620361328125,1106.2843017578125,1085.7120361328125,16970315
2022-07-15,1114.5220947265625,1114.5220947265625,1099.80029296875,1108.4302978515625,1087.8182373046875,9603210
2022-07-18,1117.2911376953125,1119.1370849609375,1104.0460205078125,1117.8680419921875,1097.080322265625,15160908
2022-07-19,1107.738037109375,1129.2901611328125,1107.738037109375,1124.7213134765625,1103.806396484375,16439888
2022-07-20,1172.2095947265625,1173.36328125,1147.4039306640625,1155.134033203125,1133.6534423828125,23924246
2022-07-21,1150.9805908203125,1153.7496337890625,1138.6585693359375,1147.427001953125,1126.0897216796875,16523230
2022-07-22,1153.7496337890625,1161.2720947265625,1151.442138671875,1155.1802978515625,1133.6988525390625,10969995
2022-07-25,1138.727783203125,1138.727783203125,1108.984130859375,1117.01416015625,1096.2425537109375,23110452
2022-07-26,1117.3372802734375,1127.8594970703125,1112.837646484375,1117.5218505859375,1096.74072265625,11303288
2022-07-27,1116.8065185546875,1120.06005859375,1108.5225830078125,1116.46044921875,1095.6990966796875,8655086
2022-07-28,1124.213623046875,1138.95849609375,1117.2911376953125,1133.9512939453125,1112.8646240234375,12496073
2022-07-29,1142.0736083984375,1161.6412353515625,1137.1356201171875,1158.1107177734375,1136.574951171875,15130683
2022-08-01,1162.5872802734375,1194.2462158203125,1157.2569580078125,1188.2928466796875,1166.195556640625,15700044
2022-08-02,1187.2083740234375,1203.499267578125,1182.1549072265625,1192.8155517578125,1170.63427734375,13917913
2022-08-03,1199.8995361328125,1204.5145263671875,1184.8778076171875,1202.830078125,1180.4625244140625,14250977
2022-08-04,1204.5145263671875,1208.0911865234375,1169.902099609375,1186.931396484375,1164.859619140625,14467127
2022-08-05,1188.8236083984375,1190.11572265625,1166.18701171875,1169.4405517578125,1147.6939697265625,13942438
2022-08-08,1168.0560302734375,1192.307861328125,1168.0560302734375,1184.7392578125,1162.708251953125,10165178
2022-08-10,1189.2388916015625,1195.2384033203125,1180.078125,1191.8233642578125,1169.6605224609375,10724688
2022-08-11,1201.3302001953125,1204.4683837890625,1190.7618408203125,1195.792236328125,1173.5556640625,8198226
2022-08-12,1195.4229736328125,1218.9825439453125,1191.6849365234375,1215.1290283203125,1192.5328369140625,12650587
2022-08-16,1221.2208251953125,1226.343505859375,1212.49853515625,1223.574462890625,1200.8211669921875,6607378
2022-08-17,1229.8970947265625,1235.388916015625,1225.535888671875,1229.96630859375,1207.09423828125,6595965
2022-08-18,1227.589599609375,1231.7430419921875,1218.451904296875,1228.1895751953125,1209.2833251953125,7410035
2022-08-19,1222.974609375,1228.3741455078125,1202.1839599609375,1206.2913818359375,1187.7220458984375,9460724
2022-08-22,1207.7451171875,1214.344482421875,1193.4385986328125,1202.9454345703125,1184.427734375,9471680
2022-08-23,1197.130615234375,1224.451416015625,1195.9075927734375,1221.497802734375,1202.6944580078125,9678484
2022-08-24,1218.40576171875,1232.20458984375,1216.213623046875,1218.244140625,1199.4910888671875,10369622
2022-08-25,1222.489990234375,1228.9278564453125,1210.3294677734375,1214.690673828125,1195.9920654296875,7871946
2022-08-26,1215.1290283203125,1222.974609375,1203.130126953125,1208.20654296875,1189.60791015625,10742038
2022-08-29,1192.97705078125,1225.2821044921875,1189.7696533203125,1198.8150634765625,1180.3609619140625,19838975
2022-08-30,1206.360595703125,1220.782470703125,1189.1004638671875,1217.4134521484375,1198.673095703125,23139054
2022-09-01,1191.892578125,1202.1839599609375,1177.1475830078125,1181.6241455078125,1163.4346923828125,19909939
2022-09-02,1181.6241455078125,1188.5235595703125,1165.610107421875,1167.8253173828125,1149.8482666015625,12999345
2022-09-05,1168.0560302734375,1191.36181640625,1168.0560302734375,1185.9622802734375,1167.7060546875,11327815
2022-09-06,1187.4390869140625,1202.6685791015625,1186.9775390625,1198.44580078125,1179.9974365234375,10899618
2022-09-07,1188.362060546875,1197.5458984375,1186.0545654296875,1191.4771728515625,1173.1361083984375,7488501
2022-09-08,1194.4769287109375,1198.9765625,1186.51611328125,1193.16162109375,1174.7945556640625,7057077
2022-09-09,1204.5145263671875,1204.5145263671875,1183.2855224609375,1185.7315673828125,1167.4788818359375,8314850
2022-09-12,1186.308349609375,1205.4376220703125,1186.308349609375,1198.9996337890625,1180.542724609375,7435419
2022-09-13,1208.20654296875,1213.6060791015625,1200.361083984375,1209.01416015625,1190.403076171875,8888657
2022-09-14,1188.362060546875,1204.5145263671875,1187.32373046875,1194.5230712890625,1176.135009765625,8678219
2022-09-15,1192.0540771484375,1201.537841796875,1179.939697265625,1182.6856689453125,1164.4798583984375,10365600
2022-09-16,1173.940185546875,1178.2091064453125,1149.5960693359375,1153.38037109375,1135.625732421875,20217708
2022-09-19,1153.38037109375,1164.2255859375,1145.142578125,1154.8802490234375,1137.1024169921875,7580254
2022-09-20,1164.1102294921875,1171.148193359375,1151.3035888671875,1155.0648193359375,1137.2841796875,8411448
2022-09-21,1152.249755859375,1168.9791259765625,1151.442138671875,1158.249267578125,1140.419677734375,9207309
2022-09-22,1147.28857421875,1155.134033203125,1140.873779296875,1147.334716796875,1129.673095703125,10308170
2022-09-23,1146.8271484375,1151.8804931640625,1124.259765625,1125.828857421875,1108.498291015625,9528051
2022-09-26,1104.8536376953125,1115.8143310546875,1096.13134765625,1097.1466064453125,1080.257568359375,12479523
2022-09-27,1104.83056640625,1119.5986328125,1089.185791015625,1105.8690185546875,1088.8455810546875,16154822
2022-09-28,1089.3011474609375,1097.4466552734375,1073.956298828125,1076.42529296875,1059.8551025390625,16997059
2022-09-29,1089.1396484375,1092.600830078125,1067.4490966796875,1073.1256103515625,1056.606201171875,14671827
2022-09-30,1066.526123046875,1108.5225830078125,1066.526123046875,1097.331298828125,1080.4393310546875,18613024
2022-10-03,1103.6768798828125,1115.4219970703125,1090.524169921875,1093.52392578125,1076.690673828125,11852723
2022-10-04,1106.5843505859375,1115.9066162109375,1103.0538330078125,1113.69140625,1096.5477294921875,8948850
2022-10-06,1120.983154296875,1130.674560546875,1115.975830078125,1117.7987060546875,1100.5916748046875,13352162
2022-10-07,1114.360595703125,1127.8594970703125,1114.360595703125,1122.5291748046875,1105.2493896484375,7714340
2022-10-10,1109.9071044921875,1115.7220458984375,1102.0616455078125,1110.2763671875,1093.1851806640625,6329527
2022-10-11,1114.060546875,1114.060546875,1085.0322265625,1088.17041015625,1071.4195556640625,9215177
2022-10-12,1085.4476318359375,1099.1541748046875,1081.3402099609375,1096.177490234375,1079.303466796875,7417103
2022-10-13,1094.4007568359375,1104.83056640625,1089.185791015625,1099.661865234375,1082.7340087890625,7328492
2022-10-14,1114.5220947265625,1115.1451416015625,1093.3392333984375,1094.07763671875,1077.23583984375,9106089
2022-10-17,1086.8321533203125,1114.060546875,1081.571044921875,1111.6376953125,1094.525634765625,16729355
2022-10-18,1117.7525634765625,1136.674072265625,1116.8988037109375,1131.25146484375,1113.83740234375,12415820
2022-10-19,1132.7513427734375,1166.6024169921875,1126.8441162109375,1150.9344482421875,1133.2174072265625,19247142
2022-10-20,1146.8271484375,1162.51806640625,1146.8271484375,1154.0264892578125,1136.2618408203125,8717053
2022-10-21,1157.3031005859375,1161.5028076171875,1138.5201416015625,1140.6429443359375,1123.0843505859375,8243452
2022-10-24,1135.28955078125,1154.9033203125,1133.12060546875,1144.4503173828125,1126.8331298828125,3370033
2022-10-25,1153.2880859375,1153.2880859375,1125.1365966796875,1126.77490234375,1109.4296875,12233241
2022-10-27,1134.3665771484375,1139.1893310546875,1122.73681640625,1131.205322265625,1113.7918701171875,12513059
2022-10-28,1137.5970458984375,1169.902099609375,1135.0357666015625,1165.81787109375,1147.871826171875,17609592
2022-10-31,1172.671142578125,1181.8780517578125,1168.60986328125,1176.6400146484375,1158.5272216796875,12419943
2022-11-01,1199.8995361328125,1199.8995361328125,1157.441650390625,1167.525390625,1149.552978515625,13963166
2022-11-02,1168.656005859375,1176.9168701171875,1160.672119140625,1174.8170166015625,1156.7322998046875,8981896
2022-11-03,1167.525390625,1181.23193359375,1165.3101806640625,1179.2012939453125,1161.0491943359375,6693449
2022-11-04,1178.6243896484375,1199.8995361328125,1177.332275390625,1196.5537109375,1178.13427734375,12575815
2022-11-07,1195.74609375,1204.653076171875,1187.900634765625,1202.9454345703125,1184.427734375,11789748
2022-11-09,1204.653076171875,1210.029541015625,1195.3076171875,1201.74560546875,1183.246337890625,11254205
2022-11-10,1195.2845458984375,1198.307373046875,1182.8240966796875,1187.2083740234375,1168.9329833984375,5966242
2022-11-11,1199.8995361328125,1216.5135498046875,1194.361572265625,1214.5753173828125,1195.878662109375,12310132
2022-11-14,1214.0906982421875,1219.2825927734375,1202.2762451171875,1208.691162109375,1190.0849609375,9043112
2022-11-15,1210.1910400390625,1212.0831298828125,1195.2845458984375,1203.2685546875,1184.7459716796875,7086433
2022-11-16,1204.5145263671875,1207.260498046875,1191.2926025390625,1196.369140625,1177.95263671875,9716161
2022-11-17,1192.9539794921875,1205.8990478515625,1190.6695556640625,1199.461181640625,1180.9970703125,6661451
2022-11-18,1203.0146484375,1204.0531005859375,1186.562255859375,1198.8150634765625,1180.3609619140625,5303197
2022-11-21,1194.361572265625,1194.361572265625,1173.6402587890625,1177.239990234375,1159.117919921875,6390268
2022-11-22,1174.51708984375,1185.3623046875,1170.5943603515625,1183.7701416015625,1165.547607421875,6611488
2022-11-23,1188.362060546875,1189.700439453125,1177.8629150390625,1180.078125,1161.912353515625,6413408
2022-11-24,1184.2086181640625,1197.130615234375,1175.993896484375,1190.2542724609375,1171.9320068359375,9389439
2022-11-25,1194.8231201171875,1211.390869140625,1191.638671875,1208.02197265625,1189.42626953125,7349922
2022-11-28,1204.0069580078125,1255.76416015625,1154.672607421875,1249.533935546875,1230.2991943359375,31527484
2022-11-29,1247.8724365234375,1260.656005859375,1243.280517578125,1251.6798095703125,1232.4119873046875,11058913
2022-11-30,1251.818359375,1267.0247802734375,1245.2188720703125,1260.517578125,1241.1136474609375,26164986
2022-12-01,1265.3402099609375,1271.4320068359375,1253.43359375,1256.802490234375,1237.455810546875,9485801
2022-12-02,1259.89453125,1268.2015380859375,1246.326416015625,1256.271728515625,1236.93310546875,11589592
2022-12-05,1251.5875244140625,1253.7796630859375,1235.8966064453125,1237.9501953125,1218.893798828125,14828536
2022-12-06,1229.9432373046875,1244.6650390625,1228.051025390625,1241.52685546875,1222.4151611328125,8594245
2022-12-07,1239.1270751953125,1243.7420654296875,1219.351806640625,1223.205322265625,1204.375732421875,8462111
2022-12-08,1227.589599609375,1229.8970947265625,1218.40576171875,1222.62841796875,1203.8076171875,7757008
2022-12-09,1221.1285400390625,1227.589599609375,1200.7532958984375,1204.0992431640625,1185.5638427734375,12655763
2022-12-12,1193.2078857421875,1210.5140380859375,1192.97705078125,1205.9451904296875,1187.3812255859375,9479842
2022-12-13,1205.9451904296875,1215.1290283203125,1202.9915771484375,1211.4371337890625,1192.7886962890625,8333348
2022-12-14,1217.2750244140625,1217.875,1204.97607421875,1207.0528564453125,1188.471923828125,7268947
2022-12-15,1201.0533447265625,1206.822021484375,1186.51611328125,1189.9080810546875,1171.591064453125,8688551
2022-12-16,1186.51611328125,1208.5758056640625,1180.5858154296875,1184.02392578125,1165.797607421875,15837349
2022-12-19,1191.131103515625,1201.74560546875,1184.5316162109375,1199.5765380859375,1181.1107177734375,7729933
2022-12-20,1192.469482421875,1211.8985595703125,1184.2086181640625,1209.9603271484375,1191.334716796875,7467588
2022-12-21,1209.591064453125,1215.1290283203125,1188.8697509765625,1192.746337890625,1174.3856201171875,8527550
2022-12-22,1198.9765625,1202.0455322265625,1184.5546875,1189.654296875,1171.3411865234375,7451122
2022-12-23,1182.9625244140625,1195.515380859375,1150.1729736328125,1154.764892578125,1136.9888916015625,10257115
2022-12-26,1160.5567626953125,1173.132568359375,1150.2421875,1164.8486328125,1146.9173583984375,5990242
2022-12-27,1167.5946044921875,1176.270751953125,1160.7874755859375,1174.378662109375,1156.3006591796875,5763271
2022-12-28,1171.28662109375,1176.7322998046875,1163.671875,1174.2633056640625,1156.1871337890625,7459393
2022-12-29,1166.2100830078125,1176.31689453125,1165.517822265625,1173.7325439453125,1155.66455078125,6930648
2022-12-30,1174.563232421875,1189.2850341796875,1172.71728515625,1175.5323486328125,1157.4365234375,7289476
2023-01-02,1176.8245849609375,1190.2081298828125,1175.993896484375,1188.7774658203125,1170.477783203125,5316175
2023-01-03,1183.7701416015625,1187.4390869140625,1175.809326171875,1180.078125,1161.912353515625,7658932
2023-01-04,1180.0550537109375,1181.9241943359375,1160.2105712890625,1162.3104248046875,1144.418212890625,9264891
2023-01-05,1164.5948486328125,1170.5482177734375,1155.5955810546875,1160.233642578125,1142.37353515625,13637099
2023-01-06,1166.048583984375,1175.8785400390625,1162.195068359375,1170.7789306640625,1152.75634765625,6349597
2023-01-09,1174.655517578125,1200.8226318359375,1173.755615234375,1198.4227294921875,1179.974609375,10722753
2023-01-10,1202.6685791015625,1202.6685791015625,1174.9786376953125,1180.701171875,1162.52587890625,8047142
2023-01-11,1177.9783935546875,1180.5166015625,1163.4871826171875,1165.81787109375,1147.871826171875,11509553
2023-01-12,1165.2178955078125,1168.748291015625,1137.5970458984375,1140.6429443359375,1123.0843505859375,17688773
2023-01-13,1134.5511474609375,1141.242919921875,1123.5675048828125,1138.7969970703125,1121.266845703125,20618583
2023-01-16,1141.150634765625,1144.3580322265625,1120.06005859375,1127.9517822265625,1110.5885009765625,13623855
2023-01-17,1134.3665771484375,1145.904052734375,1130.9515380859375,1143.9658203125,1126.356201171875,10751000
2023-01-18,1141.5198974609375,1149.6422119140625,1135.451171875,1142.0736083984375,1124.492919921875,13448286
2023-01-19,1141.242919921875,1145.05029296875,1133.7435302734375,1140.8507080078125,1123.2889404296875,11940054
2023-01-20,1142.2120361328125,1142.2120361328125,1124.79052734375,1127.2825927734375,1109.9296875,14930286
2023-01-23,1130.213134765625,1138.15087890625,1119.1370849609375,1121.5830078125,1104.3177490234375,10954118
2023-01-24,1126.0595703125,1127.7440185546875,1101.7615966796875,1114.9605712890625,1097.7972412109375,16488755
2023-01-25,1113.3453369140625,1114.3836669921875,1098.36962890625,1099.54638671875,1082.620361328125,12385018
2023-01-27,1100.4002685546875,1101.7615966796875,1066.8260498046875,1078.6866455078125,1062.081787109375,25830975
2023-01-30,1076.0792236328125,1094.6314697265625,1061.9111328125,1089.0242919921875,1072.2603759765625,21772103
2023-01-31,1099.2926025390625,1101.900146484375,1080.37109375,1086.3013916015625,1069.5791015625,22691594
2023-02-01,1098.3465576171875,1098.3465576171875,1063.757080078125,1079.863525390625,1063.2403564453125,19347800
2023-02-02,1069.756591796875,1083.6015625,1066.526123046875,1073.8870849609375,1057.35595703125,13662663
2023-02-03,1084.0631103515625,1084.0631103515625,1058.2191162109375,1074.8331298828125,1058.28759765625,24699575
2023-02-06,1068.3720703125,1071.14111328125,1064.1263427734375,1066.7337646484375,1050.31298828125,14837879
2023-02-07,1066.9876708984375,1074.0947265625,1058.2191162109375,1064.1724853515625,1047.791015625,15135435
2023-02-08,1067.4490966796875,1089.093505859375,1064.68017578125,1085.424560546875,1068.716064453125,21160332
2023-02-09,1086.1168212890625,1094.1468505859375,1077.140625,1087.316650390625,1070.578857421875,13172763
2023-02-10,1086.7860107421875,1086.7860107421875,1071.279541015625,1078.3636474609375,1061.763671875,10790445
2023-02-13,1080.001953125,1084.524658203125,1067.7030029296875,1072.2257080078125,1055.72021484375,10352493
2023-02-14,1075.2716064453125,1099.2464599609375,1072.3641357421875,1097.4927978515625,1080.5985107421875,14321920
2023-02-15,1096.5235595703125,1124.7674560546875,1095.13916015625,1122.344482421875,1105.0675048828125,33503591
2023-02-16,1130.4207763671875,1137.0433349609375,1119.16015625,1121.4676513671875,1104.2041015625,17264487
2023-02-17,1116.82958984375,1129.5208740234375,1112.491455078125,1126.15185546875,1108.816162109375,11809520
2023-02-20,1128.3670654296875,1130.5592041015625,1112.2607421875,1114.2452392578125,1097.093017578125,8836937
2023-02-21,1118.6756591796875,1129.19775390625,1113.299072265625,1123.3367919921875,1106.044677734375,13311592
2023-02-22,1119.5755615234375,1121.444580078125,1096.085205078125,1097.8619384765625,1080.9617919921875,11024335
2023-02-23,1097.4466552734375,1105.1767578125,1089.7626953125,1092.600830078125,1075.78173828125,9851910
2023-02-24,1094.6776123046875,1105.8228759765625,1092.8316650390625,1100.0771484375,1083.1429443359375,9434053
2023-02-27,1099.2926025390625,1102.8231201171875,1085.3092041015625,1092.7623291015625,1075.9407958984375,11199715
2023-02-28,1087.3397216796875,1092.3701171875,1067.7491455078125,1071.8564453125,1055.356689453125,21994038
2023-03-01,1081.755615234375,1082.4478759765625,1072.179443359375,1081.70947265625,1065.0579833984375,11551145
2023-03-02,1078.525146484375,1085.2861328125,1071.41796875,1073.4716796875,1056.947021484375,9333535
2023-03-03,1084.13232421875,1104.5767822265625,1080.625,1100.8616943359375,1083.91552734375,14643807
2023-03-06,1107.599609375,1118.9525146484375,1107.599609375,1111.6146240234375,1094.5028076171875,10171916
2023-03-08,1111.6146240234375,1116.3681640625,1100.6771240234375,1115.606689453125,1098.433349609375,15782657
2023-03-09,1114.983642578125,1115.39892578125,1086.8782958984375,1088.79345703125,1072.032958984375,16235128
2023-03-10,1080.6019287109375,1081.755615234375,1068.3951416015625,1071.9256591796875,1055.4248046875,13334091
2023-03-13,1074.8331298828125,1081.755615234375,1049.912109375,1054.29638671875,1038.0670166015625,12771592
2023-03-14,1052.2196044921875,1063.7340087890625,1047.166259765625,1050.3505859375,1034.181884765625,16027522
2023-03-15,1054.11181640625,1060.6650390625,1027.9447021484375,1032.398193359375,1016.5059204101562,21728555
2023-03-16,1035.1441650390625,1040.2205810546875,1016.31494140625,1027.25244140625,1011.4393310546875,18363159
2023-03-17,1035.9517822265625,1039.2745361328125,1021.1607055664062,1025.9603271484375,1010.1671142578125,34014213
2023-03-20,1022.22216796875,1024.5296630859375,1006.0696411132812,1015.8765258789062,1000.238525390625,19524589
2023-03-21,1024.0450439453125,1049.45068359375,1023.1451416015625,1047.4661865234375,1031.3416748046875,21400360
2023-03-22,1054.527099609375,1057.5037841796875,1047.6046142578125,1050.6505126953125,1034.477294921875,10920094
2023-03-23,1046.681640625,1047.5584716796875,1035.167236328125,1037.359375,1021.3906860351562,16249370
2023-03-24,1036.1824951171875,1038.3746337890625,1014.3766479492188,1016.8225708007812,1001.169921875,12375945
2023-03-27,1023.3759155273438,1040.2205810546875,1015.3919677734375,1032.62890625,1016.73291015625,14054323
2023-03-28,1036.067138671875,1041.3743896484375,1032.3751220703125,1037.45166015625,1021.4815673828125,12576424
2023-03-29,1033.298095703125,1035.974853515625,1020.4223022460938,1031.313720703125,1015.4380493164062,18804065
2023-03-31,1040.68212890625,1081.5018310546875,1040.543701171875,1075.7791748046875,1059.2191162109375,28171201
2023-04-03,1082.2171630859375,1084.0631103515625,1068.3720703125,1075.9637451171875,1059.40087890625,10293043
2023-04-05,1083.6015625,1083.6015625,1065.3955078125,1073.37939453125,1056.856201171875,16262928
2023-04-06,1069.8258056640625,1086.37060546875,1069.8258056640625,1080.5787353515625,1063.9447021484375,18435046
2023-04-10,1084.524658203125,1084.709228515625,1071.3948974609375,1072.9178466796875,1056.4017333984375,12961408
2023-04-11,1077.140625,1080.37109375,1072.5487060546875,1078.22509765625,1061.6273193359375,10542367
2023-04-12,1078.22509765625,1092.7392578125,1075.3177490234375,1082.9786376953125,1066.3076171875,18179087
2023-04-13,1085.9090576171875,1091.8162841796875,1080.8326416015625,1087.0628662109375,1070.3291015625,12378208
2023-04-17,1119.114013671875,1119.114013671875,1084.086181640625,1092.5777587890625,1075.759033203125,17929479
2023-04-18,1096.985107421875,1096.985107421875,1073.4486083984375,1080.0711669921875,1063.4449462890625,10405576
2023-04-19,1079.47119140625,1088.17041015625,1076.3099365234375,1085.4476318359375,1068.7386474609375,12273475
2023-04-20,1086.416748046875,1088.6781005859375,1076.2637939453125,1082.70166015625,1066.0347900390625,7007330
2023-04-21,1084.8245849609375,1089.60107421875,1078.2481689453125,1084.0631103515625,1067.37548828125,7647317
2023-04-24,1096.0621337890625,1098.784912109375,1083.6015625,1088.2166748046875,1071.465087890625,12936186
2023-04-25,1091.9085693359375,1098.646484375,1084.75537109375,1096.546630859375,1079.6668701171875,9236126
2023-04-26,1097.9080810546875,1101.184814453125,1086.3936767578125,1090.1087646484375,1073.328125,8617834
2023-04-27,1096.0621337890625,1100.215576171875,1090.985595703125,1097.0081787109375,1080.121337890625,9167125
2023-04-28,1099.2926025390625,1118.6295166015625,1099.17724609375,1117.060302734375,1099.86474609375,15565210
2023-05-02,1124.305908203125,1128.736328125,1120.5677490234375,1126.544189453125,1109.20263671875,12981805
2023-05-03,1128.3670654296875,1128.3670654296875,1113.6221923828125,1116.875732421875,1099.6829833984375,7061872
2023-05-04,1117.3603515625,1131.9898681640625,1114.3375244140625,1129.7515869140625,1112.360595703125,8635233
2023-05-05,1126.5211181640625,1135.91259765625,1124.213623046875,1126.8671875,1109.5206298828125,8746585
2023-05-08,1130.674560546875,1146.2041015625,1127.974853515625,1140.781494140625,1123.2205810546875,9153782
2023-05-09,1142.2120361328125,1147.6578369140625,1136.7894287109375,1144.3118896484375,1126.6968994140625,6464721
2023-05-10,1149.1346435546875,1153.680419921875,1145.0733642578125,1152.1805419921875,1134.4443359375,10872255
2023-05-11,1153.2650146484375,1158.1337890625,1142.9273681640625,1144.6580810546875,1127.0377197265625,10557860
2023-05-12,1139.812255859375,1147.9346923828125,1133.67431640625,1146.527099609375,1128.8779296875,6955341
2023-05-15,1149.0885009765625,1155.849365234375,1141.3582763671875,1148.7884521484375,1131.1044921875,6833343
2023-05-16,1150.9805908203125,1153.56494140625,1130.7437744140625,1132.4283447265625,1114.99609375,8717229
2023-05-17,1136.674072265625,1137.5970458984375,1120.983154296875,1125.736572265625,1108.4073486328125,8798967
2023-05-18,1130.4669189453125,1133.9051513671875,1120.1292724609375,1123.313720703125,1106.0218505859375,10525531
2023-05-19,1123.313720703125,1128.8055419921875,1116.298828125,1126.95947265625,1109.6114501953125,8050447
2023-05-22,1123.7520751953125,1138.05859375,1122.5291748046875,1132.9820556640625,1115.541259765625,7434906
2023-05-23,1135.589599609375,1138.9815673828125,1131.34375,1132.7744140625,1115.3367919921875,6092034
2023-05-24,1128.782470703125,1137.1356201171875,1123.0367431640625,1126.1749267578125,1108.839111328125,8112254
2023-05-25,1123.2445068359375,1130.213134765625,1115.0067138671875,1126.0364990234375,1108.7027587890625,11487863
2023-05-26,1134.3665771484375,1157.903076171875,1131.020751953125,1156.7493896484375,1138.94287109375,12626260
2023-05-29,1163.4410400390625,1167.5946044921875,1157.0723876953125,1163.2564697265625,1145.349609375,10010304
2023-05-30,1163.2564697265625,1171.148193359375,1160.3720703125,1162.95654296875,1145.0543212890625,11342504
2023-05-31,1153.7496337890625,1158.29541015625,1135.7510986328125,1139.8583984375,1122.3118896484375,27107927
2023-06-01,1144.5888671875,1146.781005859375,1134.3665771484375,1136.7894287109375,1119.2901611328125,14592692
2023-06-02,1140.3660888671875,1145.8348388671875,1131.1361083984375,1133.0743408203125,1115.6322021484375,15800644
2023-06-05,1138.6124267578125,1146.250244140625,1134.57421875,1143.25048828125,1125.651611328125,10908682
2023-06-06,1146.11181640625,1148.0731201171875,1136.212646484375,1144.2196044921875,1126.60595703125,7493309
2023-06-07,1147.7501220703125,1153.7496337890625,1141.1044921875,1152.8958740234375,1135.148681640625,10312545
2023-06-08,1156.5185546875,1161.52587890625,1149.5960693359375,1153.5880126953125,1135.830078125,12071109
2023-06-09,1156.9801025390625,1157.6954345703125,1143.5965576171875,1145.4195556640625,1127.7874755859375,5877018
2023-06-12,1142.44287109375,1148.765380859375,1137.5970458984375,1146.434814453125,1128.787109375,6391969
2023-06-13,1151.442138671875,1164.57177734375,1147.4039306640625,1163.371826171875,1145.46337890625,11248016
2023-06-14,1163.4410400390625,1179.132080078125,1161.5950927734375,1177.6783447265625,1159.549560546875,13277380
2023-06-15,1177.6552734375,1182.616455078125,1170.1328125,1178.00146484375,1159.86767578125,11813494
2023-06-16,1181.5318603515625,1191.7772216796875,1181.5318603515625,1189.4697265625,1171.1595458984375,24171579
2023-06-19,1192.515625,1192.515625,1173.4326171875,1177.6552734375,1159.52685546875,6798554
2023-06-20,1175.6939697265625,1183.2855224609375,1169.902099609375,1180.1011962890625,1161.9351806640625,6921096
2023-06-21,1180.0550537109375,1185.9853515625,1175.901611328125,1183.424072265625,1165.206787109375,6961603
2023-06-22,1179.5936279296875,1187.5775146484375,1168.517578125,1170.1328125,1152.1202392578125,7619166
2023-06-23,1167.0869140625,1169.1636962890625,1159.28759765625,1160.5567626953125,1142.6915283203125,6628570
2023-06-26,1156.9801025390625,1160.856689453125,1148.53466796875,1151.6959228515625,1133.9671630859375,12641159
2023-06-27,1152.157470703125,1158.1337890625,1147.588623046875,1152.111328125,1134.376220703125,9689466
2023-06-28,1159.7491455078125,1171.2174072265625,1152.75732421875,1167.3638916015625,1149.3939208984375,11354006
2023-06-30,1175.1632080078125,1179.8935546875,1169.186767578125,1176.93994140625,1158.8226318359375,11151555
2023-07-03,1180.5396728515625,1210.0526123046875,1179.2935791015625,1207.1451416015625,1188.562744140625,12154387
2023-07-04,1211.4371337890625,1211.4371337890625,1187.554443359375,1194.707763671875,1176.3167724609375,8061643
2023-07-05,1204.0531005859375,1204.0531005859375,1188.7313232421875,1192.746337890625,1174.3856201171875,10248062
2023-07-06,1188.8466796875,1220.4132080078125,1188.8466796875,1217.78271484375,1199.03662109375,19117987
2023-07-07,1216.0521240234375,1229.8740234375,1212.821533203125,1215.406005859375,1196.696533203125,13375267
2023-07-10,1240.9268798828125,1271.8935546875,1234.5120849609375,1262.22509765625,1242.794921875,33240016
2023-07-11,1270.462890625,1278.3544921875,1263.4019775390625,1275.9085693359375,1256.2677001953125,20069348
2023-07-12,1276.64697265625,1293.12255859375,1274.5009765625,1277.316162109375,1257.653564453125,18733835
2023-07-13,1284.7694091796875,1291.738037109375,1263.240478515625,1265.89404296875,1246.4072265625,14682934
2023-07-14,1269.12451171875,1274.1549072265625,1257.6331787109375,1264.8326416015625,1245.3621826171875,15124144
2023-07-17,1267.7401123046875,1299.1451416015625,1258.9715576171875,1290.6766357421875,1270.8084716796875,22220040
2023-07-18,1300.0450439453125,1309.482666015625,1288.968994140625,1301.63720703125,1281.600341796875,25867313
2023-07-19,1306.0445556640625,1318.0435791015625,1290.8150634765625,1311.5133056640625,1291.3243408203125,39122156
2023-07-20,1290.0,1315.4749755859375,1290.0,1309.925048828125,1289.760498046875,38717624
2023-07-21,1304.5,1307.449951171875,1261.800048828125,1269.375,1249.834716796875,30249238
2023-07-24,1240.5,1257.4749755859375,1234.6500244140625,1243.699951171875,1224.554931640625,23727866
2023-07-25,1247.0,1252.5999755859375,1240.0,1242.9000244140625,1223.767333984375,12026020
2023-07-26,1242.5,1273.5,1242.5,1263.0999755859375,1243.65625,12911012
2023-07-27,1267.0250244140625,1268.824951171875,1245.175048828125,1251.3499755859375,1232.087158203125,17226898
2023-07-28,1256.0250244140625,1271.425048828125,1250.2750244140625,1263.925048828125,1244.4686279296875,20827852
2023-07-31,1263.925048828125,1276.949951171875,1258.9749755859375,1274.625,1255.00390625,8551174
2023-08-01,1277.5,1279.5,1252.6500244140625,1256.5999755859375,1237.25634765625,9536632
2023-08-02,1254.5999755859375,1256.0,1231.800048828125,1243.175048828125,1224.0380859375,12748214
2023-08-03,1237.6500244140625,1250.449951171875,1229.0250244140625,1237.949951171875,1218.8935546875,10168350
2023-08-04,1249.4000244140625,1258.0,1235.800048828125,1254.7750244140625,1235.4593505859375,22885610
2023-08-07,1260.5,1264.199951171875,1252.5,1261.925048828125,1242.4993896484375,5982870
2023-08-08,1264.0,1267.2249755859375,1249.7750244140625,1254.324951171875,1235.0162353515625,9844072
2023-08-09,1252.425048828125,1264.5,1240.550048828125,1262.5999755859375,1243.1639404296875,11486586
2023-08-10,1262.4749755859375,1275.0,1254.2249755859375,1268.2249755859375,1248.7025146484375,15470598
2023-08-11,1266.2249755859375,1279.425048828125,1256.175048828125,1273.574951171875,1253.969970703125,22179330
2023-08-14,1269.5,1291.1500244140625,1262.5,1288.625,1268.788330078125,9575812
2023-08-16,1275.5,1291.4000244140625,1275.5,1287.574951171875,1267.7545166015625,10203112
2023-08-17,1283.550048828125,1289.050048828125,1266.425048828125,1269.0,1249.465576171875,13673744
2023-08-18,1265.625,1288.800048828125,1254.2750244140625,1278.4000244140625,1258.720703125,18639978
2023-08-21,1269.9749755859375,1277.7249755859375,1257.824951171875,1260.0,1244.986328125,9221746
2023-08-22,1258.449951171875,1268.9749755859375,1249.5,1259.699951171875,1244.68994140625,7713044
2023-08-23,1262.0999755859375,1271.425048828125,1258.4749755859375,1261.0999755859375,1246.0732421875,9517952
2023-08-24,1269.949951171875,1269.949951171875,1235.5,1239.9000244140625,1225.1259765625,14140020
2023-08-25,1228.0,1252.5,1221.300048828125,1234.175048828125,1219.46923828125,22222400
2023-08-28,1236.0,1242.0,1215.550048828125,1221.875,1207.315673828125,12580826
2023-08-29,1226.0250244140625,1226.7249755859375,1204.074951171875,1210.175048828125,1195.755126953125,16876644
2023-08-30,1216.0,1221.5,1207.5,1209.0250244140625,1194.6187744140625,12168946
2023-08-31,1211.5,1212.5,1199.949951171875,1203.5,1189.1595458984375,21638600
2023-09-01,1203.2750244140625,1212.824951171875,1200.824951171875,1206.324951171875,1191.9508056640625,18112842
2023-09-04,1206.324951171875,1211.824951171875,1202.6500244140625,1205.3499755859375,1190.987548828125,9347626
2023-09-05,1210.0,1216.9749755859375,1206.2249755859375,1211.800048828125,1197.3607177734375,8675876
2023-09-06,1210.550048828125,1218.074951171875,1208.625,1214.3499755859375,1199.88037109375,8200370
2023-09-07,1210.8499755859375,1219.125,1205.5,1216.0,1201.5106201171875,13652572
2023-09-08,1220.0,1228.0,1211.4749755859375,1224.0999755859375,1209.51416015625,23109288
2023-09-11,1226.0,1238.425048828125,1226.0,1237.300048828125,1222.556884765625,13271074
2023-09-12,1241.5,1241.5,1217.9749755859375,1219.425048828125,1204.89501953125,16255666
2023-09-13,1220.0,1231.324951171875,1213.125,1225.5250244140625,1210.9222412109375,12803338
2023-09-14,1230.0,1232.9000244140625,1222.5,1226.6500244140625,1212.03369140625,9209636
2023-09-15,1234.0,1234.0,1224.75,1228.925048828125,1214.28173828125,25468592
2023-09-18,1220.0250244140625,1225.5,1216.0250244140625,1218.2249755859375,1203.709228515625,7516300
2023-09-20,1211.5250244140625,1213.800048828125,1177.5,1191.074951171875,1176.882568359375,57081884
2023-09-21,1187.4749755859375,1195.050048828125,1180.0,1182.4000244140625,1168.3111572265625,12226182
2023-09-22,1188.0,1191.2249755859375,1175.0,1177.4749755859375,1163.44482421875,19176786
2023-09-25,1175.199951171875,1180.3499755859375,1167.550048828125,1170.2249755859375,1156.2811279296875,14254884
2023-09-26,1169.2750244140625,1175.0999755859375,1167.800048828125,1171.25,1157.2938232421875,10087782
2023-09-27,1171.75,1185.9000244140625,1169.25,1184.449951171875,1170.3365478515625,11722778
2023-09-28,1191.5,1191.5,1162.5,1167.050048828125,1153.1439208984375,14518346
2023-09-29,1170.9000244140625,1184.550048828125,1167.050048828125,1172.5,1158.529052734375,12342014
2023-10-03,1164.9749755859375,1167.800048828125,1158.0,1159.074951171875,1145.2637939453125,8859056
2023-10-04,1154.5,1159.5,1147.550048828125,1157.074951171875,1143.2877197265625,10286386
2023-10-05,1159.625,1164.699951171875,1154.5,1157.050048828125,1143.2630615234375,10953682
2023-10-06,1158.5250244140625,1162.4000244140625,1156.0250244140625,1159.0,1145.1898193359375,5431026
2023-10-09,1154.050048828125,1155.9749755859375,1147.5,1149.125,1135.4324951171875,7576878
2023-10-10,1153.2750244140625,1158.949951171875,1151.875,1154.199951171875,1140.447021484375,10236032
2023-10-11,1157.2249755859375,1174.8499755859375,1156.5,1172.5250244140625,1158.5537109375,9814118
2023-10-12,1171.925048828125,1179.675048828125,1169.074951171875,1174.699951171875,1160.7027587890625,12554450
2023-10-13,1170.0,1178.75,1164.574951171875,1174.6500244140625,1160.653564453125,10150316
2023-10-16,1172.5,1177.2750244140625,1168.0,1172.0250244140625,1158.0596923828125,5929036
2023-10-17,1178.0,1179.8499755859375,1170.6500244140625,1177.625,1163.5928955078125,7928180
2023-10-18,1177.625,1183.5,1160.5,1162.0,1148.1541748046875,8918320
2023-10-19,1156.0,1160.9000244140625,1150.5,1153.074951171875,1139.33544921875,12032556
2023-10-20,1150.0,1157.3499755859375,1148.1500244140625,1149.550048828125,1135.8525390625,8913312
2023-10-23,1145.0,1153.125,1127.625,1131.5999755859375,1118.116455078125,7853962
2023-10-25,1125.0250244140625,1140.5999755859375,1121.5,1128.9749755859375,1115.5225830078125,11620688
2023-10-26,1125.5,1129.0,1110.1500244140625,1113.25,1099.9849853515625,15222534
2023-10-27,1120.0,1136.75,1117.9749755859375,1132.9000244140625,1119.40087890625,11771084
2023-10-30,1137.0,1162.5,1134.9749755859375,1156.25,1142.4725341796875,16813304
2023-10-31,1164.0,1164.0,1141.449951171875,1143.949951171875,1130.3192138671875,12808438
2023-11-01,1144.574951171875,1158.75,1137.5999755859375,1148.699951171875,1135.0125732421875,10309190
2023-11-02,1156.9749755859375,1162.1500244140625,1153.9749755859375,1160.0999755859375,1146.2767333984375,10562104
2023-11-03,1163.5999755859375,1167.4749755859375,1157.875,1159.8499755859375,1146.0296630859375,8850156
2023-11-06,1166.1500244140625,1170.0,1162.800048828125,1169.5,1155.564697265625,10647304
2023-11-07,1167.0250244140625,1169.550048828125,1159.7750244140625,1161.9000244140625,1148.0552978515625,6960204
2023-11-08,1166.0,1170.5,1160.875,1167.949951171875,1154.0330810546875,7884494
2023-11-09,1167.925048828125,1167.949951171875,1152.0999755859375,1155.2750244140625,1141.50927734375,14513610
2023-11-10,1152.7750244140625,1158.175048828125,1149.0250244140625,1157.449951171875,1143.658203125,7734954
2023-11-13,1161.449951171875,1162.300048828125,1155.8499755859375,1157.300048828125,1143.5101318359375,3854810
2023-11-15,1170.0,1180.9749755859375,1163.5,1178.2249755859375,1164.185791015625,12220648
2023-11-16,1175.550048828125,1187.074951171875,1173.4749755859375,1180.3499755859375,1166.285400390625,13134910
2023-11-17,1176.449951171875,1186.625,1176.0250244140625,1177.7750244140625,1163.7412109375,7758634
2023-11-20,1174.2750244140625,1179.199951171875,1168.199951171875,1174.675048828125,1160.67822265625,4490186
2023-11-21,1183.0,1194.0,1180.0999755859375,1189.449951171875,1175.2769775390625,8214450
2023-11-22,1187.5,1197.2249755859375,1186.0999755859375,1194.0999755859375,1179.8717041015625,8534814
2023-11-23,1194.0999755859375,1200.0,1194.0999755859375,1197.75,1183.4781494140625,8531542
2023-11-24,1195.800048828125,1201.300048828125,1195.5250244140625,1196.949951171875,1182.6876220703125,6749486
2023-11-28,1196.949951171875,1199.8499755859375,1187.625,1197.199951171875,1182.9346923828125,13792174
2023-11-29,1204.0,1205.9749755859375,1199.0250244140625,1200.3499755859375,1186.047119140625,12531306
2023-11-30,1197.3499755859375,1200.3499755859375,1184.949951171875,1188.7249755859375,1174.5606689453125,28439984
2023-12-01,1189.0,1198.199951171875,1188.800048828125,1197.1500244140625,1182.88525390625,14342842
2023-12-04,1225.0,1225.0,1199.300048828125,1210.0999755859375,1195.680908203125,15590990
2023-12-05,1219.5,1220.425048828125,1210.824951171875,1218.875,1204.351318359375,12693624
2023-12-06,1223.550048828125,1236.4749755859375,1217.5,1230.550048828125,1215.8873291015625,16422442
2023-12-07,1230.0,1230.4749755859375,1221.0,1228.5250244140625,1213.886474609375,8142096
2023-12-08,1231.925048828125,1238.3499755859375,1222.5,1227.875,1213.2442626953125,10204894
2023-12-11,1228.0,1233.800048828125,1226.199951171875,1229.675048828125,1215.022705078125,7066138
2023-12-12,1230.0,1232.4749755859375,1210.074951171875,1212.0250244140625,1197.5831298828125,9197124
2023-12-13,1211.0,1219.175048828125,1203.1500244140625,1216.9749755859375,1202.4739990234375,10031182
2023-12-14,1227.0,1237.4749755859375,1221.324951171875,1232.074951171875,1217.39404296875,16972354
2023-12-15,1239.0,1250.0,1235.0250244140625,1247.800048828125,1232.931884765625,15932152
2023-12-18,1247.800048828125,1267.449951171875,1245.4749755859375,1260.5,1245.48046875,14165188
2023-12-19,1277.5,1286.949951171875,1262.5999755859375,1279.050048828125,1263.809326171875,16820604
2023-12-20,1285.5250244140625,1299.425048828125,1260.0,1263.574951171875,1248.518798828125,17736722
2023-12-21,1263.5,1286.75,1259.125,1281.2750244140625,1266.0079345703125,13765454
2023-12-22,1279.800048828125,1290.449951171875,1273.824951171875,1282.5250244140625,1267.242919921875,16541784
2023-12-26,1284.0,1295.9749755859375,1281.3499755859375,1289.0250244140625,1273.66552734375,7465664
2023-12-27,1291.0,1299.949951171875,1286.550048828125,1293.425048828125,1278.0130615234375,9204156
2023-12-28,1294.9000244140625,1306.0,1293.425048828125,1302.7750244140625,1287.2515869140625,12302636
2023-12-29,1305.550048828125,1307.0,1289.6500244140625,1292.4749755859375,1277.074462890625,10864584
2024-01-01,1290.2750244140625,1303.425048828125,1286.574951171875,1295.125,1279.6929931640625,4030540
2024-01-02,1292.5,1307.5,1286.5,1305.8499755859375,1290.2900390625,7448800
2024-01-03,1305.0,1317.0,1288.5999755859375,1291.6500244140625,1276.25927734375,9037536
2024-01-04,1294.0,1304.925048828125,1289.550048828125,1298.324951171875,1282.8546142578125,9612778
2024-01-05,1301.449951171875,1309.925048828125,1299.0,1303.8499755859375,1288.3138427734375,8086406
2024-01-08,1305.0,1315.9749755859375,1284.4749755859375,1293.675048828125,1278.26025390625,7734652
2024-01-09,1300.0,1303.4000244140625,1288.5999755859375,1290.25,1274.8758544921875,5403074
2024-01-10,1288.5,1329.5,1287.5250244140625,1325.050048828125,1309.2613525390625,11102740
2024-01-11,1329.5,1362.5,1328.5,1359.9000244140625,1343.6961669921875,23725852
2024-01-12,1359.9000244140625,1373.324951171875,1345.75,1370.7249755859375,1354.3919677734375,15012164
2024-01-15,1375.0,1396.449951171875,1366.0,1394.125,1377.51318359375,8610594
2024-01-16,1389.9749755859375,1396.300048828125,1370.5,1374.625,1358.2454833984375,9069024
2024-01-17,1359.5,1386.2750244140625,1355.0250244140625,1361.574951171875,1345.35107421875,12197382
2024-01-18,1351.4000244140625,1371.0,1351.25,1367.949951171875,1351.6500244140625,10279438
2024-01-19,1376.0,1376.0,1359.0,1367.449951171875,1351.156005859375,10422704
2024-01-23,1371.75,1371.75,1322.550048828125,1328.574951171875,1312.7442626953125,20055420
2024-01-24,1335.2249755859375,1349.5,1323.925048828125,1343.875,1327.8619384765625,21919128
2024-01-25,1342.949951171875,1364.1500244140625,1335.199951171875,1353.074951171875,1336.9522705078125,11808872
2024-01-29,1364.5,1452.5,1360.175048828125,1448.050048828125,1430.7957763671875,23893438
2024-01-30,1459.949951171875,1459.9749755859375,1404.425048828125,1407.625,1390.852294921875,14093978
2024-01-31,1404.0,1434.25,1402.5,1426.625,1409.6258544921875,15130226
2024-02-01,1435.0,1443.3499755859375,1418.050048828125,1426.6500244140625,1409.650634765625,13349362
2024-02-02,1433.175048828125,1474.9000244140625,1433.175048828125,1457.699951171875,1440.3306884765625,19652588
2024-02-05,1460.75,1470.5,1431.5250244140625,1439.0250244140625,1421.878173828125,8814432
2024-02-06,1441.8499755859375,1441.8499755859375,1419.824951171875,1427.800048828125,1410.7869873046875,9047984
2024-02-07,1435.925048828125,1449.5,1429.25,1442.1500244140625,1424.9659423828125,9296568
2024-02-08,1450.0,1459.4749755859375,1427.5250244140625,1450.125,1432.845947265625,14694634
2024-02-09,1454.0,1471.9749755859375,1450.949951171875,1460.75,1443.34423828125,12556798
2024-02-12,1460.75,1461.0,1442.3499755859375,1452.3499755859375,1435.04443359375,6674430
2024-02-13,1455.5,1479.0,1454.0,1465.0999755859375,1447.642333984375,7715594
2024-02-14,1457.5,1483.6500244140625,1457.5,1481.375,1463.7235107421875,7117888
2024-02-15,1483.3499755859375,1484.7249755859375,1466.5250244140625,1470.5999755859375,1453.0770263671875,10006782
2024-02-16,1476.4749755859375,1477.0,1458.550048828125,1460.574951171875,1443.17138671875,9767498
2024-02-19,1462.050048828125,1479.5,1453.5250244140625,1474.0,1456.4364013671875,6729828
2024-02-20,1475.0250244140625,1475.5,1461.800048828125,1471.0250244140625,1453.4969482421875,7117496
2024-02-21,1474.0,1488.5250244140625,1457.550048828125,1467.699951171875,1450.2115478515625,12720292
2024-02-22,1468.1500244140625,1484.949951171875,1458.0,1481.75,1464.0941162109375,18493728
2024-02-23,1489.5,1497.550048828125,1483.3499755859375,1493.625,1475.82763671875,14438584
2024-02-26,1493.550048828125,1494.5250244140625,1482.5,1487.324951171875,1469.6026611328125,7513106
2024-02-27,1483.0250244140625,1499.949951171875,1478.050048828125,1485.6500244140625,1467.9476318359375,10826044
2024-02-28,1483.0,1491.2750244140625,1450.175048828125,1455.625,1438.2803955078125,8647950
2024-02-29,1465.0,1478.9749755859375,1454.5250244140625,1460.800048828125,1443.393798828125,23628976
2024-03-01,1463.5,1500.0,1462.5,1492.125,1474.345458984375,12132926
2024-03-04,1490.4749755859375,1512.449951171875,1487.2249755859375,1507.4000244140625,1489.4384765625,10024420
2024-03-05,1505.7750244140625,1507.4000244140625,1486.050048828125,1500.199951171875,1482.3243408203125,7107668
2024-03-06,1493.449951171875,1509.0,1478.5,1503.0,1485.0908203125,7805676
2024-03-07,1502.9749755859375,1503.0999755859375,1475.550048828125,1478.925048828125,1461.3028564453125,8315726
2024-03-11,1489.0,1489.0,1463.5,1466.5999755859375,1449.1246337890625,11277130
2024-03-12,1466.5999755859375,1488.0,1465.0250244140625,1475.425048828125,1457.844482421875,9432678
2024-03-13,1479.7750244140625,1483.0999755859375,1427.7750244140625,1432.175048828125,1415.10986328125,13522134
2024-03-14,1439.699951171875,1448.5250244140625,1425.5,1431.4749755859375,1414.4180908203125,18571102
2024-03-15,1425.949951171875,1433.2249755859375,1412.9000244140625,1418.2249755859375,1401.3260498046875,19223818
2024-03-18,1420.0,1441.7249755859375,1416.5250244140625,1439.4749755859375,1422.3228759765625,9169392
2024-03-19,1428.75,1437.5999755859375,1417.25,1425.25,1408.267333984375,8275764
2024-03-20,1427.949951171875,1445.0,1424.0250244140625,1443.75,1426.546875,8488806
2024-03-21,1452.5250244140625,1457.9000244140625,1444.675048828125,1450.9749755859375,1433.685791015625,13006936
2024-03-22,1449.9749755859375,1460.0,1447.3499755859375,1455.0250244140625,1437.6875,19527608
2024-03-26,1445.0,1452.4000244140625,1439.0,1441.574951171875,1424.3978271484375,11415906
2024-03-27,1448.0,1500.0,1447.0,1492.8499755859375,1475.061767578125,16326644
2024-03-28,1492.875,1505.949951171875,1478.6500244140625,1485.8499755859375,1468.145263671875,21854364
2024-04-01,1492.4749755859375,1493.9749755859375,1482.5,1484.7750244140625,1467.0830078125,5013880
2024-04-02,1484.0,1494.0,1475.0,1486.949951171875,1469.2320556640625,8910166
2024-04-03,1482.074951171875,1484.449951171875,1468.9000244140625,1471.5999755859375,1454.0650634765625,7008292
2024-04-04,1479.75,1479.75,1450.0,1462.925048828125,1445.493408203125,14490272
2024-04-05,1460.875,1470.800048828125,1456.0,1460.0999755859375,1442.7020263671875,7442298
2024-04-08,1462.9749755859375,1490.9749755859375,1461.0,1485.9749755859375,1468.2686767578125,8357118
2024-04-09,1489.0,1489.800048828125,1462.5,1463.6500244140625,1446.2098388671875,7071414
2024-04-10,1466.3499755859375,1487.0,1466.3499755859375,1479.574951171875,1461.945068359375,9138330
2024-04-12,1475.875,1486.4749755859375,1463.074951171875,1467.1500244140625,1449.668212890625,15551012
2024-04-15,1461.0,1482.125,1446.324951171875,1464.824951171875,1447.3707275390625,12902062
2024-04-16,1453.3499755859375,1471.175048828125,1450.925048828125,1465.75,1448.28466796875,9366184
2024-04-18,1463.5,1486.0,1459.3499755859375,1464.324951171875,1446.876708984375,19005692
2024-04-19,1456.7750244140625,1474.0,1443.0250244140625,1470.125,1452.607666015625,15741778
2024-04-22,1472.449951171875,1482.824951171875,1467.800048828125,1479.8499755859375,1462.2166748046875,10350362
2024-04-23,1479.0,1493.5,1455.550048828125,1459.324951171875,1441.9364013671875,14605554
2024-04-24,1463.5,1468.550048828125,1449.5,1450.175048828125,1432.8953857421875,10462776
2024-04-25,1442.5,1467.9749755859375,1441.5,1459.9749755859375,1442.5784912109375,15943926
2024-04-26,1463.949951171875,1465.0,1450.0,1452.550048828125,1435.2420654296875,9413848
2024-04-29,1450.0,1467.9000244140625,1450.0,1465.0250244140625,1447.568359375,7247974
2024-04-30,1468.0,1483.074951171875,1462.875,1467.0,1449.5198974609375,11474262
2024-05-02,1472.0,1477.324951171875,1464.125,1466.550048828125,1449.0751953125,14512646
2024-05-03,1471.0,1474.949951171875,1416.1500244140625,1434.0,1416.9130859375,17226958
2024-05-06,1435.5,1440.0,1418.0,1419.5250244140625,1402.610595703125,7394208
2024-05-07,1415.9749755859375,1420.75,1392.0,1401.4749755859375,1384.775634765625,14517472
2024-05-08,1397.5,1432.949951171875,1397.5,1418.550048828125,1401.647216796875,9439002
2024-05-09,1413.0,1423.75,1390.0,1394.125,1377.51318359375,11009612
2024-05-10,1396.75,1410.0,1388.074951171875,1407.425048828125,1390.65478515625,10505096
2024-05-13,1399.9000244140625,1406.9749755859375,1384.0,1402.699951171875,1385.986083984375,8456620
2024-05-14,1400.9749755859375,1427.074951171875,1400.0250244140625,1420.074951171875,1403.1539306640625,7188300
2024-05-15,1420.5,1429.9749755859375,1413.0250244140625,1416.2750244140625,1399.3994140625,5046534
2024-05-16,1418.550048828125,1427.5,1398.0250244140625,1425.3499755859375,1408.3660888671875,14711774
2024-05-17,1423.050048828125,1437.199951171875,1413.25,1435.699951171875,1418.5928955078125,10916476
2024-05-21,1425.5999755859375,1441.824951171875,1425.5999755859375,1436.125,1419.0128173828125,11176128
2024-05-22,1436.2750244140625,1468.7750244140625,1436.2750244140625,1460.6500244140625,1443.2454833984375,10281604
2024-05-23,1458.550048828125,1492.2249755859375,1455.0,1486.050048828125,1468.3428955078125,14608260
2024-05-24,1483.625,1488.5,1476.0999755859375,1480.25,1462.6119384765625,7094776
2024-05-27,1480.2249755859375,1484.9000244140625,1461.550048828125,1466.25,1448.77880859375,6629010
2024-05-28,1468.0,1478.5,1452.75,1456.199951171875,1438.8485107421875,7820162
2024-05-29,1446.5,1458.0,1438.449951171875,1440.7750244140625,1423.607421875,7383556
2024-05-30,1435.5,1440.4000244140625,1420.0999755859375,1424.8499755859375,1407.8720703125,13206858
2024-05-31,1431.300048828125,1442.25,1422.25,1430.4000244140625,1413.35595703125,31069832
2024-06-03,1483.0,1514.5,1459.0,1510.324951171875,1492.32861328125,21527942
2024-06-04,1498.050048828125,1498.050048828125,1359.300048828125,1397.2750244140625,1380.625732421875,36709098
2024-06-05,1422.0,1431.1500244140625,1384.0999755859375,1420.75,1403.8209228515625,17464890
2024-06-06,1435.0,1443.699951171875,1421.3499755859375,1431.5999755859375,1414.5416259765625,17855722
2024-06-07,1428.5,1472.0,1426.5,1469.949951171875,1452.4345703125,18558696
2024-06-10,1469.949951171875,1493.3499755859375,1468.074951171875,1471.4000244140625,1453.867431640625,9251760
2024-06-11,1469.0,1473.675048828125,1454.675048828125,1456.675048828125,1439.3179931640625,11774902
2024-06-12,1457.5,1476.0,1455.175048828125,1463.324951171875,1445.8885498046875,10081742
2024-06-13,1472.0,1472.25,1460.0999755859375,1465.25,1447.790771484375,9181160
2024-06-14,1470.0,1479.675048828125,1457.2249755859375,1477.550048828125,1459.9442138671875,8157998
2024-06-18,1487.3499755859375,1487.4000244140625,1471.3499755859375,1481.0250244140625,1463.3778076171875,7196766
2024-06-19,1487.5,1487.5,1456.0,1458.6500244140625,1441.2694091796875,8725874
2024-06-20,1459.0,1482.8499755859375,1450.0999755859375,1473.699951171875,1456.1400146484375,16113776
2024-06-21,1473.625,1474.699951171875,1440.574951171875,1454.199951171875,1436.872314453125,31170360
2024-06-24,1445.5250244140625,1449.5,1437.5,1441.4749755859375,1424.2989501953125,8878386
2024-06-25,1443.0,1455.925048828125,1441.0,1454.1500244140625,1436.822998046875,7045386
2024-06-26,1446.050048828125,1518.9749755859375,1445.125,1514.0250244140625,1495.9844970703125,22014882
2024-06-27,1513.75,1537.5,1506.0,1530.550048828125,1512.312744140625,28383030
2024-06-28,1531.0250244140625,1581.0,1531.0250244140625,1565.4000244140625,1546.7474365234375,28957336
2024-07-01,1562.5250244140625,1579.4000244140625,1555.675048828125,1560.1500244140625,1541.5599365234375,7724306
2024-07-02,1569.5,1573.5,1557.0,1565.175048828125,1546.5250244140625,7749246
2024-07-03,1566.324951171875,1575.0,1542.7750244140625,1552.425048828125,1533.927001953125,9049620
2024-07-04,1557.0,1567.5,1550.800048828125,1554.0250244140625,1535.5079345703125,6837176
2024-07-05,1553.824951171875,1598.5,1548.0,1588.625,1569.695556640625,12269710
2024-07-08,1589.0,1608.800048828125,1582.5250244140625,1600.9000244140625,1581.8243408203125,9500806
2024-07-09,1597.5999755859375,1600.5,1580.5,1590.2750244140625,1571.3260498046875,6960002
2024-07-10,1595.0,1597.5,1563.1500244140625,1584.2249755859375,1565.3480224609375,7134578
2024-07-11,1587.5,1604.25,1570.5,1580.6500244140625,1561.815673828125,11940946
2024-07-12,1584.5,1605.1500244140625,1574.5,1596.7249755859375,1577.6990966796875,12924784
2024-07-15,1604.449951171875,1605.8499755859375,1585.5,1597.2249755859375,1578.1932373046875,5329688
2024-07-16,1593.5,1600.0,1569.125,1576.25,1557.4681396484375,9386838
2024-07-18,1576.0,1593.9000244140625,1557.824951171875,1586.675048828125,1567.7689208984375,12298374
2024-07-19,1586.0,1589.9749755859375,1552.800048828125,1555.1500244140625,1536.6195068359375,13140390
2024-07-22,1537.25,1537.5,1499.2750244140625,1500.675048828125,1482.793701171875,19674376
2024-07-23,1501.0,1505.75,1463.0,1487.9000244140625,1470.1707763671875,18052044
2024-07-24,1485.0,1509.5,1476.4000244140625,1495.699951171875,1477.8778076171875,11913362
2024-07-25,1481.0,1500.4749755859375,1477.074951171875,1492.4000244140625,1474.6173095703125,12519876
2024-07-26,1492.4000244140625,1512.425048828125,1490.3499755859375,1509.0250244140625,1491.044189453125,9859940
2024-07-29,1511.949951171875,1527.5,1511.7750244140625,1520.0999755859375,1501.987060546875,7538550
2024-07-30,1517.0250244140625,1525.0,1510.0,1513.1500244140625,1495.1199951171875,8228208
2024-07-31,1504.0,1510.449951171875,1501.1500244140625,1505.425048828125,1487.4869384765625,10057346
2024-08-01,1512.0,1518.0,1504.300048828125,1515.300048828125,1497.2445068359375,10764222
2024-08-02,1505.0,1509.324951171875,1493.2750244140625,1499.324951171875,1481.459716796875,10268248
2024-08-05,1480.0,1483.9000244140625,1433.25,1447.324951171875,1430.079345703125,17046704
2024-08-06,1455.1500244140625,1477.5,1451.324951171875,1456.050048828125,1438.7003173828125,10236186
2024-08-07,1469.0,1472.5,1461.5,1464.824951171875,1447.3707275390625,8174568
2024-08-08,1457.5250244140625,1465.0,1445.925048828125,1449.125,1431.8577880859375,12387192
2024-08-09,1460.0,1476.5,1456.0,1474.300048828125,1456.73291015625,6249776
2024-08-12,1470.0,1473.0,1457.75,1460.625,1443.2208251953125,8184584
2024-08-13,1460.75,1470.074951171875,1458.0,1463.625,1446.1851806640625,6265064
2024-08-14,1463.550048828125,1472.0,1453.699951171875,1461.8499755859375,1444.43115234375,6267466
2024-08-16,1468.6500244140625,1480.4000244140625,1458.050048828125,1478.199951171875,1460.58642578125,9416902
2024-08-19,1482.5,1498.300048828125,1480.5,1488.4000244140625,1475.65625,13797742
2024-08-20,1497.2249755859375,1503.925048828125,1490.0250244140625,1495.949951171875,1483.1416015625,8411808
2024-08-21,1493.25,1507.875,1490.0,1498.675048828125,1485.8433837890625,7769996
2024-08-22,1503.0,1506.5,1490.6500244140625,1498.125,1485.2979736328125,10445782
2024-08-23,1503.75,1511.324951171875,1498.425048828125,1499.9749755859375,1487.1322021484375,9249654
2024-08-26,1506.9749755859375,1523.0,1503.0,1512.5999755859375,1499.649169921875,8816114
2024-08-27,1510.5,1513.4749755859375,1499.449951171875,1500.449951171875,1487.6031494140625,6251156
2024-08-28,1505.0,1507.4749755859375,1493.0,1498.300048828125,1485.4716796875,9610286
2024-08-29,1503.0999755859375,1537.0,1494.0,1520.925048828125,1507.90283203125,38335358
2024-08-30,1534.0,1539.7249755859375,1503.324951171875,1509.625,1496.6995849609375,41620730
2024-09-02,1510.875,1526.800048828125,1506.625,1516.25,1503.2679443359375,11240852
2024-09-03,1521.25,1523.0,1507.5,1509.125,1496.203857421875,10923800
2024-09-04,1500.699951171875,1517.5,1499.5,1514.550048828125,1501.5823974609375,11983304
2024-09-05,1519.050048828125,1525.7750244140625,1487.050048828125,1492.9749755859375,1480.192138671875,16264168
2024-09-06,1492.5,1497.0,1461.625,1464.824951171875,1452.2830810546875,19394228
2024-09-09,1466.5,1469.925048828125,1455.5999755859375,1462.449951171875,1449.928466796875,9010298
2024-09-10,1460.5,1472.050048828125,1457.574951171875,1461.5250244140625,1449.011474609375,10768260
2024-09-11,1463.050048828125,1468.75,1447.550048828125,1451.5,1439.072265625,9760202
2024-09-12,1457.0,1486.0,1445.875,1479.800048828125,1467.1298828125,22349376
2024-09-13,1476.4000244140625,1483.1500244140625,1469.5,1472.625,1460.016357421875,8711328
2024-09-16,1477.550048828125,1480.9000244140625,1464.75,1471.3499755859375,1458.7523193359375,5481774
2024-09-17,1474.0,1477.4749755859375,1466.625,1472.300048828125,1459.6942138671875,5935328
2024-09-18,1470.0,1482.0,1460.550048828125,1463.449951171875,1450.9197998046875,8574714
2024-09-19,1466.25,1476.5,1455.550048828125,1469.675048828125,1457.0916748046875,16955902
2024-09-20,1474.0,1495.0,1471.375,1485.925048828125,1473.2025146484375,30897320
2024-09-23,1491.0,1501.5,1488.949951171875,1493.375,1480.5887451171875,8832314
2024-09-24,1488.5,1500.5,1487.875,1489.375,1476.6229248046875,17137444
2024-09-25,1483.9000244140625,1496.5,1480.199951171875,1493.949951171875,1481.15869140625,7069002
2024-09-26,1490.6500244140625,1504.0,1488.050048828125,1497.949951171875,1485.12451171875,18818998
2024-09-27,1499.0,1533.4749755859375,1492.0,1526.175048828125,1513.10791015625,20597478
2024-09-30,1519.4000244140625,1524.9749755859375,1474.4000244140625,1476.574951171875,1463.9324951171875,27008814
2024-10-01,1480.6500244140625,1487.949951171875,1462.824951171875,1464.824951171875,1452.2830810546875,16431642
2024-10-03,1436.574951171875,1449.4000244140625,1402.074951171875,1406.9749755859375,1394.928466796875,37757294
2024-10-04,1403.925048828125,1417.3499755859375,1381.7750244140625,1386.5250244140625,1374.653564453125,37072876
2024-10-07,1393.5,1396.5,1361.375,1370.7249755859375,1358.98876953125,22181340
2024-10-08,1372.9749755859375,1401.0,1365.0999755859375,1397.3499755859375,1385.3857421875,17020808
2024-10-09,1397.5250244140625,1400.9749755859375,1372.5,1374.5999755859375,1362.8306884765625,14310610
2024-10-10,1380.0250244140625,1386.0,1369.425048828125,1371.050048828125,1359.31103515625,22358646
2024-10-11,1370.0,1383.2750244140625,1368.824951171875,1372.0999755859375,1360.35205078125,7980122
2024-10-14,1379.449951171875,1380.074951171875,1368.25,1372.5250244140625,1360.7734375,12221432
2024-10-15,1358.5250244140625,1371.699951171875,1340.699951171875,1344.0250244140625,1332.5174560546875,33762794
2024-10-16,1340.0,1364.0,1337.625,1354.074951171875,1342.4814453125,20034438
2024-10-17,1365.699951171875,1368.449951171875,1352.050048828125,1356.425048828125,1344.811279296875,15543660
2024-10-18,1352.175048828125,1368.425048828125,1341.324951171875,1359.300048828125,1347.66162109375,12082452
2024-10-21,1367.125,1374.0,1357.7249755859375,1369.199951171875,1357.4769287109375,14067408
2024-10-22,1369.199951171875,1376.0,1340.2249755859375,1343.3499755859375,1331.84814453125,15831960
2024-10-23,1337.5,1357.4749755859375,1335.0,1338.5250244140625,1327.064453125,17214742
2024-10-24,1335.2750244140625,1343.699951171875,1323.125,1339.800048828125,1328.3287353515625,22155934
2024-10-25,1343.5,1344.3499755859375,1322.0,1327.8499755859375,1316.4808349609375,18597496
2024-10-28,1337.0,1353.0,1322.0999755859375,1334.3499755859375,1322.9251708984375,10824350
2024-10-29,1328.0999755859375,1343.199951171875,1320.300048828125,1340.0,1328.52685546875,12008361
2024-10-30,1335.0,1350.0,1325.3499755859375,1343.9000244140625,1332.3935546875,11984423
2024-10-31,1340.0,1343.0,1326.1500244140625,1332.050048828125,1320.64501953125,9331650
2024-11-01,1333.050048828125,1341.949951171875,1333.0,1338.6500244140625,1327.1884765625,2127335
2024-11-04,1337.8499755859375,1340.0,1285.0999755859375,1302.1500244140625,1291.0009765625,19796890
2024-11-05,1293.0,1309.550048828125,1286.1500244140625,1305.300048828125,1294.1240234375,16267479
2024-11-06,1310.0,1328.300048828125,1300.199951171875,1325.3499755859375,1314.0023193359375,21625209
2024-11-07,1324.0,1324.0,1302.5999755859375,1305.6500244140625,1294.4710693359375,9611974
2024-11-08,1297.6500244140625,1301.6500244140625,1275.0,1283.75,1272.7584228515625,19814406
2024-11-11,1278.949951171875,1286.0,1267.0,1272.699951171875,1261.802978515625,9056552
2024-11-12,1275.550048828125,1289.300048828125,1267.5,1274.25,1263.33984375,10671091
2024-11-13,1270.25,1275.449951171875,1249.5,1252.050048828125,1241.3299560546875,14633633
2024-11-14,1253.5999755859375,1272.5999755859375,1251.0999755859375,1267.5999755859375,1256.746826171875,12612633
2024-11-18,1267.5999755859375,1272.9000244140625,1243.9000244140625,1260.75,1249.9554443359375,13620611
2024-11-19,1260.75,1281.5,1235.1500244140625,1241.6500244140625,1231.0189208984375,14183746
2024-11-21,1241.6500244140625,1243.949951171875,1217.25,1223.0,1212.5286865234375,19433843
2024-11-22,1229.4000244140625,1268.8499755859375,1222.449951171875,1265.4000244140625,1254.5655517578125,20471957
2024-11-25,1290.0,1304.449951171875,1282.449951171875,1287.0,1275.9805908203125,28923341
2024-11-26,1294.949951171875,1297.8499755859375,1284.199951171875,1295.699951171875,1284.606201171875,9247557
2024-11-27,1293.5,1303.8499755859375,1286.0,1293.199951171875,1282.1275634765625,9572746
2024-11-28,1289.949951171875,1296.5999755859375,1269.050048828125,1270.800048828125,1259.91943359375,15027412
2024-11-29,1280.0,1299.5,1275.25,1292.199951171875,1281.1361083984375,13202307
2024-12-02,1288.0,1311.3499755859375,1277.050048828125,1309.1500244140625,1297.941162109375,11024152
2024-12-03,1317.0,1326.800048828125,1307.0,1323.300048828125,1311.9698486328125,16869482
2024-12-04,1326.0,1328.4000244140625,1304.050048828125,1308.949951171875,1297.74267578125,19608540
2024-12-05,1314.3499755859375,1329.949951171875,1306.1500244140625,1322.050048828125,1310.7305908203125,16858723
2024-12-06,1323.9000244140625,1323.9000244140625,1310.0,1311.550048828125,1300.3204345703125,9037514
2024-12-09,1303.0,1315.0,1293.0999755859375,1295.1500244140625,1284.0609130859375,14650002
2024-12-10,1289.25,1294.9000244140625,1280.199951171875,1284.8499755859375,1273.8489990234375,16043729
2024-12-11,1285.0,1290.0,1276.050048828125,1278.199951171875,1267.2559814453125,11724373
2024-12-12,1270.0,1278.199951171875,1260.5999755859375,1262.9000244140625,1252.0870361328125,20906813
2024-12-13,1260.0,1275.199951171875,1239.5999755859375,1272.8499755859375,1261.951904296875,28630222
2024-12-16,1275.0,1281.0,1266.550048828125,1268.300048828125,1257.44091796875,9486781
2024-12-17,1261.050048828125,1263.9000244140625,1242.800048828125,1245.300048828125,1234.6376953125,17462791
2024-12-18,1240.6500244140625,1259.949951171875,1240.6500244140625,1253.25,1242.5196533203125,12670179
2024-12-19,1239.0,1244.9000244140625,1229.0,1230.449951171875,1219.914794921875,14244653
2024-12-20,1224.0,1239.5,1201.5,1205.300048828125,1194.980224609375,20312896
2024-12-23,1215.0,1227.199951171875,1213.199951171875,1222.300048828125,1211.834716796875,10052824
2024-12-24,1222.300048828125,1233.550048828125,1221.0,1222.75,1212.28076171875,6734917
2024-12-26,1224.25,1227.699951171875,1214.25,1216.550048828125,1206.1339111328125,10016178
2024-12-27,1218.300048828125,1227.9000244140625,1217.0,1221.050048828125,1210.595458984375,7000397
2024-12-30,1216.4000244140625,1223.199951171875,1208.0999755859375,1210.699951171875,1200.333984375,8818766
2024-12-31,1208.0,1219.0999755859375,1206.1500244140625,1215.449951171875,1205.043212890625,6405475
2025-01-01,1214.8499755859375,1226.300048828125,1211.5999755859375,1221.25,1210.7935791015625,5892590
2025-01-02,1221.25,1244.449951171875,1220.0,1241.800048828125,1231.167724609375,15486276
2025-01-03,1243.9000244140625,1262.050048828125,1235.5,1251.1500244140625,1240.437744140625,15521102
2025-01-06,1253.949951171875,1262.0,1215.0,1218.0,1207.5714111328125,14816766
2025-01-07,1222.0,1244.5,1221.25,1240.8499755859375,1230.2257080078125,10070505
2025-01-08,1249.0,1271.050048828125,1245.3499755859375,1265.5,1254.664794921875,19346579
2025-01-09,1267.0,1269.75,1248.050048828125,1254.75,1244.0067138671875,12794704
2025-01-10,1253.8499755859375,1256.75,1236.0,1241.9000244140625,1231.266845703125,8120332
2025-01-13,1230.0,1245.25,1226.4000244140625,1239.8499755859375,1229.234375,13764861
2025-01-14,1244.0999755859375,1253.3499755859375,1227.25,1238.75,1228.143798828125,13095266
2025-01-15,1244.949951171875,1257.0,1241.8499755859375,1252.199951171875,1241.478515625,9578856
2025-01-16,1258.9000244140625,1275.0,1251.300048828125,1266.449951171875,1255.6065673828125,14117603
2025-01-17,1322.25,1326.0,1285.0,1302.3499755859375,1291.19921875,29366277
2025-01-20,1316.0,1316.0,1300.25,1305.449951171875,1294.272705078125,14040244
2025-01-21,1310.5,1313.0,1270.199951171875,1273.699951171875,1262.7945556640625,14562976
2025-01-22,1278.300048828125,1282.9000244140625,1268.699951171875,1277.0999755859375,1266.1654052734375,10273590
2025-01-23,1270.0,1277.3499755859375,1261.5999755859375,1263.6500244140625,1252.83056640625,8720682
2025-01-24,1266.0,1273.0,1243.5,1246.300048828125,1235.6292724609375,14235970
2025-01-27,1239.0999755859375,1240.449951171875,1220.0,1229.3499755859375,1218.82421875,9536019
2025-01-28,1238.0,1244.75,1218.5,1234.4000244140625,1223.8311767578125,10568025
2025-01-29,1236.0,1242.75,1228.050048828125,1235.5,1224.921630859375,5928156
2025-01-30,1235.550048828125,1257.0,1232.4000244140625,1253.050048828125,1242.3214111328125,9269259
2025-01-31,1255.8499755859375,1267.0,1249.0,1265.0999755859375,1254.2681884765625,6584612
2025-02-01,1265.0999755859375,1270.550048828125,1241.0,1264.5999755859375,1253.7724609375,7118453
2025-02-03,1251.0,1256.0,1237.550048828125,1245.9000244140625,1235.232666015625,9252345
2025-02-04,1248.050048828125,1288.800048828125,1246.5999755859375,1285.199951171875,1274.196044921875,16691069
2025-02-05,1282.6500244140625,1290.5,1276.699951171875,1278.199951171875,1267.2559814453125,10112028
2025-02-06,1273.699951171875,1288.0,1270.3499755859375,1281.550048828125,1270.577392578125,9956001
2025-02-07,1276.1500244140625,1283.699951171875,1262.0,1266.699951171875,1255.8544921875,8764283
2025-02-10,1264.5,1266.5,1245.550048828125,1253.6500244140625,1242.916259765625,6970972
2025-02-11,1264.550048828125,1264.550048828125,1230.0999755859375,1234.8499755859375,1224.2772216796875,8859714
2025-02-12,1219.449951171875,1226.9000244140625,1193.3499755859375,1216.550048828125,1206.1339111328125,21131654
2025-02-13,1217.050048828125,1228.0,1212.0,1216.0999755859375,1205.687744140625,8511216
2025-02-14,1219.0,1224.0,1205.449951171875,1217.25,1206.827880859375,10298145
2025-02-17,1211.0999755859375,1227.5,1204.5,1224.9000244140625,1214.412353515625,8166683
2025-02-18,1224.8499755859375,1229.9000244140625,1216.0999755859375,1225.4000244140625,1214.908203125,6673250
2025-02-19,1219.5,1232.75,1217.550048828125,1227.449951171875,1216.9405517578125,6217338
2025-02-20,1223.949951171875,1239.3499755859375,1222.0,1233.0,1222.4429931640625,7795582
2025-02-21,1228.699951171875,1240.0,1222.1500244140625,1228.1500244140625,1217.634521484375,6904025
2025-02-24,1216.550048828125,1223.25,1210.5,1214.550048828125,1204.1510009765625,7172498
2025-02-25,1211.0,1221.0,1201.5,1204.0,1193.6912841796875,11552182
2025-02-27,1212.800048828125,1215.0,1200.6500244140625,1207.0999755859375,1196.7647705078125,11509215
2025-02-28,1202.0,1217.3499755859375,1193.300048828125,1200.0999755859375,1189.82470703125,23007298
2025-03-03,1204.0,1206.449951171875,1156.0,1171.25,1161.2216796875,17944938
2025-03-04,1162.199951171875,1174.0,1159.550048828125,1161.9000244140625,1151.9517822265625,11377373
2025-03-05,1161.0,1183.0,1157.0,1175.5999755859375,1165.5345458984375,8664095
2025-03-06,1197.0,1213.949951171875,1185.1500244140625,1209.5999755859375,1199.243408203125,14468014
2025-03-07,1216.0,1254.800048828125,1212.0,1249.800048828125,1239.0992431640625,16474965
2025-03-10,1245.0,1258.0,1235.4000244140625,1238.4000244140625,1227.7967529296875,11931051
2025-03-11,1240.0,1249.5,1229.75,1247.300048828125,1236.62060546875,10089838
2025-03-12,1258.0,1263.0,1244.0,1257.050048828125,1246.287109375,11977555
2025-03-13,1260.050048828125,1264.1500244140625,1243.8499755859375,1247.9000244140625,1237.215576171875,9505270
2025-03-17,1242.1500244140625,1257.4000244140625,1233.0999755859375,1238.8499755859375,1228.2427978515625,16640917
2025-03-18,1238.8499755859375,1238.8499755859375,1238.8499755859375,1238.8499755859375,1228.2427978515625,0
2025-03-19,1241.050048828125,1253.25,1238.800048828125,1247.1500244140625,1236.471923828125,16162399
2025-03-20,1251.8499755859375,1273.0,1250.050048828125,1269.1500244140625,1258.2835693359375,15971477
2025-03-21,1275.0,1281.0,1270.0999755859375,1276.3499755859375,1265.4217529296875,21780769
2025-03-24,1291.0,1306.0,1284.25,1302.0999755859375,1290.9512939453125,20299319
2025-03-25,1307.699951171875,1307.699951171875,1282.5999755859375,1285.449951171875,1274.4439697265625,13713899
2025-03-26,1291.0,1293.800048828125,1268.75,1273.050048828125,1262.150146484375,12074747
2025-03-27,1278.1500244140625,1285.0,1271.300048828125,1278.199951171875,1267.2559814453125,15028056
2025-03-28,1280.0,1295.75,1269.0,1275.0999755859375,1264.1824951171875,18147129
2025-04-01,1264.5999755859375,1277.9000244140625,1249.300048828125,1252.5999755859375,1241.8751220703125,12099648
2025-04-02,1247.550048828125,1255.550048828125,1243.9000244140625,1251.1500244140625,1240.437744140625,10142590
2025-04-03,1233.050048828125,1251.800048828125,1233.050048828125,1248.699951171875,1238.0086669921875,7434366
2025-04-04,1241.0999755859375,1245.449951171875,1193.1500244140625,1204.699951171875,1194.38525390625,17908652
2025-04-07,1132.199951171875,1171.25,1114.8499755859375,1165.699951171875,1155.7191162109375,22156106
2025-04-08,1172.0,1196.5999755859375,1163.300048828125,1182.199951171875,1172.0780029296875,19555040
2025-04-09,1169.5,1189.800048828125,1168.0,1185.3499755859375,1175.2010498046875,10223104
2025-04-11,1195.1500244140625,1222.6500244140625,1195.1500244140625,1218.949951171875,1208.5133056640625,11224242
2025-04-15,1251.0,1251.0,1237.0999755859375,1240.0999755859375,1229.4822998046875,13378535
2025-04-16,1234.0999755859375,1240.9000244140625,1229.0,1239.300048828125,1228.689208984375,8248464
2025-04-17,1240.199951171875,1280.199951171875,1227.5999755859375,1274.5,1263.5877685546875,15398401
2025-04-21,1270.0,1300.9000244140625,1267.0,1295.5,1284.4078369140625,10429964
2025-04-22,1300.0,1303.9000244140625,1286.300048828125,1291.199951171875,1280.144775390625,13051707
2025-04-23,1297.0,1306.0,1285.4000244140625,1300.0,1288.869384765625,10480888
2025-04-24,1292.4000244140625,1304.5,1290.300048828125,1301.5999755859375,1290.4556884765625,10468940
2025-04-25,1303.5,1325.199951171875,1288.0999755859375,1300.4000244140625,1289.2659912109375,14431012
2025-04-28,1340.0,1374.5999755859375,1320.199951171875,1368.800048828125,1357.0804443359375,31104496
2025-04-29,1371.0,1410.9000244140625,1370.0,1399.699951171875,1387.7156982421875,32538970
2025-04-30,1402.0,1412.4000244140625,1369.0,1405.0,1392.9703369140625,25480745
2025-05-02,1414.0,1426.699951171875,1409.0999755859375,1419.800048828125,1407.6436767578125,13007841
2025-05-05,1431.0,1439.5,1426.9000244140625,1431.300048828125,1419.0452880859375,12685649
2025-05-06,1431.0,1432.0,1410.5999755859375,1420.9000244140625,1408.7342529296875,14084117
2025-05-07,1420.9000244140625,1424.4000244140625,1402.699951171875,1406.0,1393.9617919921875,13440169
2025-05-08,1404.0999755859375,1420.800048828125,1398.0,1407.0,1394.9532470703125,16106175
2025-05-09,1385.5,1394.800048828125,1374.5,1377.199951171875,1365.4083251953125,13668904
2025-05-12,1400.0,1439.0,1400.0,1436.5,1424.2005615234375,10674081
2025-05-13,1433.5,1447.699951171875,1412.4000244140625,1415.699951171875,1403.57861328125,11407896
2025-05-14,1420.0,1429.9000244140625,1415.5,1424.4000244140625,1412.204345703125,5570160
2025-05-15,1425.0,1461.4000244140625,1412.699951171875,1454.199951171875,1441.7491455078125,20177211
2025-05-16,1453.199951171875,1461.0,1447.300048828125,1456.4000244140625,1443.9302978515625,9036695
2025-05-19,1452.0999755859375,1454.5999755859375,1438.199951171875,1440.800048828125,1428.4638671875,6195791
2025-05-20,1438.199951171875,1445.0,1421.800048828125,1424.5999755859375,1412.4024658203125,11270560
2025-05-21,1423.9000244140625,1436.199951171875,1418.0999755859375,1429.199951171875,1416.9630126953125,6136364
2025-05-22,1421.199951171875,1423.800048828125,1396.9000244140625,1409.4000244140625,1397.332763671875,12134466
2025-05-23,1406.5999755859375,1433.800048828125,1406.5999755859375,1426.800048828125,1414.5838623046875,6474883
2025-05-26,1432.0,1441.0,1425.0999755859375,1434.800048828125,1422.5152587890625,4842944
2025-05-27,1426.0999755859375,1437.0,1413.9000244140625,1422.0999755859375,1409.9239501953125,12640414
2025-05-28,1420.0999755859375,1422.5999755859375,1410.699951171875,1412.9000244140625,1400.8028564453125,5944611
2025-05-29,1412.0999755859375,1420.0,1408.5999755859375,1417.800048828125,1405.660888671875,13771917
2025-05-30,1418.0,1430.5999755859375,1409.699951171875,1420.9000244140625,1408.7342529296875,13788484
2025-06-02,1412.0999755859375,1417.5,1395.5999755859375,1413.699951171875,1401.5958251953125,8098668
2025-06-03,1422.300048828125,1426.5,1403.4000244140625,1405.5,1393.466064453125,11252626
2025-06-04,1414.699951171875,1425.699951171875,1406.0999755859375,1423.5,1411.3118896484375,8126827
2025-06-05,1428.0,1454.699951171875,1423.5999755859375,1442.4000244140625,1430.0501708984375,13716817
2025-06-06,1441.0,1451.5,1437.0,1443.5,1431.140625,8182161
2025-06-09,1457.0,1457.5,1445.300048828125,1448.800048828125,1436.3953857421875,7885125
2025-06-10,1450.0,1453.9000244140625,1436.0,1438.5,1426.1834716796875,7913181
2025-06-11,1445.800048828125,1468.5999755859375,1443.0999755859375,1448.9000244140625,1436.4945068359375,8195700
2025-06-12,1453.5,1457.0,1434.4000244140625,1441.5999755859375,1429.2569580078125,8828114
2025-06-13,1424.0,1435.5,1414.300048828125,1427.9000244140625,1415.67431640625,9757276
2025-06-16,1426.9000244140625,1442.4000244140625,1424.4000244140625,1437.800048828125,1425.489501953125,8458093
2025-06-17,1448.0,1448.0,1425.800048828125,1431.199951171875,1418.9459228515625,10366599
2025-06-18,1430.0,1442.800048828125,1425.699951171875,1430.0999755859375,1417.85546875,6681735
2025-06-19,1430.0999755859375,1439.9000244140625,1425.699951171875,1433.300048828125,1421.028076171875,10007230
2025-06-20,1431.0,1471.0,1428.0999755859375,1466.199951171875,1453.6463623046875,29010635
2025-06-23,1453.0,1463.800048828125,1442.0,1456.800048828125,1444.326904296875,5989078
2025-06-24,1465.0,1475.0,1443.0999755859375,1450.800048828125,1438.378173828125,16402744
2025-06-25,1464.0,1472.4000244140625,1460.5,1467.300048828125,1454.737060546875,7525851
2025-06-26,1469.0999755859375,1498.800048828125,1465.0999755859375,1495.300048828125,1482.4971923828125,14657893
2025-06-27,1499.4000244140625,1522.0,1496.9000244140625,1515.4000244140625,1502.425048828125,11117052
2025-06-30,1513.800048828125,1524.800048828125,1496.0,1500.5999755859375,1487.7518310546875,8409527
2025-07-01,1500.5999755859375,1531.4000244140625,1500.0999755859375,1528.4000244140625,1515.3138427734375,10368523
2025-07-02,1528.4000244140625,1530.0,1508.699951171875,1518.800048828125,1505.796142578125,6361002
2025-07-03,1520.800048828125,1531.9000244140625,1513.0,1517.800048828125,1504.8045654296875,11283291
2025-07-04,1524.0,1530.0,1517.199951171875,1527.300048828125,1514.223388671875,6603501
2025-07-07,1526.5999755859375,1544.800048828125,1525.0,1541.5,1528.3016357421875,7251074
2025-07-08,1536.0,1544.9000244140625,1530.199951171875,1537.5999755859375,1524.43505859375,7171261
2025-07-09,1536.699951171875,1551.0,1510.0999755859375,1519.0,1505.9942626953125,8870660
2025-07-10,1519.699951171875,1524.699951171875,1507.5,1517.199951171875,1504.209716796875,10047129
2025-07-11,1512.0,1515.0,1490.300048828125,1495.199951171875,1482.3980712890625,7234991
2025-07-14,1492.199951171875,1500.0,1479.0999755859375,1483.699951171875,1470.9964599609375,10311846
2025-07-15,1486.199951171875,1496.5,1482.4000244140625,1485.4000244140625,1472.6820068359375,8132454
2025-07-16,1473.0,1491.0,1471.5,1485.5999755859375,1472.8802490234375,10409983
2025-07-17,1487.4000244140625,1489.5999755859375,1473.9000244140625,1476.4000244140625,1463.759033203125,11854613
2025-07-18,1484.800048828125,1484.800048828125,1469.0999755859375,1476.0,1463.3624267578125,10296318
2025-07-21,1465.0,1476.0,1423.0999755859375,1428.5999755859375,1416.3682861328125,22442744
2025-07-22,1427.4000244140625,1431.9000244140625,1410.699951171875,1412.800048828125,1400.70361328125,20396320
2025-07-23,1426.0,1426.0,1414.4000244140625,1424.5999755859375,1412.4024658203125,8354596
2025-07-24,1419.199951171875,1423.0,1396.0,1402.9000244140625,1390.8883056640625,14740507
2025-07-25,1398.9000244140625,1401.0,1384.0999755859375,1391.699951171875,1379.7841796875,11854722
2025-07-28,1392.300048828125,1407.800048828125,1385.0,1387.5999755859375,1375.7193603515625,7748361
2025-07-29,1383.0,1420.199951171875,1383.0,1417.0999755859375,1404.966796875,10750072
2025-07-30,1418.0999755859375,1423.300048828125,1401.300048828125,1410.0999755859375,1398.0267333984375,7209849
2025-07-31,1388.0999755859375,1402.5999755859375,1382.199951171875,1390.199951171875,1378.2969970703125,17065827
2025-08-01,1386.9000244140625,1405.9000244140625,1384.300048828125,1393.699951171875,1381.76708984375,10321171
2025-08-04,1395.0999755859375,1416.0999755859375,1391.699951171875,1411.5,1399.4146728515625,6312820
2025-08-05,1411.0,1411.0,1388.0999755859375,1391.699951171875,1379.7841796875,9315972
2025-08-06,1391.9000244140625,1395.9000244140625,1383.300048828125,1392.800048828125,1380.8748779296875,5834312
2025-08-07,1387.699951171875,1393.699951171875,1366.0,1389.4000244140625,1377.50390625,9976705
2025-08-08,1385.0,1397.199951171875,1365.0,1367.800048828125,1356.0888671875,8793606
2025-08-11,1370.0,1388.0,1361.199951171875,1386.199951171875,1374.331298828125,9997486
2025-08-12,1381.9000244140625,1401.9000244140625,1375.199951171875,1380.4000244140625,1368.5810546875,12244664
2025-08-13,1388.0,1391.800048828125,1377.5,1382.5999755859375,1370.7620849609375,7457021
2025-08-14,1377.300048828125,1380.699951171875,1370.0999755859375,1373.800048828125,1367.4774169921875,7126128
2025-08-18,1390.0,1394.9000244140625,1377.0,1381.699951171875,1375.3409423828125,11785109
2025-08-19,1390.0,1421.0,1389.0999755859375,1420.0999755859375,1413.564208984375,14384719
2025-08-20,1413.0,1424.9000244140625,1410.0,1413.0,1406.4969482421875,8725641
2025-08-21,1425.0,1431.9000244140625,1420.300048828125,1424.800048828125,1418.24267578125,11021323
2025-08-22,1420.0,1423.4000244140625,1407.9000244140625,1409.199951171875,1402.71435546875,5818868
2025-08-25,1414.699951171875,1419.5,1405.699951171875,1412.5999755859375,1406.0987548828125,5979407
2025-08-26,1408.0,1410.0,1381.5999755859375,1384.9000244140625,1378.5262451171875,12145259
2025-08-28,1389.9000244140625,1392.199951171875,1366.5,1385.9000244140625,1379.521728515625,13161813
2025-08-29,1381.0999755859375,1403.5,1350.0,1357.199951171875,1350.9537353515625,18758842
2025-09-01,1356.0,1363.199951171875,1340.5999755859375,1353.9000244140625,1347.6689453125,11232238
2025-09-02,1354.800048828125,1384.5,1354.5,1366.5,1360.2109375,11517006
2025-09-03,1369.699951171875,1376.5,1360.5,1372.5999755859375,1366.2828369140625,7847563
2025-09-04,1371.800048828125,1374.0,1357.0999755859375,1359.300048828125,1353.0440673828125,13223177
2025-09-05,1363.0,1381.0,1359.300048828125,1375.0,1368.671875,5777575
2025-09-08,1380.0,1386.0,1372.4000244140625,1378.5,1372.15576171875,6986720
2025-09-09,1376.5999755859375,1381.199951171875,1368.699951171875,1376.199951171875,1369.8662109375,9754452
2025-09-10,1383.9000244140625,1388.5,1374.0999755859375,1377.0,1370.66259765625,7790815
2025-09-11,1376.0,1385.5,1375.0,1383.300048828125,1376.9337158203125,9766072
2025-09-12,1383.300048828125,1396.300048828125,1380.5,1395.0,1388.579833984375,7403368
2025-09-15,1393.0,1400.800048828125,1388.5999755859375,1399.300048828125,1392.8599853515625,5396697
2025-09-16,1404.699951171875,1408.0,1398.199951171875,1405.300048828125,1398.8323974609375,8686961
2025-09-17,1407.0,1416.199951171875,1406.9000244140625,1413.800048828125,1407.2933349609375,7519417
2025-09-18,1420.4000244140625,1422.0,1410.699951171875,1415.0,1408.4876708984375,9332642
2025-09-19,1414.9000244140625,1417.0,1403.5999755859375,1407.4000244140625,1400.9227294921875,13461373
2025-09-22,1403.9000244140625,1410.699951171875,1388.0,1390.5999755859375,1384.199951171875,7757970
2025-09-23,1391.0,1395.0,1376.800048828125,1389.800048828125,1383.40380859375,14014702
2025-09-24,1385.300048828125,1396.0,1380.4000244140625,1383.0,1376.635009765625,5922759
2025-09-25,1381.300048828125,1384.5,1369.0,1372.4000244140625,1366.0838623046875,11411143
2025-09-26,1372.0,1382.699951171875,1366.0,1377.5999755859375,1371.2598876953125,9879109
2025-09-29,1381.5999755859375,1389.0,1368.0,1372.800048828125,1366.48193359375,14231999
2025-09-30,1377.0999755859375,1377.0999755859375,1362.800048828125,1364.0,1357.722412109375,14604684
2025-10-01,1367.0,1378.5999755859375,1362.699951171875,1368.699951171875,1362.4007568359375,12045916
2025-10-03,1363.199951171875,1371.5999755859375,1356.9000244140625,1363.4000244140625,1357.125244140625,12842347
2025-10-06,1360.0,1377.4000244140625,1359.0,1375.0,1368.671875,12396580
2025-10-07,1376.0,1395.9000244140625,1375.9000244140625,1384.800048828125,1378.4267578125,11244040
2025-10-08,1384.800048828125,1389.0,1364.5,1367.4000244140625,1361.1068115234375,8525081
2025-10-09,1374.0,1380.0,1369.0999755859375,1377.800048828125,1371.458984375,8826633
2025-10-10,1377.800048828125,1388.0,1375.0999755859375,1381.699951171875,1375.3409423828125,6373084
2025-10-13,1376.9000244140625,1377.699951171875,1367.800048828125,1375.0,1368.671875,7600682
2025-10-14,1380.0,1388.0,1370.0999755859375,1375.9000244140625,1369.5677490234375,9768174
2025-10-15,1383.0,1384.0,1372.699951171875,1374.300048828125,1367.97509765625,10882743
2025-10-16,1375.0999755859375,1400.5,1375.0,1398.300048828125,1391.8646240234375,12315932
2025-10-17,1401.0,1423.300048828125,1399.0999755859375,1416.800048828125,1410.279541015625,19335561
2025-10-20,1440.0,1473.800048828125,1433.300048828125,1466.800048828125,1460.04931640625,24721978
2025-10-21,1468.0,1474.0,1460.0,1465.199951171875,1458.4566650390625,2066169
2025-10-23,1475.0,1482.9000244140625,1444.5999755859375,1448.4000244140625,1441.7340087890625,18707090
2025-10-24,1450.0,1459.800048828125,1441.0,1451.5999755859375,1444.9193115234375,9700837
2025-10-27,1463.0,1485.0,1458.0,1484.0999755859375,1477.2696533203125,14113867
2025-10-28,1484.0999755859375,1492.0,1477.5999755859375,1486.9000244140625,1480.056884765625,17631577
2025-10-29,1490.0,1508.300048828125,1488.0999755859375,1504.199951171875,1497.277099609375,11884745
2025-10-30,1500.0,1503.0999755859375,1484.0,1488.5,1481.6494140625,9318663
2025-10-31,1490.4000244140625,1497.5,1482.300048828125,1486.4000244140625,1479.5592041015625,8758053
2025-11-03,1486.0,1495.0,1479.300048828125,1484.699951171875,1477.866943359375,8452085
2025-11-04,1483.9000244140625,1492.800048828125,1470.0999755859375,1473.0999755859375,1466.3203125,10007806
2025-11-06,1484.0,1501.5999755859375,1476.199951171875,1496.0999755859375,1489.2144775390625,16772678
2025-11-07,1494.5999755859375,1498.4000244140625,1475.9000244140625,1478.0,1471.19775390625,7821765
2025-11-10,1477.9000244140625,1501.0,1475.5,1489.300048828125,1482.44580078125,7068438
2025-11-11,1497.0,1498.800048828125,1480.199951171875,1493.4000244140625,1486.5269775390625,7127506
2025-11-12,1505.0,1524.699951171875,1500.0,1511.5,1504.5435791015625,12384459
2025-11-13,1515.0,1522.0999755859375,1506.800048828125,1510.9000244140625,1503.9464111328125,7196443
2025-11-14,1505.5,1520.9000244140625,1505.5,1518.9000244140625,1511.9095458984375,7682823
2025-11-17,1520.9000244140625,1523.699951171875,1511.5,1518.300048828125,1511.3123779296875,5871416
2025-11-18,1521.699951171875,1527.800048828125,1510.5,1519.4000244140625,1512.4072265625,11045042
2025-11-19,1517.4000244140625,1522.300048828125,1512.0,1518.9000244140625,1511.9095458984375,5692366
2025-11-20,1530.0,1550.9000244140625,1526.699951171875,1549.0999755859375,1541.9705810546875,18171724
2025-11-21,1541.0,1557.800048828125,1540.0999755859375,1546.5999755859375,1539.4820556640625,9615271
2025-11-24,1550.0,1550.0,1531.800048828125,1535.9000244140625,1528.831298828125,18433951
2025-11-25,1535.9000244140625,1559.5999755859375,1525.0999755859375,1539.699951171875,1532.61376953125,15033482
2025-11-26,1542.300048828125,1571.5999755859375,1540.5,1569.9000244140625,1562.6748046875,14054299
2025-11-27,1575.0,1575.5,1556.0,1563.4000244140625,1556.2047119140625,9794643
2025-11-28,1568.0,1581.300048828125,1563.0,1567.5,1560.285888671875,8959508
2025-12-01,1575.0,1577.5,1563.5999755859375,1566.0999755859375,1558.892333984375,8920233
2025-12-02,1561.0999755859375,1567.5,1542.0,1546.300048828125,1539.1834716796875,11389150
2025-12-03,1545.199951171875,1552.4000244140625,1533.0,1538.800048828125,1531.718017578125,6090883
2025-12-04,1536.0,1560.5,1517.5999755859375,1535.5999755859375,1528.53271484375,11867930
2025-12-05,1530.4000244140625,1545.800048828125,1520.5999755859375,1540.5999755859375,1533.5096435546875,10183266
2025-12-08,1539.199951171875,1551.0,1535.0,1543.0,1535.898681640625,11301491
2025-12-09,1540.300048828125,1542.5,1520.0999755859375,1529.4000244140625,1522.3612060546875,11503971
2025-12-10,1534.0,1547.5,1531.4000244140625,1536.9000244140625,1529.8267822265625,7991629
2025-12-11,1536.9000244140625,1550.0,1524.0,1545.0,1537.889404296875,4706197
2025-12-12,1550.800048828125,1559.800048828125,1546.0999755859375,1556.5,1549.3365478515625,5106655
2025-12-15,1551.199951171875,1558.5999755859375,1546.5,1556.199951171875,1549.037841796875,5774543
2025-12-16,1545.0,1551.699951171875,1538.800048828125,1542.300048828125,1535.201904296875,11731856
2025-12-17,1550.0,1550.0,1539.300048828125,1544.4000244140625,1537.292236328125,7116649
2025-12-18,1535.199951171875,1551.5,1535.199951171875,1544.4000244140625,1537.292236328125,6580829
2025-12-19,1554.4000244140625,1574.199951171875,1551.0,1565.0999755859375,1557.8968505859375,13937275
2025-12-22,1573.5,1577.5,1565.300048828125,1575.4000244140625,1568.1495361328125,10184852
2025-12-23,1580.9000244140625,1580.9000244140625,1568.0999755859375,1570.699951171875,1563.4710693359375,7506564
2025-12-24,1572.699951171875,1575.699951171875,1553.5999755859375,1558.199951171875,1551.0286865234375,8815745
2025-12-26,1554.699951171875,1561.0,1554.300048828125,1559.199951171875,1552.0240478515625,2311495
2025-12-29,1554.9000244140625,1558.0999755859375,1543.5999755859375,1545.5999755859375,1538.4866943359375,5972105
2025-12-30,1547.0,1553.5999755859375,1537.800048828125,1539.800048828125,1532.71337890625,8815884
2025-12-31,1541.0,1577.0,1541.0,1570.4000244140625,1563.172607421875,5771830
2026-01-01,1573.699951171875,1592.5,1571.0999755859375,1575.5999755859375,1568.3485107421875,6408128
2026-01-02,1580.0,1594.5999755859375,1578.199951171875,1592.300048828125,1584.9718017578125,6602230
2026-01-05,1593.0,1611.800048828125,1575.300048828125,1578.0999755859375,1570.8370361328125,8704973
2026-01-06,1569.0,1569.0,1496.300048828125,1507.5999755859375,1500.6614990234375,27417125
2026-01-07,1510.0,1520.0,1498.0,1504.199951171875,1497.277099609375,11199340
2026-01-08,1500.0,1503.9000244140625,1468.800048828125,1470.5999755859375,1463.831787109375,16518684
2026-01-09,1465.0,1479.9000244140625,1465.0,1475.300048828125,1468.51025390625,8335311
2026-01-12,1475.300048828125,1485.300048828125,1451.0,1483.199951171875,1476.373779296875,8883745
2026-01-13,1485.0,1485.800048828125,1444.699951171875,1452.800048828125,1446.11376953125,13499760
2026-01-14,1444.0,1467.0,1440.199951171875,1458.800048828125,1452.086181640625,8321764
2026-01-15,1458.800048828125,1458.800048828125,1458.800048828125,1458.800048828125,1452.086181640625,0
2026-01-16,1458.800048828125,1480.0,1455.0999755859375,1457.9000244140625,1451.1903076171875,17167161
2026-01-19,1450.5999755859375,1450.5999755859375,1403.300048828125,1413.5999755859375,1407.0941162109375,20392765
2026-01-20,1410.699951171875,1416.0,1390.0,1394.0,1387.5843505859375,13189498
2026-01-21,1389.5,1412.9000244140625,1373.0,1404.5999755859375,1398.1356201171875,17352720
2026-01-22,1410.0999755859375,1419.5,1395.0,1402.5,1396.0452880859375,15721693
2026-01-23,1401.800048828125,1407.0,1381.0,1386.0999755859375,1379.720703125,9837802
2026-01-27,1380.0,1391.5999755859375,1368.0,1380.5,1374.146484375,26302396
2026-01-28,1385.0,1409.9000244140625,1384.9000244140625,1396.699951171875,1390.2718505859375,11121657
2026-01-29,1402.9000244140625,1402.9000244140625,1384.0,1391.0,1384.59814453125,20846683
2026-01-30,1382.5999755859375,1398.0,1378.5,1395.4000244140625,1388.9779052734375,11239835
2026-02-02,1340.0,1392.9000244140625,1335.5,1390.4000244140625,1384.0009765625,15711165
2026-02-03,1473.9000244140625,1489.5,1430.199951171875,1437.0999755859375,1430.4859619140625,25456171
2026-02-04,1444.0,1464.0,1440.300048828125,1456.800048828125,1450.095458984375,8333387
2026-02-05,1457.0,1461.5,1439.5,1443.4000244140625,1436.757080078125,11763658
2026-02-06,1441.5,1452.800048828125,1433.5,1450.800048828125,1444.123046875,8277304
2026-02-09,1458.0,1465.9000244140625,1453.0,1461.5999755859375,1454.873291015625,5775864
2026-02-10,1471.0,1471.0,1452.199951171875,1458.5,1451.7874755859375,10259630
2026-02-11,1459.5999755859375,1470.0,1453.5999755859375,1468.699951171875,1461.9405517578125,7106877
2026-02-12,1470.0,1473.0,1445.5,1448.9000244140625,1442.231689453125,11135399
2026-02-13,1445.5,1450.699951171875,1416.300048828125,1419.5999755859375,1413.0665283203125,10755693
2026-02-16,1420.0999755859375,1439.5999755859375,1409.300048828125,1437.0999755859375,1430.4859619140625,5896514
2026-02-17,1431.0999755859375,1431.800048828125,1418.5999755859375,1423.0,1416.450927734375,10731630
2026-02-18,1427.0,1442.0999755859375,1419.199951171875,1441.300048828125,1434.666748046875,5521096
2026-02-19,1443.0,1443.0,1400.0,1409.5,1403.0130615234375,11884664
2026-02-20,1409.5,1427.4000244140625,1406.0999755859375,1419.4000244140625,1412.8675537109375,8177670
2026-02-23,1425.0,1434.9000244140625,1418.300048828125,1428.0,1421.4278564453125,7758856
2026-02-24,1425.300048828125,1433.300048828125,1415.0,1428.800048828125,1422.2242431640625,12529409
2026-02-25,1435.0,1440.5,1393.5,1398.5,1392.063720703125,10728792
2026-02-26,1398.5,1412.9000244140625,1391.9000244140625,1406.800048828125,1400.3255615234375,16683858
2026-02-27,1398.0,1410.4000244140625,1388.0999755859375,1393.9000244140625,1387.48486328125,12031440
2026-03-02,1375.5,1378.5999755859375,1341.5,1358.0,1351.75,23728722
2026-03-04,1330.0,1352.800048828125,1307.0,1345.0,1338.8099365234375,32495007
2026-03-05,1353.0999755859375,1399.0,1353.0999755859375,1389.4000244140625,1383.005615234375,25957532
2026-03-06,1396.5,1424.300048828125,1390.300048828125,1404.800048828125,1398.334716796875,19311971
2026-03-09,1375.0,1429.4000244140625,1370.0,1424.0,1417.4462890625,24870822
2026-03-10,1430.5999755859375,1431.5,1400.5999755859375,1408.800048828125,1402.3162841796875,18071259
2026-03-11,1424.9000244140625,1434.0,1383.5999755859375,1390.199951171875,1383.8017578125,21848087
2026-03-12,1390.0,1410.9000244140625,1381.0999755859375,1392.199951171875,1385.7926025390625,20939959
2026-03-13,1385.199951171875,1400.800048828125,1378.4000244140625,1380.699951171875,1374.3455810546875,17265090
2026-03-16,1380.0,1397.300048828125,1363.5,1395.0999755859375,1388.6793212890625,22837802
2026-03-17,1399.0,1405.9000244140625,1388.199951171875,1397.5999755859375,1391.167724609375,19007744
2026-03-18,1397.199951171875,1412.9000244140625,1397.199951171875,1408.0999755859375,1401.6195068359375,9559327
2026-03-19,1388.0,1415.699951171875,1376.0999755859375,1384.800048828125,1378.4267578125,16498373
2026-03-20,1398.0,1430.0,1396.0999755859375,1414.4000244140625,1407.8905029296875,22994918
2026-03-23,1400.0,1415.5999755859375,1391.0,1407.800048828125,1401.3209228515625,18979554
2026-03-24,1420.0,1422.4000244140625,1406.5999755859375,1411.800048828125,1405.302490234375,18620893
2026-03-25,1420.0,1430.5,1408.4000244140625,1413.0999755859375,1406.596435546875,19041331
2026-03-27,1401.0,1404.699951171875,1345.0,1348.0999755859375,1341.8956298828125,23266517
2026-03-30,1335.0,1365.0,1334.0999755859375,1343.9000244140625,1337.7149658203125,24393861
2026-04-01,1384.199951171875,1384.4000244140625,1362.9000244140625,1369.199951171875,1362.8984375,14404619
2026-04-02,1357.0,1358.199951171875,1328.0,1350.5,1344.2845458984375,21280051
2026-04-06,1359.0,1359.0,1290.0,1304.699951171875,1298.6953125,29274881
2026-04-07,1295.0,1308.300048828125,1291.0,1304.5999755859375,1298.5958251953125,28388922
2026-04-08,1349.0,1350.5999755859375,1326.199951171875,1347.800048828125,1341.5970458984375,21817543
2026-04-09,1346.0,1350.0,1326.300048828125,1330.0,1323.87890625,20725390
2026-04-10,1337.0,1352.300048828125,1331.5,1350.199951171875,1343.9859619140625,19364461
2026-04-13,1321.199951171875,1327.5999755859375,1310.0,1315.0999755859375,1309.0474853515625,28753269
2026-04-15,1337.0,1347.0,1334.199951171875,1344.0999755859375,1337.9140625,15313779
2026-04-16,1352.0,1353.800048828125,1330.0,1343.300048828125,1337.1177978515625,30211012
2026-04-17,1340.0,1368.4000244140625,1340.0,1365.0,1358.7178955078125,13869105
2026-04-20,1363.199951171875,1373.0,1352.800048828125,1363.300048828125,1357.0257568359375,13614733
2026-04-21,1359.0,1369.800048828125,1350.0999755859375,1353.300048828125,1347.07177734375,27293629
2026-04-22,1350.300048828125,1366.0,1349.0999755859375,1362.0999755859375,1355.8311767578125,9525953
2026-04-23,1346.0,1355.5,1340.699951171875,1343.4000244140625,1337.21728515625,16385079
2026-04-24,1340.0,1345.9000244140625,1325.0,1327.800048828125,1321.6890869140625,11744802
2026-04-27,1313.0,1371.5999755859375,1311.0,1365.800048828125,1359.51416015625,24673098
2026-04-28,1358.0,1395.199951171875,1357.0,1388.9000244140625,1382.5078125,41027699
2026-04-29,1392.0,1433.800048828125,1391.300048828125,1425.4000244140625,1418.83984375,30542143
2026-04-30,1409.0,1437.0,1393.0999755859375,1430.800048828125,1424.215087890625,30957881
2026-05-01,1430.800048828125,1430.800048828125,1430.800048828125,1430.800048828125,1424.215087890625,0
2026-05-04,1433.4000244140625,1467.4000244140625,1433.4000244140625,1463.0999755859375,1456.3663330078125,24035700
2026-05-05,1460.0,1473.4000244140625,1450.0,1463.5999755859375,1456.864013671875,23543341
2026-05-06,1463.0,1473.300048828125,1427.5,1437.9000244140625,1431.2823486328125,14221786
2026-05-07,1438.800048828125,1449.5,1430.300048828125,1436.199951171875,1429.590087890625,19816903
2026-05-08,1426.0,1442.800048828125,1417.5,1435.199951171875,1428.5947265625,8663105
2026-05-11,1420.0,1428.0,1382.0,1388.199951171875,1381.81103515625,15261787
2026-05-12,1392.0,1393.5,1360.300048828125,1364.0,1357.722412109375,24357500
2026-05-13,1361.4000244140625,1372.4000244140625,1352.4000244140625,1358.800048828125,1352.54638671875,13797989
2026-05-14,1365.199951171875,1378.0,1358.4000244140625,1361.800048828125,1355.5325927734375,17303059
2026-05-15,1356.800048828125,1364.800048828125,1329.199951171875,1336.4000244140625,1330.24951171875,19976192
2026-05-18,1334.0,1342.0,1318.699951171875,1335.9000244140625,1329.7518310546875,13022473
2026-05-19,1338.699951171875,1344.0,1318.4000244140625,1322.699951171875,1316.6124267578125,21665501
2026-05-20,1318.699951171875,1362.9000244140625,1312.5999755859375,1359.699951171875,1353.442138671875,13248515
2026-05-21,1367.199951171875,1370.9000244140625,1345.199951171875,1349.5999755859375,1343.388671875,17150630
2026-05-22,1350.0,1367.4000244140625,1349.0999755859375,1354.5,1348.26611328125,7105813
2026-05-25,1366.800048828125,1371.0999755859375,1357.0,1367.0,1360.7086181640625,6750071
2026-05-26,1360.0999755859375,1368.5,1352.4000244140625,1356.300048828125,1350.0579833984375,13769747
2026-05-27,1353.0,1361.0,1348.5999755859375,1350.5,1344.2845458984375,13215138
2026-05-28,1350.5,1350.5,1350.5,1350.5,1344.2845458984375,0
2026-05-29,1364.0,1369.0,1317.0,1321.199951171875,1315.119384765625,42634247
2026-06-01,1332.5,1335.5,1318.5,1320.0,1313.9249267578125,10700603
2026-06-02,1307.699951171875,1327.800048828125,1300.300048828125,1314.5999755859375,1308.5498046875,23302785
2026-06-03,1315.0,1324.0,1301.0,1313.199951171875,1307.15625,20012293
2026-06-04,1301.0,1311.199951171875,1293.0999755859375,1303.699951171875,1297.699951171875,23474327
2026-06-05,1304.5,1306.0,1288.0,1291.0,1291.0,17785223
2026-06-08,1277.0,1282.5999755859375,1259.199951171875,1263.300048828125,1263.300048828125,16494759
2026-06-09,1269.0,1274.199951171875,1257.5,1269.199951171875,1269.199951171875,23620214
2026-06-10,1275.0,1300.5,1254.4000244140625,1258.800048828125,1258.800048828125,21012796
2026-06-11,1258.0,1276.0,1253.199951171875,1263.0,1263.0,13117486
2026-06-12,1277.0,1297.0,1262.5,1293.0,1293.0,11988785
2026-06-15,1315.300048828125,1325.0,1303.300048828125,1307.0,1307.0,18633321
2026-06-16,1313.4000244140625,1333.4000244140625,1306.4000244140625,1328.800048828125,1328.800048828125,18513223
2026-06-17,1333.0,1334.0,1317.0,1332.699951171875,1332.699951171875,10029170
2026-06-18,1330.0,1333.9000244140625,1322.0,1328.0999755859375,1328.0999755859375,15494549
2026-06-19,1328.0,1338.199951171875,1305.300048828125,1309.5,1309.5,24887034
2026-06-22,1316.699951171875,1344.9000244140625,1314.0999755859375,1326.5,1326.5,12931213
2026-06-23,1328.9000244140625,1333.0,1304.0,1309.5,1309.5,15400184
2026-06-24,1305.699951171875,1322.0,1297.5,1313.5999755859375,1313.5999755859375,11030917
2026-06-25,1318.0,1328.0,1314.5999755859375,1318.0999755859375,1318.0999755859375,12694362
2026-06-26,1318.0999755859375,1318.0999755859375,1318.0999755859375,1318.0999755859375,1318.0999755859375,0
2026-06-29,1308.0,1313.699951171875,1292.5999755859375,1301.0,1301.0,13757656
2026-06-30,1306.9000244140625,1306.9000244140625,1290.0,1293.9000244140625,1293.9000244140625,15695263
2026-07-01,1298.9000244140625,1312.199951171875,1296.5,1308.0,1308.0,7001401
2026-07-02,1310.0,1313.199951171875,1299.0,1303.5,1303.5,17795024
2026-07-03,1312.0,1312.0,1302.0,1304.0,1304.0,7839550
2026-07-06,1304.0,1325.5999755859375,1299.4000244140625,1321.300048828125,1321.300048828125,7610709
2026-07-07,1323.5,1328.0,1304.0999755859375,1308.4000244140625,1308.4000244140625,14335554
2026-07-08,1297.0,1302.300048828125,1271.5999755859375,1275.9000244140625,1275.9000244140625,19960868
2026-07-09,1277.0999755859375,1296.5,1274.199951171875,1279.800048828125,1279.800048828125,14651963
2026-07-10,1291.9000244140625,1311.0999755859375,1287.800048828125,1307.800048828125,1307.800048828125,8412537
2026-07-13,1300.0,1306.4000244140625,1295.0,1296.9000244140625,1296.9000244140625,9488352
2026-07-14,1290.0,1308.0,1286.9000244140625,1293.0,1293.0,13511284
2026-07-15,1294.0999755859375,1310.9000244140625,1294.0999755859375,1295.5,1295.5,9577965
2026-07-16,1295.5,1309.4000244140625,1291.800048828125,1296.5999755859375,1296.5999755859375,15631046
2026-07-17,1300.0,1330.300048828125,1296.0999755859375,1327.199951171875,1327.199951171875,18302218
2026-07-20,1317.199951171875,1345.9000244140625,1314.9000244140625,1323.0999755859375,1323.0999755859375,14305844
2026-07-21,1321.0,1326.9000244140625,1302.699951171875,1303.699951171875,1303.699951171875,12753410
2026-07-22,1302.0,1304.5999755859375,1280.699951171875,1288.5999755859375,1288.5999755859375,10840383
2026-07-23,1283.0,1287.300048828125,1268.0,1272.199951171875,1272.199951171875,12580741
2026-07-24,1265.0,1283.4000244140625,1249.800048828125,1278.0,1278.0,9817000
2026-07-27,1288.199951171875,1288.699951171875,1278.0,1280.0,1280.0,7163132
2026-07-28,1275.0,1279.199951171875,1265.9000244140625,1267.699951171875,1267.699951171875,9312184
2026-07-29,1275.0,1282.4000244140625,1268.699951171875,1275.9000244140625,1275.9000244140625,9448307
2026-07-30,1279.800048828125,1297.0,1275.300048828125,1292.9000244140625,1292.9000244140625,12158451
2026-07-31,1295.0,1309.699951171875,1293.5999755859375,1307.800048828125,1307.800048828125,8624996
2026-08-03,1315.199951171875,1319.0,1306.0,1319.0,1319.0,7508023
2026-08-04,1315.0,1315.0,1286.4000244140625,1290.9000244140625,1290.9000244140625,10759546
2026-08-05,1293.0,1299.0,1270.0999755859375,1280.0,1280.0,24820782
2026-08-06,1285.0,1325.199951171875,1281.199951171875,1325.0,1325.0,20342297
2026-08-07,1320.0,1337.0,1316.5999755859375,1334.800048828125,1334.800048828125,9885638
2026-08-10,1330.0999755859375,1332.9000244140625,1321.300048828125,1327.300048828125,1327.300048828125,8207102
2026-08-11,1326.5999755859375,1328.699951171875,1314.0999755859375,1323.9000244140625,1323.9000244140625,9953124
2026-08-12,1323.9000244140625,1329.0,1309.199951171875,1329.0,1329.0,7901012
2026-08-13,1327.800048828125,1327.800048828125,1307.199951171875,1317.0,1317.0,9397301
2026-08-14,1317.0,1317.5,1301.5,1310.0,1310.0,10497358
2026-08-17,1314.0,1320.800048828125,1298.0999755859375,1316.0,1316.0,13383867
2026-08-18,1314.0,1328.5999755859375,1311.199951171875,1322.0,1322.0,10180567
2026-08-19,1320.300048828125,1321.5999755859375,1303.5,1311.0,1311.0,7489365
2026-08-20,1315.5,1316.5,1307.0,1313.199951171875,1313.199951171875,5546227
2026-08-21,1314.0,1316.0,1308.0,1316.0,1316.0,5434871
2026-08-24,1316.5999755859375,1320.0,1302.4000244140625,1309.800048828125,1309.800048828125,7277167
2026-08-25,1304.300048828125,1317.0999755859375,1300.0,1317.0,1317.0,7115355
2026-08-26,1310.0,1315.5999755859375,1298.0,1298.0,1298.0,5744474
2026-08-27,1305.0,1308.4000244140625,1282.199951171875,1282.199951171875,1282.199951171875,11271497
2026-08-28,1284.9000244140625,1291.800048828125,1280.0,1287.0,1287.0,6830228
2026-08-31,1278.699951171875,1297.5999755859375,1271.0,1277.0,1277.0,34871137
2026-09-01,1285.0,1311.800048828125,1280.0,1309.0,1309.0,12617528
2026-09-02,1298.0,1321.9000244140625,1293.0999755859375,1313.0999755859375,1313.0999755859375,13497841
2026-09-03,1313.0999755859375,1316.800048828125,1302.5,1302.5,1302.5,9721454
2026-09-04,1304.0999755859375,1333.0,1304.0999755859375,1322.0,1322.0,13031534
2026-09-07,1323.0999755859375,1324.199951171875,1301.9000244140625,1309.5,1309.5,10210522
2026-09-08,1304.0999755859375,1306.800048828125,1288.0,1294.9000244140625,1294.9000244140625,9799528
2026-09-09,1283.5,1294.699951171875,1277.199951171875,1279.0,1279.0,12152819
2026-09-10,1278.5,1285.300048828125,1266.300048828125,1274.0,1274.0,9296079
2026-09-11,1267.0,1267.4000244140625,1253.0,1257.5,1257.5,8777736
2026-09-14,1257.5,1257.5,1257.5,1257.5,1257.5,0
2026-09-15,1252.5,1259.4000244140625,1235.300048828125,1235.300048828125,1235.300048828125,13754376
2026-09-16,1243.0,1255.0,1240.0,1240.0,1240.0,10023997
2026-09-17,1244.800048828125,1253.4000244140625,1238.5,1243.9000244140625,1243.9000244140625,7752895
2026-09-18,1245.0,1247.300048828125,1226.4000244140625,1226.4000244140625,1226.4000244140625,15122715
2026-09-21,1234.0999755859375,1249.0999755859375,1232.5,1247.4000244140625,1247.4000244140625,10007218
2026-09-22,1247.5999755859375,1251.9000244140625,1237.4000244140625,1240.4000244140625,1240.4000244140625,10684376
