Date,Open,High,Low,Close,Adj Close,Volume
1996-01-01,18.691146850585938,18.97892189025879,18.540184020996094,18.823240280151367,11.753152847290039,43733533
1996-01-02,18.894004821777344,18.964767456054688,17.738191604614258,18.224105834960938,11.379056930541992,56167280
1996-01-03,18.327892303466797,18.56848907470703,17.64383888244629,17.738191604614258,11.075651168823242,68296318
1996-01-04,17.50231170654297,17.832542419433594,17.22397232055664,17.676862716674805,11.037358283996582,86073880
1996-01-05,17.738191604614258,17.78536605834961,17.45985221862793,17.57779312133789,10.975499153137207,76613039
1996-01-08,17.478723526000977,17.64383888244629,16.922046661376953,17.063573837280273,10.654425621032715,55395172
1996-01-09,16.889022827148438,18.681711196899414,16.705036163330078,17.99765968322754,11.237662315368652,82057540
1996-01-10,17.407958984375,17.714603424072266,17.05413818359375,17.17207908630371,10.722171783447266,54360749
1996-01-11,16.983375549316406,17.926895141601562,16.983375549316406,17.82782554626465,11.131617546081543,65973105
1996-01-12,17.879718780517578,18.233539581298828,17.573074340820312,17.837261199951172,11.137510299682617,102152486
1996-01-15,18.02124786376953,18.200517654418945,17.78536605834961,17.893871307373047,11.172858238220215,68169665
1996-01-16,17.90330696105957,19.530881881713867,17.78536605834961,18.27128028869629,11.408512115478516,92497161
1996-01-17,17.856130599975586,17.974071502685547,17.455135345458984,17.521181106567383,10.940149307250977,65477620
1996-01-18,17.31832504272461,17.624969482421875,17.124902725219727,17.403240203857422,10.866508483886719,67620657
1996-01-19,17.29001808166504,17.67214584350586,17.29001808166504,17.610815048217773,10.99612045288086,47652365
1996-01-22,17.738191604614258,18.313739776611328,17.700450897216797,18.224105834960938,11.379056930541992,81512772
1996-01-23,18.38922119140625,18.771347045898438,18.162776947021484,18.417526245117188,11.499825477600098,130297068
1996-01-24,17.832542419433594,17.926895141601562,17.351348876953125,17.794803619384766,11.111001014709473,54484752
1996-01-25,18.1156005859375,18.275997161865234,17.879718780517578,17.964635848999023,11.217042922973633,67701207
1996-01-26,17.964635848999023,17.964635848999023,17.964635848999023,17.964635848999023,11.217042922973633,0
1996-01-29,18.162776947021484,18.960050582885742,18.07314109802246,18.785499572753906,11.729583740234375,75689901
1996-01-30,19.059120178222656,19.700714111328125,18.587360382080078,19.205366134643555,11.991747856140137,89163372
1996-01-31,18.776063919067383,19.129884719848633,18.21466827392578,18.549619674682617,11.582304000854492,56831282
1996-02-01,18.422243118286133,19.625232696533203,18.422243118286133,19.46955108642578,12.156707763671875,96599349
1996-02-02,19.861112594604492,20.9461612701416,19.719585418701172,20.814069747924805,12.996219635009766,106010376
1996-02-05,21.087690353393555,22.880380630493164,21.087690353393555,22.12556266784668,13.815108299255371,160942920
1996-02-06,22.455795288085938,23.163436889648438,21.795330047607422,22.314266204833984,13.93293285369873,147345446
1996-02-07,21.597192764282227,22.36144256591797,20.757457733154297,21.922706604003906,13.688443183898926,67480756
1996-02-08,21.988752365112305,22.903968811035156,21.57832145690918,22.545429229736328,14.0772705078125,52796395
1996-02-09,22.762439727783203,24.460777282714844,22.352008819580078,24.13998031616211,15.07290267944336,74580228
1996-02-12,23.871076583862305,24.267356872558594,22.455795288085938,22.724699020385742,14.189204216003418,81608160
1996-02-13,22.668088912963867,23.10682487487793,22.031211853027344,22.84735679626465,14.265791893005371,83711982
1996-02-14,23.682373046875,24.04562759399414,23.399316787719727,23.517255783081055,14.684075355529785,52251098
1996-02-15,23.399316787719727,23.77672576904297,23.139848709106445,23.38044548034668,14.598649978637695,40662588
1996-02-16,23.205894470214844,23.253070831298828,22.677522659301758,22.83320426940918,14.2569580078125,41113559
1996-02-19,22.927555084228516,23.304964065551758,22.880380630493164,22.9888858795166,14.354164123535156,29196493
1996-02-20,23.021907806396484,23.0407772064209,22.08782196044922,22.271808624267578,13.906426429748535,30560533
1996-02-21,22.271808624267578,22.271808624267578,22.271808624267578,22.271808624267578,13.906426429748535,0
1996-02-22,22.682241439819336,22.970014572143555,22.550148010253906,22.889814376831055,14.2923002243042,21638101
1996-02-23,22.927555084228516,23.352140426635742,22.578453063964844,23.229482650756836,14.504390716552734,46653977
1996-02-26,23.77672576904297,24.3758602142334,23.691808700561523,23.847488403320312,14.890271186828613,71998409
1996-02-27,23.965429306030273,24.106956481933594,23.493667602539062,23.805030822753906,14.863760948181152,62652564
1996-02-28,24.154132843017578,24.342836380004883,23.78615951538086,23.833335876464844,14.881431579589844,36609684
1996-02-29,23.682373046875,23.77200698852539,22.36144256591797,22.672805786132812,14.1568021774292,71030227
1996-03-01,22.927555084228516,23.154001235961914,22.644500732421875,22.951143264770508,14.330598831176758,49598798
1996-03-04,23.021907806396484,23.111543655395508,22.172739028930664,22.719980239868164,14.186260223388672,40613835
1996-03-05,22.719980239868164,22.719980239868164,22.719980239868164,22.719980239868164,14.186260223388672,0
1996-03-06,22.748287200927734,23.10682487487793,22.691675186157227,22.993602752685547,14.357107162475586,22160082
1996-03-07,23.116260528564453,23.323835372924805,22.762439727783203,22.84735679626465,14.265791893005371,31303495
1996-03-08,22.64921760559082,22.734134674072266,22.276527404785156,22.63506507873535,14.133237838745117,39637704
1996-03-11,22.172739028930664,22.36144256591797,21.83778953552246,22.11612892150879,13.80921745300293,39109363
1996-03-12,22.092540740966797,22.186891555786133,21.88968276977539,22.083105087280273,13.788597106933594,27429706
1996-03-13,22.07366943359375,22.68695831298828,21.960447311401367,22.61147689819336,14.118508338928223,27421227
1996-03-14,22.691675186157227,22.889814376831055,22.46523094177246,22.587888717651367,14.10378360748291,36343129
1996-03-15,22.550148010253906,22.59732437133789,22.12556266784668,22.182174682617188,13.850455284118652,29065070
1996-03-18,21.98403549194336,22.120845794677734,21.535863876342773,21.601909637451172,13.488142013549805,27165271
1996-03-19,21.601909637451172,21.875530242919922,20.474401473999023,21.012208938598633,13.1199312210083,35581619
1996-03-20,21.012208938598633,21.012208938598633,21.012208938598633,21.012208938598633,13.1199312210083,0
1996-03-21,21.422639846801758,21.842506408691406,21.422639846801758,21.677391052246094,13.535269737243652,13650996
1996-03-22,21.441511154174805,21.606626510620117,21.064102172851562,21.441511154174805,13.387990951538086,23179668
1996-03-25,21.606626510620117,21.884965896606445,21.479251861572266,21.583038330078125,13.47635555267334,22524674
1996-03-26,21.597192764282227,21.700979232788086,20.927291870117188,21.417922973632812,13.373260498046875,24039214
1996-03-27,21.700979232788086,22.031211853027344,21.700979232788086,21.81420135498047,13.62069320678711,14674821
1996-03-28,21.81420135498047,23.116260528564453,21.856660842895508,22.177457809448242,13.847506523132324,15454878
1996-03-29,22.314266204833984,22.408620834350586,22.031211853027344,22.210479736328125,13.868125915527344,21249133
1996-04-01,21.700979232788086,22.927555084228516,21.700979232788086,22.809616088867188,14.242231369018555,40137428
1996-04-02,23.1209774017334,23.871076583862305,22.51712417602539,23.531408309936523,14.692912101745605,53712115
1996-04-03,23.871076583862305,24.290943145751953,23.77672576904297,23.852205276489258,14.89321517944336,48630086
1996-04-04,23.77672576904297,23.847488403320312,23.451210021972656,23.781442642211914,14.849030494689941,40702863
1996-04-05,23.781442642211914,23.781442642211914,23.781442642211914,23.781442642211914,14.849030494689941,0
1996-04-08,24.625892639160156,25.333534240722656,24.390012741088867,25.04104232788086,15.635522842407227,67392257
1996-04-09,25.286357879638672,26.078916549682617,24.630611419677734,25.215593338012695,15.744510650634766,123803836
1996-04-10,25.097654342651367,25.427885055541992,24.644763946533203,24.80516242980957,15.488239288330078,70021770
1996-04-11,24.53154182434082,24.946691513061523,24.408884048461914,24.748550415039062,15.452886581420898,76341715
1996-04-12,24.814598083496094,25.4184513092041,24.63532829284668,25.3382511138916,15.821097373962402,68621695
1996-04-15,25.847753524780273,26.456323623657227,25.701507568359375,26.093067169189453,16.292400360107422,88429949
1996-04-16,26.09778594970703,27.362104415893555,25.993999481201172,26.80542755126953,16.737194061279297,96678839
1996-04-17,26.984695434570312,27.17340087890625,26.654462814331055,27.00356674194336,16.860912322998047,63548145
1996-04-18,27.55080795288086,28.588680267333984,27.475326538085938,28.433000564575195,17.753440856933594,100389409
1996-04-19,28.588680267333984,29.697317123413086,28.447153091430664,29.074594497680664,18.154054641723633,129471967
1996-04-22,29.626554489135742,29.650142669677734,28.593399047851562,28.79153823852539,17.97731590270996,120420233
1996-04-23,28.423564910888672,29.008548736572266,28.1405086517334,28.48961067199707,17.788789749145508,156792508
1996-04-24,29.2491455078125,30.192665100097656,29.2491455078125,30.065290451049805,18.772642135620117,101305658
1996-04-25,31.230539321899414,31.89100456237793,29.154794692993164,29.86243438720703,18.645978927612305,131851353
1996-04-26,29.711471557617188,30.37193489074707,28.451871871948242,29.348215103149414,18.32490348815918,162657244
1996-04-29,28.96137237548828,29.230274200439453,28.58396339416504,29.09346580505371,18.165834426879883,93379495
1996-04-30,29.107616424560547,29.107616424560547,27.95652198791504,28.187685012817383,17.60026741027832,102988185
1996-05-01,28.871736526489258,29.11705207824707,28.53207015991211,28.650009155273438,17.888946533203125,60334650
1996-05-02,28.541505813598633,29.390674591064453,27.57439613342285,28.08389663696289,17.535465240478516,90601602
1996-05-03,27.645160675048828,27.81027603149414,26.819578170776367,26.96110725402832,16.834402084350586,125929915
1996-05-06,26.248748779296875,26.418582916259766,25.243900299072266,25.39486312866211,15.856446266174316,148646954
1996-05-07,25.286357879638672,26.31951332092285,25.286357879638672,25.913799285888672,16.18046760559082,185128395
1996-05-08,25.286357879638672,26.64502716064453,23.77672576904297,26.22987937927246,16.377824783325195,165100221
1996-05-09,25.805295944213867,26.70163917541504,25.574132919311523,25.79585838317871,16.106822967529297,199096820
1996-05-10,25.097654342651367,25.640178680419922,24.96084213256836,25.465627670288086,15.900629997253418,145995185
1996-05-13,25.946823120117188,26.31951332092285,25.66848373413086,26.135526657104492,16.31891441345215,116850624
1996-05-14,26.050609588623047,27.833864212036133,25.833599090576172,27.18755340576172,16.975791931152344,188017574
1996-05-15,26.984695434570312,27.503631591796875,26.24403190612793,27.362104415893555,17.084779739379883,190519903
1996-05-16,27.833864212036133,28.418846130371094,27.645160675048828,27.800840377807617,17.358720779418945,156581066
1996-05-17,27.267751693725586,27.437585830688477,26.800708770751953,26.984695434570312,16.849132537841797,149017375
1996-05-20,26.277055740356445,26.314796447753906,25.49864959716797,25.61659049987793,15.994892120361328,94692661
1996-05-21,25.49864959716797,26.182703018188477,25.097654342651367,25.49864959716797,15.921245574951172,205964183
1996-05-22,25.87605857849121,26.06004524230957,25.52695655822754,25.626026153564453,16.000783920288086,95926338
1996-05-23,25.475061416625977,25.555261611938477,25.097654342651367,25.258052825927734,15.771020889282227,106451278
1996-05-24,25.701507568359375,25.701507568359375,25.442039489746094,25.52223777770996,15.935977935791016,89595265
1996-05-27,25.333534240722656,25.409015655517578,24.58343505859375,24.644763946533203,15.388083457946777,96845767
1996-05-28,24.154132843017578,24.956125259399414,24.03619384765625,24.739116668701172,15.447002410888672,178187902
1996-05-29,25.239181518554688,26.324230194091797,25.14483070373535,26.012868881225586,16.242332458496094,148266994
1996-05-30,26.418582916259766,26.602569580078125,25.597719192504883,25.78642463684082,16.100934982299805,152006710
1996-05-31,26.041175842285156,26.357254028320312,25.663766860961914,26.182703018188477,16.348369598388672,146149924
1996-06-03,26.84316635131836,27.89047622680664,26.84316635131836,27.791406631469727,17.574495315551758,209226432
1996-06-04,28.211273193359375,28.58396339416504,25.677919387817383,27.555526733398438,17.42533302307129,212163304
1996-06-05,28.305625915527344,28.678316116333008,27.607418060302734,27.730077743530273,17.535717010498047,192092205
1996-06-06,27.95180320739746,29.11705207824707,27.95180320739746,28.626422882080078,18.1025390625,253679080
1996-06-07,28.39997673034668,28.75379753112793,28.211273193359375,28.626422882080078,18.1025390625,150261121
1996-06-10,28.683032989501953,28.947219848632812,28.645292282104492,28.744361877441406,18.1771183013916,132301263
1996-06-11,28.63585662841797,28.984960556030273,28.499046325683594,28.90947723388672,18.281532287597656,119583473
1996-06-12,29.060440063476562,29.461437225341797,26.418582916259766,29.1689453125,18.44561195373535,237371014
1996-06-13,29.060440063476562,29.324626922607422,28.98967742919922,29.07931137084961,18.38892936706543,122364016
1996-06-14,29.154794692993164,29.437850952148438,29.098182678222656,29.37652015686035,18.576875686645508,122317382
1996-06-17,29.390674591064453,29.673730850219727,29.126487731933594,29.19725227355957,18.4635066986084,130497382
1996-06-18,29.060440063476562,29.23499298095703,28.900043487548828,29.154794692993164,18.436662673950195,112851773
1996-06-19,29.060440063476562,29.19725227355957,28.33392906188965,28.513198852539062,18.03093719482422,209622820
1996-06-20,28.315059661865234,28.730209350585938,27.857452392578125,28.626422882080078,18.1025390625,310608400
1996-06-21,28.395259857177734,28.541505813598633,27.69233512878418,28.145225524902344,17.79823875427246,293865262
1996-06-24,28.29619026184082,28.541505813598633,27.975391387939453,28.456588745117188,17.995141983032227,186164938
1996-06-25,28.63585662841797,28.800973892211914,28.447153091430664,28.513198852539062,18.03093719482422,176767690
1996-06-26,28.404693603515625,28.612268447875977,28.079179763793945,28.225425720214844,17.848960876464844,152856188
1996-06-27,28.09804916381836,28.513198852539062,27.739511489868164,28.41412925720215,17.968286514282227,227552471
1996-06-28,28.53207015991211,28.678316116333008,28.093332290649414,28.239578247070312,17.85790252685547,155968997
1996-07-01,28.12163734436035,28.249013900756836,27.871604919433594,28.041439056396484,17.73260498046875,145326943
1996-07-02,28.046157836914062,28.291471481323242,27.975391387939453,28.08389663696289,17.759456634521484,102473094
1996-07-03,28.027286529541016,28.050874710083008,27.46117401123047,27.69233512878418,17.51184844970703,174533505
1996-07-04,27.465890884399414,28.28203773498535,26.800708770751953,27.739511489868164,17.54168128967285,446948261
1996-07-05,28.02256965637207,28.52735137939453,27.748947143554688,28.08861541748047,17.7624454498291,346132788
1996-07-08,28.300907135009766,30.09831428527832,28.300907135009766,29.673730850219727,18.764820098876953,408225216
1996-07-09,29.768081665039062,29.852998733520508,28.97552490234375,29.423696517944336,18.606704711914062,362196026
1996-07-10,28.305625915527344,28.60755157470703,27.947086334228516,28.31034278869629,17.90265464782715,201558875
1996-07-11,28.541505813598633,29.11705207824707,28.541505813598633,28.84343147277832,18.23976707458496,169710082
1996-07-12,28.697185516357422,28.871736526489258,28.02256965637207,28.616987228393555,18.096569061279297,141729248
1996-07-15,28.51791763305664,29.008548736572266,28.046157836914062,28.800973892211914,18.21291732788086,159070677
1996-07-16,28.942501068115234,31.607948303222656,28.131072998046875,28.68775177001953,18.141315460205078,139278322
1996-07-17,28.871736526489258,31.428678512573242,28.786819458007812,30.2775821685791,19.14668083190918,360305236
1996-07-18,30.192665100097656,31.04183578491211,30.121902465820312,30.423828125,19.239160537719727,207328753
1996-07-19,30.560640335083008,30.654991149902344,29.626554489135742,30.027549743652344,18.988571166992188,202025213
1996-07-22,30.192665100097656,30.560640335083008,29.626554489135742,30.235124588012695,19.119829177856445,43029256
1996-07-23,30.192665100097656,30.423828125,28.725492477416992,29.017982482910156,18.35014533996582,132471901
1996-07-24,28.588680267333984,28.63585662841797,26.418582916259766,27.777252197265625,17.56554412841797,198562651
1996-07-25,27.95180320739746,29.140640258789062,27.753665924072266,28.1405086517334,17.795257568359375,212485502
1996-07-26,28.211273193359375,28.66416358947754,26.96110725402832,27.28662109375,17.255281448364258,264784823
1996-07-29,27.097917556762695,27.31492805480957,26.088350296020508,26.31951332092285,16.64371109008789,207485612
1996-07-30,26.140243530273438,27.338516235351562,25.399581909179688,26.33366584777832,16.65266227722168,212067917
1996-07-31,26.800708770751953,27.65459442138672,26.277055740356445,27.612136840820312,17.46113395690918,172029586
1996-08-01,28.116920471191406,28.20183753967285,26.772403717041016,26.91393280029297,17.01960563659668,203765504
1996-08-02,26.748815536499023,26.984695434570312,26.51765251159668,26.720510482788086,16.897293090820312,116042481
1996-08-05,26.654462814331055,26.97525978088379,26.37140655517578,26.45160675048828,16.727245330810547,67612178
1996-08-06,26.277055740356445,27.310209274291992,26.182703018188477,26.8856258392334,17.001705169677734,107636731
1996-08-07,26.890344619750977,27.451738357543945,26.70163917541504,27.28662109375,17.255281448364258,73429220
1996-08-08,27.55080795288086,27.767818450927734,26.91393280029297,27.00356674194336,17.076290130615234,112281038
1996-08-09,26.96110725402832,27.362104415893555,26.862037658691406,27.154529571533203,17.171751022338867,85875686
1996-08-12,27.324363708496094,27.503631591796875,27.102636337280273,27.19698715209961,17.1986026763916,51096910
1996-08-13,27.126224517822266,27.338516235351562,26.800708770751953,27.21114158630371,17.207551956176758,50600895
1996-08-14,27.267751693725586,27.35266876220703,26.394994735717773,26.53180694580078,16.77796173095703,69359358
1996-08-15,26.53180694580078,26.53180694580078,26.53180694580078,26.53180694580078,16.77796173095703,0
1996-08-16,26.423301696777344,26.59785270690918,25.52695655822754,25.607154846191406,16.1932373046875,157527521
1996-08-19,25.479780197143555,25.894929885864258,24.913667678833008,25.069347381591797,15.853139877319336,164753647
1996-08-20,25.02688980102539,25.517520904541016,24.673070907592773,24.904232025146484,15.748734474182129,147223562
1996-08-21,25.38071060180664,25.805295944213867,25.243900299072266,25.593002319335938,16.18428611755371,138578284
1996-08-22,25.74868392944336,25.89021110534668,25.107088088989258,25.17313575744629,15.918774604797363,112675836
1996-08-23,25.125959396362305,25.593002319335938,25.12124252319336,25.333534240722656,16.020206451416016,105782506
1996-08-26,25.286357879638672,25.38071060180664,24.979713439941406,25.050477981567383,15.84121036529541,56603413
1996-08-27,25.02688980102539,25.286357879638672,24.946691513061523,25.12124252319336,15.885960578918457,70876017
1996-08-28,25.286357879638672,25.52223777770996,25.192005157470703,25.465627670288086,16.103742599487305,38401907
1996-08-29,25.517520904541016,25.946823120117188,25.38071060180664,25.489215850830078,16.1186580657959,72896640
1996-08-30,25.531673431396484,25.781707763671875,25.385427474975586,25.715660095214844,16.261850357055664,67175516
1996-09-02,25.80057716369629,26.55539321899414,25.80057716369629,26.272336959838867,16.61388397216797,89043607
1996-09-03,26.560110092163086,26.838449478149414,25.899646759033203,26.107221603393555,16.509464263916016,153891142
1996-09-04,25.87605857849121,26.262901306152344,25.781707763671875,26.140243530273438,16.530349731445312,60474021
1996-09-05,26.314796447753906,26.96110725402832,26.314796447753906,26.86675453186035,16.989774703979492,129424273
1996-09-06,26.890344619750977,26.96110725402832,26.489347457885742,26.630874633789062,16.84061050415039,120044512
1996-09-09,26.564828872680664,26.706356048583984,26.02230453491211,26.088350296020508,16.497529983520508,103249971
1996-09-10,26.050609588623047,26.088350296020508,25.805295944213867,25.909082412719727,16.38416862487793,84484090
1996-09-11,26.135526657104492,26.248748779296875,25.34296989440918,25.427885055541992,16.079872131347656,116903617
1996-09-12,25.3382511138916,25.710941314697266,25.107088088989258,25.564697265625,16.16638946533203,107984895
1996-09-13,25.74868392944336,25.753400802612305,24.739116668701172,24.880643844604492,15.733814239501953,157775528
1996-09-16,24.76742172241211,26.135526657104492,23.47479820251465,23.663501739501953,14.964128494262695,173752918
1996-09-17,23.894664764404297,24.17772102355957,23.54084587097168,23.88994789123535,15.107324600219727,218922031
1996-09-18,23.974863052368164,25.564697265625,23.922969818115234,25.52223777770996,16.139535903930664,231897897
1996-09-19,25.61659049987793,26.418582916259766,24.644763946533203,24.81931495666504,15.695033073425293,297267413
1996-09-20,24.908950805664062,25.404298782348633,24.673070907592773,24.880643844604492,15.733814239501953,234950294
1996-09-23,24.776857376098633,24.98914909362793,23.80031394958496,24.53154182434082,15.513052940368652,181186776
1996-09-24,24.68722152709961,24.932537078857422,24.366424560546875,24.536258697509766,15.516032218933105,157966303
1996-09-25,24.993867874145508,26.22987937927246,24.908950805664062,25.012737274169922,15.817343711853027,130429021
1996-09-26,24.946691513061523,25.0033016204834,24.328683853149414,24.53154182434082,15.513052940368652,145145707
1996-09-27,24.49380111694336,24.507953643798828,23.847488403320312,23.946557998657227,15.143122673034668,169436108
1996-09-30,23.80974769592285,24.19187355041504,23.427621841430664,23.856924057006836,15.086442947387695,229456510
1996-10-01,23.965429306030273,23.965429306030273,23.09267234802246,23.271940231323242,14.716510772705078,199087281
1996-10-02,23.271940231323242,23.271940231323242,23.271940231323242,23.271940231323242,14.716510772705078,0
1996-10-03,23.54084587097168,23.880512237548828,22.432207107543945,22.61147689819336,14.298855781555176,299422638
1996-10-04,22.691675186157227,23.682373046875,21.417922973632812,21.73400115966797,13.743964195251465,308807168
1996-10-07,21.771743774414062,21.771743774414062,20.214933395385742,20.573471069335938,13.010077476501465,281432574
1996-10-08,20.380050659179688,20.380050659179688,19.309154510498047,19.71014976501465,12.46413803100586,273387707
1996-10-09,20.09699249267578,20.380050659179688,19.57805633544922,20.106428146362305,12.714733123779297,276557748
1996-10-10,20.026229858398438,20.601776123046875,19.908288955688477,20.521577835083008,12.977261543273926,190735055
1996-10-11,20.6112117767334,20.875398635864258,20.332874298095703,20.460248947143555,12.938478469848633,220024286
1996-10-14,20.37061309814453,20.37061309814453,19.644102096557617,19.752607345581055,12.490988731384277,191052483
1996-10-15,19.686561584472656,20.214933395385742,19.408222198486328,19.790348052978516,12.514854431152344,170940579
1996-10-16,19.95546531677246,20.28097915649414,19.639385223388672,19.752607345581055,12.490988731384277,125336923
1996-10-17,19.639385223388672,19.76204490661621,18.87041664123535,19.686561584472656,12.449222564697266,200504844
1996-10-18,19.73845672607422,20.45081329345703,19.545034408569336,20.299850463867188,12.837048530578613,269442378
1996-10-21,20.299850463867188,20.299850463867188,20.299850463867188,20.299850463867188,12.837048530578613,0
1996-10-22,20.45081329345703,21.700979232788086,20.45081329345703,21.101842880249023,13.344205856323242,265151535
1996-10-23,21.700979232788086,22.5737361907959,21.700979232788086,22.427490234375,14.182503700256348,197792662
1996-10-24,22.592605590820312,22.592605590820312,21.248088836669922,21.43207550048828,13.553034782409668,235225328
1996-10-25,21.417922973632812,22.031211853027344,21.18675994873047,21.922706604003906,13.863298416137695,254961511
1996-10-28,22.054798126220703,22.314266204833984,21.71041488647461,21.842506408691406,13.812582015991211,175954777
1996-10-29,21.771743774414062,23.352140426635742,21.658519744873047,21.922706604003906,13.863298416137695,169178032
1996-10-30,21.922706604003906,21.922706604003906,21.922706604003906,21.922706604003906,13.863298416137695,0
1996-10-31,21.521709442138672,21.776460647583008,21.18204116821289,21.6538028717041,13.69324779510498,114165469
1996-11-01,21.795330047607422,22.040645599365234,21.474533081054688,21.597192764282227,13.657447814941406,154659010
1996-11-04,21.516992568969727,21.516992568969727,20.625364303588867,20.757457733154297,13.126425743103027,155814787
1996-11-05,20.63479995727539,20.84709358215332,20.002641677856445,20.30928611755371,12.843013763427734,148652254
1996-11-06,20.23380470275879,20.262109756469727,19.634668350219727,19.917724609375,12.595401763916016,167427144
1996-11-07,20.23380470275879,20.23380470275879,19.832807540893555,20.09699249267578,12.70876693725586,95061493
1996-11-08,20.210216522216797,20.63951873779297,20.120580673217773,20.483837127685547,12.95339298248291,80767691
1996-11-11,20.431943893432617,21.27639389038086,20.172475814819336,20.696128845214844,13.087642669677734,83470864
1996-11-12,20.696128845214844,20.696128845214844,20.696128845214844,20.696128845214844,13.087642669677734,0
1996-11-13,20.705564498901367,21.295265197753906,20.620647430419922,21.163171768188477,13.382987976074219,116478614
1996-11-14,21.139583587646484,21.271677017211914,20.71500015258789,20.795198440551758,13.15029239654541,98898186
1996-11-15,20.748022079467773,21.087690353393555,20.592342376708984,20.998056411743164,13.278575897216797,101518690
1996-11-18,21.087690353393555,21.639650344848633,21.087690353393555,21.56416893005371,13.636566162109375,115144250
1996-11-19,21.625497817993164,21.6538028717041,21.06882095336914,21.290546417236328,13.463537216186523,119700588
1996-11-20,21.417922973632812,21.417922973632812,20.601776123046875,20.658388137817383,13.063775062561035,127407890
1996-11-21,20.578189849853516,20.917856216430664,20.497989654541016,20.625364303588867,13.042895317077637,121961269
1996-11-22,20.497989654541016,20.658388137817383,20.342309951782227,20.40363883972168,12.902678489685059,96198192
1996-11-25,20.342309951782227,21.097126007080078,19.964900970458984,20.762176513671875,13.129410743713379,116218418
1996-11-26,20.993337631225586,21.167890548706055,20.47911834716797,20.842374801635742,13.180123329162598,111468125
1996-11-27,20.380050659179688,20.851810455322266,20.15360450744629,20.66310691833496,13.066763877868652,104575856
1996-11-28,20.757457733154297,20.993337631225586,20.238521575927734,20.389484405517578,12.893732070922852,157328268
1996-11-29,20.521577835083008,21.13486671447754,20.521577835083008,20.710281372070312,13.09659194946289,134994898
1996-12-02,20.592342376708984,20.88483238220215,20.474401473999023,20.540447235107422,12.98919677734375,83093024
1996-12-03,20.50742530822754,20.55931854248047,19.57805633544922,20.049816131591797,12.678935050964355,109136433
1996-12-04,19.530881881713867,19.73845672607422,19.247825622558594,19.582775115966797,12.38359260559082,107368587
1996-12-05,19.39406967163086,20.158321380615234,19.257259368896484,19.795066833496094,12.517840385437012,126998254
1996-12-06,19.979053497314453,20.04509925842285,19.672409057617188,19.7714786529541,12.502922058105469,81800524
1996-12-09,19.861112594604492,19.861112594604492,19.573339462280273,19.648820877075195,12.425355911254883,63894190
1996-12-10,19.554468154907227,19.587491989135742,19.10629653930664,19.257259368896484,12.17774486541748,95951775
1996-12-11,19.32802391052246,20.474401473999023,19.247825622558594,20.332874298095703,12.857932090759277,138464879
1996-12-12,20.431943893432617,20.431943893432617,19.672409057617188,19.729019165039062,12.47607135772705,130863563
1996-12-13,19.662973403930664,19.766761779785156,19.464834213256836,19.677127838134766,12.443257331848145,75963875
1996-12-16,19.804502487182617,20.71500015258789,19.804502487182617,20.606494903564453,13.030965805053711,147728056
1996-12-17,20.568754196166992,20.75274085998535,20.196062088012695,20.389484405517578,12.893732070922852,124699948
1996-12-18,20.757457733154297,21.229217529296875,20.615930557250977,20.733869552612305,13.111512184143066,163810901
1996-12-19,20.63951873779297,20.851810455322266,20.497989654541016,20.67254066467285,13.07272720336914,102401023
1996-12-20,20.851810455322266,21.417922973632812,20.851810455322266,21.281112670898438,13.457569122314453,128921900
1996-12-23,21.417922973632812,21.606626510620117,21.087690353393555,21.219783782958984,13.41878890991211,114977852
1996-12-24,21.111278533935547,21.40848731994629,20.92257308959961,21.18675994873047,13.397905349731445,89009162
1996-12-25,21.18675994873047,21.18675994873047,21.18675994873047,21.18675994873047,13.397905349731445,0
1996-12-26,21.44622802734375,22.356725692749023,21.44622802734375,22.262374877929688,14.078094482421875,114648765
1996-12-27,22.262374877929688,22.262374877929688,22.262374877929688,22.262374877929688,14.078094482421875,0
1996-12-30,22.262374877929688,22.262374877929688,22.262374877929688,22.262374877929688,14.078094482421875,0
1996-12-31,22.403902053833008,22.545429229736328,21.960447311401367,22.050081253051758,13.943845748901367,65269358
1997-01-01,22.502971649169922,23.531408309936523,22.502971649169922,23.38044548034668,14.78512954711914,117594116
1997-01-02,23.493667602539062,23.50782012939453,22.672805786132812,22.743568420410156,14.382386207580566,118900924
1997-01-03,22.550148010253906,23.10682487487793,22.512407302856445,23.021907806396484,14.55839729309082,108118438
1997-01-06,23.116260528564453,23.220046997070312,22.620912551879883,22.781309127807617,14.406251907348633,80613481
1997-01-07,22.658653259277344,23.39459991455078,22.51712417602539,23.191741943359375,14.665799140930176,115423523
1997-01-08,23.682373046875,24.12582778930664,23.55027961730957,23.738983154296875,15.011862754821777,205816333
1997-01-09,23.578584671020508,24.012605667114258,23.503103256225586,23.852205276489258,15.083456993103027,171115986
1997-01-10,24.135263442993164,24.29566192626953,23.871076583862305,24.055063247680664,15.211735725402832,151344298
1997-01-13,23.767290115356445,23.91825294494629,23.554996490478516,23.842771530151367,15.077488899230957,94774270
1997-01-14,23.965429306030273,25.06463050842285,23.687089920043945,24.56928253173828,15.536914825439453,119689459
1997-01-15,25.102371215820312,26.291208267211914,25.097654342651367,26.291208267211914,16.62581443786621,88564551
1997-01-16,28.135791778564453,28.135791778564453,25.710941314697266,26.2581844329834,16.60492706298828,191805513
1997-01-17,25.38071060180664,27.074329376220703,25.206159591674805,26.5931339263916,16.816740036010742,232052107
1997-01-20,26.795991897583008,26.838449478149414,25.531673431396484,25.701507568359375,16.252904891967773,136012893
1997-01-21,25.531673431396484,26.064762115478516,25.02688980102539,25.319381713867188,16.01125717163086,142874427
1997-01-22,26.182703018188477,26.70163917541504,25.857187271118164,26.366689682006836,16.673547744750977,168301528
1997-01-23,26.366689682006836,26.366689682006836,26.366689682006836,26.366689682006836,16.673547744750977,0
1997-01-24,26.418582916259766,26.461042404174805,25.79585838317871,25.989280700683594,16.434885025024414,102892268
1997-01-27,25.993999481201172,27.81027603149414,25.993999481201172,27.442302703857422,17.353734970092773,182169266
1997-01-28,27.89047622680664,29.36708641052246,27.739511489868164,29.272733688354492,18.511245727539062,173520279
1997-01-29,29.909610748291016,30.00396156311035,27.664030075073242,28.211273193359375,17.840007781982422,196743401
1997-01-30,28.069744110107422,28.300907135009766,26.99884796142578,27.376256942749023,17.311967849731445,177103665
1997-01-31,26.84316635131836,26.84316635131836,25.569414138793945,25.805295944213867,16.31853485107422,195009470
1997-02-03,25.06463050842285,25.644895553588867,23.998451232910156,24.19187355041504,15.298255920410156,209217423
1997-02-04,24.097522735595703,25.097654342651367,23.795595169067383,24.875926971435547,15.730825424194336,160134247
1997-02-05,25.66848373413086,26.20629119873047,24.68722152709961,24.89951515197754,15.745741844177246,164934883
1997-02-06,24.814598083496094,25.423168182373047,24.309814453125,25.102371215820312,15.874027252197266,166482278
1997-02-07,25.286357879638672,25.739248275756836,24.96084213256836,25.545825958251953,16.15445327758789,120317426
1997-02-10,25.663766860961914,25.710941314697266,25.12124252319336,25.55054473876953,16.15744400024414,86936606
1997-02-11,25.423168182373047,26.654462814331055,25.3382511138916,26.45160675048828,16.727245330810547,120116053
1997-02-12,26.324230194091797,26.956390380859375,26.211008071899414,26.432735443115234,16.71531105041504,122077324
1997-02-13,26.33366584777832,26.50349998474121,26.064762115478516,26.31951332092285,16.64371109008789,88322903
1997-02-14,26.300643920898438,27.149812698364258,26.20629119873047,26.92336654663086,17.025575637817383,126247343
1997-02-17,27.55080795288086,27.899911880493164,27.225292205810547,27.5932674407959,17.449201583862305,172146700
1997-02-18,27.631006240844727,27.631006240844727,26.61200523376465,26.79127311706543,16.94203758239746,171197596
1997-02-19,27.05545997619629,27.494197845458984,26.522369384765625,27.343233108520508,17.29108428955078,154660070
1997-02-20,27.126224517822266,27.597984313964844,26.84316635131836,27.18283462524414,17.189653396606445,177739581
1997-02-21,26.989412307739258,27.18755340576172,26.762968063354492,26.87147331237793,16.99275779724121,134032545
1997-02-24,26.75353240966797,26.75353240966797,25.720378875732422,25.861906051635742,16.354333877563477,149018435
1997-02-25,25.720378875732422,26.305360794067383,25.508085250854492,25.814729690551758,16.324499130249023,162767469
1997-02-26,25.559978485107422,26.017587661743164,25.361839294433594,25.843034744262695,16.34239959716797,101377728
1997-02-27,25.993999481201172,26.678050994873047,25.946823120117188,26.56954574584961,16.80182647705078,111394995
1997-02-28,28.697185516357422,29.805822372436523,28.116920471191406,29.230274200439453,18.484397888183594,62950384
1997-03-03,30.758779525756836,31.62681770324707,30.33419418334961,30.51818084716797,19.298831939697266,200769279
1997-03-04,30.706884384155273,31.04183578491211,30.14077377319336,30.862565994262695,19.51661491394043,156287485
1997-03-05,31.89100456237793,32.263694763183594,30.404958724975586,30.900306701660156,19.540477752685547,171108567
1997-03-06,30.480440139770508,30.801237106323242,30.074726104736328,30.527616500854492,19.304798126220703,141496609
1997-03-07,30.527616500854492,30.527616500854492,30.527616500854492,30.527616500854492,19.304798126220703,0
1997-03-10,29.815258026123047,29.83884620666504,28.871736526489258,28.980241775512695,18.326282501220703,153104725
1997-03-11,28.786819458007812,29.296321868896484,27.664030075073242,28.069744110107422,17.75050926208496,160153854
1997-03-12,29.060440063476562,29.437850952148438,28.616987228393555,28.999113082885742,18.338214874267578,136452735
1997-03-13,29.150075912475586,29.225557327270508,28.451871871948242,28.550939559936523,18.05480194091797,95115015
1997-03-14,28.28203773498535,29.201969146728516,28.093332290649414,29.017982482910156,18.35014533996582,169640661
1997-03-17,29.2491455078125,30.13605499267578,29.084028244018555,30.036985397338867,18.99453353881836,197552604
1997-03-18,30.051137924194336,30.3577823638916,29.541637420654297,29.82469367980957,18.860292434692383,192619486
1997-03-19,30.404958724975586,30.55592155456543,29.126487731933594,29.277450561523438,18.51422882080078,179653689
1997-03-20,29.107616424560547,29.66901206970215,28.433000564575195,29.21140480041504,18.472463607788086,260850623
1997-03-21,29.626554489135742,30.027549743652344,29.56050682067871,29.815258026123047,18.85432243347168,169102782
1997-03-24,29.815258026123047,29.815258026123047,29.815258026123047,29.815258026123047,18.85432243347168,0
1997-03-25,30.00396156311035,30.159643173217773,29.532201766967773,29.725624084472656,18.797637939453125,146669785
1997-03-26,29.909610748291016,29.99452781677246,29.178382873535156,29.296321868896484,18.526159286499023,104750203
1997-03-27,29.154794692993164,29.38123893737793,28.744361877441406,29.2491455078125,18.496328353881836,103265869
1997-03-28,29.2491455078125,29.2491455078125,29.2491455078125,29.2491455078125,18.496328353881836,0
1997-03-31,27.201705932617188,27.201705932617188,26.324230194091797,26.33366584777832,16.65266227722168,641215
1997-04-01,23.871076583862305,25.09293556213379,23.701242446899414,24.72496223449707,15.635368347167969,117036630
1997-04-02,25.593002319335938,25.923234939575195,25.286357879638672,25.80057716369629,16.315549850463867,110402966
1997-04-03,25.946823120117188,26.1260929107666,25.61659049987793,26.003433227539062,16.443832397460938,94197707
1997-04-04,25.52695655822754,25.663766860961914,25.43260383605957,25.588285446166992,16.181304931640625,54691425
1997-04-07,25.38071060180664,25.4184513092041,24.866491317749023,25.04104232788086,15.835244178771973,63116782
1997-04-08,25.04104232788086,25.04104232788086,25.04104232788086,25.04104232788086,15.835244178771973,0
1997-04-09,26.041175842285156,26.795991897583008,26.041175842285156,26.786556243896484,16.939056396484375,84586896
1997-04-10,26.512935638427734,26.758251190185547,25.569414138793945,25.946823120117188,16.408031463623047,177256285
1997-04-11,25.192005157470703,26.409147262573242,24.743833541870117,26.1260929107666,16.521398544311523,147777339
1997-04-14,26.1260929107666,26.1260929107666,26.1260929107666,26.1260929107666,16.521398544311523,0
1997-04-15,26.041175842285156,27.074329376220703,26.041175842285156,26.79127311706543,16.94203758239746,119222591
1997-04-16,26.79127311706543,26.79127311706543,26.79127311706543,26.79127311706543,16.94203758239746,0
1997-04-17,27.310209274291992,28.08389663696289,27.244163513183594,28.013132095336914,17.71470832824707,149939454
1997-04-18,28.013132095336914,28.013132095336914,28.013132095336914,28.013132095336914,17.71470832824707,0
1997-04-21,28.31034278869629,29.716188430786133,28.187685012817383,29.352933883666992,18.561962127685547,159514759
1997-04-22,29.442567825317383,29.697317123413086,28.706621170043945,28.93778419494629,18.299434661865234,141987324
1997-04-23,29.244428634643555,29.805822372436523,29.074594497680664,29.404827117919922,18.594776153564453,140506170
1997-04-24,29.319910049438477,29.598247528076172,29.074594497680664,29.206687927246094,18.469482421875,110938725
1997-04-25,29.060440063476562,29.886022567749023,28.980241775512695,29.73505973815918,18.803606033325195,139979949
1997-04-28,29.716188430786133,30.06057357788086,29.466154098510742,29.73505973815918,18.803606033325195,174701493
1997-04-29,29.53691864013672,29.768081665039062,29.220840454101562,29.390674591064453,18.58582878112793,138636047
1997-04-30,30.754060745239258,30.89558982849121,30.206819534301758,30.29645347595215,19.158613204956055,137540151
1997-05-01,30.29645347595215,30.29645347595215,30.29645347595215,30.29645347595215,19.158613204956055,0
1997-05-02,29.933198928833008,30.079444885253906,29.569942474365234,29.64070701599121,18.743940353393555,114456931
1997-05-05,29.060440063476562,29.107616424560547,28.352800369262695,28.4754581451416,18.007068634033203,137485569
1997-05-06,28.49432945251465,29.060440063476562,28.234861373901367,28.7679500579834,18.192035675048828,140220537
1997-05-07,29.098182678222656,29.310474395751953,28.777385711669922,28.890607833862305,18.26959800720215,133950406
1997-05-08,28.84343147277832,29.28688621520996,28.75379753112793,29.21140480041504,18.472463607788086,120075248
1997-05-09,29.225557327270508,29.334062576293945,28.918912887573242,29.084028244018555,18.39191436767578,107787232
1997-05-12,29.02741813659668,29.11705207824707,28.447153091430664,28.499046325683594,18.021987915039062,88967298
1997-05-13,28.49432945251465,28.730209350585938,28.272602081298828,28.38582420349121,17.950387954711914,112533815
1997-05-14,28.550939559936523,28.772668838500977,27.94236946105957,28.697185516357422,18.147287368774414,134294860
1997-05-15,28.63585662841797,29.088747024536133,28.404693603515625,28.871736526489258,18.257665634155273,117059417
1997-05-16,28.579246520996094,28.928348541259766,28.579246520996094,28.76323127746582,18.189050674438477,70987833
1997-05-19,28.966089248657227,29.579378128051758,28.876455307006836,29.296321868896484,18.526159286499023,117223165
1997-05-20,29.385955810546875,29.527484893798828,29.173664093017578,29.329345703125,18.547040939331055,84189449
1997-05-21,29.385955810546875,29.3953914642334,28.815126419067383,28.900043487548828,18.275562286376953,71534720
1997-05-22,28.89532470703125,29.003829956054688,28.60755157470703,28.734926223754883,18.171152114868164,70685242
1997-05-23,28.777385711669922,28.824560165405273,28.423564910888672,28.522634506225586,18.036909103393555,79787850
1997-05-26,28.49432945251465,28.725492477416992,28.451871871948242,28.53207015991211,18.042869567871094,49618935
1997-05-27,28.612268447875977,28.683032989501953,28.211273193359375,28.324495315551758,17.91160774230957,57399367
1997-05-28,28.6217041015625,28.777385711669922,28.25844955444336,28.33392906188965,17.917573928833008,56862548
1997-05-29,28.305625915527344,28.871736526489258,28.21599006652832,28.772668838500977,18.195016860961914,69022852
1997-05-30,28.777385711669922,29.2491455078125,28.697185516357422,29.003829956054688,18.34119987487793,86481396
1997-06-02,29.060440063476562,29.786951065063477,29.017982482910156,29.711471557617188,18.7886905670166,119057783
1997-06-03,29.834129333496094,30.428546905517578,29.725624084472656,29.923763275146484,18.92293930053711,131017773
1997-06-04,30.71160316467285,30.848413467407227,30.29645347595215,30.390806198120117,19.218286514282227,141302124
1997-06-05,30.527616500854492,30.640838623046875,29.947351455688477,30.126619338989258,19.051218032836914,87268342
1997-06-06,30.183231353759766,30.28230094909668,29.69260025024414,29.777517318725586,18.830453872680664,70328600
1997-06-09,29.626554489135742,29.673730850219727,29.357650756835938,29.45672035217285,18.627595901489258,73711673
1997-06-10,29.48502540588379,29.711471557617188,29.3953914642334,29.50861358642578,18.660409927368164,78257942
1997-06-11,29.867151260375977,30.499311447143555,29.867151260375977,30.2775821685791,19.14668083190918,101775176
1997-06-12,30.192665100097656,30.324758529663086,30.051137924194336,30.145490646362305,19.063148498535156,62495174
1997-06-13,30.192665100097656,30.82954216003418,30.121902465820312,30.485158920288086,19.27794647216797,117069485
1997-06-16,30.088878631591797,30.2775821685791,29.352933883666992,29.461437225341797,18.864116668701172,88763804
1997-06-17,29.768081665039062,30.754060745239258,29.631271362304688,30.475723266601562,19.513559341430664,119737683
1997-06-18,32.5986442565918,32.612796783447266,32.03253173828125,32.235389709472656,20.640274047851562,104588044
1997-06-19,31.985355377197266,32.457115173339844,31.64097023010254,32.155189514160156,20.58892059326172,155919184
1997-06-20,32.36748123168945,32.99492263793945,32.079708099365234,32.343894958496094,20.70975112915039,156697651
1997-06-23,32.362762451171875,32.50429153442383,31.990074157714844,32.0938606262207,20.549654006958008,70278256
1997-06-24,32.06083679199219,32.315589904785156,31.909873962402344,32.235389709472656,20.640274047851562,43736182
1997-06-25,32.30615234375,32.40993881225586,31.985355377197266,32.11273193359375,20.561735153198242,79493739
1997-06-26,32.26841354370117,32.67412567138672,32.13631820678711,32.31087112426758,20.688600540161133,114118835
1997-06-27,32.26841354370117,32.50429153442383,32.21179962158203,32.258975982666016,20.65537452697754,38586852
1997-06-30,32.079708099365234,32.19764709472656,31.763629913330078,32.03725051879883,20.513402938842773,61521693
1997-07-01,32.263694763183594,33.21193313598633,32.17877960205078,32.85811233520508,21.03900146484375,126908166
1997-07-02,33.21193313598633,33.62708282470703,32.84395980834961,33.03266525268555,21.150766372680664,147523503
1997-07-03,32.92887878417969,33.11758041381836,32.55146789550781,32.692996978759766,20.933279037475586,77997217
1997-07-04,32.74017333984375,33.3062858581543,32.603363037109375,33.0137939453125,21.138681411743164,99928900
1997-07-07,33.5091438293457,33.76860809326172,33.325157165527344,33.37704849243164,21.37127685546875,89206826
1997-07-08,33.25910949707031,33.49498748779297,32.90528869628906,33.35346221923828,21.356168746948242,76777848
1997-07-09,33.674259185791016,33.72615051269531,33.320438385009766,33.44309616088867,21.41356658935547,72910419
1997-07-10,33.53744888305664,33.63180160522461,33.12701416015625,33.244956970214844,21.286697387695312,40180352
1997-07-11,33.03266525268555,33.35346221923828,32.891136169433594,33.08927536010742,21.187013626098633,58984918
1997-07-14,32.74960708618164,32.8533935546875,31.702299118041992,31.876850128173828,20.41069984436035,140021284
1997-07-15,31.9051570892334,32.57033920288086,31.749475479125977,32.45240020751953,20.77922821044922,106256794
1997-07-16,32.74017333984375,32.77791213989258,31.1975154876709,31.36734962463379,20.0844669342041,175433326
1997-07-17,31.18336296081543,32.070274353027344,31.070140838623047,31.782499313354492,20.350292205810547,210860206
1997-07-18,31.782499313354492,31.782499313354492,31.782499313354492,31.782499313354492,20.350292205810547,0
1997-07-21,30.994659423828125,31.107881546020508,30.343629837036133,30.73990821838379,19.682716369628906,142730816
1997-07-22,30.853130340576172,30.92389488220215,30.305889129638672,30.54648780822754,19.558866500854492,153152949
1997-07-23,31.032400131225586,31.36734962463379,30.85784912109375,31.178646087646484,19.96364402770996,71830421
1997-07-24,31.329608917236328,31.768346786499023,30.669143676757812,30.95220184326172,19.818645477294922,106837597
1997-07-25,30.669143676757812,30.749343872070312,29.86243438720703,30.154926300048828,19.308156967163086,107008234
1997-07-28,30.287019729614258,30.329477310180664,29.70675277709961,29.8765869140625,19.129940032958984,59975357
1997-07-29,29.758647918701172,30.070009231567383,29.50861358642578,29.99452781677246,19.2054500579834,72264964
1997-07-30,30.192665100097656,30.287019729614258,29.82469367980957,29.900175094604492,19.145038604736328,37440084
1997-07-31,30.070009231567383,30.754060745239258,29.937915802001953,30.664426803588867,19.634384155273438,94128816
1997-08-01,30.6502742767334,30.702167510986328,30.249277114868164,30.45213508605957,19.498458862304688,45953409
1997-08-04,30.706884384155273,31.49944305419922,30.574792861938477,30.92389488220215,19.800525665283203,101713704
1997-08-05,31.037118911743164,31.88628578186035,30.90974235534668,31.570207595825195,20.214353561401367,57840269
1997-08-06,32.532596588134766,32.532596588134766,31.716453552246094,32.04196548461914,20.516420364379883,9937247
1997-08-07,31.136186599731445,31.607948303222656,30.900306701660156,31.155057907104492,19.948537826538086,63735211
1997-08-08,30.9852237701416,31.06542205810547,30.527616500854492,30.64555549621582,19.62230110168457,46083242
1997-08-11,30.900306701660156,31.348478317260742,30.782367706298828,31.244691848754883,20.005931854248047,57232440
1997-08-12,31.32489013671875,31.702299118041992,30.758779525756836,31.032400131225586,19.869998931884766,58219699
1997-08-13,30.71160316467285,30.796520233154297,30.381370544433594,30.584228515625,19.583038330078125,29560025
1997-08-14,30.574792861938477,30.68329620361328,30.159643173217773,30.287019729614258,19.392732620239258,56476759
1997-08-15,30.287019729614258,30.287019729614258,30.287019729614258,30.287019729614258,19.392732620239258,0
1997-08-18,30.471004486083984,30.475723266601562,29.923763275146484,29.985092163085938,19.199411392211914,28959614
1997-08-19,29.933198928833008,30.26814842224121,29.725624084472656,29.886022567749023,19.135976791381836,47957605
1997-08-20,29.956785202026367,30.37193489074707,29.82469367980957,30.305889129638672,19.404815673828125,35255183
1997-08-21,30.513463973999023,31.39093780517578,29.96622085571289,30.055856704711914,19.24471664428711,77282341
1997-08-22,30.00396156311035,30.09831428527832,29.371803283691406,29.43313217163086,18.845991134643555,64378546
1997-08-25,29.2491455078125,29.291603088378906,28.39997673034668,29.008548736572266,18.574129104614258,72992028
1997-08-26,29.23499298095703,29.334062576293945,28.824560165405273,28.918912887573242,18.516735076904297,54988186
1997-08-27,29.145357131958008,29.66901206970215,29.145357131958008,29.220840454101562,18.710058212280273,38867715
1997-08-28,29.032136917114258,29.154794692993164,28.683032989501953,28.739643096923828,18.401952743530273,38501004
1997-08-29,28.574527740478516,28.574527740478516,26.729944229125977,26.762968063354492,17.136289596557617,132746935
1997-09-01,26.795991897583008,27.069612503051758,26.192138671875,26.64974594116211,17.06378936767578,98211926
1997-09-02,26.890344619750977,27.725358963012695,26.659181594848633,27.508350372314453,17.613554000854492,86461789
1997-09-03,27.9282169342041,28.35751724243164,27.46117401123047,27.69233512878418,17.731367111206055,133852369
1997-09-04,27.371538162231445,27.73479461669922,27.225292205810547,27.66874885559082,17.716259002685547,71891893
1997-09-05,27.819711685180664,27.98011016845703,27.649877548217773,27.909345626831055,17.870315551757812,53971780
1997-09-08,27.645160675048828,27.86216926574707,27.48476219177246,27.800840377807617,17.800840377807617,34495793
1997-09-09,27.833864212036133,27.947086334228516,27.465890884399414,27.635725021362305,17.695114135742188,43109805
1997-09-10,27.362104415893555,27.447021484375,26.814861297607422,26.899778366088867,17.223892211914062,54219787
1997-09-11,26.918649673461914,27.35266876220703,26.918649673461914,27.036588668823242,17.311485290527344,48542117
1997-09-12,26.810144424438477,26.87147331237793,26.536523818969727,26.786556243896484,17.15139389038086,55788380
1997-09-15,26.890344619750977,26.984695434570312,26.758251190185547,26.890344619750977,17.21784782409668,25115502
1997-09-16,27.022436141967773,27.442302703857422,26.99884796142578,27.126224517822266,17.368885040283203,56644747
1997-09-17,26.994131088256836,27.24888038635254,26.994131088256836,27.112070083618164,17.359817504882812,5908189
1997-09-18,26.616722106933594,26.748815536499023,26.003433227539062,26.20157241821289,16.77682876586914,59637792
1997-09-19,26.409147262573242,26.545957565307617,25.998716354370117,26.121374130249023,16.725475311279297,38331956
1997-09-22,25.97041130065918,26.041175842285156,25.49864959716797,25.564697265625,16.36903953552246,34821170
1997-09-23,25.4844970703125,25.83831787109375,25.404298782348633,25.682636260986328,16.44455337524414,38565125
1997-09-24,26.267620086669922,26.352537155151367,25.710941314697266,25.78642463684082,16.511005401611328,39384927
1997-09-25,25.593002319335938,26.041175842285156,25.569414138793945,25.989280700683594,16.640905380249023,39739450
1997-09-26,26.1119384765625,26.324230194091797,25.87605857849121,25.909082412719727,16.58955192565918,40074366
1997-09-29,26.135526657104492,26.574264526367188,25.960975646972656,26.267620086669922,16.81911849975586,46018591
1997-09-30,26.22987937927246,26.267620086669922,25.975128173828125,26.041175842285156,16.674121856689453,28416436
1997-10-01,26.088350296020508,26.088350296020508,25.36655616760254,25.687353134155273,16.447574615478516,41587316
1997-10-02,25.687353134155273,25.687353134155273,25.687353134155273,25.687353134155273,16.447574615478516,0
1997-10-03,25.687353134155273,25.687353134155273,25.687353134155273,25.687353134155273,16.447574615478516,0
1997-10-06,25.687353134155273,25.687353134155273,25.687353134155273,25.687353134155273,16.447574615478516,0
1997-10-07,25.687353134155273,25.687353134155273,25.687353134155273,25.687353134155273,16.447574615478516,0
1997-10-08,25.687353134155273,25.687353134155273,25.687353134155273,25.687353134155273,16.447574615478516,0
1997-10-09,25.427885055541992,25.975128173828125,25.333534240722656,25.92795181274414,16.60162925720215,37661065
1997-10-10,25.993999481201172,27.126224517822266,25.946823120117188,26.92336654663086,17.23899269104004,94034488
1997-10-13,27.069612503051758,27.55080795288086,26.512935638427734,26.602569580078125,17.033588409423828,63345182
1997-10-14,26.630874633789062,26.748815536499023,25.479780197143555,25.918516159057617,16.59558868408203,41681114
1997-10-15,26.22987937927246,26.59785270690918,26.144962310791016,26.413864135742188,16.912757873535156,28836140
1997-10-16,26.76768684387207,27.69233512878418,26.42801856994629,27.522502899169922,17.622617721557617,99276026
1997-10-17,27.640443801879883,27.730077743530273,27.088483810424805,27.305492401123047,17.483671188354492,65702841
1997-10-20,27.19698715209961,27.98482894897461,27.19698715209961,27.805559158325195,17.803855895996094,70934310
1997-10-21,27.838581085205078,27.881040573120117,26.541240692138672,26.99884796142578,17.287322998046875,80329968
1997-10-22,27.215858459472656,27.49891471862793,26.659181594848633,26.729944229125977,17.115144729614258,57161429
1997-10-23,26.56954574584961,27.14509391784668,25.673202514648438,25.946823120117188,16.613710403442383,64225396
1997-10-24,25.805295944213867,25.923234939575195,25.25333595275879,25.725095748901367,16.47173500061035,57441762
1997-10-27,25.663766860961914,26.159114837646484,25.4844970703125,25.85247039794922,16.553295135498047,48428712
1997-10-28,25.805295944213867,25.805295944213867,23.286094665527344,23.451210021972656,15.01577377319336,88032501
1997-10-29,24.04562759399414,25.75811767578125,24.04562759399414,25.385427474975586,16.254253387451172,64942921
1997-10-30,25.38071060180664,25.38071060180664,24.54569435119629,24.757986068725586,15.85250186920166,22133586
1997-10-31,24.757986068725586,24.757986068725586,24.757986068725586,24.757986068725586,15.85250186920166,0
1997-11-03,25.0033016204834,25.281639099121094,23.80031394958496,24.300378799438477,15.559497833251953,50148865
1997-11-04,24.43718910217285,24.80516242980957,24.0833683013916,24.507953643798828,15.692401885986328,51459912
1997-11-05,24.578716278076172,24.7108097076416,24.206026077270508,24.446624755859375,15.6531400680542,32918191
1997-11-06,24.352272033691406,24.616458892822266,23.932405471801758,24.512670516967773,15.695425033569336,42570866
1997-11-07,24.3758602142334,24.498517990112305,24.201309204101562,24.328683853149414,15.577620506286621,26372496
1997-11-10,24.201309204101562,24.390012741088867,24.111675262451172,24.253202438354492,15.529291152954102,20682637
1997-11-11,24.248485565185547,24.668352127075195,24.224897384643555,24.550411224365234,15.719592094421387,31931462
1997-11-12,24.53154182434082,24.578716278076172,23.88994789123535,23.97014617919922,15.348054885864258,36767073
1997-11-13,23.82390022277832,23.861642837524414,22.696392059326172,22.984167098999023,14.716729164123535,87330874
1997-11-14,22.984167098999023,22.984167098999023,22.984167098999023,22.984167098999023,14.716729164123535,0
1997-11-17,23.19645881652832,23.493667602539062,22.743568420410156,23.31439971923828,14.928177833557129,56668594
1997-11-18,23.304964065551758,23.304964065551758,22.724699020385742,22.96057891845703,14.701623916625977,46724987
1997-11-19,22.455795288085938,22.776592254638672,22.12556266784668,22.432207107543945,14.36330795288086,51318951
1997-11-20,22.38503074645996,22.644500732421875,21.899118423461914,22.460512161254883,14.38143253326416,43763739
1997-11-21,22.352008819580078,23.10682487487793,22.21991539001465,22.418054580688477,14.35424518585205,69007484
1997-11-24,22.271808624267578,22.36144256591797,20.851810455322266,20.851810455322266,13.351384162902832,79421668
1997-11-25,20.28569793701172,21.031078338623047,19.507293701171875,20.799915313720703,13.318154335021973,130783544
1997-11-26,21.696260452270508,21.700979232788086,20.20549774169922,20.45081329345703,13.094626426696777,75272846
1997-11-27,20.342309951782227,21.450946807861328,20.238521575927734,21.34244155883789,13.665535926818848,94266598
1997-11-28,21.191478729248047,21.191478729248047,20.45081329345703,20.658388137817383,13.227533340454102,79922452
1997-12-01,20.526294708251953,21.601909637451172,20.474401473999023,21.422639846801758,13.716889381408691,85599062
1997-12-02,21.597192764282227,21.842506408691406,20.851810455322266,21.361310958862305,13.67761516571045,87599018
1997-12-03,21.0924072265625,21.290546417236328,20.80935287475586,20.917856216430664,13.393671035766602,36681754
1997-12-04,20.762176513671875,21.13486671447754,20.295133590698242,20.436660766601562,13.085566520690918,58769237
1997-12-05,20.568754196166992,20.88483238220215,19.87526512145996,20.106428146362305,12.874114990234375,85782418
1997-12-08,20.148887634277344,20.64895248413086,19.74789047241211,20.53101348876953,13.145977020263672,84726268
1997-12-09,20.540447235107422,20.55931854248047,19.648820877075195,20.120580673217773,12.883177757263184,72512971
1997-12-10,19.82337188720703,20.144168853759766,19.351612091064453,19.60636329650879,12.553925514221191,77113823
1997-12-11,19.582775115966797,20.049816131591797,19.115732192993164,19.87998390197754,12.729119300842285,88205788
1997-12-12,19.898853302001953,20.314002990722656,19.634668350219727,19.936595916748047,12.765372276306152,64407162
1997-12-15,19.917724609375,20.23380470275879,19.7714786529541,20.17719268798828,12.919425010681152,28591313
1997-12-16,20.238521575927734,21.087690353393555,20.238521575927734,20.903703689575195,13.384613037109375,69518867
1997-12-17,21.18204116821289,21.266958236694336,20.851810455322266,21.125431060791016,13.526580810546875,42029808
1997-12-18,21.172607421875,21.465099334716797,20.974468231201172,21.0263614654541,13.46314811706543,58302368
1997-12-19,20.960315704345703,21.323570251464844,20.823503494262695,21.252805709838867,13.608141899108887,44904148
1997-12-22,21.40848731994629,22.158586502075195,21.370746612548828,21.922706604003906,14.037078857421875,59278499
1997-12-23,21.99346923828125,22.262374877929688,21.8660945892334,22.134998321533203,14.173008918762207,52000971
1997-12-24,21.884965896606445,21.936859130859375,21.474533081054688,21.884965896606445,14.01291275024414,46009052
1997-12-25,21.884965896606445,21.884965896606445,21.884965896606445,21.884965896606445,14.01291275024414,0
1997-12-26,21.98403549194336,22.72941780090332,21.9462947845459,22.658653259277344,14.508302688598633,72025965
1997-12-29,22.73885154724121,22.903968811035156,22.583171844482422,22.8284854888916,14.617042541503906,48666651
1997-12-30,22.899250030517578,23.01247215270996,22.408620834350586,22.644500732421875,14.499242782592773,48851067
1997-12-31,22.76715660095215,23.333269119262695,22.583171844482422,23.111543655395508,14.798287391662598,71978272
1998-01-01,22.932273864746094,23.347423553466797,22.856792449951172,23.243635177612305,14.882872581481934,37375962
1998-01-02,23.304964065551758,23.58802032470703,23.286094665527344,23.503103256225586,15.049004554748535,33278014
1998-01-05,23.672937393188477,23.790878295898438,23.267223358154297,23.36629295349121,14.961402893066406,43213141
1998-01-06,23.18230628967285,23.50782012939453,22.861509323120117,23.38044548034668,14.970464706420898,55791030
1998-01-07,23.300247192382812,23.767290115356445,23.078519821166992,23.385164260864258,14.973489761352539,58675439
1998-01-08,23.229482650756836,23.304964065551758,22.370878219604492,22.51712417602539,14.417683601379395,79614563
1998-01-09,22.366161346435547,22.366161346435547,21.74815559387207,22.068952560424805,14.130718231201172,90981032
1998-01-12,21.936859130859375,21.936859130859375,21.422639846801758,21.644367218017578,13.858858108520508,62938196
1998-01-13,21.771743774414062,22.342573165893555,21.771743774414062,22.177457809448242,14.20019245147705,53918787
1998-01-14,22.290679931640625,22.59732437133789,21.597192764282227,21.92742347717285,14.040099143981934,56434365
1998-01-15,21.818918228149414,22.36144256591797,21.691543579101562,22.252939224243164,14.24852466583252,64737838
1998-01-16,22.408620834350586,23.257787704467773,22.210479736328125,23.111543655395508,14.798287391662598,119515112
1998-01-19,23.295528411865234,24.366424560546875,23.295528411865234,24.300378799438477,15.559497833251953,106402524
1998-01-20,24.338119506835938,24.49380111694336,23.710678100585938,23.922969818115234,15.317839622497559,78919295
1998-01-21,23.77672576904297,23.95599365234375,23.521974563598633,23.64463233947754,15.139619827270508,43292631
1998-01-22,23.50782012939453,23.50782012939453,22.672805786132812,22.79546356201172,14.595901489257812,68849565
1998-01-23,22.757722854614258,23.09267234802246,22.61147689819336,22.927555084228516,14.680479049682617,55689283
1998-01-26,22.927555084228516,22.927555084228516,22.927555084228516,22.927555084228516,14.680479049682617,0
1998-01-27,23.097389221191406,23.097389221191406,22.526559829711914,22.696392059326172,14.532469749450684,44582480
1998-01-28,22.550148010253906,22.616193771362305,22.031211853027344,22.215198516845703,14.22435474395752,49112322
1998-01-29,22.106693267822266,22.432207107543945,21.936859130859375,22.356725692749023,14.314977645874023,37747443
1998-01-30,22.446359634399414,23.15871810913086,22.418054580688477,23.073802947998047,14.774126052856445,50426549
1998-02-02,23.116260528564453,23.389881134033203,22.984167098999023,23.295528411865234,14.91609001159668,37224932
1998-02-03,23.31439971923828,23.399316787719727,22.979450225830078,23.083236694335938,14.780159950256348,30884850
1998-02-04,23.163436889648438,23.21061134338379,22.432207107543945,22.550148010253906,14.438826560974121,53250016
1998-02-05,22.644500732421875,22.92283821105957,22.46523094177246,22.578453063964844,14.456950187683105,40868731
1998-02-06,22.63506507873535,22.998319625854492,22.620912551879883,22.837921142578125,14.623090744018555,32218154
1998-02-09,22.73885154724121,22.894533157348633,22.672805786132812,22.809616088867188,14.604961395263672,18261917
1998-02-10,22.70111083984375,22.72941780090332,22.41333770751953,22.4935359954834,14.402579307556152,24429773
1998-02-11,22.455795288085938,22.578453063964844,22.149150848388672,22.2010440826416,14.215293884277344,33626178
1998-02-12,22.149150848388672,22.408620834350586,22.106693267822266,22.36144256591797,14.318001747131348,22374174
1998-02-13,22.427490234375,22.73885154724121,22.32370376586914,22.672805786132812,14.517364501953125,22624301
1998-02-16,22.672805786132812,22.672805786132812,22.672805786132812,22.672805786132812,14.517364501953125,0
1998-02-17,22.83320426940918,23.10682487487793,22.776592254638672,22.875661849975586,14.647254943847656,22807127
1998-02-18,22.83320426940918,22.96529769897461,22.53127670288086,22.60675811767578,14.475077629089355,23829362
1998-02-19,22.59732437133789,22.96529769897461,22.59732437133789,22.79546356201172,14.595901489257812,18794497
1998-02-20,22.83320426940918,22.979450225830078,22.653934478759766,22.691675186157227,14.52944564819336,21228995
1998-02-23,22.691675186157227,23.531408309936523,22.653934478759766,23.24835205078125,14.885884284973145,29829229
1998-02-24,23.517255783081055,23.710678100585938,23.32855224609375,23.5361270904541,15.070146560668945,39012916
1998-02-25,23.77672576904297,23.984298706054688,23.611608505249023,23.91353416442871,15.311800003051758,30887499
1998-02-26,23.91825294494629,23.99373435974121,23.701242446899414,23.861642837524414,15.278573989868164,26871160
1998-02-27,23.871076583862305,24.32396697998047,23.871076583862305,24.196592330932617,15.4930419921875,36723619
1998-03-02,24.286226272583008,25.517520904541016,24.286226272583008,25.39486312866211,16.260295867919922,42917440
1998-03-03,25.26276969909668,25.38071060180664,24.248485565185547,24.644763946533203,15.780008316040039,31533484
1998-03-04,24.861774444580078,26.310077667236328,24.772138595581055,26.20157241821289,16.77682876586914,100214532
1998-03-05,26.050609588623047,26.083633422851562,25.593002319335938,25.710941314697266,16.462677001953125,48931616
1998-03-06,25.55054473876953,25.918516159057617,25.192005157470703,25.753400802612305,16.489870071411133,73937953
1998-03-09,25.894929885864258,26.220443725585938,25.710941314697266,26.031740188598633,16.6680850982666,46515665
1998-03-10,25.899646759033203,26.729944229125977,25.710941314697266,26.305360794067383,16.84328269958496,64902116
1998-03-11,26.409147262573242,26.70163917541504,25.57884979248047,25.843034744262695,16.547258377075195,58790964
1998-03-12,25.734529495239258,26.267620086669922,25.593002319335938,25.753400802612305,16.489870071411133,62439532
1998-03-13,25.753400802612305,25.753400802612305,25.753400802612305,25.753400802612305,16.489870071411133,0
1998-03-16,25.998716354370117,26.522369384765625,25.998716354370117,26.121374130249023,16.725475311279297,49201880
1998-03-17,26.06004524230957,26.064762115478516,25.710941314697266,25.918516159057617,16.59558868408203,34400405
1998-03-18,26.314796447753906,26.654462814331055,26.277055740356445,26.380842208862305,16.89161491394043,40468104
1998-03-19,26.489347457885742,26.682769775390625,26.041175842285156,26.144962310791016,16.740581512451172,41985823
1998-03-20,25.98456382751465,26.305360794067383,25.78642463684082,26.187419891357422,16.76776695251465,32475700
1998-03-23,26.272336959838867,26.50349998474121,26.272336959838867,26.413864135742188,16.912757873535156,6271191
1998-03-24,26.60728645324707,27.21114158630371,26.418582916259766,26.829015731811523,17.178573608398438,52779968
1998-03-25,26.890344619750977,27.385692596435547,26.84316635131836,27.281904220581055,17.468564987182617,38500474
1998-03-26,27.267751693725586,27.267751693725586,26.42801856994629,26.578981399536133,17.018484115600586,40929143
1998-03-27,26.56954574584961,26.937519073486328,26.409147262573242,26.890344619750977,17.21784782409668,34329925
1998-03-30,26.970542907714844,27.07904815673828,26.33366584777832,26.39971351623535,16.903696060180664,27997261
1998-03-31,26.324230194091797,26.60728645324707,26.159114837646484,26.314796447753906,16.849328994750977,38761199
1998-04-01,26.512935638427734,27.13094139099121,26.512935638427734,27.05545997619629,17.323575973510742,31204928
1998-04-02,27.168682098388672,27.267751693725586,26.84316635131836,26.932802200317383,17.24503517150879,29669190
1998-04-03,27.163965225219727,27.730077743530273,26.994131088256836,27.527219772338867,17.625638961791992,44649252
1998-04-06,27.73479461669922,27.909345626831055,27.428150177001953,27.61685562133789,17.683032989501953,28953255
1998-04-07,27.5932674407959,28.513198852539062,27.45645523071289,28.173532485961914,18.03946876525879,53313607
1998-04-08,28.173532485961914,28.173532485961914,28.173532485961914,28.173532485961914,18.03946876525879,0
1998-04-09,28.966089248657227,29.107616424560547,28.225425720214844,28.541505813598633,18.27508544921875,53385148
1998-04-10,28.418846130371094,28.871736526489258,28.239578247070312,28.442434310913086,18.211645126342773,59499480
1998-04-13,28.371671676635742,28.371671676635742,27.3668212890625,27.48476219177246,17.598451614379883,49381527
1998-04-14,27.48476219177246,27.48476219177246,27.48476219177246,27.48476219177246,17.598451614379883,0
1998-04-15,28.25844955444336,28.815126419067383,28.211273193359375,28.650009155273438,18.344560623168945,61226522
1998-04-16,28.541505813598633,28.56981086730957,27.881040573120117,27.975391387939453,17.912595748901367,40062178
1998-04-17,27.965957641601562,28.16409683227539,27.715923309326172,28.102767944335938,17.99416160583496,32673364
1998-04-20,28.116920471191406,28.39997673034668,27.857452392578125,27.94236946105957,17.89145851135254,36048488
1998-04-21,28.02256965637207,28.376388549804688,27.937652587890625,28.173532485961914,18.03946876525879,39801452
1998-04-22,28.49432945251465,28.852867126464844,27.871604919433594,27.965957641601562,17.90656089782715,37722537
1998-04-23,27.9282169342041,28.107484817504883,27.371538162231445,27.494197845458984,17.604496002197266,31123848
1998-04-24,27.53665542602539,27.961240768432617,27.036588668823242,27.85273551940918,17.83406639099121,46892445
1998-04-27,27.9282169342041,28.041439056396484,27.60270118713379,27.73479461669922,17.75855255126953,30171564
1998-04-28,27.65459442138672,27.833864212036133,27.503631591796875,27.65459442138672,17.707195281982422,29254255
1998-04-29,28.116920471191406,28.352800369262695,26.937519073486328,27.05074119567871,17.320552825927734,66533241
1998-04-30,26.984695434570312,27.338516235351562,26.762968063354492,27.18283462524414,17.405128479003906,32774050
1998-05-01,27.18283462524414,27.18283462524414,27.18283462524414,27.18283462524414,17.405128479003906,0
1998-05-04,27.253599166870117,27.55080795288086,27.126224517822266,27.291339874267578,17.474605560302734,19825211
1998-05-05,27.192270278930664,27.347951889038086,27.008283615112305,27.253599166870117,17.450439453125,28034356
1998-05-06,27.45645523071289,27.45645523071289,26.442171096801758,26.61200523376465,17.039630889892578,39291129
1998-05-07,26.61200523376465,26.61200523376465,26.61200523376465,26.61200523376465,17.039630889892578,0
1998-05-08,26.512935638427734,26.60728645324707,26.144962310791016,26.234596252441406,16.797971725463867,34012497
1998-05-11,26.144962310791016,26.413864135742188,26.1260929107666,26.286489486694336,16.83120346069336,19519441
1998-05-12,26.23931312561035,26.23931312561035,24.833467483520508,24.904232025146484,15.94614315032959,58196382
1998-05-13,24.908950805664062,25.097654342651367,24.069215774536133,24.210744857788086,15.502105712890625,39260393
1998-05-14,24.111675262451172,24.80516242980957,23.927688598632812,24.7108097076416,15.822298049926758,45466404
1998-05-15,24.809879302978516,24.838186264038086,23.738983154296875,23.828617095947266,15.257428169250488,62078649
1998-05-18,23.927688598632812,24.44190788269043,23.833335876464844,24.13998031616211,15.456793785095215,43951864
1998-05-19,24.154132843017578,24.286226272583008,23.762571334838867,23.97014617919922,15.348054885864258,43381659
1998-05-20,24.158851623535156,24.71552848815918,24.064498901367188,24.592870712280273,15.746776580810547,42862328
1998-05-21,24.701374053955078,24.701374053955078,23.899381637573242,24.03619384765625,15.390340805053711,37010841
1998-05-22,24.012605667114258,24.290943145751953,23.894664764404297,24.2296142578125,15.51418399810791,28039656
1998-05-25,23.989017486572266,24.130544662475586,23.729549407958984,24.00788688659668,15.372215270996094,15798803
1998-05-26,23.91825294494629,23.965429306030273,23.484233856201172,23.569150924682617,15.091291427612305,39992227
1998-05-27,23.578584671020508,23.767290115356445,23.116260528564453,23.205894470214844,14.85870361328125,31019452
1998-05-28,23.1209774017334,23.47007942199707,22.894533157348633,22.951143264770508,14.695581436157227,25630594
1998-05-29,22.9086856842041,23.24835205078125,22.276527404785156,22.842639923095703,14.62610912322998,36435867
1998-06-01,23.021907806396484,23.38044548034668,22.196327209472656,22.318984985351562,14.290812492370605,32254189
1998-06-02,22.267091751098633,22.446359634399414,21.333005905151367,21.44622802734375,13.731988906860352,38690719
1998-06-03,21.700979232788086,21.700979232788086,19.686561584472656,20.36117935180664,13.037232398986816,85560908
1998-06-04,20.40363883972168,20.436660766601562,19.634668350219727,19.809219360351562,12.683810234069824,69790191
1998-06-05,19.677127838134766,19.677127838134766,18.691146850585938,18.8090877532959,12.04343032836914,70238511
1998-06-08,18.87041664123535,19.059120178222656,17.64383888244629,18.431678771972656,11.801775932312012,79378214
1998-06-09,18.681711196899414,19.32802391052246,18.030683517456055,18.93646240234375,12.12498950958252,72020136
1998-06-10,19.011943817138672,19.247825622558594,18.044836044311523,18.224105834960938,11.668868064880371,49504470
1998-06-11,17.9552001953125,18.681711196899414,17.45985221862793,18.592077255249023,11.904481887817383,54003576
1998-06-12,18.686429977416992,19.337459564208984,18.686429977416992,19.19593048095703,12.291123390197754,45911545
1998-06-15,18.964767456054688,19.007226943969727,18.068424224853516,18.139188766479492,11.614496231079102,36799928
1998-06-16,18.025964736938477,18.488290786743164,17.45985221862793,18.384502410888672,11.77156925201416,43553886
1998-06-17,18.681711196899414,20.219650268554688,18.681711196899414,20.148887634277344,12.901307106018066,63871403
1998-06-18,20.549882888793945,20.85652732849121,19.648820877075195,19.82809066772461,12.695893287658691,79166242
1998-06-19,19.8516788482666,19.90357208251953,19.049684524536133,19.181777954101562,12.282063484191895,66917440
1998-06-22,19.021379470825195,19.021379470825195,17.738191604614258,18.5826416015625,11.8984375,43083309
1998-06-23,18.398656845092773,19.389352798461914,18.25712776184082,19.313871383666992,12.366641998291016,50712711
1998-06-24,19.34217643737793,19.719585418701172,19.181777954101562,19.59221076965332,12.794886589050293,32517564
1998-06-25,19.653539657592773,20.068687438964844,19.57805633544922,19.936595916748047,13.019787788391113,36115259
1998-06-26,19.946029663085938,19.946029663085938,19.464834213256836,19.634668350219727,12.822612762451172,30385656
1998-06-29,19.56390380859375,20.082841873168945,19.488422393798828,20.01207733154297,13.069086074829102,34728432
1998-06-30,20.09699249267578,20.36117935180664,19.813936233520508,20.054534912109375,13.096810340881348,46821435
1998-07-01,19.729019165039062,19.908288955688477,19.280847549438477,19.59221076965332,12.794886589050293,44085406
1998-07-02,19.46011734008789,19.625232696533203,19.34217643737793,19.38463592529297,12.65932559967041,19757380
1998-07-03,19.450681686401367,19.478986740112305,18.7288875579834,18.823240280151367,12.292702674865723,35735829
1998-07-06,18.955333709716797,19.719585418701172,18.92230987548828,19.573339462280273,12.782560348510742,38615469
1998-07-07,19.648820877075195,20.66310691833496,19.648820877075195,20.3989200592041,13.321718215942383,85180418
1998-07-08,20.332874298095703,20.757457733154297,20.00735855102539,20.23380470275879,13.213885307312012,53548366
1998-07-09,20.30928611755371,20.464967727661133,20.115863800048828,20.23380470275879,13.213885307312012,31872109
1998-07-10,20.37533187866211,21.691543579101562,20.33759117126465,21.502838134765625,14.042637825012207,106057540
1998-07-13,21.559450149536133,21.818918228149414,20.30928611755371,20.47911834716797,13.374090194702148,92955551
1998-07-14,20.37533187866211,20.795198440551758,20.196062088012695,20.50270652770996,13.389492988586426,59436948
1998-07-15,20.757457733154297,21.1065616607666,20.026229858398438,20.148887634277344,13.158432960510254,58207511
1998-07-16,20.36117935180664,20.851810455322266,20.030946731567383,20.785764694213867,13.574345588684082,50463644
1998-07-17,20.83293914794922,21.08297348022461,20.42722511291504,20.521577835083008,13.401817321777344,52870056
1998-07-20,20.615930557250977,20.710281372070312,19.93187713623047,20.016794204711914,13.072166442871094,32222393
1998-07-21,20.030946731567383,20.181909561157227,19.488422393798828,19.554468154907227,12.770236015319824,43418754
1998-07-22,19.71014976501465,19.9837703704834,19.530881881713867,19.6912784576416,12.859580039978027,37840181
1998-07-23,19.766761779785156,19.78563117980957,18.743040084838867,18.84682846069336,12.308106422424316,44347192
1998-07-24,18.87041664123535,19.445964813232422,18.643970489501953,19.129884719848633,12.492960929870605,64750026
1998-07-27,19.238388061523438,19.370481491088867,18.172210693359375,18.365633010864258,11.993855476379395,47258097
1998-07-28,18.30902099609375,19.1440372467041,18.30902099609375,19.007226943969727,12.412856101989746,52470489
1998-07-29,19.32802391052246,19.582775115966797,18.776063919067383,19.46955108642578,12.714777946472168,49000507
1998-07-30,19.52616310119629,19.69599723815918,19.210084915161133,19.403505325317383,12.671648025512695,44115612
1998-07-31,19.51201057434082,20.049816131591797,19.51201057434082,19.795066833496094,12.927364349365234,48957583
1998-08-03,19.625232696533203,19.625232696533203,18.61094856262207,19.111013412475586,12.480635643005371,35140718
1998-08-04,18.993074417114258,19.33274269104004,18.993074417114258,19.17234230041504,12.520689010620117,23909381
1998-08-05,18.964767456054688,19.455398559570312,18.710018157958984,19.271413803100586,12.58538818359375,37136964
1998-08-06,19.389352798461914,19.568622589111328,18.964767456054688,19.08270835876465,12.46214771270752,34762878
1998-08-07,19.059120178222656,19.228954315185547,18.851545333862305,19.007226943969727,12.412856101989746,34896420
1998-08-10,18.823240280151367,18.92230987548828,18.57320785522461,18.658124923706055,12.184868812561035,26341230
1998-08-11,18.64868927001953,18.719453811645508,18.332609176635742,18.42696189880371,12.03390884399414,25633773
1998-08-12,18.12503433227539,18.318456649780273,17.78536605834961,17.94576644897461,11.7196626663208,40390204
1998-08-13,17.922178268432617,18.587360382080078,17.804237365722656,18.379785537719727,12.00309944152832,41312282
1998-08-14,18.398656845092773,18.474138259887695,18.07314109802246,18.110881805419922,11.827488899230957,26502859
1998-08-17,18.209951400756836,18.37506866455078,17.85141372680664,17.90330696105957,11.69193172454834,24503963
1998-08-18,17.974071502685547,17.974071502685547,17.181514739990234,17.271148681640625,11.279091835021973,49391595
1998-08-19,17.360782623291016,17.926895141601562,16.89845848083496,17.22397232055664,11.248283386230469,53822870
1998-08-20,17.44569969177246,18.209951400756836,17.20038414001465,18.096729278564453,11.818243980407715,59798890
1998-08-21,18.02124786376953,18.1156005859375,17.233407974243164,17.351348876953125,11.33146858215332,63054250
1998-08-24,17.26643180847168,17.44569969177246,16.955068588256836,17.389089584350586,11.356114387512207,41142705
1998-08-25,17.478723526000977,17.71932029724121,17.417394638061523,17.634403228759766,11.516321182250977,32949987
1998-08-26,17.634403228759766,17.634403228759766,17.634403228759766,17.634403228759766,11.516321182250977,0
1998-08-27,17.879718780517578,18.1156005859375,17.54948616027832,17.714603424072266,11.568694114685059,44093885
1998-08-28,17.51174545288086,17.51174545288086,16.983375549316406,17.077726364135742,11.152776718139648,41041488
1998-08-31,17.10603141784668,17.398523330688477,17.063573837280273,17.23812484741211,11.257529258728027,27554240
1998-09-01,17.20038414001465,17.20038414001465,16.605966567993164,16.804105758666992,10.974089622497559,31287067
1998-09-02,17.077726364135742,17.252277374267578,17.0069637298584,17.157926559448242,11.205153465270996,20362030
1998-09-03,17.139055252075195,17.44569969177246,17.03055191040039,17.181514739990234,11.220558166503906,31386694
1998-09-04,17.26643180847168,17.870283126831055,17.26643180847168,17.766496658325195,11.60258674621582,43341914
1998-09-07,17.91745948791504,19.129884719848633,17.91745948791504,19.01666259765625,12.419020652770996,79716839
1998-09-08,19.059120178222656,19.34217643737793,18.7288875579834,19.210084915161133,12.54533576965332,42518403
1998-09-09,19.530881881713867,19.719585418701172,19.040250778198242,19.148754119873047,12.505280494689941,45372606
1998-09-10,19.087425231933594,19.478986740112305,18.993074417114258,19.25254249572754,12.573063850402832,50659188
1998-09-11,19.167625427246094,19.167625427246094,18.639253616333008,18.761911392211914,12.25265121459961,37386561
1998-09-14,18.865699768066406,19.52616310119629,18.865699768066406,19.43181037902832,12.690132141113281,41972575
1998-09-15,19.389352798461914,19.39406967163086,19.06855583190918,19.129884719848633,12.492960929870605,34707765
1998-09-16,19.34217643737793,19.856395721435547,18.92702865600586,18.983638763427734,12.397451400756836,37800436
1998-09-17,18.964767456054688,19.087425231933594,18.64868927001953,18.710018157958984,12.218762397766113,39034113
1998-09-18,18.64868927001953,18.64868927001953,18.408090591430664,18.554336547851562,12.117088317871094,28723265
1998-09-21,18.681711196899414,18.865699768066406,18.327892303466797,18.42696189880371,12.03390884399414,23782728
1998-09-22,18.32317352294922,18.436397552490234,18.082576751708984,18.158058166503906,11.85830020904541,38811543
1998-09-23,18.35148048400879,18.823240280151367,18.35148048400879,18.667558670043945,12.191031455993652,34214400
1998-09-24,18.842111587524414,19.714868545532227,18.842111587524414,19.596927642822266,12.797964096069336,67964582
1998-09-25,19.766761779785156,20.13945198059082,19.639385223388672,19.93187713623047,13.016709327697754,70284615
1998-09-28,20.02151107788086,20.09699249267578,19.493139266967773,19.56390380859375,12.776400566101074,48698447
1998-09-29,19.714868545532227,19.813936233520508,19.011943817138672,19.115732192993164,12.483717918395996,41334540
1998-09-30,19.153472900390625,19.153472900390625,18.747758865356445,18.960050582885742,12.382047653198242,42280994
1998-10-01,18.960050582885742,18.960050582885742,18.960050582885742,18.960050582885742,12.382047653198242,0
1998-10-02,18.960050582885742,18.960050582885742,18.960050582885742,18.960050582885742,12.382047653198242,0
1998-10-05,18.88456916809082,18.88456916809082,17.44569969177246,17.44569969177246,11.393085479736328,36862990
1998-10-06,17.129619598388672,17.31360626220703,16.096464157104492,16.497461318969727,10.773829460144043,60932941
1998-10-07,16.752212524414062,17.091880798339844,16.502178192138672,17.03998565673828,11.128129959106445,72477996
1998-10-08,17.077726364135742,17.17207908630371,15.686034202575684,15.785102844238281,10.308614730834961,89400250
1998-10-09,15.690751075744629,16.186100006103516,15.638856887817383,15.766233444213867,10.296292304992676,76921459
1998-10-12,15.992677688598633,16.275733947753906,15.0114164352417,15.200119972229004,9.92658805847168,73581310
1998-10-13,15.110486030578613,15.379388809204102,14.3509521484375,14.520785331726074,9.482940673828125,95105477
1998-10-14,15.001980781555176,15.686034202575684,14.733077049255371,15.65772819519043,10.225432395935059,73220428
1998-10-15,15.686034202575684,15.686034202575684,15.001980781555176,15.148226737976074,9.89269733428955,71577115
1998-10-16,15.275602340698242,15.426565170288086,14.737794876098633,15.058591842651367,9.834160804748535,65340898
1998-10-19,15.072745323181152,15.096332550048828,14.728360176086426,14.813277244567871,9.67395305633545,16583099
1998-10-20,14.766100883483887,14.817994117736816,14.133941650390625,14.336798667907715,9.362786293029785,55122788
1998-10-21,14.336798667907715,14.336798667907715,14.336798667907715,14.336798667907715,9.362786293029785,0
1998-10-22,14.836865425109863,14.836865425109863,14.247163772583008,14.44058609008789,9.430566787719727,49740289
1998-10-23,14.270751953125,14.931217193603516,14.214140892028809,14.671749114990234,9.581527709960938,75823974
1998-10-26,14.775535583496094,15.662445068359375,14.775535583496094,15.502046585083008,10.123763084411621,73332243
1998-10-27,15.591680526733398,15.662445068359375,15.115202903747559,15.351083755493164,10.025172233581543,53245776
1998-10-28,15.643574714660645,15.733209609985352,14.884040832519531,15.006697654724121,9.800271987915039,60238202
1998-10-29,14.907629013061523,15.167097091674805,14.634008407592773,15.0114164352417,9.803351402282715,58388747
1998-10-30,15.171814918518066,15.398260116577148,14.728360176086426,14.813277244567871,9.67395305633545,83748017
1998-11-02,14.619854927062988,14.704771995544434,14.077329635620117,14.270751953125,9.319655418395996,72660292
1998-11-03,14.2377290725708,14.289623260498047,14.082048416137695,14.190552711486816,9.267279624938965,74371965
1998-11-04,14.190552711486816,14.190552711486816,14.190552711486816,14.190552711486816,9.267279624938965,0
1998-11-05,14.223575592041016,14.459456443786621,14.166964530944824,14.388691902160645,9.39667797088623,56751263
1998-11-06,14.42171573638916,14.737794876098633,14.388691902160645,14.690619468688965,9.593852996826172,65944489
1998-11-09,14.775535583496094,15.737927436828613,14.775535583496094,15.431282997131348,10.07755184173584,79794739
1998-11-10,15.469023704528809,15.82756233215332,15.190685272216797,15.619986534118652,10.200783729553223,57210182
1998-11-11,16.011547088623047,16.030418395996094,15.256731986999512,15.365236282348633,10.034418106079102,65817306
1998-11-12,15.21899127960205,15.653010368347168,14.964240074157715,15.535070419311523,10.145330429077148,89164961
1998-11-13,15.530352592468262,15.530352592468262,15.200119972229004,15.256731986999512,9.9635591506958,67062641
1998-11-16,15.223708152770996,15.327495574951172,14.973674774169922,15.101051330566406,9.86189079284668,50685684
1998-11-17,15.105768203735352,15.308625221252441,15.077463150024414,15.195403099060059,9.923508644104004,42728255
1998-11-18,15.313343048095703,15.770950317382812,15.289754867553711,15.733209609985352,10.274724960327148,63410893
1998-11-19,15.704903602600098,15.756797790527344,15.28503704071045,15.28503704071045,9.98204231262207,58540307
1998-11-20,15.332213401794434,15.379388809204102,15.08218002319336,15.185967445373535,9.917346000671387,45256551
1998-11-23,15.157662391662598,15.157662391662598,14.718925476074219,14.770817756652832,9.646225929260254,42630748
1998-11-24,14.860452651977539,14.992546081542969,14.728360176086426,14.780253410339355,9.65239143371582,42782308
1998-11-25,14.780253410339355,14.780253410339355,14.780253410339355,14.780253410339355,9.65239143371582,0
1998-11-26,14.62457275390625,14.851017951965332,14.317928314208984,14.365103721618652,9.381271362304688,40173993
1998-11-27,14.322646141052246,14.416997909545898,14.11035442352295,14.294340133666992,9.335060119628906,49166905
1998-11-30,13.968826293945312,14.190552711486816,13.747097969055176,14.190552711486816,9.267279624938965,56808496
1998-12-01,14.096200942993164,14.289623260498047,14.01600170135498,14.11035442352295,9.2149076461792,42799266
1998-12-02,14.34151554107666,14.591548919677734,14.317928314208984,14.398127555847168,9.402837753295898,61781359
1998-12-03,14.435868263244629,14.435868263244629,14.162246704101562,14.25188159942627,9.307331085205078,43268784
1998-12-04,14.204706192016602,14.530220031738281,14.020718574523926,14.492480278015137,9.464457511901855,64933912
1998-12-07,14.539655685424805,14.789689064025879,14.464174270629883,14.770817756652832,9.646225929260254,42543840
1998-12-08,14.718925476074219,15.025568962097168,14.634008407592773,14.983110427856445,9.784871101379395,49628474
1998-12-09,15.068026542663574,15.129356384277344,14.794405937194824,14.813277244567871,9.67395305633545,45594117
1998-12-10,14.87932300567627,14.992546081542969,14.737794876098633,14.822711944580078,9.680120468139648,28324228
1998-12-11,14.87932300567627,14.992546081542969,14.775535583496094,14.935934066772461,9.754059791564941,29777826
1998-12-14,14.954805374145508,15.266166687011719,14.884040832519531,14.935934066772461,9.754059791564941,51541521
1998-12-15,14.832146644592285,14.884040832519531,14.586832046508789,14.586832046508789,9.526074409484863,37917551
1998-12-16,14.610420227050781,14.648160934448242,14.393409729003906,14.648160934448242,9.56612491607666,29411644
1998-12-17,14.247163772583008,14.51134967803955,14.058460235595703,14.105635643005371,9.211823463439941,50667667
1998-12-18,14.058460235595703,14.294340133666992,14.058460235595703,14.242446899414062,9.301169395446777,29009428
1998-12-21,14.47360897064209,14.652877807617188,14.398127555847168,14.577397346496582,9.519913673400879,30715272
1998-12-22,14.662313461303711,14.662313461303711,14.412280082702637,14.549091339111328,9.501425743103027,25152067
1998-12-23,14.718925476074219,14.860452651977539,14.459456443786621,14.459456443786621,9.442889213562012,34585881
1998-12-24,14.34151554107666,14.435868263244629,14.261317253112793,14.322646141052246,9.353544235229492,32452913
1998-12-25,14.322646141052246,14.322646141052246,14.322646141052246,14.322646141052246,9.353544235229492,0
1998-12-28,14.742512702941895,14.954805374145508,14.600984573364258,14.80855941772461,9.67087459564209,44456357
1998-12-29,14.756665229797363,15.001980781555176,14.44058609008789,14.898194313049316,9.729412078857422,41827374
1998-12-30,15.294471740722656,15.629422187805176,15.28503704071045,15.473740577697754,10.105279922485352,62841844
1998-12-31,15.426565170288086,15.450153350830078,14.869888305664062,14.869888305664062,9.71092700958252,44149814
1999-01-01,14.954805374145508,15.096332550048828,14.737794876098633,15.096332550048828,9.858807563781738,44887985
1999-01-04,15.360519409179688,15.445435523986816,15.096332550048828,15.200119972229004,9.92658805847168,40292040
1999-01-05,15.247296333312988,15.247296333312988,14.926499366760254,15.204837799072266,9.929670333862305,44475011
1999-01-06,15.426565170288086,15.440717697143555,15.058591842651367,15.171814918518066,9.908102989196777,32279562
1999-01-07,15.237860679626465,16.341779708862305,15.204837799072266,16.134206771850586,10.536603927612305,148386049
1999-01-08,16.605966567993164,17.426828384399414,16.384239196777344,17.426828384399414,11.380762100219727,113615932
1999-01-11,17.64383888244629,18.681711196899414,17.129619598388672,17.653274536132812,11.528645515441895,139213363
1999-01-12,17.31832504272461,17.676862716674805,16.983375549316406,17.389089584350586,11.356114387512207,87081489
1999-01-13,17.728755950927734,17.926895141601562,16.983375549316406,17.110750198364258,11.174341201782227,85903105
1999-01-14,16.59653091430664,17.058855056762695,16.511613845825195,16.747493743896484,10.937113761901855,55224609
1999-01-15,16.747493743896484,16.978656768798828,16.143640518188477,16.228557586669922,10.598219871520996,51492789
1999-01-18,16.379520416259766,16.379520416259766,15.780385971069336,16.271015167236328,10.625946998596191,38015556
1999-01-19,16.157794952392578,16.186100006103516,15.568093299865723,15.568093299865723,10.166897773742676,41729835
1999-01-20,15.568093299865723,15.568093299865723,15.568093299865723,15.568093299865723,10.166897773742676,0
1999-01-21,15.756797790527344,16.0870304107666,15.502046585083008,16.039854049682617,10.474985122680664,41303316
1999-01-22,16.134206771850586,16.643707275390625,16.091747283935547,16.181381225585938,10.567411422729492,44123667
1999-01-25,15.756797790527344,15.978525161743164,15.346365928649902,15.671880722045898,10.2346773147583,40418291
1999-01-26,15.671880722045898,15.671880722045898,15.671880722045898,15.671880722045898,10.2346773147583,0
1999-01-27,15.803974151611328,16.308757781982422,15.709622383117676,15.945502281188965,10.413366317749023,48738128
1999-01-28,15.945502281188965,16.186100006103516,15.54450511932373,15.841713905334473,10.345588684082031,38436766
1999-01-29,15.874737739562988,15.945502281188965,15.605834007263184,15.756797790527344,10.290131568908691,28435365
1999-02-01,15.572811126708984,15.65772819519043,15.195403099060059,15.195403099060059,9.923508644104004,25650392
1999-02-02,15.148226737976074,15.228425979614258,14.671749114990234,14.789689064025879,9.658551216125488,37720544
1999-02-03,15.096332550048828,15.096332550048828,14.761383056640625,15.006697654724121,9.800271987915039,24612418
1999-02-04,15.0114164352417,15.086897850036621,14.586832046508789,14.652877807617188,9.569206237792969,19774698
1999-02-05,14.671749114990234,14.71420669555664,14.355669021606445,14.412280082702637,9.412081718444824,23685348
1999-02-08,14.435868263244629,14.47360897064209,13.992414474487305,13.992414474487305,9.137883186340332,22145742
1999-02-09,13.96410846710205,14.459456443786621,13.893343925476074,14.459456443786621,9.442889213562012,35707510
1999-02-10,14.530220031738281,14.558526039123535,14.256599426269531,14.539655685424805,9.495265007019043,28013700
1999-02-11,14.62457275390625,15.077463150024414,14.355669021606445,14.709488868713379,9.606178283691406,58158736
1999-02-12,14.718925476074219,14.836865425109863,14.539655685424805,14.62457275390625,9.550722122192383,29091270
1999-02-15,14.648160934448242,14.709488868713379,14.209423065185547,14.209423065185547,9.279603958129883,23718638
1999-02-16,14.166964530944824,14.34151554107666,14.06789493560791,14.19998836517334,9.273442268371582,32921275
1999-02-17,14.336798667907715,14.501914978027344,14.011283874511719,14.209423065185547,9.279603958129883,33358362
1999-02-18,14.247163772583008,14.803841590881348,14.166964530944824,14.483043670654297,9.458291053771973,44882156
1999-02-19,14.62457275390625,15.162379264831543,14.582114219665527,14.67646598815918,9.584609985351562,59831375
1999-02-22,14.662313461303711,14.728360176086426,14.176400184631348,14.209423065185547,9.279603958129883,31409936
1999-02-23,14.152812004089355,14.19998836517334,13.883909225463867,14.171683311462402,9.254958152770996,37474402
1999-02-24,14.34151554107666,14.47360897064209,14.166964530944824,14.294340133666992,9.335060119628906,26379809
1999-02-25,14.209423065185547,14.464174270629883,14.077329635620117,14.096200942993164,9.205663681030273,27120980
1999-02-26,14.091483116149902,14.143377304077148,13.596135139465332,13.822580337524414,9.026972770690918,43648002
1999-03-01,14.416997909545898,15.176531791687012,14.299057960510254,15.162379264831543,9.901942253112793,74864811
1999-03-02,15.162379264831543,15.162379264831543,15.162379264831543,15.162379264831543,9.901942253112793,0
1999-03-03,16.223840713500977,16.379520416259766,15.921914100646973,16.214405059814453,10.588977813720703,72882608
1999-03-04,16.370086669921875,17.195667266845703,15.775668144226074,16.983375549316406,11.091163635253906,122270091
1999-03-05,17.03998565673828,18.342044830322266,16.855998992919922,18.342044830322266,11.978453636169434,174217921
1999-03-08,18.577924728393555,19.809219360351562,18.49300765991211,19.809219360351562,12.936602592468262,147725841
1999-03-09,20.19134521484375,21.39433479309082,20.19134521484375,21.39433479309082,13.971783638000488,105025819
1999-03-10,21.68210792541504,21.700979232788086,19.686561584472656,19.686561584472656,12.856504440307617,112676959
1999-03-11,19.813936233520508,20.276262283325195,19.06855583190918,19.351612091064453,12.637758255004883,135128302
1999-03-12,19.483705520629883,20.903703689575195,19.16290855407715,20.903703689575195,13.651371002197266,135314043
1999-03-15,20.757457733154297,22.106693267822266,20.290414810180664,21.729284286499023,14.190521240234375,143553373
1999-03-16,21.559450149536133,22.144433975219727,20.58290672302246,20.66310691833496,13.494246482849121,99399892
1999-03-17,20.851810455322266,21.285829544067383,19.625232696533203,19.757326126098633,12.902715682983398,79336721
1999-03-18,19.950748443603516,21.337722778320312,19.832807540893555,21.337722778320312,13.934810638427734,160786188
1999-03-19,21.427358627319336,21.63021469116211,20.78104591369629,21.559450149536133,14.079609870910645,118643303
1999-03-22,21.13486671447754,21.219783782958984,20.578189849853516,20.76689338684082,13.562020301818848,49996320
1999-03-23,20.710281372070312,21.465099334716797,20.63479995727539,21.035797119140625,13.737632751464844,75969853
1999-03-24,21.205629348754883,21.550016403198242,19.82337188720703,20.58290672302246,13.441868782043457,55455913
1999-03-25,20.332874298095703,20.549882888793945,19.54975128173828,19.714868545532227,12.874990463256836,50480983
1999-03-26,19.714868545532227,20.002641677856445,19.34217643737793,19.705432891845703,12.868824005126953,33491173
1999-03-29,19.705432891845703,19.705432891845703,19.705432891845703,19.705432891845703,12.868824005126953,0
1999-03-30,19.648820877075195,19.813936233520508,19.096860885620117,19.43181037902832,12.690132141113281,50625951
1999-03-31,19.620515823364258,20.823503494262695,19.455398559570312,20.106428146362305,13.13070011138916,79490506
1999-04-01,20.002641677856445,20.22908592224121,19.51201057434082,19.51201057434082,12.742507934570312,38100016
1999-04-02,19.51201057434082,19.51201057434082,19.51201057434082,19.51201057434082,12.742507934570312,0
1999-04-05,18.776063919067383,18.776063919067383,17.9552001953125,17.9552001953125,11.725821495056152,35823691
1999-04-06,17.464569091796875,17.738191604614258,17.03055191040039,17.455135345458984,11.399250030517578,44830901
1999-04-07,17.54948616027832,18.1014461517334,17.233407974243164,17.407958984375,11.368436813354492,36867537
1999-04-08,17.455135345458984,17.624969482421875,16.89845848083496,16.945634841918945,11.066511154174805,23510778
1999-04-09,16.955068588256836,17.025833129882812,16.04928970336914,16.077594757080078,10.499631881713867,32479780
1999-04-12,15.954936981201172,15.992677688598633,15.303908348083496,15.700185775756836,10.25316047668457,26422044
1999-04-13,15.402976989746094,15.752079963684082,15.388824462890625,15.553940773010254,10.15765380859375,21394397
1999-04-14,15.553940773010254,15.553940773010254,15.553940773010254,15.553940773010254,10.15765380859375,0
1999-04-15,14.766100883483887,15.28503704071045,14.766100883483887,15.134074211120605,9.88345718383789,20303176
1999-04-16,15.275602340698242,16.346498489379883,15.21899127960205,16.346498489379883,10.675241470336914,32268423
1999-04-19,15.369954109191895,16.030418395996094,15.105768203735352,15.733209609985352,10.274724960327148,32764533
1999-04-20,15.803974151611328,16.511613845825195,15.398260116577148,15.89832592010498,10.38255786895752,55635230
1999-04-21,15.89832592010498,15.992677688598633,15.520916938781738,15.638856887817383,10.213109970092773,23234388
1999-04-22,15.61526870727539,15.770950317382812,15.025568962097168,15.195403099060059,9.923508644104004,26241646
1999-04-23,15.28503704071045,15.5586576461792,14.822711944580078,15.143508911132812,9.889616012573242,29844777
1999-04-26,14.34151554107666,14.62457275390625,13.935802459716797,13.935802459716797,9.100912094116211,36456523
1999-04-27,13.935802459716797,13.935802459716797,13.935802459716797,13.935802459716797,9.100912094116211,0
1999-04-28,14.294340133666992,14.530220031738281,13.96410846710205,14.483043670654297,9.458291053771973,27884344
1999-04-29,14.539655685424805,14.898194313049316,14.468892097473145,14.813277244567871,9.67395305633545,37025191
1999-04-30,14.784971237182617,15.086897850036621,14.700054168701172,14.935934066772461,9.754059791564941,33122405
1999-05-03,14.91706371307373,15.03028678894043,14.737794876098633,14.775535583496094,9.649307250976562,22376908
1999-05-04,14.813277244567871,15.959654808044434,14.794405937194824,15.959654808044434,10.422608375549316,47372000
1999-05-05,15.870019912719727,17.23812484741211,15.714339256286621,17.23812484741211,11.257529258728027,97852687
1999-05-06,17.738191604614258,18.62038230895996,17.653274536132812,18.62038230895996,12.1602201461792,49270411
1999-05-07,20.111146926879883,20.111146926879883,18.960050582885742,18.960050582885742,12.382047653198242,93648572
1999-05-10,19.111013412475586,19.672409057617188,18.7288875579834,19.54975128173828,12.767151832580566,73613148
1999-05-11,19.634668350219727,20.28569793701172,19.634668350219727,19.719585418701172,12.878067970275879,74375770
1999-05-12,20.01207733154297,20.040382385253906,18.21938705444336,18.634536743164062,12.169466972351074,89216852
1999-05-13,19.4365291595459,20.12529945373535,19.257259368896484,20.12529945373535,13.143025398254395,97527872
1999-05-14,20.568754196166992,21.738719940185547,20.356462478637695,21.738719940185547,14.196684837341309,111876065
1999-05-17,21.88968276977539,23.479515075683594,20.710281372070312,23.479515075683594,15.333527565002441,166137877
1999-05-18,23.861642837524414,24.993867874145508,23.611608505249023,23.77672576904297,15.52762222290039,118733402
1999-05-19,23.58802032470703,25.682636260986328,23.493667602539062,25.43260383605957,16.60901641845703,174417577
1999-05-20,25.385427474975586,26.64502716064453,25.385427474975586,25.75811767578125,16.821592330932617,134134471
1999-05-21,26.77712059020996,26.862037658691406,23.946557998657227,24.559846878051758,16.03904914855957,148304249
1999-05-24,24.720245361328125,24.993867874145508,23.989017486572266,24.616458892822266,16.076021194458008,83407887
1999-05-25,24.625892639160156,25.17313575744629,24.206026077270508,24.84290313720703,16.223901748657227,102474270
1999-05-26,24.97499656677246,25.097654342651367,23.116260528564453,23.526691436767578,15.364337921142578,112871804
1999-05-27,23.352140426635742,23.611608505249023,22.017057418823242,22.017057418823242,14.37845516204834,101949957
1999-05-28,22.078386306762695,22.314266204833984,20.408355712890625,21.493404388427734,14.036479949951172,139285518
1999-05-31,22.078386306762695,23.215330123901367,21.88968276977539,23.215330123901367,15.16100025177002,124902179
1999-06-01,22.861509323120117,23.66822052001953,22.32370376586914,22.5737361907959,14.741999626159668,134262990
1999-06-02,22.861509323120117,23.18230628967285,22.46523094177246,23.01247215270996,15.028522491455078,84463083
1999-06-03,23.21061134338379,23.479515075683594,22.946426391601562,23.1209774017334,15.099379539489746,68070472
1999-06-04,23.573867797851562,24.342836380004883,23.309682846069336,24.064498901367188,15.715561866760254,90756649
1999-06-07,24.19187355041504,24.19187355041504,23.22476577758789,23.58802032470703,15.404386520385742,60183355
1999-06-08,23.437057495117188,24.342836380004883,23.352140426635742,24.342836380004883,15.897329330444336,56163126
1999-06-09,24.32396697998047,24.98443031311035,23.73426628112793,23.861642837524414,15.583078384399414,105370655
1999-06-10,24.1635684967041,24.63532829284668,23.805030822753906,23.974863052368164,15.657018661499023,68330382
1999-06-11,23.64463233947754,24.29566192626953,23.427621841430664,23.559715270996094,15.385906219482422,69387402
1999-06-14,23.404033660888672,23.404033660888672,22.182174682617188,22.852073669433594,14.923768043518066,54333797
1999-06-15,22.96529769897461,23.163436889648438,21.88968276977539,22.158586502075195,14.470880508422852,71574497
1999-06-16,22.130281448364258,23.932405471801758,21.06882095336914,23.908817291259766,15.61388874053955,156022531
1999-06-17,24.2296142578125,25.371274948120117,24.05978012084961,24.64948272705078,16.09758758544922,116804361
1999-06-18,24.522106170654297,24.861774444580078,24.154132843017578,24.342836380004883,15.897329330444336,66296733
1999-06-21,24.43718910217285,24.946691513061523,24.31924819946289,24.7108097076416,16.13763999938965,55286939
1999-06-22,24.80516242980957,25.27692222595215,24.262638092041016,24.682504653930664,16.119150161743164,65850023
1999-06-23,24.814598083496094,24.814598083496094,22.79074478149414,22.955862045288086,14.99155044555664,82656160
1999-06-24,22.71526336669922,23.337987899780273,22.418054580688477,22.979450225830078,15.006954193115234,76282172
1999-06-25,22.550148010253906,23.2011775970459,22.271808624267578,22.432207107543945,14.64957332611084,76308457
1999-06-28,22.59732437133789,22.776592254638672,21.81420135498047,22.210479736328125,14.504776000976562,61616487
1999-06-29,22.267091751098633,22.96529769897461,21.988752365112305,22.545429229736328,14.723509788513184,74295687
1999-06-30,22.602041244506836,22.602041244506836,20.771610260009766,22.19161033630371,14.492449760437012,47292680
1999-07-01,22.172739028930664,22.79546356201172,22.08782196044922,22.60675811767578,14.763567924499512,59921198
1999-07-02,22.823768615722656,23.7484188079834,22.823768615722656,23.526691436767578,15.364337921142578,111166023
1999-07-05,23.767290115356445,24.616458892822266,23.545562744140625,24.44190788269043,16.222265243530273,118732416
1999-07-06,24.503236770629883,24.522106170654297,23.974863052368164,24.206026077270508,16.065706253051758,50570117
1999-07-07,23.989017486572266,25.215593338012695,23.880512237548828,24.696657180786133,16.391340255737305,162648002
1999-07-08,24.625892639160156,25.14483070373535,24.39944839477539,24.927820205688477,16.544757843017578,96970852
1999-07-09,24.993867874145508,25.644895553588867,24.890079498291016,25.352405548095703,16.82656478881836,112869112
1999-07-12,25.663766860961914,27.38097381591797,25.663766860961914,27.371538162231445,18.16667938232422,115146221
1999-07-13,27.57911491394043,27.871604919433594,26.46575927734375,26.668615341186523,17.700136184692383,98668885
1999-07-14,26.795991897583008,26.795991897583008,25.97041130065918,26.291208267211914,17.44965362548828,87435969
1999-07-15,26.446889877319336,26.748815536499023,25.107088088989258,25.517520904541016,16.936155319213867,108151887
1999-07-16,25.4844970703125,26.031740188598633,25.38071060180664,25.819446563720703,17.13654327392578,53306718
1999-07-19,25.993999481201172,26.76768684387207,25.404298782348633,26.168550491333008,17.368240356445312,125518848
1999-07-20,25.805295944213867,26.357254028320312,25.385427474975586,25.644895553588867,17.020692825317383,100612700
1999-07-21,25.239181518554688,25.352405548095703,24.781574249267578,25.13067626953125,16.679401397705078,44399432
1999-07-22,24.941972732543945,26.795991897583008,24.941972732543945,26.50349998474121,17.590557098388672,146616517
1999-07-23,26.795991897583008,26.904495239257812,25.663766860961914,25.82416534423828,17.139677047729492,80320228
1999-07-26,25.57884979248047,25.57884979248047,24.625892639160156,25.04104232788086,16.619911193847656,44903226
1999-07-27,24.908950805664062,25.07878303527832,24.201309204101562,24.34755516052246,16.15964126586914,49681287
1999-07-28,24.701374053955078,25.168418884277344,24.253202438354492,24.48908233642578,16.253572463989258,51405658
1999-07-29,24.352272033691406,24.71552848815918,24.069215774536133,24.385295867919922,16.184688568115234,33937755
1999-07-30,23.871076583862305,24.05978012084961,23.031343460083008,23.37101173400879,15.511494636535645,62959764
1999-08-02,23.130413055419922,23.130413055419922,22.455795288085938,22.583171844482422,14.988605499267578,32753044
1999-08-03,22.418054580688477,23.10682487487793,22.186891555786133,22.677522659301758,15.051224708557129,40259555
1999-08-04,23.021907806396484,23.682373046875,22.927555084228516,23.521974563598633,15.611689567565918,56220623
1999-08-05,23.493667602539062,23.578584671020508,22.64921760559082,22.81905174255371,15.145163536071777,32543202
1999-08-06,22.668088912963867,22.668088912963867,22.229351043701172,22.47938346862793,14.919715881347656,28617279
1999-08-09,22.36144256591797,23.154001235961914,22.182174682617188,22.41333770751953,14.875885963439941,52375896
1999-08-10,22.36144256591797,22.913402557373047,21.99346923828125,22.540712356567383,14.960418701171875,37572185
1999-08-11,21.606626510620117,22.342573165893555,21.606626510620117,22.068952560424805,14.647313117980957,19462611
1999-08-12,22.120845794677734,22.918121337890625,22.03592872619629,22.66337013244629,15.041834831237793,41104264
1999-08-13,22.83320426940918,22.880380630493164,22.224632263183594,22.304832458496094,14.803866386413574,27879935
1999-08-16,22.248220443725586,22.72941780090332,22.248220443725586,22.512407302856445,14.941638946533203,24231483
1999-08-17,22.59732437133789,22.814332962036133,22.366161346435547,22.474666595458984,14.916589736938477,20954078
1999-08-18,22.9747314453125,23.399316787719727,22.842639923095703,23.271940231323242,15.445747375488281,29628767
1999-08-19,23.451210021972656,24.130544662475586,23.139848709106445,23.253070831298828,15.433219909667969,46607417
1999-08-20,23.06908416748047,23.295528411865234,22.809616088867188,23.1351318359375,15.354945182800293,19706559
1999-08-23,23.493667602539062,23.91825294494629,22.927555084228516,23.09267234802246,15.326764106750488,46574572
1999-08-24,23.021907806396484,23.65406608581543,23.021907806396484,23.40875244140625,15.536547660827637,37819175
1999-08-25,23.77672576904297,24.53154182434082,21.85194206237793,22.550148010253906,14.96668529510498,71409848
1999-08-26,22.83320426940918,22.875661849975586,22.19161033630371,22.4935359954834,14.929112434387207,34477319
1999-08-27,22.63506507873535,22.83320426940918,22.370878219604492,22.455795288085938,14.904059410095215,21309661
1999-08-30,22.73885154724121,23.672937393188477,22.73885154724121,23.083236694335938,15.3204984664917,60223057
1999-08-31,23.116260528564453,23.2011775970459,22.36144256591797,22.564300537109375,14.976078033447266,42156122
1999-09-01,22.899250030517578,23.021907806396484,21.56416893005371,21.842506408691406,14.497018814086914,77071450
1999-09-02,21.56416893005371,21.56416893005371,20.67254066467285,21.049949645996094,13.970993041992188,79000766
1999-09-03,20.89898681640625,21.441511154174805,20.89898681640625,21.101842880249023,14.005435943603516,42164526
1999-09-06,21.2386531829834,21.46038055419922,21.04051399230957,21.309417724609375,14.143204689025879,32208912
1999-09-07,21.413204193115234,21.413204193115234,20.578189849853516,20.710281372070312,13.745555877685547,56852692
1999-09-08,21.252805709838867,21.40848731994629,20.785764694213867,21.031078338623047,13.958471298217773,40428953
1999-09-09,21.13486671447754,21.550016403198242,20.998056411743164,21.39433479309082,14.199569702148438,50874000
1999-09-10,21.502838134765625,21.8660945892334,21.06882095336914,21.167890548706055,14.049270629882812,38561437
1999-09-13,21.167890548706055,21.167890548706055,21.167890548706055,21.167890548706055,14.049270629882812,0
1999-09-14,21.233936309814453,21.323570251464844,20.67254066467285,20.771610260009766,13.786259651184082,37360849
1999-09-15,21.087690353393555,21.361310958862305,20.851810455322266,21.0263614654541,13.955337524414062,26054072
1999-09-16,21.087690353393555,21.087690353393555,19.82337188720703,19.9979248046875,13.272761344909668,56470453
1999-09-17,19.818655014038086,20.42722511291504,19.545034408569336,20.28569793701172,13.463753700256348,51466239
1999-09-20,20.144168853759766,20.422508239746094,19.62995147705078,19.68184471130371,13.062973022460938,39613507
1999-09-21,19.719585418701172,19.766761779785156,19.059120178222656,19.10629653930664,12.680977821350098,43082514
1999-09-22,19.483705520629883,19.87998390197754,19.06855583190918,19.214801788330078,12.752994537353516,48394511
1999-09-23,19.153472900390625,19.427093505859375,19.021379470825195,19.2242374420166,12.759257316589355,29590930
1999-09-24,19.06855583190918,20.19134521484375,18.964767456054688,19.974336624145508,13.257102012634277,78012648
1999-09-27,20.16775894165039,20.37533187866211,19.351612091064453,19.4365291595459,12.900157928466797,47059564
1999-09-28,19.35633087158203,20.049816131591797,19.08270835876465,19.76204490661621,13.116204261779785,46856400
1999-09-29,20.276262283325195,20.63479995727539,19.917724609375,20.28569793701172,13.463753700256348,57408609
1999-09-30,20.332874298095703,21.200912475585938,20.238521575927734,20.983903884887695,13.927162170410156,117849935
1999-10-01,20.710281372070312,20.757457733154297,20.09699249267578,20.41307258605957,13.548294067382812,54260295
1999-10-04,20.380050659179688,20.474401473999023,19.59221076965332,19.776195526123047,13.125593185424805,28227632
1999-10-05,19.719585418701172,20.42722511291504,19.51201057434082,20.214933395385742,13.416790008544922,47071805
1999-10-06,20.653671264648438,20.880115509033203,20.12529945373535,20.314002990722656,13.482542037963867,39819109
1999-10-07,20.615930557250977,21.941577911376953,20.615930557250977,21.941577911376953,14.562776565551758,57383130
1999-10-08,22.210479736328125,23.69652557373047,22.182174682617188,23.69652557373047,15.727547645568848,51660385
1999-10-11,24.512670516967773,25.097654342651367,23.493667602539062,23.715396881103516,15.740073204040527,65457589
1999-10-12,23.531408309936523,24.89951515197754,23.493667602539062,24.588153839111328,16.319324493408203,65603214
1999-10-13,24.53154182434082,24.53154182434082,23.432340621948242,24.05978012084961,15.96864128112793,32516483
1999-10-14,24.29566192626953,24.71552848815918,23.77672576904297,24.121110916137695,16.009349822998047,25976045
1999-10-15,24.390012741088867,24.507953643798828,23.21061134338379,23.389881134033203,15.524022102355957,29150283
1999-10-18,23.493667602539062,23.77672576904297,22.842639923095703,23.18230628967285,15.386253356933594,33145870
1999-10-19,23.18230628967285,23.18230628967285,23.18230628967285,23.18230628967285,15.386253356933594,0
1999-10-20,23.852205276489258,24.503236770629883,23.852205276489258,24.154132843017578,16.031259536743164,28584901
1999-10-21,24.342836380004883,24.880643844604492,23.58802032470703,23.710678100585938,15.73693561553955,32248095
1999-10-22,23.682373046875,24.503236770629883,23.21061134338379,24.206026077270508,16.065706253051758,42948961
1999-10-25,25.38071060180664,25.659048080444336,24.76742172241211,25.239181518554688,16.751419067382812,69134614
1999-10-26,25.097654342651367,25.192005157470703,24.210744857788086,24.32396697998047,16.14398193359375,30634119
1999-10-27,24.795726776123047,24.795726776123047,23.446491241455078,24.2296142578125,16.081357955932617,40488994
1999-10-28,24.248485565185547,24.286226272583008,22.762439727783203,23.163436889648438,15.373730659484863,53854973
1999-10-29,22.691675186157227,23.493667602539062,21.91798973083496,23.177589416503906,15.383125305175781,107073956
1999-11-01,23.333269119262695,23.531408309936523,21.323570251464844,21.601909637451172,14.337335586547852,67947730
1999-11-02,21.417922973632812,23.10682487487793,20.851810455322266,22.93699073791504,15.22343635559082,50695075
1999-11-03,23.116260528564453,23.116260528564453,21.58775520324707,22.00762367248535,14.606610298156738,34809480
1999-11-04,21.98403549194336,22.144433975219727,21.384899139404297,21.974599838256836,14.584692001342773,25710179
1999-11-05,22.026493072509766,22.4935359954834,21.92742347717285,22.29539680480957,14.797607421875,27587880
1999-11-08,22.29539680480957,22.29539680480957,22.29539680480957,22.29539680480957,14.797607421875,0
1999-11-09,22.446359634399414,22.8284854888916,21.71041488647461,22.658653259277344,15.03870677947998,29582557
1999-11-10,22.455795288085938,22.81905174255371,22.370878219604492,22.592605590820312,14.994866371154785,15690983
1999-11-11,22.616193771362305,22.951143264770508,22.172739028930664,22.370878219604492,14.847701072692871,27221115
1999-11-12,22.172739028930664,22.271808624267578,21.90383529663086,22.068952560424805,14.647313117980957,15237861
1999-11-15,22.16330337524414,22.347291946411133,21.63021469116211,21.78589630126953,14.459447860717773,10581472
1999-11-16,21.700979232788086,21.700979232788086,21.30470085144043,21.370746612548828,14.183914184570312,15752529
1999-11-17,21.559450149536133,21.83778953552246,21.087690353393555,21.087690353393555,13.996041297912598,26781030
1999-11-18,21.13486671447754,21.507556915283203,20.90842056274414,21.399051666259766,14.202695846557617,20782211
1999-11-19,21.40848731994629,22.342573165893555,21.40848731994629,21.969881057739258,14.581558227539062,39088823
1999-11-22,22.16802215576172,22.16802215576172,21.441511154174805,21.634931564331055,14.3592529296875,20759308
1999-11-23,21.634931564331055,21.634931564331055,21.634931564331055,21.634931564331055,14.3592529296875,0
1999-11-24,22.172739028930664,22.172739028930664,21.573604583740234,21.809484481811523,14.475101470947266,21361149
1999-11-25,21.842506408691406,22.252939224243164,21.724567413330078,22.040645599365234,14.628531455993652,23356749
1999-11-26,22.210479736328125,22.786027908325195,21.38018226623535,21.663238525390625,14.378039360046387,45579141
1999-11-29,21.63021469116211,22.44164276123047,21.51227569580078,22.144433975219727,14.697408676147461,48166439
1999-11-30,22.12556266784668,22.352008819580078,21.771743774414062,21.988752365112305,14.594084739685059,27080578
1999-12-01,22.21991539001465,22.352008819580078,21.913270950317383,21.965164184570312,14.578428268432617,21674529
1999-12-02,22.078386306762695,22.342573165893555,21.545297622680664,21.8660945892334,14.512677192687988,31158580
1999-12-03,22.050081253051758,23.56443214416504,22.050081253051758,23.24835205078125,15.430089950561523,88636727
1999-12-06,23.479515075683594,24.031475067138672,23.309682846069336,23.762571334838867,15.77137565612793,53883282
1999-12-07,23.842771530151367,23.965429306030273,23.021907806396484,23.229482650756836,15.417567253112793,37166227
1999-12-08,23.493667602539062,24.522106170654297,22.29539680480957,22.602041244506836,15.001127243041992,32733542
1999-12-09,22.64921760559082,23.323835372924805,22.455795288085938,23.14456558227539,15.361207962036133,31997417
1999-12-10,23.21061134338379,23.304964065551758,22.602041244506836,22.696392059326172,15.063752174377441,13763235
1999-12-13,22.724699020385742,22.73885154724121,22.12556266784668,22.215198516845703,14.744375228881836,15075342
1999-12-14,22.172739028930664,22.267091751098633,21.34244155883789,21.502838134765625,14.271578788757324,18322223
1999-12-15,21.568885803222656,21.979318618774414,21.323570251464844,21.583038330078125,14.324810981750488,14143333
1999-12-16,21.691543579101562,22.172739028930664,21.606626510620117,21.776460647583008,14.4531888961792,13792339
1999-12-17,21.818918228149414,22.11612892150879,21.436792373657227,21.52642822265625,14.287236213684082,11748982
1999-12-20,21.417922973632812,21.979318618774414,21.413204193115234,21.507556915283203,14.274710655212402,12584491
1999-12-21,21.771743774414062,21.790613174438477,21.196195602416992,21.285829544067383,14.127549171447754,12499501
1999-12-22,21.795330047607422,22.81905174255371,21.51227569580078,22.63506507873535,15.023048400878906,32827414
1999-12-23,22.36144256591797,22.550148010253906,21.795330047607422,21.908552169799805,14.540854454040527,8053282
1999-12-24,22.134998321533203,22.134998321533203,21.333005905151367,21.427358627319336,14.221485137939453,7746792
1999-12-27,21.32828712463379,21.32828712463379,20.09699249267578,21.05466651916504,13.974125862121582,8966903
1999-12-28,21.04523277282715,22.05951690673828,20.9461612701416,21.573604583740234,14.318551063537598,20209442
1999-12-29,21.51227569580078,21.936859130859375,21.417922973632812,21.573604583740234,14.318551063537598,7250057
1999-12-30,21.606626510620117,21.88968276977539,21.229217529296875,21.285829544067383,14.127549171447754,4432970
1999-12-31,21.285829544067383,21.285829544067383,21.285829544067383,21.285829544067383,14.127549171447754,0
2000-01-03,22.267091751098633,22.9888858795166,22.101974487304688,22.9888858795166,15.257884979248047,25152894
2000-01-04,22.9888858795166,24.720245361328125,22.535995483398438,24.446624755859375,16.22538948059082,47648560
2000-01-05,23.493667602539062,24.97499656677246,23.116260528564453,23.441774368286133,15.558466911315918,36396207
2000-01-06,23.77672576904297,25.286357879638672,23.77672576904297,24.625892639160156,16.34437370300293,70573968
2000-01-07,24.673070907592773,26.409147262573242,24.05978012084961,25.78642463684082,17.114625930786133,83453217
2000-01-10,26.418582916259766,27.347951889038086,25.022172927856445,25.427885055541992,16.876657485961914,58497022
2000-01-11,25.17313575744629,25.192005157470703,23.39459991455078,23.39459991455078,15.527153015136719,25729224
2000-01-12,23.021907806396484,23.729549407958984,22.32370376586914,23.09267234802246,15.326764106750488,29729836
2000-01-13,23.21061134338379,24.116392135620117,22.93699073791504,23.06908416748047,15.311107635498047,34199308
2000-01-14,23.116260528564453,23.116260528564453,22.46523094177246,22.56901741027832,14.979209899902344,15967246
2000-01-17,23.059648513793945,23.682373046875,21.91798973083496,22.25765609741211,14.772557258605957,46484261
2000-01-18,22.352008819580078,22.73885154724121,22.054798126220703,22.30954933166504,14.807002067565918,28686319
2000-01-19,22.72941780090332,23.352140426635742,22.644500732421875,23.01719093322754,15.276667594909668,26623142
2000-01-20,22.927555084228516,23.097389221191406,22.290679931640625,22.427490234375,14.885275840759277,12278096
2000-01-21,22.526559829711914,22.620912551879883,22.21991539001465,22.403902053833008,14.869623184204102,12491796
2000-01-24,22.328420639038086,22.677522659301758,21.427358627319336,21.54058074951172,14.296629905700684,19667143
2000-01-25,21.323570251464844,21.502838134765625,21.00277328491211,21.21506690979004,14.080585479736328,23597920
2000-01-26,21.21506690979004,21.21506690979004,21.21506690979004,21.21506690979004,14.080585479736328,0
2000-01-27,21.606626510620117,22.21991539001465,21.51227569580078,21.715131759643555,14.412476539611816,21205095
2000-01-28,21.955730438232422,23.455928802490234,21.955730438232422,23.446491241455078,15.561591148376465,52762279
2000-01-31,23.21061134338379,24.224897384643555,22.880380630493164,23.087955474853516,15.323637962341309,51181391
2000-02-01,23.116260528564453,23.65406608581543,22.903968811035156,23.257787704467773,15.436354637145996,23279485
2000-02-02,24.248485565185547,24.408884048461914,23.21061134338379,23.352140426635742,15.498976707458496,24676879
2000-02-03,23.58802032470703,24.993867874145508,23.455928802490234,24.418319702148438,16.20660972595215,77717350
2000-02-04,24.53154182434082,24.979713439941406,24.012605667114258,24.144697189331055,16.025001525878906,33982238
2000-02-07,24.408884048461914,24.408884048461914,22.984167098999023,23.34270477294922,15.492712020874023,21819083
2000-02-08,23.304964065551758,23.446491241455078,22.719980239868164,22.861509323120117,15.173336029052734,25418399
2000-02-09,23.965429306030273,23.965429306030273,22.941709518432617,23.154001235961914,15.367467880249023,14956246
2000-02-10,22.852073669433594,23.677654266357422,22.852073669433594,23.47479820251465,15.58038330078125,19541274
2000-02-11,23.682373046875,24.314531326293945,23.267223358154297,23.597455978393555,15.661791801452637,31623752
2000-02-14,23.77672576904297,25.489215850830078,23.715396881103516,25.154264450073242,16.695053100585938,67707767
2000-02-15,25.65433120727539,25.663766860961914,23.304964065551758,23.95599365234375,15.899754524230957,50319322
2000-02-16,24.248485565185547,24.248485565185547,23.352140426635742,23.58802032470703,15.655529022216797,21683665
2000-02-17,23.399316787719727,23.946557998657227,23.304964065551758,23.58802032470703,15.655529022216797,18448442
2000-02-18,23.753137588500977,23.852205276489258,22.550148010253906,22.748287200927734,15.098197937011719,16000844
2000-02-21,22.927555084228516,23.484233856201172,22.644500732421875,23.0407772064209,15.292320251464844,21332035
2000-02-22,23.116260528564453,23.24835205078125,22.078386306762695,22.370878219604492,14.847701072692871,17503185
2000-02-23,23.10682487487793,23.399316787719727,21.88968276977539,22.083105087280273,14.656706809997559,13530713
2000-02-24,22.267091751098633,23.304964065551758,22.101974487304688,22.96057891845703,15.239092826843262,16693494
2000-02-25,22.83320426940918,23.257787704467773,22.564300537109375,22.73885154724121,15.091934204101562,11083761
2000-02-28,22.73885154724121,23.465362548828125,22.38974952697754,23.15871810913086,15.370598793029785,15615542
2000-02-29,23.484233856201172,24.720245361328125,21.309417724609375,21.583038330078125,14.324810981750488,41242798
2000-03-01,21.98403549194336,22.786027908325195,21.229217529296875,22.285961151123047,14.791343688964844,21711444
2000-03-02,22.550148010253906,22.776592254638672,21.04051399230957,21.323570251464844,14.152595520019531,24391861
2000-03-03,21.04051399230957,21.502838134765625,19.620515823364258,19.644102096557617,13.037923812866211,18472003
2000-03-06,20.25739288330078,21.13486671447754,19.167625427246094,20.01207733154297,13.282153129577637,25168241
2000-03-07,20.01207733154297,20.144168853759766,19.10629653930664,19.57805633544922,12.994089126586914,21692038
2000-03-08,19.719585418701172,19.719585418701172,18.011812210083008,18.063705444335938,11.989006042480469,18162937
2000-03-09,18.068424224853516,18.304304122924805,16.620119094848633,16.879587173461914,11.203096389770508,24882047
2000-03-10,17.06829261779785,17.06829261779785,15.865302085876465,16.077594757080078,10.670807838439941,13936660
2000-03-13,16.346498489379883,16.889022827148438,15.379388809204102,15.506765365600586,10.291945457458496,19333552
2000-03-14,15.89832592010498,16.747493743896484,15.200119972229004,16.747493743896484,11.115424156188965,22508766
2000-03-15,16.756929397583008,18.02124786376953,16.511613845825195,17.596662521362305,11.679024696350098,25065667
2000-03-16,17.54005241394043,19.007226943969727,17.219255447387695,18.842111587524414,12.505637168884277,38476977
2000-03-17,18.842111587524414,18.842111587524414,18.842111587524414,18.842111587524414,12.505637168884277,0
2000-03-20,18.842111587524414,18.842111587524414,18.842111587524414,18.842111587524414,12.505637168884277,0
2000-03-21,19.238388061523438,20.342309951782227,18.710018157958984,20.08755874633789,13.33225154876709,33726705
2000-03-22,20.25739288330078,20.521577835083008,19.516727447509766,20.01207733154297,13.282153129577637,24591984
2000-03-23,19.813936233520508,19.979053497314453,18.61094856262207,18.908157348632812,12.549470901489258,19461605
2000-03-24,18.776063919067383,19.011943817138672,18.337326049804688,18.61094856262207,12.352211952209473,12179137
2000-03-27,18.681711196899414,19.059120178222656,17.841978073120117,18.21938705444336,12.092331886291504,16185037
2000-03-28,18.068424224853516,19.238388061523438,17.624969482421875,18.903440475463867,12.546341896057129,27226033
2000-03-29,19.33274269104004,19.47426986694336,18.398656845092773,18.639253616333008,12.371001243591309,29238368
2000-03-30,18.776063919067383,19.295000076293945,17.488157272338867,18.917591094970703,12.555733680725098,27146045
2000-03-31,18.681711196899414,19.795066833496094,18.134469985961914,19.318588256835938,12.821877479553223,50096815
2000-04-03,19.34217643737793,20.724435806274414,19.34217643737793,20.12529945373535,13.357301712036133,41589839
2000-04-04,19.86583137512207,19.95546531677246,18.5165958404541,18.526031494140625,12.295851707458496,31096557
2000-04-05,18.587360382080078,19.153472900390625,17.691015243530273,18.511877059936523,12.286460876464844,22840682
2000-04-06,18.681711196899414,19.47426986694336,18.332609176635742,19.238388061523438,12.768647193908691,35520794
2000-04-07,19.247825622558594,20.710281372070312,19.247825622558594,20.578189849853516,13.657886505126953,78976442
2000-04-10,20.68669319152832,21.842506408691406,19.846960067749023,20.880115509033203,13.858272552490234,132074920
2000-04-11,20.568754196166992,21.125431060791016,19.73373794555664,20.828222274780273,13.823837280273438,53573665
2000-04-12,20.757457733154297,21.370746612548828,20.37061309814453,20.564035415649414,13.648489952087402,41323432
2000-04-13,20.332874298095703,20.332874298095703,19.17234230041504,19.32802391052246,12.828140258789062,45053080
2000-04-14,19.32802391052246,19.32802391052246,19.32802391052246,19.32802391052246,12.828140258789062,0
2000-04-17,19.08270835876465,19.08270835876465,17.794803619384766,18.615665435791016,12.507990837097168,41305044
2000-04-18,18.76662826538086,19.247825622558594,18.681711196899414,18.964767456054688,12.742554664611816,22656277
2000-04-19,19.4365291595459,19.714868545532227,18.5165958404541,19.129884719848633,12.853496551513672,24311164
2000-04-20,18.851545333862305,19.337459564208984,18.408090591430664,19.19593048095703,12.897875785827637,21593577
2000-04-21,19.19593048095703,19.19593048095703,19.19593048095703,19.19593048095703,12.897875785827637,0
2000-04-24,19.153472900390625,19.37991714477539,18.785499572753906,18.983638763427734,12.755236625671387,16132510
2000-04-25,18.776063919067383,19.059120178222656,18.266563415527344,18.93646240234375,12.723538398742676,25740395
2000-04-26,19.530881881713867,20.422508239746094,19.20064926147461,20.295133590698242,13.63643741607666,69333539
2000-04-27,20.002641677856445,20.27154541015625,19.35633087158203,19.502574920654297,13.103912353515625,48050173
2000-04-28,19.483705520629883,19.76204490661621,19.181777954101562,19.478986740112305,13.08806324005127,20049138
2000-05-01,19.478986740112305,19.478986740112305,19.478986740112305,19.478986740112305,13.08806324005127,0
2000-05-02,19.530881881713867,19.615798950195312,18.275997161865234,18.469419479370117,12.409729957580566,31893179
2000-05-03,18.587360382080078,18.681711196899414,17.455135345458984,18.549619674682617,12.463616371154785,20524665
2000-05-04,18.75719451904297,19.313871383666992,18.313739776611328,19.16290855407715,12.875691413879395,20499324
2000-05-05,19.33274269104004,19.615798950195312,18.87041664123535,19.00250816345215,12.767918586730957,24879037
2000-05-08,19.10629653930664,19.10629653930664,18.64868927001953,18.719453811645508,12.577728271484375,9727024
2000-05-09,18.549619674682617,18.695865631103516,18.209951400756836,18.601512908935547,12.498480796813965,12330686
2000-05-10,18.587360382080078,19.059120178222656,18.540184020996094,18.64868927001953,12.530181884765625,16479752
2000-05-11,18.398656845092773,18.445831298828125,17.558921813964844,17.879718780517578,12.013504028320312,16314880
2000-05-12,18.200517654418945,18.200517654418945,17.52589988708496,17.653274536132812,11.86135482788086,12001844
2000-05-15,17.488157272338867,17.90802574157715,17.20038414001465,17.794803619384766,11.956448554992676,8127716
2000-05-16,17.818391799926758,17.879718780517578,17.54948616027832,17.76177978515625,11.934261322021484,8462187
2000-05-17,18.02124786376953,18.209951400756836,17.76177978515625,17.94104766845703,12.05471134185791,11234113
2000-05-18,18.1156005859375,18.1156005859375,17.27586555480957,17.389089584350586,11.683847427368164,9489477
2000-05-19,17.596662521362305,17.738191604614258,17.23812484741211,17.483440399169922,11.747241973876953,7726856
2000-05-22,17.31360626220703,17.407958984375,16.983375549316406,17.247560501098633,11.588752746582031,6980460
2000-05-23,17.181514739990234,17.323041915893555,16.620119094848633,17.021114349365234,11.436601638793945,12264286
2000-05-24,17.03055191040039,17.101314544677734,15.671880722045898,17.03998565673828,11.449281692504883,8417757
2000-05-25,17.167360305786133,17.54005241394043,17.03055191040039,17.389089584350586,11.683847427368164,10876166
2000-05-26,17.28058433532715,17.823108673095703,17.219255447387695,17.71932029724121,11.905732154846191,15354573
2000-05-29,17.733474731445312,18.559053421020508,17.733474731445312,18.162776947021484,12.203692436218262,12285642
2000-05-30,18.290151596069336,18.964767456054688,18.209951400756836,18.738323211669922,12.590404510498047,12972622
2000-05-31,19.34217643737793,19.530881881713867,18.83267593383789,19.228954315185547,12.920064926147461,22912042
2000-06-01,19.20064926147461,19.20064926147461,18.691146850585938,18.804370880126953,12.634782791137695,9477914
2000-06-02,18.960050582885742,19.214801788330078,18.875133514404297,19.0638370513916,12.80911922454834,12507068
2000-06-05,19.20064926147461,20.41779136657715,19.20064926147461,19.41765785217285,13.046854019165039,32536504
2000-06-06,19.4365291595459,19.93187713623047,19.247825622558594,19.719585418701172,13.249723434448242,13442405
2000-06-07,19.856395721435547,19.946029663085938,19.445964813232422,19.705432891845703,13.240214347839355,14462732
2000-06-08,19.766761779785156,21.266958236694336,19.677127838134766,20.77632713317871,13.959754943847656,43913624
2000-06-09,20.9461612701416,21.738719940185547,20.606494903564453,21.04051399230957,14.137261390686035,45288623
2000-06-12,21.049949645996094,21.399051666259766,20.521577835083008,20.587623596191406,13.832962989807129,16915778
2000-06-13,20.521577835083008,20.72915267944336,20.33759117126465,20.545166015625,13.804436683654785,13155936
2000-06-14,20.681976318359375,21.219783782958984,20.568754196166992,20.823503494262695,13.99145221710205,12899662
2000-06-15,20.78104591369629,21.44622802734375,20.578189849853516,21.05466651916504,14.14677619934082,20366163
2000-06-16,21.177324295043945,22.262374877929688,21.087690353393555,22.040645599365234,14.809257507324219,40968909
2000-06-19,22.30954933166504,22.427490234375,21.644367218017578,21.828353881835938,14.666617393493652,17958204
2000-06-20,21.98403549194336,22.535995483398438,21.74815559387207,22.380313873291016,15.037485122680664,20344902
2000-06-21,22.550148010253906,22.592605590820312,21.172607421875,21.257524490356445,14.283076286315918,24589769
2000-06-22,21.177324295043945,21.88968276977539,20.993337631225586,21.74815559387207,14.61273193359375,21212949
2000-06-23,22.017057418823242,23.488950729370117,22.017057418823242,22.32370376586914,14.999449729919434,55661441
2000-06-26,22.172739028930664,22.550148010253906,21.191478729248047,21.493404388427734,14.44156265258789,23789691
2000-06-27,21.51227569580078,22.106693267822266,21.347158432006836,21.422639846801758,14.394018173217773,20266791
2000-06-28,21.51227569580078,21.83778953552246,21.257524490356445,21.559450149536133,14.48593807220459,11676392
2000-06-29,21.700979232788086,22.078386306762695,21.559450149536133,21.70569610595703,14.584205627441406,15207051
2000-06-30,21.469816207885742,21.98403549194336,21.323570251464844,21.455663681030273,14.416207313537598,12689587
2000-07-03,21.68210792541504,21.974599838256836,21.51227569580078,21.76230812072754,14.784782409667969,14888457
2000-07-04,21.88968276977539,22.252939224243164,21.800048828125,22.002906799316406,14.948246002197266,19835523
2000-07-05,22.267091751098633,22.267091751098633,21.861377716064453,21.9462947845459,14.909783363342285,14339312
2000-07-06,21.795330047607422,21.936859130859375,21.469816207885742,21.606626510620117,14.6790189743042,8316308
2000-07-07,21.795330047607422,22.172739028930664,21.663238525390625,21.884965896606445,14.868115425109863,14988688
2000-07-10,21.965164184570312,22.078386306762695,21.347158432006836,21.57832145690918,14.659788131713867,12247212
2000-07-11,21.417922973632812,21.880247116088867,21.370746612548828,21.767024993896484,14.787985801696777,10042851
2000-07-12,21.88968276977539,22.017057418823242,21.559450149536133,21.71041488647461,14.749528884887695,10075643
2000-07-13,21.795330047607422,22.196327209472656,21.229217529296875,21.644367218017578,14.704658508300781,22258353
2000-07-14,21.51227569580078,21.738719940185547,21.18204116821289,21.290546417236328,14.464280128479004,13467376
2000-07-17,21.229217529296875,21.559450149536133,21.00277328491211,21.13486671447754,14.358515739440918,11982512
2000-07-18,21.04051399230957,22.172739028930664,21.04051399230957,21.738719940185547,14.768756866455078,40897655
2000-07-19,21.74815559387207,21.951011657714844,20.875398635864258,21.064102172851562,14.310437202453613,14818453
2000-07-20,21.07825469970703,21.219783782958984,20.545166015625,20.743305206298828,14.092498779296875,18257784
2000-07-21,20.851810455322266,20.9461612701416,20.483837127685547,20.568754196166992,13.973910331726074,13027046
2000-07-24,20.42722511291504,20.42722511291504,18.733606338500977,18.875133514404297,12.8233060836792,16063259
2000-07-25,18.587360382080078,19.408222198486328,17.832542419433594,19.10629653930664,12.980355262756348,21089528
2000-07-26,19.34217643737793,19.34217643737793,18.209951400756836,18.365633010864258,12.477164268493652,13450503
2000-07-27,18.280715942382812,18.76662826538086,17.936330795288086,18.64868927001953,12.669468879699707,10102447
2000-07-28,18.804370880126953,19.60636329650879,18.681711196899414,19.42237663269043,13.195093154907227,27046026
2000-07-31,19.191213607788086,19.389352798461914,18.823240280151367,18.931745529174805,12.861769676208496,7811878
2000-08-01,19.011943817138672,19.153472900390625,18.61094856262207,18.865699768066406,12.816899299621582,11954266
2000-08-02,18.681711196899414,19.2242374420166,18.61094856262207,19.15818977355957,13.015612602233887,6314561
2000-08-03,19.228954315185547,19.719585418701172,18.823240280151367,18.92230987548828,12.85535717010498,20632919
2000-08-04,18.964767456054688,19.290283203125,18.8090877532959,19.049684524536133,12.941892623901367,15470055
2000-08-07,19.1440372467041,19.247825622558594,18.83267593383789,18.93646240234375,12.864974021911621,6564253
2000-08-08,19.040250778198242,19.295000076293945,19.011943817138672,19.181777954101562,13.031634330749512,8338872
2000-08-09,19.34217643737793,19.34217643737793,19.10629653930664,19.153472900390625,13.012401580810547,3429526
2000-08-10,19.20064926147461,19.243106842041016,18.879852294921875,18.941179275512695,12.868179321289062,4206414
2000-08-11,18.8892879486084,18.964767456054688,18.417526245117188,18.823240280151367,12.788054466247559,6424479
2000-08-14,18.776063919067383,18.964767456054688,18.49300765991211,18.804370880126953,12.775232315063477,7038233
2000-08-15,18.804370880126953,18.804370880126953,18.804370880126953,18.804370880126953,12.775232315063477,0
2000-08-16,19.059120178222656,19.247825622558594,18.917591094970703,19.007226943969727,12.91304874420166,6538276
2000-08-17,19.153472900390625,19.153472900390625,18.52131462097168,18.639253616333008,12.663054466247559,11183812
2000-08-18,18.544902801513672,18.634536743164062,18.176929473876953,18.57320785522461,12.618185997009277,4207495
2000-08-21,18.681711196899414,18.743040084838867,18.53074836730957,18.629819869995117,12.656646728515625,2339905
2000-08-22,18.681711196899414,18.804370880126953,18.459985733032227,18.658124923706055,12.675877571105957,8129963
2000-08-23,18.87041664123535,19.00250816345215,18.7288875579834,18.842111587524414,12.800871849060059,5287450
2000-08-24,18.917591094970703,18.917591094970703,18.445831298828125,18.804370880126953,12.775232315063477,5031049
2000-08-25,18.691146850585938,18.917591094970703,18.615665435791016,18.733606338500977,12.727160453796387,2865903
2000-08-28,18.59679412841797,18.860980987548828,18.59679412841797,18.83267593383789,12.794461250305176,3168356
2000-08-29,18.83267593383789,19.011943817138672,18.681711196899414,18.799652099609375,12.772027969360352,5970636
2000-08-30,18.823240280151367,19.290283203125,18.823240280151367,18.93646240234375,12.864974021911621,8818586
2000-08-31,18.95061683654785,19.011943817138672,18.549619674682617,18.724170684814453,12.720746040344238,5480864
2000-09-01,18.724170684814453,18.724170684814453,18.724170684814453,18.724170684814453,12.720746040344238,0
2000-09-04,18.860980987548828,19.271413803100586,18.719453811645508,19.03081512451172,12.929071426391602,8428653
2000-09-05,19.19593048095703,19.57805633544922,18.993074417114258,19.35633087158203,13.150221824645996,10323322
2000-09-06,19.530881881713867,19.894136428833008,19.441246032714844,19.6912784576416,13.377782821655273,14681276
2000-09-07,19.530881881713867,19.8375244140625,19.530881881713867,19.639385223388672,13.342519760131836,8313997
2000-09-08,19.71014976501465,20.23380470275879,19.71014976501465,20.07340431213379,13.637382507324219,14370164
2000-09-11,20.27154541015625,20.474401473999023,20.026229858398438,20.082841873168945,13.643797874450684,6709698
2000-09-12,20.181909561157227,20.22908592224121,19.936595916748047,20.07340431213379,13.637382507324219,4973552
2000-09-13,20.068687438964844,20.134733200073242,19.370481491088867,19.427093505859375,13.198299407958984,4733748
2000-09-14,19.464834213256836,19.672409057617188,19.153472900390625,19.266695022583008,13.089326858520508,7025282
2000-09-15,19.247825622558594,19.313871383666992,18.743040084838867,18.84682846069336,12.8040771484375,4348425
2000-09-18,18.733606338500977,18.733606338500977,18.412809371948242,18.469419479370117,12.547675132751465,3151122
2000-09-19,18.412809371948242,18.49300765991211,17.76177978515625,18.007095336914062,12.233583450317383,6534323
2000-09-20,18.776063919067383,18.776063919067383,17.98350715637207,18.280715942382812,12.41947078704834,3338124
2000-09-21,18.209951400756836,18.35148048400879,18.07785987854004,18.139188766479492,12.323325157165527,1877181
2000-09-22,18.02124786376953,18.02124786376953,17.077726364135742,17.271148681640625,11.733599662780762,5641740
2000-09-25,17.455135345458984,18.1156005859375,17.37021827697754,17.601381301879883,11.957948684692383,3272349
2000-09-26,17.832542419433594,17.832542419433594,17.10603141784668,17.181514739990234,11.672704696655273,5430531
2000-09-27,17.219255447387695,17.219255447387695,16.79467010498047,17.035268783569336,11.573348999023438,5001871
2000-09-28,17.101314544677734,17.124902725219727,16.65314292907715,16.69088363647461,11.339381217956543,4398217
2000-09-29,16.747493743896484,16.87015151977539,16.605966567993164,16.74277687072754,11.374638557434082,4062019
2000-10-02,16.74277687072754,16.74277687072754,16.74277687072754,16.74277687072754,11.374638557434082,0
2000-10-03,16.55879020690918,16.7003173828125,16.10118293762207,16.24271011352539,11.034903526306152,7846694
2000-10-04,16.32291030883789,16.577661514282227,16.228557586669922,16.44084930419922,11.169513702392578,3209499
2000-10-05,16.478591918945312,16.530485153198242,16.181381225585938,16.2332763671875,11.028493881225586,2920232
2000-10-06,16.148359298706055,16.304040908813477,16.0068302154541,16.181381225585938,10.993237495422363,3847249
2000-10-09,16.181381225585938,16.530485153198242,16.134206771850586,16.271015167236328,11.054134368896484,5422975
2000-10-10,16.33234405517578,16.431415557861328,16.134206771850586,16.228557586669922,11.025288581848145,4038585
2000-10-11,16.124771118164062,16.21912384033203,15.591680526733398,15.86058521270752,10.775299072265625,3612363
2000-10-12,15.719057083129883,16.030418395996094,15.714339256286621,15.879454612731934,10.788114547729492,3567605
2000-10-13,15.770950317382812,15.89832592010498,15.577528953552246,15.619986534118652,10.61184024810791,3045995
2000-10-16,15.992677688598633,16.313474655151367,15.586963653564453,15.681316375732422,10.6535062789917,3279079
2000-10-17,15.582245826721191,15.653010368347168,15.04915714263916,15.228425979614258,10.345823287963867,4079729
2000-10-18,15.190685272216797,15.28503704071045,14.851017951965332,14.997262954711914,10.188777923583984,3676092
2000-10-19,15.001980781555176,15.214273452758789,14.766100883483887,15.035003662109375,10.2144193649292,5888168
2000-10-20,15.209554672241211,15.61526870727539,15.096332550048828,15.195403099060059,10.323389053344727,6955786
2000-10-23,14.91706371307373,15.096332550048828,14.700054168701172,14.770817756652832,10.034934997558594,3201550
2000-10-24,14.671749114990234,14.851017951965332,14.62457275390625,14.695337295532227,9.983654975891113,3484872
2000-10-25,14.813277244567871,15.08218002319336,14.733077049255371,14.832146644592285,10.076601028442383,6398343
2000-10-26,14.638725280761719,15.03028678894043,14.629289627075195,15.001980781555176,10.19198226928711,1581533
2000-10-27,15.072745323181152,15.143508911132812,14.874606132507324,14.959522247314453,10.163135528564453,3296662
2000-10-30,15.04915714263916,15.068026542663574,14.784971237182617,14.817994117736816,10.066984176635742,3761103
2000-10-31,14.997262954711914,15.520916938781738,14.997262954711914,15.402976989746094,10.464408874511719,8213427
2000-11-01,15.662445068359375,16.63899040222168,15.61526870727539,16.37480354309082,11.12464427947998,25579328
2000-11-02,16.36065101623535,16.59653091430664,16.143640518188477,16.275733947753906,11.057339668273926,12974996
2000-11-03,16.28516960144043,16.931480407714844,16.28516960144043,16.49274444580078,11.204771995544434,19298344
2000-11-06,16.605966567993164,17.03998565673828,16.351215362548828,16.431415557861328,11.163105010986328,17946450
2000-11-07,16.32291030883789,16.549354553222656,16.2993221282959,16.37480354309082,11.12464427947998,8292927
2000-11-08,16.52104949951172,16.87015151977539,16.50689697265625,16.525766372680664,11.227204322814941,10142595
2000-11-09,16.488025665283203,16.591814041137695,16.275733947753906,16.355932235717773,11.111824989318848,6546235
2000-11-10,16.32291030883789,16.459720611572266,15.89832592010498,15.936066627502441,10.826578140258789,7096949
2000-11-13,15.766233444213867,15.766233444213867,15.502046585083008,15.577528953552246,10.582995414733887,4318335
2000-11-14,15.586963653564453,16.030418395996094,15.502046585083008,15.912479400634766,10.810552597045898,9140624
2000-11-15,16.488025665283203,16.785234451293945,16.0870304107666,16.313474655151367,11.082978248596191,18438479
2000-11-16,16.417261123657227,16.62483787536621,16.162511825561523,16.407827377319336,11.14708137512207,15060748
2000-11-17,16.436132431030273,16.436132431030273,15.667162895202637,15.95021915435791,10.836190223693848,13591210
2000-11-20,15.766233444213867,16.068159103393555,15.719057083129883,15.945502281188965,10.832984924316406,6462294
2000-11-21,15.851149559020996,15.945502281188965,15.686034202575684,15.799256324768066,10.73363208770752,8403608
2000-11-22,15.803974151611328,16.171947479248047,15.803974151611328,15.917196273803711,10.813758850097656,5938798
2000-11-23,15.808691024780273,15.978525161743164,15.761514663696289,15.851149559020996,10.768884658813477,4927352
2000-11-24,15.851149559020996,16.153076171875,15.851149559020996,15.983242988586426,10.858628273010254,5649933
2000-11-27,16.082311630249023,16.978656768798828,15.954936981201172,16.808822631835938,11.419504165649414,23210414
2000-11-28,16.705036163330078,18.106164932250977,16.705036163330078,17.639122009277344,11.983591079711914,37519351
2000-11-29,17.558921813964844,17.879718780517578,16.8465633392334,17.035268783569336,11.573348999023438,23934246
2000-11-30,17.049421310424805,17.412677764892578,17.00224494934082,17.214536666870117,11.695140838623047,13643058
2000-12-01,17.087162017822266,18.002376556396484,17.03055191040039,17.77593231201172,12.0765380859375,25603504
2000-12-04,17.926895141601562,19.153472900390625,17.790084838867188,18.37506866455078,12.483575820922852,27891413
2000-12-05,18.464702606201172,18.563772201538086,18.21938705444336,18.304304122924805,12.43549919128418,12651707
2000-12-06,18.776063919067383,18.776063919067383,17.926895141601562,18.035400390625,12.252814292907715,10545628
2000-12-07,17.841978073120117,18.32317352294922,17.841978073120117,18.143905639648438,12.326529502868652,10346247
2000-12-08,18.252410888671875,18.964767456054688,18.252410888671875,18.577924728393555,12.621391296386719,29306496
2000-12-11,18.776063919067383,18.823240280151367,18.332609176635742,18.544902801513672,12.598956108093262,18223826
2000-12-12,18.497726440429688,18.691146850585938,18.12503433227539,18.195798873901367,12.361784934997559,12973640
2000-12-13,18.304304122924805,18.87041664123535,18.275997161865234,18.79493522644043,12.768821716308594,16301420
2000-12-14,18.908157348632812,19.37991714477539,18.587360382080078,18.691146850585938,12.698312759399414,26987999
2000-12-15,18.615665435791016,18.710018157958984,17.974071502685547,18.08729362487793,12.288070678710938,10996662
2000-12-18,17.926895141601562,18.1156005859375,17.653274536132812,17.988224029541016,12.2207612991333,8867859
2000-12-19,18.068424224853516,18.719453811645508,18.068424224853516,18.544902801513672,12.598956108093262,22866309
2000-12-20,18.417526245117188,18.945898056030273,18.266563415527344,18.540184020996094,12.595748901367188,20101315
2000-12-21,18.507160186767578,18.507160186767578,18.1014461517334,18.24297523498535,12.39383602142334,7067559
2000-12-22,18.35148048400879,18.49300765991211,17.54948616027832,17.705167770385742,12.028460502624512,11168465
2000-12-25,17.705167770385742,17.705167770385742,17.705167770385742,17.705167770385742,12.028460502624512,0
2000-12-26,17.91745948791504,17.992942810058594,17.077726364135742,17.29001808166504,11.746418952941895,8242075
2000-12-27,17.2617130279541,17.50231170654297,16.983375549316406,17.285301208496094,11.743213653564453,5371317
2000-12-28,17.54005241394043,17.879718780517578,17.464569091796875,17.766496658325195,12.070124626159668,8311634
2000-12-29,17.879718780517578,18.25712776184082,17.66742706298828,18.176929473876953,12.348965644836426,11557858
2001-01-01,18.261844635009766,18.662841796875,18.030683517456055,18.398656845092773,12.499604225158691,11237186
2001-01-02,18.643970489501953,19.719585418701172,18.412809371948242,19.41765785217285,13.191884994506836,21367159
2001-01-03,19.4365291595459,20.799915313720703,19.351612091064453,20.50270652770996,13.92903995513916,59167521
2001-01-04,20.606494903564453,20.851810455322266,19.743173599243164,20.0639705657959,13.630971908569336,29457229
2001-01-05,20.068687438964844,20.606494903564453,19.87526512145996,20.28097915649414,13.778402328491211,29628333
2001-01-08,20.09699249267578,20.540447235107422,19.93187713623047,20.07340431213379,13.637382507324219,13834426
2001-01-09,20.026229858398438,20.276262283325195,19.662973403930664,19.76204490661621,13.425853729248047,12462490
2001-01-10,19.861112594604492,20.92257308959961,19.813936233520508,20.45081329345703,13.89378833770752,32865495
2001-01-11,20.521577835083008,20.700847625732422,20.15360450744629,20.356462478637695,13.829683303833008,27410883
2001-01-12,20.521577835083008,21.172607421875,20.380050659179688,20.837657928466797,14.156601905822754,41641168
2001-01-15,21.021644592285156,21.31413459777832,20.63479995727539,20.823503494262695,14.146984100341797,34162117
2001-01-16,20.983903884887695,21.125431060791016,20.568754196166992,20.96503257751465,14.243134498596191,26929908
2001-01-17,21.04051399230957,21.04051399230957,20.436660766601562,20.568754196166992,13.973910331726074,16045082
2001-01-18,20.436660766601562,20.795198440551758,20.200780868530273,20.644235610961914,14.025193214416504,15326190
2001-01-19,20.75274085998535,20.823503494262695,20.568754196166992,20.719717025756836,14.076472282409668,10512020
2001-01-22,20.823503494262695,21.139583587646484,20.68669319152832,20.748022079467773,14.095703125,13912845
2001-01-23,20.814069747924805,22.267091751098633,20.757457733154297,21.436792373657227,14.563637733459473,31829503
2001-01-24,21.88968276977539,21.88968276977539,21.167890548706055,21.32828712463379,14.489920616149902,19080055
2001-01-25,21.436792373657227,22.314266204833984,21.422639846801758,22.092540740966797,15.009134292602539,56142320
2001-01-26,22.092540740966797,22.092540740966797,22.092540740966797,22.092540740966797,15.009134292602539,0
2001-01-29,21.98403549194336,21.98403549194336,20.757457733154297,21.606626510620117,14.6790189743042,26620577
2001-01-30,21.771743774414062,21.842506408691406,21.51227569580078,21.71041488647461,14.749528884887695,22795278
2001-01-31,21.606626510620117,22.36144256591797,21.2386531829834,21.74815559387207,14.77517318725586,48728123
2001-02-01,21.61606216430664,22.158586502075195,21.295265197753906,21.52642822265625,14.624534606933594,40833374
2001-02-02,21.266958236694336,22.314266204833984,21.252805709838867,22.12556266784668,15.03156852722168,39106958
2001-02-05,22.172739028930664,22.903968811035156,21.98403549194336,22.61147689819336,15.361688613891602,36489697
2001-02-06,22.73885154724121,22.786027908325195,22.20576286315918,22.25765609741211,15.121313095092773,27776185
2001-02-07,22.408620834350586,22.691675186157227,21.941577911376953,22.41333770751953,15.22707748413086,30459083
2001-02-08,22.418054580688477,23.399316787719727,22.276527404785156,23.24835205078125,15.794366836547852,48161225
2001-02-09,23.399316787719727,24.7108097076416,23.356857299804688,24.22018051147461,16.454599380493164,69484061
2001-02-12,24.248485565185547,24.342836380004883,23.257787704467773,23.422903060913086,15.912954330444336,26833991
2001-02-13,23.58802032470703,23.965429306030273,22.951143264770508,23.18230628967285,15.749497413635254,28600057
2001-02-14,22.73885154724121,23.479515075683594,22.394466400146484,23.073802947998047,15.675782203674316,52075595
2001-02-15,23.257787704467773,23.611608505249023,22.93699073791504,23.083236694335938,15.682191848754883,36990226
2001-02-16,23.097389221191406,23.281375885009766,21.98403549194336,22.19161033630371,15.076440811157227,25753845
2001-02-19,22.408620834350586,22.92283821105957,22.408620834350586,22.616193771362305,15.364892959594727,27932387
2001-02-20,22.46523094177246,22.70111083984375,22.177457809448242,22.2812442779541,15.13733959197998,22365632
2001-02-21,22.172739028930664,24.031475067138672,22.078386306762695,22.53127670288086,15.307201385498047,37819768
2001-02-22,22.285961151123047,22.73885154724121,21.70569610595703,21.89440155029297,14.874524116516113,25937784
2001-02-23,22.078386306762695,22.172739028930664,20.80463409423828,20.998056411743164,14.265567779541016,22048373
2001-02-26,20.757457733154297,21.172607421875,20.474401473999023,20.98862075805664,14.259160995483398,15412081
2001-02-27,21.04051399230957,21.70569610595703,20.870681762695312,21.06882095336914,14.313644409179688,31056367
2001-02-28,21.417922973632812,23.663501739501953,21.34244155883789,23.163436889648438,15.73668098449707,71897680
2001-03-01,23.493667602539062,25.423168182373047,23.493667602539062,24.663633346557617,16.755874633789062,73527384
2001-03-02,25.0033016204834,26.031740188598633,24.748550415039062,25.017454147338867,16.996252059936523,62208514
2001-03-05,25.192005157470703,25.371274948120117,24.05978012084961,24.682504653930664,16.76869010925293,44423798
2001-03-06,24.682504653930664,24.682504653930664,24.682504653930664,24.682504653930664,16.76869010925293,0
2001-03-07,24.908950805664062,25.050477981567383,23.984298706054688,24.809879302978516,16.855234146118164,38814436
2001-03-08,25.0033016204834,25.371274948120117,24.55512809753418,24.720245361328125,16.794334411621094,16204379
2001-03-09,24.59758758544922,24.814598083496094,23.833335876464844,24.51738929748535,16.656518936157227,14988094
2001-03-12,24.305095672607422,24.55512809753418,22.682241439819336,23.14456558227539,15.723855018615723,11301499
2001-03-13,22.880380630493164,22.880380630493164,21.04051399230957,21.516992568969727,14.618123054504395,13193041
2001-03-14,21.696260452270508,22.644500732421875,21.229217529296875,22.30954933166504,15.156570434570312,7697222
2001-03-15,21.804765701293945,22.455795288085938,21.63021469116211,22.30954933166504,15.156570434570312,4656145
2001-03-16,22.172739028930664,23.399316787719727,21.71041488647461,22.026493072509766,14.964264869689941,8150556
2001-03-19,21.71041488647461,22.455795288085938,21.700979232788086,21.974599838256836,14.929011344909668,1827717
2001-03-20,22.15386962890625,22.267091751098633,21.611343383789062,21.823637008666992,14.826445579528809,3275030
2001-03-21,21.417922973632812,22.526559829711914,21.417922973632812,22.38974952697754,15.211050987243652,4055766
2001-03-22,22.36144256591797,23.09267234802246,21.191478729248047,21.295265197753906,14.467485427856445,6883557
2001-03-23,21.51227569580078,21.597192764282227,20.521577835083008,20.71500015258789,14.073271751403809,5129065
2001-03-26,20.757457733154297,20.80463409423828,19.82337188720703,20.082841873168945,13.643797874450684,3751247
2001-03-27,19.908288955688477,20.01207733154297,19.493139266967773,19.620515823364258,13.329700469970703,5117608
2001-03-28,19.813936233520508,20.19134521484375,19.813936233520508,19.9979248046875,13.586106300354004,2645792
2001-03-29,19.832807540893555,20.710281372070312,19.766761779785156,20.380050659179688,13.845708847045898,10017139
2001-03-30,20.42722511291504,20.512142181396484,18.879852294921875,18.969486236572266,12.887406349182129,6757614
2001-04-02,18.776063919067383,18.776063919067383,17.488157272338867,18.290151596069336,12.425887107849121,3945985
2001-04-03,18.228822708129883,19.007226943969727,18.209951400756836,18.761911392211914,12.746387481689453,6004509
2001-04-04,18.209951400756836,18.681711196899414,18.035400390625,18.544902801513672,12.598956108093262,2212447
2001-04-05,18.544902801513672,18.544902801513672,18.544902801513672,18.544902801513672,12.598956108093262,0
2001-04-06,18.776063919067383,19.672409057617188,18.681711196899414,18.804370880126953,12.775232315063477,6481075
2001-04-09,18.776063919067383,19.049684524536133,18.356197357177734,18.776063919067383,12.756004333496094,3416161
2001-04-10,18.894004821777344,19.228954315185547,18.62038230895996,18.941179275512695,12.868179321289062,4426314
2001-04-11,19.1440372467041,19.714868545532227,18.540184020996094,19.52616310119629,13.265602111816406,7055053
2001-04-12,19.17234230041504,19.60636329650879,18.615665435791016,19.011943817138672,12.916254043579102,9198206
2001-04-13,19.011943817138672,19.011943817138672,19.011943817138672,19.011943817138672,12.916254043579102,0
2001-04-16,18.969486236572266,19.285566329956055,18.691146850585938,19.139320373535156,13.002790451049805,2767400
2001-04-17,19.10629653930664,20.276262283325195,19.01666259765625,19.57805633544922,13.300856590270996,7656757
2001-04-18,19.908288955688477,20.380050659179688,19.582775115966797,20.252674102783203,13.759177207946777,12173255
2001-04-19,20.342309951782227,21.361310958862305,19.861112594604492,21.016925811767578,14.278388023376465,25727009
2001-04-20,21.13486671447754,21.417922973632812,19.87526512145996,20.32343864440918,13.8072509765625,12191770
2001-04-23,20.28569793701172,20.681976318359375,20.09699249267578,20.469684600830078,13.906608581542969,6197700
2001-04-24,20.290414810180664,20.53101348876953,20.15360450744629,20.431943893432617,13.880966186523438,5125313
2001-04-25,20.380050659179688,21.04051399230957,20.304567337036133,20.6112117767334,14.002758979797363,7521285
2001-04-26,20.733869552612305,20.917856216430664,20.483837127685547,20.653671264648438,14.031601905822754,6370415
2001-04-27,20.483837127685547,20.483837127685547,19.011943817138672,19.729019165039062,13.403417587280273,5619483
2001-04-30,19.729019165039062,20.09699249267578,19.648820877075195,19.7714786529541,13.432263374328613,3627370
2001-05-01,19.7714786529541,19.7714786529541,19.7714786529541,19.7714786529541,13.432263374328613,0
2001-05-02,19.93187713623047,21.229217529296875,19.93187713623047,20.27154541015625,13.771998405456543,10664109
2001-05-03,20.22908592224121,20.710281372070312,20.030946731567383,20.106428146362305,13.659820556640625,5517726
2001-05-04,20.01207733154297,21.465099334716797,19.908288955688477,21.248088836669922,14.435434341430664,23134677
2001-05-07,21.601909637451172,22.36144256591797,21.465099334716797,21.884965896606445,14.868115425109863,14929961
2001-05-08,21.936859130859375,22.342573165893555,21.842506408691406,22.234067916870117,15.10528564453125,8682553
2001-05-09,21.88968276977539,22.36144256591797,21.6538028717041,21.696260452270508,14.739912986755371,4372304
2001-05-10,21.88968276977539,23.2011775970459,21.88968276977539,22.970014572143555,15.605268478393555,25663757
2001-05-11,22.955862045288086,23.191741943359375,22.455795288085938,22.616193771362305,15.364892959594727,16992915
2001-05-14,22.83320426940918,23.304964065551758,22.71526336669922,22.83320426940918,15.512325286865234,13780819
2001-05-15,22.644500732421875,22.927555084228516,21.88968276977539,22.583171844482422,15.342455863952637,6852694
2001-05-16,22.73885154724121,22.913402557373047,22.36144256591797,22.474666595458984,15.268741607666016,5642970
2001-05-17,22.55486488342285,23.95599365234375,22.55486488342285,22.682241439819336,15.409764289855957,9829491
2001-05-18,22.8284854888916,22.9747314453125,22.21991539001465,22.32370376586914,15.166184425354004,9614689
2001-05-21,22.134998321533203,22.248220443725586,21.715131759643555,21.83778953552246,14.836065292358398,4661857
2001-05-22,21.88968276977539,21.936859130859375,21.35659408569336,21.469816207885742,14.586075782775879,5676758
2001-05-23,21.700979232788086,21.700979232788086,21.370746612548828,21.413204193115234,14.547611236572266,3054346
2001-05-24,21.323570251464844,21.795330047607422,21.281112670898438,21.422639846801758,14.554022789001465,3551506
2001-05-25,21.51227569580078,21.68210792541504,21.04523277282715,21.1065616607666,14.339284896850586,4299004
2001-05-28,21.04523277282715,21.611343383789062,20.941444396972656,21.35659408569336,14.50915241241455,13504343
2001-05-29,21.389617919921875,22.521841049194336,21.389617919921875,21.715131759643555,14.752737045288086,20875013
2001-05-30,21.88968276977539,21.998188018798828,21.26224136352539,21.389617919921875,14.531587600708008,8102809
2001-05-31,21.229217529296875,21.333005905151367,20.578189849853516,20.89898681640625,14.198264122009277,6642142
2001-06-01,20.993337631225586,21.064102172851562,20.365896224975586,20.422508239746094,13.874557495117188,7266304
2001-06-04,20.568754196166992,20.568754196166992,20.144168853759766,20.25739288330078,13.762381553649902,4465751
2001-06-05,20.314002990722656,20.380050659179688,19.813936233520508,19.856395721435547,13.489953994750977,6342901
2001-06-06,20.049816131591797,20.512142181396484,20.002641677856445,20.20549774169922,13.727126121520996,8078475
2001-06-07,20.356462478637695,21.370746612548828,20.15360450744629,21.031078338623047,14.288003921508789,18333405
2001-06-08,21.370746612548828,21.465099334716797,20.9461612701416,21.163171768188477,14.377745628356934,7905220
2001-06-11,21.18204116821289,21.34244155883789,20.993337631225586,21.07825469970703,14.320053100585938,4984277
2001-06-12,21.07825469970703,21.07825469970703,20.106428146362305,20.247957229614258,13.755967140197754,8337356
2001-06-13,20.37533187866211,20.644235610961914,20.290414810180664,20.49327278137207,13.92263126373291,4909218
2001-06-14,20.474401473999023,20.474401473999023,19.95546531677246,20.0639705657959,13.630971908569336,4009323
2001-06-15,19.927160263061523,20.08755874633789,19.719585418701172,19.87998390197754,13.50597858428955,4325691
2001-06-18,19.861112594604492,20.08755874633789,19.634668350219727,20.026229858398438,13.60533618927002,3428254
2001-06-19,20.09699249267578,20.941444396972656,20.002641677856445,20.710281372070312,14.070061683654785,9986975
2001-06-20,20.9461612701416,21.375463485717773,20.568754196166992,21.290546417236328,14.464280128479004,14378177
2001-06-21,21.229217529296875,21.696260452270508,21.139583587646484,21.413204193115234,14.547611236572266,18092011
2001-06-22,21.51227569580078,21.51227569580078,20.98862075805664,21.196195602416992,14.400182723999023,8142724
2001-06-25,21.031078338623047,21.031078338623047,20.01207733154297,20.12529945373535,13.67264175415039,11232862
2001-06-26,20.00735855102539,20.644235610961914,19.842243194580078,20.50742530822754,13.932251930236816,6005092
2001-06-27,20.474401473999023,20.644235610961914,20.078123092651367,20.3989200592041,13.858529090881348,3388817
2001-06-28,20.549882888793945,20.89898681640625,20.347026824951172,20.681976318359375,14.050834655761719,6291562
2001-06-29,20.66310691833496,20.748022079467773,20.28569793701172,20.460248947143555,13.900199890136719,4683563
2001-07-02,20.30928611755371,20.549882888793945,19.813936233520508,20.314002990722656,14.126565933227539,1830611
2001-07-03,20.15360450744629,20.9461612701416,19.908288955688477,20.748022079467773,14.428384780883789,7929999
2001-07-04,20.93672752380371,21.606626510620117,20.93672752380371,21.54058074951172,14.979538917541504,6418766
2001-07-05,21.606626510620117,21.974599838256836,21.219783782958984,21.333005905151367,14.835187911987305,6652868
2001-07-06,21.200912475585938,21.266958236694336,20.955596923828125,21.101842880249023,14.674432754516602,5707059
2001-07-09,20.757457733154297,20.932008743286133,20.568754196166992,20.63479995727539,14.349647521972656,3224178
2001-07-10,20.620647430419922,21.115995407104492,20.474401473999023,20.67254066467285,14.375893592834473,9066964
2001-07-11,20.710281372070312,20.851810455322266,20.587623596191406,20.644235610961914,14.35621166229248,2182103
2001-07-12,20.75274085998535,21.04051399230957,20.75274085998535,20.983903884887695,14.592415809631348,2702431
2001-07-13,21.130149841308594,21.31413459777832,20.719717025756836,21.139583587646484,14.700677871704102,6078254
2001-07-16,21.21034812927246,21.441511154174805,21.064102172851562,21.219783782958984,14.756448745727539,4878736
2001-07-17,20.748022079467773,20.851810455322266,20.50270652770996,20.6112117767334,14.333245277404785,1347166
2001-07-18,20.66310691833496,20.823503494262695,20.342309951782227,20.422508239746094,14.202016830444336,5799829
2001-07-19,20.757457733154297,20.757457733154297,20.10171127319336,20.181909561157227,14.034704208374023,1846816
2001-07-20,20.28569793701172,20.380050659179688,19.795066833496094,19.927160263061523,13.857549667358398,1819461
2001-07-23,19.908288955688477,20.568754196166992,19.677127838134766,20.12529945373535,13.99533748626709,38504
2001-07-24,20.002641677856445,20.200780868530273,19.813936233520508,19.846960067749023,13.801776885986328,1575736
2001-07-25,19.672409057617188,20.115863800048828,19.672409057617188,19.913007736206055,13.84770679473877,2765015
2001-07-26,20.25739288330078,20.25739288330078,19.27613067626953,19.59221076965332,13.62462329864502,3287251
2001-07-27,19.87526512145996,19.946029663085938,19.34217643737793,19.776195526123047,13.75256633758545,2770262
2001-07-30,19.813936233520508,19.917724609375,19.27613067626953,19.37991714477539,13.4769926071167,1952156
2001-07-31,19.34217643737793,19.4365291595459,18.908157348632812,19.02609634399414,13.230939865112305,3820540
2001-08-01,19.059120178222656,19.861112594604492,19.059120178222656,19.441246032714844,13.519638061523438,4666764
2001-08-02,19.530881881713867,19.65825653076172,19.20064926147461,19.573339462280273,13.611495971679688,1955134
2001-08-03,19.57805633544922,19.719585418701172,19.57805633544922,19.59221076965332,13.62462329864502,1134399
2001-08-06,19.73373794555664,20.144168853759766,19.295000076293945,19.365764617919922,13.46714973449707,2838230
2001-08-07,19.4365291595459,19.74789047241211,19.299718856811523,19.35633087158203,13.460586547851562,2166862
2001-08-08,19.34217643737793,19.502574920654297,18.785499572753906,18.92702865600586,13.1620454788208,2830207
2001-08-09,18.87041664123535,19.06855583190918,18.691146850585938,18.860980987548828,13.11611557006836,2574611
2001-08-10,18.89872169494629,19.290283203125,18.89872169494629,19.15818977355957,13.322800636291504,2497814
2001-08-13,19.059120178222656,19.530881881713867,19.059120178222656,19.483705520629883,13.549163818359375,1531603
2001-08-14,19.521446228027344,19.950748443603516,19.455398559570312,19.82337188720703,13.785371780395508,1943687
2001-08-15,19.82337188720703,19.82337188720703,19.82337188720703,19.82337188720703,13.785371780395508,0
2001-08-16,19.908288955688477,19.988489151000977,19.34217643737793,19.427093505859375,13.50979995727539,1223512
2001-08-17,19.46955108642578,19.653539657592773,19.16290855407715,19.214801788330078,13.362165451049805,1415432
2001-08-20,19.238388061523438,19.41765785217285,19.153472900390625,19.214801788330078,13.362165451049805,1161055
2001-08-21,19.41765785217285,19.41765785217285,18.705299377441406,18.78078269958496,13.060347557067871,1964545
2001-08-22,18.78078269958496,18.78078269958496,18.78078269958496,18.78078269958496,13.060347557067871,0
2001-08-23,19.12044906616211,19.12044906616211,18.799652099609375,18.865699768066406,13.11939811706543,2019478
2001-08-24,20.77632713317871,20.77632713317871,18.738323211669922,18.856264114379883,13.112835884094238,1917074
2001-08-27,18.92702865600586,19.059120178222656,18.535465240478516,18.747758865356445,13.037382125854492,1855115
2001-08-28,18.964767456054688,18.964767456054688,18.686429977416992,18.75719451904297,13.0439453125,1467492
2001-08-29,18.691146850585938,19.12044906616211,18.691146850585938,18.856264114379883,13.112835884094238,2197174
2001-08-30,18.87041664123535,19.035531997680664,18.70058250427246,18.747758865356445,13.037382125854492,1353875
2001-08-31,18.705299377441406,18.860980987548828,18.592077255249023,18.710018157958984,13.01113510131836,1772774
2001-09-03,18.559053421020508,18.84682846069336,18.408090591430664,18.56848907470703,12.912713050842285,1138607
2001-09-04,18.587360382080078,18.67699432373047,18.34676170349121,18.37506866455078,12.778205871582031,1832285
2001-09-05,18.45526695251465,18.615665435791016,18.1816463470459,18.200517654418945,12.656824111938477,1010936
2001-09-06,18.474138259887695,18.474138259887695,17.804237365722656,17.846696853637695,12.410771369934082,1727317
2001-09-07,17.879718780517578,17.926895141601562,17.64383888244629,17.846696853637695,12.410771369934082,886191
2001-09-10,17.879718780517578,18.1156005859375,17.596662521362305,17.700450897216797,12.30907154083252,1230285
2001-09-11,17.714603424072266,17.818391799926758,17.573074340820312,17.620250701904297,12.253300666809082,1413355
2001-09-12,16.379520416259766,17.360782623291016,16.039854049682617,16.922046661376953,11.767763137817383,3603916
2001-09-13,17.077726364135742,17.384370803833008,16.52104949951172,16.8607177734375,11.725113868713379,1373366
2001-09-14,16.69088363647461,17.06829261779785,16.143640518188477,16.37480354309082,11.387203216552734,4519031
2001-09-17,15.28503704071045,15.945502281188965,14.737794876098633,14.742512702941895,10.252091407775879,4454358
2001-09-18,14.718925476074219,15.549222946166992,14.459456443786621,15.035003662109375,10.455493927001953,5581477
2001-09-19,15.256731986999512,15.54450511932373,14.912345886230469,15.45487117767334,10.74747371673584,3070880
2001-09-20,15.402976989746094,15.402976989746094,13.912214279174805,14.506631851196289,10.088058471679688,6660075
2001-09-21,14.34151554107666,14.34151554107666,13.214009284973145,13.346101760864258,9.281013488769531,6041265
2001-09-24,13.478195190429688,13.959389686584473,13.478195190429688,13.81314468383789,9.605799674987793,4403029
2001-09-25,14.247163772583008,14.62457275390625,13.869755744934082,13.935802459716797,9.691100120544434,2415749
2001-09-26,14.133941650390625,14.42171573638916,13.898061752319336,14.365103721618652,9.989639282226562,2666289
2001-09-27,14.530220031738281,15.473740577697754,14.34151554107666,14.931217193603516,10.383317947387695,3503452
2001-09-28,15.001980781555176,15.874737739562988,14.997262954711914,15.563376426696777,10.822927474975586,3869326
2001-10-01,15.572811126708984,17.03998565673828,15.572811126708984,16.52104949951172,11.488903999328613,8970135
2001-10-02,16.52104949951172,16.52104949951172,16.52104949951172,16.52104949951172,11.488903999328613,0
2001-10-03,16.511613845825195,16.7003173828125,16.06344223022461,16.271015167236328,11.31502914428711,3826168
2001-10-04,16.256864547729492,16.49274444580078,15.803974151611328,16.134206771850586,11.219891548156738,3024225
2001-10-05,16.36065101623535,16.662578582763672,15.86058521270752,16.530485153198242,11.495465278625488,3767007
2001-10-08,16.044570922851562,16.32291030883789,15.577528953552246,16.24742889404297,11.298624992370605,2832624
2001-10-09,16.072877883911133,16.351215362548828,16.072877883911133,16.313474655151367,11.344554901123047,1718276
2001-10-10,16.157794952392578,16.81825828552246,16.134206771850586,16.72862434387207,11.633255004882812,2447460
2001-10-11,16.87487030029297,17.337194442749023,16.79467010498047,17.09659767150879,11.889145851135254,2836821
2001-10-12,17.233407974243164,17.407958984375,17.021114349365234,17.30417251586914,12.03349781036377,2435865
2001-10-15,17.17207908630371,17.54005241394043,17.077726364135742,17.374935150146484,12.082703590393066,1102582
2001-10-16,17.360782623291016,17.780649185180664,17.14377212524414,17.43626594543457,12.12535572052002,2764666
2001-10-17,17.455135345458984,17.738191604614258,17.37021827697754,17.587228775024414,12.23033618927002,1718690
2001-10-18,17.26643180847168,17.530616760253906,17.124902725219727,17.43626594543457,12.12535572052002,1490364
2001-10-19,17.29001808166504,17.521181106567383,17.29001808166504,17.43626594543457,12.12535572052002,1568995
2001-10-22,17.587228775024414,18.804370880126953,17.57779312133789,17.766496658325195,12.354999542236328,15153963
2001-10-23,18.02124786376953,18.02124786376953,17.610815048217773,17.81367301940918,12.387807846069336,3923262
2001-10-24,17.870283126831055,17.974071502685547,17.360782623291016,17.742908477783203,12.338597297668457,2385861
2001-10-25,17.926895141601562,17.926895141601562,17.455135345458984,17.657991409301758,12.279542922973633,972633
2001-10-26,17.657991409301758,17.657991409301758,17.657991409301758,17.657991409301758,12.279542922973633,0
2001-10-29,17.78536605834961,18.275997161865234,17.64383888244629,17.9693546295166,12.49606990814209,2597473
2001-10-30,17.74762725830078,17.91745948791504,17.417394638061523,17.64383888244629,12.26970386505127,2102677
2001-10-31,17.360782623291016,17.738191604614258,16.98809242248535,17.507028579711914,12.174566268920898,1895782
2001-11-01,17.64383888244629,18.162776947021484,17.50231170654297,17.926895141601562,12.466541290283203,2431361
2001-11-02,17.974071502685547,18.379785537719727,17.974071502685547,18.304304122924805,12.728996276855469,2859226
2001-11-05,18.29486846923828,19.238388061523438,18.29486846923828,18.92230987548828,13.158763885498047,5521234
2001-11-06,19.16290855407715,19.719585418701172,19.059120178222656,19.43181037902832,13.513077735900879,6440143
2001-11-07,19.530881881713867,19.60164451599121,18.776063919067383,18.851545333862305,13.109553337097168,2725906
2001-11-08,18.860980987548828,19.1440372467041,18.540184020996094,18.875133514404297,13.125957489013672,2155331
2001-11-09,18.964767456054688,19.34217643737793,18.7288875579834,18.860980987548828,13.11611557006836,2649650
2001-11-12,19.0638370513916,19.0638370513916,18.823240280151367,18.851545333862305,13.109553337097168,817236
2001-11-13,19.059120178222656,19.238388061523438,18.592077255249023,18.879852294921875,13.129237174987793,2042318
2001-11-14,18.87041664123535,19.153472900390625,18.606231689453125,18.823240280151367,13.089873313903809,672936
2001-11-15,18.398656845092773,19.247825622558594,18.398656845092773,18.903440475463867,13.14564323425293,2260755
2001-11-16,18.903440475463867,18.903440475463867,18.903440475463867,18.903440475463867,13.14564323425293,0
2001-11-19,18.97420310974121,19.295000076293945,18.40337371826172,18.945898056030273,13.17516803741455,2282588
2001-11-20,19.059120178222656,19.79978370666504,19.059120178222656,19.295000076293945,13.417937278747559,6065409
2001-11-21,19.389352798461914,19.620515823364258,18.634536743164062,18.88456916809082,13.132521629333496,2639666
2001-11-22,19.153472900390625,19.37991714477539,18.945898056030273,19.205366134643555,13.355607032775879,2032758
2001-11-23,19.34217643737793,19.625232696533203,18.776063919067383,19.05440330505371,13.250624656677246,2989875
2001-11-26,19.34217643737793,19.521446228027344,19.16290855407715,19.450681686401367,13.526203155517578,1618077
2001-11-27,19.530881881713867,20.474401473999023,19.530881881713867,20.200780868530273,14.04782485961914,6861162
2001-11-28,20.238521575927734,20.606494903564453,20.16775894165039,20.36117935180664,14.159368515014648,6346738
2001-11-29,19.908288955688477,20.19134521484375,19.545034408569336,19.662973403930664,13.67383098602295,2557092
2001-11-30,19.662973403930664,19.662973403930664,19.662973403930664,19.662973403930664,13.67383098602295,0
2001-12-03,19.25254249572754,19.625232696533203,18.879852294921875,19.00250816345215,13.21453857421875,3284781
2001-12-04,18.78078269958496,19.10629653930664,18.59679412841797,18.842111587524414,13.102995872497559,2455006
2001-12-05,19.228954315185547,19.285566329956055,18.785499572753906,18.865699768066406,13.11939811706543,1922639
2001-12-06,19.247825622558594,19.34217643737793,18.84682846069336,19.08270835876465,13.270305633544922,2189564
2001-12-07,19.34217643737793,19.65825653076172,18.78078269958496,18.856264114379883,13.112835884094238,3678530
2001-12-10,18.875133514404297,19.059120178222656,18.62038230895996,18.75719451904297,13.0439453125,1709532
2001-12-11,18.823240280151367,19.00250816345215,17.91745948791504,18.1156005859375,12.597771644592285,5416043
2001-12-12,18.48357391357422,19.247825622558594,17.700450897216797,17.856130599975586,12.417335510253906,4440961
2001-12-13,17.926895141601562,18.1816463470459,17.124902725219727,17.26643180847168,12.00724983215332,7135518
2001-12-14,17.360782623291016,17.43626594543457,16.417261123657227,16.620119094848633,11.5577974319458,9009954
2001-12-17,16.620119094848633,16.620119094848633,16.620119094848633,16.620119094848633,11.5577974319458,0
2001-12-18,16.889022827148438,17.195667266845703,16.681447982788086,16.955068588256836,11.790724754333496,3811108
2001-12-19,17.077726364135742,17.26643180847168,16.662578582763672,16.841846466064453,11.711990356445312,2325852
2001-12-20,16.8607177734375,17.634403228759766,16.620119094848633,17.403240203857422,12.102388381958008,4047679
2001-12-21,17.360782623291016,17.455135345458984,16.89845848083496,16.992809295654297,11.81696891784668,2489314
2001-12-24,16.983375549316406,17.22397232055664,16.473873138427734,17.17207908630371,11.94163703918457,1667520
2001-12-25,17.17207908630371,17.17207908630371,17.17207908630371,17.17207908630371,11.94163703918457,0
2001-12-26,17.26643180847168,17.26643180847168,16.813541412353516,16.95035171508789,11.787446975708008,1364474
2001-12-27,16.91261100769043,17.073009490966797,15.851149559020996,16.077594757080078,11.180520057678223,3104372
2001-12-28,16.134206771850586,16.605966567993164,16.039854049682617,16.511613845825195,11.482341766357422,1859778
2001-12-31,16.73805809020996,17.294736862182617,16.62483787536621,17.12018585205078,11.905549049377441,2096530
2002-01-01,17.26643180847168,17.39380645751953,17.219255447387695,17.308889389038086,12.036778450012207,1631389
2002-01-02,17.431547164916992,17.879718780517578,17.431547164916992,17.794803619384766,12.374683380126953,2262175
2002-01-03,18.02124786376953,18.955333709716797,17.837261199951172,18.785499572753906,13.063627243041992,6243698
2002-01-04,18.92230987548828,19.280847549438477,18.87041664123535,19.125167846679688,13.299832344055176,4207781
2002-01-07,19.295000076293945,19.295000076293945,18.21938705444336,18.35148048400879,12.761802673339844,2313239
2002-01-08,18.559053421020508,18.559053421020508,18.04955291748047,18.158058166503906,12.627298355102539,1733708
2002-01-09,18.162776947021484,19.427093505859375,18.1156005859375,19.30443572998047,13.424498558044434,7917535
2002-01-10,19.059120178222656,19.238388061523438,18.681711196899414,18.983638763427734,13.20141315460205,1771502
2002-01-11,19.101579666137695,19.54975128173828,18.7288875579834,18.84682846069336,13.10627269744873,3074897
2002-01-14,18.87041664123535,20.733869552612305,18.87041664123535,20.40363883972168,14.188896179199219,14493320
2002-01-15,20.757457733154297,20.9461612701416,19.65825653076172,19.946029663085938,13.8706693649292,4306825
2002-01-16,20.120580673217773,20.889551162719727,20.002641677856445,20.719717025756836,14.408699989318848,7977884
2002-01-17,20.474401473999023,20.653671264648438,20.106428146362305,20.314002990722656,14.126565933227539,4120926
2002-01-18,20.55931854248047,21.18204116821289,20.290414810180664,20.762176513671875,14.438223838806152,11846892
2002-01-21,20.757457733154297,21.04051399230957,20.111146926879883,20.290414810180664,14.11015796661377,5293799
2002-01-22,20.30928611755371,20.521577835083008,19.908288955688477,20.196062088012695,14.044543266296387,3947724
2002-01-23,20.19134521484375,20.59705924987793,19.66769027709961,19.842243194580078,13.79849624633789,4582983
2002-01-24,19.908288955688477,20.36117935180664,19.361047744750977,19.49785804748535,13.559005737304688,4274500
2002-01-25,19.530881881713867,19.950748443603516,19.530881881713867,19.653539657592773,13.667268753051758,3059338
2002-01-28,19.86583137512207,20.587623596191406,19.719585418701172,20.455530166625977,14.224983215332031,7415416
2002-01-29,20.587623596191406,20.75274085998535,19.752607345581055,19.842243194580078,13.79849624633789,6765828
2002-01-30,19.719585418701172,20.33759117126465,19.625232696533203,20.28097915649414,14.103593826293945,7405559
2002-01-31,20.380050659179688,20.55931854248047,19.719585418701172,19.813936233520508,13.778809547424316,6303983
2002-02-01,19.974336624145508,20.266826629638672,19.908288955688477,20.01207733154297,13.916604995727539,3514527
2002-02-04,20.106428146362305,20.842374801635742,20.026229858398438,20.615930557250977,14.336527824401855,12457043
2002-02-05,20.455530166625977,21.15845489501953,20.200780868530273,20.41779136657715,14.198739051818848,18348858
2002-02-06,20.757457733154297,22.460512161254883,20.757457733154297,22.460512161254883,15.619267463684082,30114067
2002-02-07,22.927555084228516,24.12582778930664,22.927555084228516,23.36629295349121,16.249156951904297,52501076
2002-02-08,23.352140426635742,24.786291122436523,21.700979232788086,23.503103256225586,16.344297409057617,47963158
2002-02-11,23.77672576904297,24.239049911499023,22.946426391601562,23.163436889648438,16.108089447021484,17369112
2002-02-12,23.493667602539062,23.724830627441406,22.498254776000977,22.64921760559082,15.750497817993164,14299101
2002-02-13,22.8284854888916,23.682373046875,22.70111083984375,23.054931640625,16.032629013061523,33989031
2002-02-14,23.23891830444336,23.908817291259766,23.23891830444336,23.753137588500977,16.518169403076172,45702254
2002-02-15,24.04562759399414,24.05978012084961,23.267223358154297,23.446491241455078,16.304927825927734,19641696
2002-02-18,23.54084587097168,23.871076583862305,22.521841049194336,22.946426391601562,15.957176208496094,20191445
2002-02-19,22.927555084228516,23.493667602539062,22.51712417602539,22.616193771362305,15.727530479431152,11754515
2002-02-20,22.644500732421875,23.54084587097168,22.587888717651367,22.682241439819336,15.773458480834961,22001792
2002-02-21,22.927555084228516,23.352140426635742,22.837921142578125,23.0407772064209,16.022790908813477,19633800
2002-02-22,22.927555084228516,23.116260528564453,22.658653259277344,22.800180435180664,15.855476379394531,12162593
2002-02-25,23.021907806396484,23.19645881652832,22.587888717651367,22.823768615722656,15.871878623962402,9452658
2002-02-26,23.10682487487793,24.97499656677246,23.087955474853516,24.427753448486328,16.987306594848633,48279378
2002-02-27,24.658916473388672,24.880643844604492,23.46064567565918,23.852205276489258,16.587066650390625,36741954
2002-02-28,24.05978012084961,24.607023239135742,21.469816207885742,21.469816207885742,14.93033218383789,115517204
2002-03-01,21.323570251464844,22.39918327331543,20.861244201660156,22.026493072509766,15.317447662353516,34473377
2002-03-04,22.583171844482422,22.625629425048828,22.031211853027344,22.356725692749023,15.547091484069824,13481609
2002-03-05,22.616193771362305,22.73885154724121,21.74815559387207,21.913270950317383,15.238714218139648,15174227
2002-03-06,21.700979232788086,21.92742347717285,21.285829544067383,21.738719940185547,15.117321968078613,17575372
2002-03-07,22.078386306762695,22.078386306762695,21.57832145690918,21.781177520751953,15.14684772491455,8113747
2002-03-08,21.974599838256836,22.05951690673828,21.644367218017578,21.823637008666992,15.176376342773438,8224958
2002-03-11,21.795330047607422,21.98403549194336,21.663238525390625,21.85194206237793,15.196062088012695,5830946
2002-03-12,22.05951690673828,22.252939224243164,21.436792373657227,21.634931564331055,15.045150756835938,7506257
2002-03-13,21.51227569580078,21.922706604003906,21.370746612548828,21.658519744873047,15.061551094055176,4912323
2002-03-14,21.700979232788086,21.936859130859375,21.474533081054688,21.56416893005371,14.995938301086426,3944449
2002-03-15,21.776460647583008,22.078386306762695,21.597192764282227,21.974599838256836,15.281359672546387,4850756
2002-03-18,22.092540740966797,22.550148010253906,21.795330047607422,21.922706604003906,15.245274543762207,5339277
2002-03-19,21.98403549194336,22.12556266784668,21.85194206237793,21.988752365112305,15.291200637817383,3571791
2002-03-20,22.07366943359375,22.078386306762695,21.752872467041016,21.833072662353516,15.182934761047363,1896831
2002-03-21,21.88968276977539,22.031211853027344,21.333005905151367,21.474533081054688,14.933608055114746,2309360
2002-03-22,21.51227569580078,21.597192764282227,20.90842056274414,21.04051399230957,14.63178539276123,3226245
2002-03-25,21.04051399230957,21.04051399230957,21.04051399230957,21.04051399230957,14.63178539276123,0
2002-03-26,21.13486671447754,21.205629348754883,20.76689338684082,21.07825469970703,14.65803337097168,3511761
2002-03-27,21.08297348022461,21.389617919921875,20.865962982177734,21.08297348022461,14.661312103271484,2554718
2002-03-28,21.40848731994629,21.559450149536133,20.587623596191406,20.75274085998535,14.431665420532227,6856170
2002-03-29,20.75274085998535,20.75274085998535,20.75274085998535,20.75274085998535,14.431665420532227,0
2002-04-01,21.04051399230957,22.719980239868164,20.76689338684082,22.215198516845703,15.448673248291016,18756511
2002-04-02,22.262374877929688,22.446359634399414,21.70569610595703,21.92742347717285,15.248551368713379,5676398
2002-04-03,21.71041488647461,22.20576286315918,21.71041488647461,21.767024993896484,15.137008666992188,3809592
2002-04-04,22.064233779907227,22.36144256591797,21.700979232788086,21.98403549194336,15.287919998168945,5668269
2002-04-05,22.02177619934082,22.186891555786133,21.8660945892334,21.998188018798828,15.297761917114258,2711015
2002-04-08,22.210479736328125,22.96529769897461,22.172739028930664,22.53127670288086,15.668477058410645,13207816
2002-04-09,22.625629425048828,22.823768615722656,22.16802215576172,22.20576286315918,15.44211196899414,5129563
2002-04-10,22.267091751098633,22.644500732421875,22.12556266784668,22.314266204833984,15.51756477355957,3152574
2002-04-11,22.4935359954834,23.116260528564453,22.408620834350586,22.88509750366211,15.91452693939209,9322062
2002-04-12,22.9747314453125,23.38044548034668,22.866226196289062,22.946426391601562,15.957176208496094,7660095
2002-04-15,23.116260528564453,23.191741943359375,22.616193771362305,22.814332962036133,15.865321159362793,4146310
2002-04-16,22.705829620361328,22.786027908325195,22.38974952697754,22.578453063964844,15.701282501220703,2397541
2002-04-17,22.719980239868164,23.087955474853516,22.47938346862793,22.71526336669922,15.796424865722656,4940314
2002-04-18,22.285961151123047,22.9086856842041,22.285961151123047,22.75300407409668,15.822668075561523,3303074
2002-04-19,22.32370376586914,22.83320426940918,22.32370376586914,22.507688522338867,15.652073860168457,2532959
2002-04-22,21.908552169799805,22.502971649169922,21.908552169799805,22.285961151123047,15.497879981994629,1968944
2002-04-23,22.182174682617188,22.540712356567383,22.182174682617188,22.314266204833984,15.51756477355957,1297999
2002-04-24,22.366161346435547,22.545429229736328,22.234067916870117,22.328420639038086,15.5274076461792,3347175
2002-04-25,22.455795288085938,22.96529769897461,22.248220443725586,22.33313751220703,15.530688285827637,10442069
2002-04-26,22.36144256591797,22.76715660095215,22.182174682617188,22.30011558532715,15.50772476196289,5126670
2002-04-29,22.455795288085938,22.73885154724121,21.333005905151367,21.399051666259766,14.881114959716797,8645977
2002-04-30,21.49812126159668,21.644367218017578,21.333005905151367,21.51227569580078,14.95985221862793,2583281
2002-05-01,21.51227569580078,21.51227569580078,21.51227569580078,21.51227569580078,14.95985221862793,0
2002-05-02,21.870813369750977,21.870813369750977,21.333005905151367,21.403770446777344,14.884397506713867,2762101
2002-05-03,21.469816207885742,21.823637008666992,21.389617919921875,21.57832145690918,15.00578498840332,2651133
2002-05-06,21.700979232788086,21.92742347717285,21.606626510620117,21.686826705932617,15.081235885620117,2748195
2002-05-07,21.700979232788086,21.88968276977539,21.606626510620117,21.81420135498047,15.169818878173828,1746691
2002-05-08,21.974599838256836,22.196327209472656,21.828353881835938,21.899118423461914,15.22886848449707,2864589
2002-05-09,22.267091751098633,22.63506507873535,21.800048828125,21.8660945892334,15.205903053283691,1528275
2002-05-10,21.74815559387207,21.98403549194336,21.6538028717041,21.70569610595703,15.094358444213867,1375401
2002-05-13,21.44622802734375,22.02177619934082,21.44622802734375,21.76230812072754,15.13372802734375,1199093
2002-05-14,21.700979232788086,21.988752365112305,21.469816207885742,21.52642822265625,14.96969985961914,2966293
2002-05-15,21.63021469116211,21.691543579101562,21.13486671447754,21.271677017211914,14.79254150390625,2037835
2002-05-16,20.757457733154297,21.399051666259766,20.667823791503906,20.880115509033203,14.520242691040039,2074368
2002-05-17,20.889551162719727,21.26224136352539,20.568754196166992,20.771610260009766,14.44478702545166,3081299
2002-05-20,20.710281372070312,20.83293914794922,20.356462478637695,20.743305206298828,14.425106048583984,2329890
2002-05-21,20.389484405517578,21.399051666259766,20.054534912109375,20.724435806274414,14.411982536315918,5168587
2002-05-22,20.71500015258789,20.880115509033203,20.497989654541016,20.738588333129883,14.42182445526123,2461747
2002-05-23,20.733869552612305,20.748022079467773,20.33759117126465,20.59705924987793,14.323403358459473,2344389
2002-05-24,20.710281372070312,21.21034812927246,20.710281372070312,21.007490158081055,14.608820915222168,1853186
2002-05-27,21.191478729248047,21.347158432006836,20.474401473999023,20.771610260009766,14.44478702545166,1920052
2002-05-28,20.851810455322266,21.13486671447754,20.545166015625,20.762176513671875,14.438223838806152,3443633
2002-05-29,20.851810455322266,21.031078338623047,20.63951873779297,20.875398635864258,14.516961097717285,2108835
2002-05-30,21.049949645996094,21.219783782958984,20.59705924987793,20.705564498901367,14.398859024047852,3792253
2002-05-31,20.67254066467285,20.93672752380371,20.615930557250977,20.72915267944336,14.415267944335938,2051412
2002-06-03,20.875398635864258,21.064102172851562,20.80935287475586,20.93672752380371,14.559610366821289,903445
2002-06-04,20.9461612701416,21.295265197753906,20.757457733154297,20.861244201660156,14.507118225097656,838582
2002-06-05,21.021644592285156,21.531145095825195,20.89898681640625,21.413204193115234,14.89095687866211,3509461
2002-06-06,21.606626510620117,22.120845794677734,21.35187530517578,22.054798126220703,15.337129592895508,7168818
2002-06-07,21.965164184570312,21.98403549194336,21.51227569580078,21.568885803222656,14.999220848083496,2562593
2002-06-10,21.700979232788086,22.172739028930664,21.700979232788086,22.15386962890625,15.406023979187012,3139135
2002-06-11,22.455795288085938,22.903968811035156,22.29539680480957,22.630346298217773,15.737367630004883,7055095
2002-06-12,22.644500732421875,23.72011375427246,22.550148010253906,23.257787704467773,16.17369842529297,26185611
2002-06-13,23.484233856201172,23.578584671020508,22.856792449951172,22.955862045288086,15.96373462677002,5026926
2002-06-14,23.116260528564453,23.295528411865234,22.748287200927734,23.06908416748047,16.04247283935547,6687483
2002-06-17,24.106956481933594,24.106956481933594,23.139848709106445,23.31439971923828,16.213071823120117,11821964
2002-06-18,23.58802032470703,23.58802032470703,23.172870635986328,23.26250648498535,16.176982879638672,5321949
2002-06-19,23.493667602539062,23.77200698852539,22.380313873291016,22.550148010253906,15.681600570678711,13144903
2002-06-20,22.550148010253906,23.23891830444336,22.2812442779541,22.913402557373047,15.934208869934082,23044228
2002-06-21,22.9747314453125,23.097389221191406,22.380313873291016,22.4935359954834,15.642228126525879,10172546
2002-06-24,22.644500732421875,22.87094497680664,22.13971519470215,22.352008819580078,15.543813705444336,4833173
2002-06-25,22.36144256591797,22.4935359954834,22.083105087280273,22.210479736328125,15.445394515991211,3056668
2002-06-26,22.172739028930664,22.20576286315918,21.98403549194336,22.03592872619629,15.324007987976074,2820711
2002-06-27,21.941577911376953,22.455795288085938,21.941577911376953,22.25765609741211,15.47819995880127,4028729
2002-06-28,22.550148010253906,22.83320426940918,22.267091751098633,22.70111083984375,15.786579132080078,4202482
2002-07-01,22.83320426940918,22.993602752685547,22.682241439819336,22.837921142578125,15.881719589233398,2848098
2002-07-02,22.823768615722656,23.059648513793945,22.743568420410156,22.814332962036133,15.865321159362793,2367260
2002-07-03,22.823768615722656,22.9086856842041,22.526559829711914,22.587888717651367,15.707846641540527,2162856
2002-07-04,22.602041244506836,22.786027908325195,22.550148010253906,22.672805786132812,15.766901016235352,1961366
2002-07-05,22.762439727783203,22.83320426940918,22.668088912963867,22.76715660095215,15.832509994506836,1218266
2002-07-08,22.644500732421875,22.998319625854492,22.644500732421875,22.81905174255371,15.868600845336914,2276982
2002-07-09,22.83320426940918,23.021907806396484,22.696392059326172,22.719980239868164,15.799696922302246,1983750
2002-07-10,22.743568420410156,23.021907806396484,22.550148010253906,22.9747314453125,15.976858139038086,5257159
2002-07-11,22.545429229736328,22.630346298217773,22.078386306762695,22.177457809448242,15.812050819396973,4112903
2002-07-12,22.248220443725586,22.436925888061523,22.040645599365234,22.120845794677734,15.771681785583496,1497115
2002-07-15,22.21991539001465,22.21991539001465,21.73400115966797,21.932140350341797,15.637141227722168,1531932
2002-07-16,21.974599838256836,21.974599838256836,21.516992568969727,21.59247398376465,15.394964218139648,1486273
2002-07-17,21.521709442138672,21.8660945892334,21.295265197753906,21.771743774414062,15.522783279418945,3179611
2002-07-18,21.842506408691406,22.12556266784668,21.66795539855957,22.045364379882812,15.717870712280273,2006526
2002-07-19,21.936859130859375,21.936859130859375,21.56416893005371,21.677391052246094,15.455509185791016,2710146
2002-07-22,21.700979232788086,21.781177520751953,21.441511154174805,21.606626510620117,15.40505599975586,3287653
2002-07-23,21.51227569580078,21.700979232788086,21.366029739379883,21.597192764282227,15.39832878112793,1663651
2002-07-24,21.417922973632812,21.554733276367188,21.229217529296875,21.422639846801758,15.27387809753418,1016204
2002-07-25,21.606626510620117,21.700979232788086,21.18204116821289,21.290546417236328,15.179699897766113,3415896
2002-07-26,21.27639389038086,21.31413459777832,20.894269943237305,21.1065616607666,15.0485258102417,2075481
2002-07-29,21.229217529296875,21.74815559387207,20.828222274780273,21.54058074951172,15.357966423034668,3708439
2002-07-30,22.172739028930664,22.172739028930664,21.2386531829834,21.333005905151367,15.209972381591797,3127848
2002-07-31,21.13486671447754,21.979318618774414,20.91313934326172,21.870813369750977,15.59341812133789,4454612
2002-08-01,22.078386306762695,22.078386306762695,21.34244155883789,21.502838134765625,15.331058502197266,2949770
2002-08-02,21.417922973632812,21.922706604003906,21.21034812927246,21.663238525390625,15.445419311523438,2117738
2002-08-05,21.795330047607422,22.05951690673828,21.724567413330078,21.828353881835938,15.563139915466309,1646259
2002-08-06,21.795330047607422,21.908552169799805,21.61606216430664,21.790613174438477,15.536232948303223,1445108
2002-08-07,21.88968276977539,22.050081253051758,21.823637008666992,21.875530242919922,15.596778869628906,1502499
2002-08-08,21.969881057739258,21.979318618774414,21.649084091186523,21.700979232788086,15.472328186035156,1533691
2002-08-09,21.700979232788086,22.040645599365234,21.48868751525879,21.88968276977539,15.606868743896484,2912124
2002-08-12,21.908552169799805,22.11612892150879,21.804765701293945,21.861377716064453,15.586689949035645,2002838
2002-08-13,21.700979232788086,22.031211853027344,21.700979232788086,21.809484481811523,15.549694061279297,1222188
2002-08-14,21.625497817993164,21.833072662353516,21.52642822265625,21.691543579101562,15.465601921081543,890674
2002-08-15,21.691543579101562,21.691543579101562,21.691543579101562,21.691543579101562,15.465601921081543,0
2002-08-16,21.88968276977539,21.88968276977539,21.66795539855957,21.686826705932617,15.462236404418945,908077
2002-08-19,21.795330047607422,21.936859130859375,21.66795539855957,21.700979232788086,15.472328186035156,1101162
2002-08-20,21.795330047607422,21.842506408691406,21.68210792541504,21.752872467041016,15.509324073791504,1095036
2002-08-21,21.818918228149414,21.955730438232422,21.644367218017578,21.729284286499023,15.492509841918945,2397392
2002-08-22,21.795330047607422,21.884965896606445,21.724567413330078,21.842506408691406,15.573234558105469,1292499
2002-08-23,21.88968276977539,22.078386306762695,21.818918228149414,21.8660945892334,15.59005355834961,2340796
2002-08-26,21.932140350341797,22.12556266784668,21.795330047607422,21.988752365112305,15.677504539489746,1346944
2002-08-27,22.00762367248535,22.02177619934082,21.842506408691406,21.88968276977539,15.606868743896484,1648453
2002-08-28,21.884965896606445,22.012340545654297,21.818918228149414,21.955730438232422,15.653962135314941,2109704
2002-08-29,21.85194206237793,22.02177619934082,21.800048828125,21.99346923828125,15.680869102478027,1708600
2002-08-30,21.98403549194336,22.946426391601562,21.908552169799805,22.771875381469727,16.23585319519043,6583150
2002-09-02,22.946426391601562,23.23419952392578,22.285961151123047,22.418054580688477,15.983591079711914,4418874
2002-09-03,22.498254776000977,22.502971649169922,22.092540740966797,22.16330337524414,15.801956176757812,1223216
2002-09-04,22.134998321533203,22.36144256591797,21.91798973083496,22.21991539001465,15.842320442199707,2581405
2002-09-05,22.177457809448242,22.36144256591797,22.11612892150879,22.16330337524414,15.801956176757812,1975345
2002-09-06,22.24350357055664,22.328420639038086,22.040645599365234,22.2010440826416,15.828863143920898,3013966
2002-09-09,22.078386306762695,22.16330337524414,21.88968276977539,22.00762367248535,15.690961837768555,1003178
2002-09-10,22.00762367248535,22.00762367248535,22.00762367248535,22.00762367248535,15.690961837768555,0
2002-09-11,22.050081253051758,22.050081253051758,21.91798973083496,21.988752365112305,15.677504539489746,820480
2002-09-12,21.9462947845459,22.498254776000977,21.91798973083496,22.403902053833008,15.973495483398438,2493967
2002-09-13,22.36144256591797,22.36144256591797,21.98403549194336,22.026493072509766,15.704411506652832,899884
2002-09-16,22.078386306762695,22.15386962890625,21.634931564331055,21.724567413330078,15.489148139953613,999882
2002-09-17,21.88968276977539,22.031211853027344,21.74815559387207,21.81420135498047,15.553055763244629,1296717
2002-09-18,21.861377716064453,21.884965896606445,21.658519744873047,21.71041488647461,15.479056358337402,933227
2002-09-19,21.6538028717041,21.771743774414062,21.323570251464844,21.70569610595703,15.475687980651855,1297607
2002-09-20,21.606626510620117,21.74815559387207,21.144302368164062,21.672672271728516,15.4521484375,1731864
2002-09-23,21.337722778320312,21.7198486328125,21.337722778320312,21.686826705932617,15.462236404418945,925172
2002-09-24,21.818918228149414,21.979318618774414,21.347158432006836,21.85194206237793,15.579962730407715,1411956
2002-09-25,21.795330047607422,21.88968276977539,21.63021469116211,21.870813369750977,15.59341812133789,1085900
2002-09-26,21.908552169799805,21.908552169799805,21.715131759643555,21.800048828125,15.542960166931152,387527
2002-09-27,21.700979232788086,21.974599838256836,21.658519744873047,21.800048828125,15.542960166931152,1922734
2002-09-30,21.71041488647461,21.790613174438477,21.521709442138672,21.691543579101562,15.465601921081543,743173
2002-10-01,21.724567413330078,21.74815559387207,21.51227569580078,21.66795539855957,15.448785781860352,1199051
2002-10-02,21.66795539855957,21.66795539855957,21.66795539855957,21.66795539855957,15.448785781860352,0
2002-10-03,21.74815559387207,21.804765701293945,21.516992568969727,21.724567413330078,15.489148139953613,2002404
2002-10-04,21.700979232788086,21.81420135498047,21.52642822265625,21.715131759643555,15.482421875,760915
2002-10-07,21.700979232788086,21.880247116088867,21.611343383789062,21.83778953552246,15.56987190246582,358773
2002-10-08,21.78589630126953,22.068952560424805,21.78589630126953,21.951011657714844,15.650595664978027,1065827
2002-10-09,21.960447311401367,22.045364379882812,21.795330047607422,21.828353881835938,15.563139915466309,1064724
2002-10-10,21.818918228149414,21.880247116088867,21.52642822265625,21.715131759643555,15.482421875,780109
2002-10-11,21.776460647583008,21.880247116088867,21.625497817993164,21.715131759643555,15.482421875,1034677
2002-10-14,21.913270950317383,21.913270950317383,21.66795539855957,21.70569610595703,15.475687980651855,663620
2002-10-15,21.70569610595703,21.70569610595703,21.70569610595703,21.70569610595703,15.475687980651855,0
2002-10-16,21.856660842895508,21.965164184570312,21.611343383789062,21.71041488647461,15.479056358337402,574242
2002-10-17,21.724567413330078,21.870813369750977,21.66795539855957,21.823637008666992,15.559781074523926,1183842
2002-10-18,21.88968276977539,21.932140350341797,21.752872467041016,21.8660945892334,15.59005355834961,983666
2002-10-21,21.795330047607422,22.068952560424805,21.795330047607422,22.03592872619629,15.711141586303711,848470
2002-10-22,21.98403549194336,22.403902053833008,21.88968276977539,21.9462947845459,15.647234916687012,894341
2002-10-23,21.842506408691406,22.20576286315918,21.842506408691406,21.969881057739258,15.66404914855957,1217567
2002-10-24,21.98403549194336,22.026493072509766,21.71041488647461,21.776460647583008,15.526142120361328,1039044
2002-10-25,21.78589630126953,21.974599838256836,21.63021469116211,21.752872467041016,15.509324073791504,2653179
2002-10-28,21.74815559387207,22.031211853027344,21.70569610595703,21.98403549194336,15.674139976501465,1717439
2002-10-29,21.98403549194336,22.210479736328125,21.62078094482422,21.960447311401367,15.657323837280273,5744070
2002-10-30,22.172739028930664,22.210479736328125,21.677391052246094,21.809484481811523,15.549694061279297,2520569
2002-10-31,21.92742347717285,22.07366943359375,21.57832145690918,21.66795539855957,15.448785781860352,2760415
2002-11-01,21.795330047607422,23.097389221191406,21.715131759643555,22.512407302856445,16.05086326599121,9458349
2002-11-04,22.73885154724121,22.927555084228516,22.672805786132812,22.861509323120117,16.299760818481445,2330727
2002-11-05,22.979450225830078,23.257787704467773,22.83320426940918,22.866226196289062,16.303125381469727,6732156
2002-11-06,22.866226196289062,22.866226196289062,22.866226196289062,22.866226196289062,16.303125381469727,0
2002-11-07,23.01247215270996,23.116260528564453,22.644500732421875,22.72941780090332,16.20558738708496,3038851
2002-11-08,22.73885154724121,22.880380630493164,22.337854385375977,22.394466400146484,15.96677303314209,3162018
2002-11-11,22.403902053833008,22.403902053833008,22.097257614135742,22.149150848388672,15.791863441467285,1395729
2002-11-12,22.00762367248535,22.469947814941406,22.00762367248535,22.370878219604492,15.949951171875,2693549
2002-11-13,22.455795288085938,22.502971649169922,22.092540740966797,22.149150848388672,15.791863441467285,1884876
2002-11-14,22.267091751098633,22.314266204833984,22.02177619934082,22.078386306762695,15.741409301757812,1375136
2002-11-15,22.08782196044922,22.502971649169922,22.08782196044922,22.285961151123047,15.889408111572266,2921419
2002-11-18,22.352008819580078,22.875661849975586,22.352008819580078,22.61147689819336,16.12149429321289,2808406
2002-11-19,22.61147689819336,22.61147689819336,22.61147689819336,22.61147689819336,16.12149429321289,0
2002-11-20,22.644500732421875,22.946426391601562,22.550148010253906,22.781309127807617,16.242578506469727,4571292
2002-11-21,22.918121337890625,22.9747314453125,22.61147689819336,22.677522659301758,16.168582916259766,2139602
2002-11-22,22.941709518432617,24.04562759399414,22.941709518432617,23.47007942199707,16.733657836914062,20271306
2002-11-25,23.569150924682617,23.937122344970703,23.503103256225586,23.611608505249023,16.834564208984375,9530038
2002-11-26,23.73426628112793,24.239049911499023,23.6021728515625,23.710678100585938,16.905195236206055,9827530
2002-11-27,23.82390022277832,24.786291122436523,23.682373046875,24.305095672607422,17.329008102416992,33611414
2002-11-28,24.05978012084961,24.828750610351562,24.05978012084961,24.51738929748535,17.48036766052246,20389194
2002-11-29,24.53154182434082,25.06463050842285,24.53154182434082,24.781574249267578,17.668724060058594,22697060
2002-12-02,25.0033016204834,25.04104232788086,24.64948272705078,24.776857376098633,17.66536521911621,9050091
2002-12-03,25.0033016204834,25.456192016601562,24.578716278076172,24.71552848815918,17.62163543701172,14966452
2002-12-04,24.43718910217285,24.739116668701172,24.342836380004883,24.4560604095459,17.4366397857666,8783483
2002-12-05,24.248485565185547,24.89951515197754,24.248485565185547,24.540977478027344,17.497182846069336,9709123
2002-12-06,24.54569435119629,25.98456382751465,24.54569435119629,25.767553329467773,18.3717098236084,30482538
2002-12-09,26.173267364501953,26.366689682006836,25.27692222595215,25.53639030456543,18.206893920898438,17184188
2002-12-10,25.38071060180664,25.739248275756836,25.163700103759766,25.508085250854492,18.18671417236328,11785558
2002-12-11,25.75811767578125,26.659181594848633,25.75811767578125,26.343101501464844,18.782062530517578,31276447
2002-12-12,26.541240692138672,26.692203521728516,25.998716354370117,26.093067169189453,18.603790283203125,21236965
2002-12-13,26.277055740356445,26.413864135742188,26.0458927154541,26.107221603393555,18.613882064819336,9550260
2002-12-16,26.461042404174805,26.79127311706543,25.95625877380371,26.031740188598633,18.560070037841797,17329951
2002-12-17,26.324230194091797,26.744098663330078,25.52223777770996,26.45160675048828,18.85942268371582,28074790
2002-12-18,27.362104415893555,30.09831428527832,27.17340087890625,27.27718734741211,19.448043823242188,79181377
2002-12-19,27.23944664001465,27.715923309326172,26.10250473022461,26.277055740356445,18.734973907470703,99331329
2002-12-20,26.324230194091797,26.578981399536133,25.95625877380371,26.159114837646484,18.65088653564453,35103040
2002-12-23,26.37140655517578,26.461042404174805,26.093067169189453,26.3383846282959,18.77869987487793,19394282
2002-12-24,26.413864135742188,26.829015731811523,26.248748779296875,26.692203521728516,19.030961990356445,30998456
2002-12-25,26.692203521728516,26.692203521728516,26.692203521728516,26.692203521728516,19.030961990356445,0
2002-12-26,26.795991897583008,27.017719268798828,26.541240692138672,26.61200523376465,18.97378158569336,24173509
2002-12-27,26.70163917541504,27.097917556762695,26.456323623657227,26.97525978088379,19.232776641845703,26065942
2002-12-30,26.937519073486328,27.017719268798828,25.35712242126465,26.70163917541504,19.037689208984375,19679713
2002-12-31,26.70163917541504,26.90921401977539,26.50349998474121,26.668615341186523,19.014142990112305,18001764
2003-01-01,27.357385635375977,27.357385635375977,26.696922302246094,26.847885131835938,19.1419620513916,17053263
2003-01-02,26.890344619750977,27.57911491394043,26.729944229125977,27.18755340576172,19.38413429260254,38374255
2003-01-03,27.739511489868164,27.805559158325195,26.91393280029297,26.99884796142578,19.249595642089844,21238047
2003-01-06,26.984695434570312,26.984695434570312,26.22987937927246,26.314796447753906,18.76188087463379,17650251
2003-01-07,26.34781837463379,26.663898468017578,26.135526657104492,26.37140655517578,18.802244186401367,17585684
2003-01-08,26.418582916259766,26.682769775390625,26.394994735717773,26.47991180419922,18.879602432250977,12456089
2003-01-09,25.286357879638672,27.07904815673828,25.286357879638672,26.965824127197266,19.226051330566406,24085922
2003-01-10,27.126224517822266,27.451738357543945,26.795991897583008,27.008283615112305,19.25632095336914,28333523
2003-01-13,27.178117752075195,27.215858459472656,26.578981399536133,26.800708770751953,19.108325958251953,14768301
2003-01-14,26.711074829101562,26.88090705871582,26.583698272705078,26.696922302246094,19.03432846069336,8881764
2003-01-15,26.659181594848633,27.069612503051758,26.659181594848633,26.899778366088867,19.178958892822266,11825451
2003-01-16,26.984695434570312,27.24888038635254,26.890344619750977,27.14509391784668,19.353866577148438,11518887
2003-01-17,27.267751693725586,27.777252197265625,27.18755340576172,27.687618255615234,19.740673065185547,28990891
2003-01-20,27.69233512878418,27.89047622680664,27.31492805480957,27.413997650146484,19.54558753967285,21107493
2003-01-21,27.503631591796875,28.395259857177734,27.41871452331543,28.239578247070312,20.134212493896484,43264778
2003-01-22,28.39997673034668,28.49432945251465,27.85273551940918,28.093332290649414,20.029937744140625,31016580
2003-01-23,28.02256965637207,28.4754581451416,27.9282169342041,28.277318954467773,20.161113739013672,25817733
2003-01-24,28.777385711669922,28.777385711669922,27.18755340576172,27.319644927978516,19.47831153869629,28702047
2003-01-27,26.989412307739258,27.267751693725586,26.522369384765625,26.951671600341797,19.21596336364746,24842111
2003-01-28,26.984695434570312,27.45645523071289,26.60728645324707,27.3668212890625,19.511953353881836,20661970
2003-01-29,27.55080795288086,27.739511489868164,26.24403190612793,26.68748664855957,19.027599334716797,57810127
2003-01-30,26.70163917541504,27.05074119567871,26.328948974609375,26.423301696777344,18.839244842529297,33519121
2003-01-31,26.144962310791016,26.795991897583008,25.814729690551758,26.550676345825195,18.9300537109375,35236476
2003-02-03,26.937519073486328,27.480043411254883,26.786556243896484,27.376256942749023,19.5186767578125,20962737
2003-02-04,27.645160675048828,28.25373077392578,27.522502899169922,27.81027603149414,19.828125,44403830
2003-02-05,27.885757446289062,27.9942626953125,27.560243606567383,27.697053909301758,19.74739646911621,15963229
2003-02-06,27.465890884399414,29.107616424560547,27.291339874267578,28.942501068115234,20.6353759765625,63562591
2003-02-07,28.39997673034668,29.055723190307617,27.82442855834961,28.48961067199707,20.31247901916504,60717174
2003-02-10,28.286754608154297,28.305625915527344,27.791406631469727,27.881040573120117,19.87858009338379,23386075
2003-02-11,27.909345626831055,28.244295120239258,27.664030075073242,27.81027603149414,19.828125,18487731
2003-02-12,27.9282169342041,28.683032989501953,27.9282169342041,28.36223602294922,20.221662521362305,99804313
2003-02-13,28.36223602294922,28.36223602294922,28.36223602294922,28.36223602294922,20.221662521362305,0
2003-02-14,28.38582420349121,28.39997673034668,27.965957641601562,28.102767944335938,20.036664962768555,20855119
2003-02-17,28.319778442382812,29.28688621520996,28.319778442382812,29.036853790283203,20.702648162841797,31607992
2003-02-18,29.45672035217285,29.53691864013672,29.01326560974121,29.230274200439453,20.84055519104004,34929625
2003-02-19,29.532201766967773,29.711471557617188,29.296321868896484,29.447284698486328,20.99527359008789,37140769
2003-02-20,29.532201766967773,29.60296630859375,28.904760360717773,29.145357131958008,20.780006408691406,40573571
2003-02-21,29.154794692993164,29.4755916595459,28.951936721801758,29.305757522583008,20.894371032714844,25939320
2003-02-24,29.626554489135742,29.8765869140625,29.513330459594727,29.61240005493164,21.11299705505371,38787813
2003-02-25,29.437850952148438,29.541637420654297,28.928348541259766,28.984960556030273,20.6656494140625,21697040
2003-02-26,29.107616424560547,29.319910049438477,28.225425720214844,28.305625915527344,20.18129539489746,39644794
2003-02-27,28.211273193359375,28.800973892211914,28.041439056396484,28.49432945251465,20.315837860107422,51044500
2003-02-28,28.692468643188477,28.824560165405273,26.895061492919922,27.04130744934082,19.27987289428711,105081886
2003-03-03,27.126224517822266,27.781970977783203,27.126224517822266,27.413997650146484,19.54558753967285,36896249
2003-03-04,27.376256942749023,27.45645523071289,27.064895629882812,27.18283462524414,19.380769729614258,26728047
2003-03-05,27.116788864135742,27.116788864135742,26.51765251159668,26.88090705871582,19.16550636291504,25070288
2003-03-06,26.890344619750977,26.890344619750977,26.314796447753906,26.489347457885742,18.886335372924805,29297805
2003-03-07,26.324230194091797,26.442171096801758,26.00815200805664,26.088350296020508,18.600431442260742,19087665
2003-03-10,26.130809783935547,26.220443725585938,25.677919387817383,25.74868392944336,18.358253479003906,20274920
2003-03-11,25.833599090576172,26.182703018188477,25.588285446166992,26.116655349731445,18.620607376098633,23263513
2003-03-12,26.20157241821289,26.541240692138672,25.87605857849121,25.998716354370117,18.536521911621094,27697437
2003-03-13,26.135526657104492,26.20629119873047,25.89021110534668,25.998716354370117,18.536521911621094,11378211
2003-03-14,25.998716354370117,25.998716354370117,25.998716354370117,25.998716354370117,18.536521911621094,0
2003-03-17,26.041175842285156,26.116655349731445,25.57884979248047,25.93267059326172,18.48943328857422,10194697
2003-03-18,25.93267059326172,25.93267059326172,25.93267059326172,25.93267059326172,18.48943328857422,0
2003-03-19,26.135526657104492,26.343101501464844,25.90436363220215,25.989280700683594,18.529794692993164,10708655
2003-03-20,26.324230194091797,26.63559341430664,25.975128173828125,26.56954574584961,18.943510055541992,15104054
2003-03-21,26.654462814331055,27.069612503051758,26.574264526367188,26.847885131835938,19.1419620513916,16988951
2003-03-24,26.88090705871582,26.88090705871582,26.253467559814453,26.34781837463379,18.78542137145996,13991074
2003-03-25,26.09778594970703,26.564828872680664,25.960975646972656,26.489347457885742,18.886335372924805,14278592
2003-03-26,26.494064331054688,26.654462814331055,26.28177261352539,26.564828872680664,18.940149307250977,16611705
2003-03-27,26.475194931030273,26.663898468017578,25.97984504699707,26.06004524230957,18.580245971679688,21331314
2003-03-28,26.088350296020508,26.343101501464844,25.899646759033203,25.951539993286133,18.502885818481445,10651508
2003-03-31,25.75811767578125,25.810012817382812,25.168418884277344,25.475061416625977,18.16316795349121,19032181
2003-04-01,25.38071060180664,25.93267059326172,25.38071060180664,25.805295944213867,18.39861488342285,8622204
2003-04-02,25.946823120117188,26.291208267211914,25.87605857849121,26.144962310791016,18.640792846679688,8936728
2003-04-03,26.418582916259766,26.418582916259766,26.182703018188477,26.34781837463379,18.78542137145996,5948241
2003-04-04,26.37140655517578,26.84316635131836,26.182703018188477,26.758251190185547,19.07805061340332,14017623
2003-04-07,26.84316635131836,27.267751693725586,26.800708770751953,27.088483810424805,19.31350326538086,8566519
2003-04-08,27.022436141967773,27.031871795654297,26.72522735595703,26.83373260498047,19.13187026977539,8015996
2003-04-09,26.70163917541504,27.126224517822266,26.522369384765625,26.795991897583008,19.104961395263672,15466028
2003-04-10,26.890344619750977,27.715923309326172,26.560110092163086,27.347951889038086,19.498498916625977,17640426
2003-04-11,27.55080795288086,27.975391387939453,26.84316635131836,27.192270278930664,19.387500762939453,14428859
2003-04-14,27.192270278930664,27.192270278930664,27.192270278930664,27.192270278930664,19.387500762939453,0
2003-04-15,27.35266876220703,27.55080795288086,26.37140655517578,26.706356048583984,19.041057586669922,7864097
2003-04-16,26.7393798828125,27.45645523071289,26.621440887451172,27.362104415893555,19.508583068847656,15818739
2003-04-17,27.230010986328125,27.975391387939453,26.989412307739258,27.112070083618164,19.330320358276367,12606515
2003-04-18,27.112070083618164,27.112070083618164,27.112070083618164,27.112070083618164,19.330320358276367,0
2003-04-21,27.07904815673828,27.23944664001465,26.890344619750977,27.112070083618164,19.330320358276367,7603838
2003-04-22,26.984695434570312,27.503631591796875,26.890344619750977,27.40456199645996,19.538860321044922,12663620
2003-04-23,27.503631591796875,27.645160675048828,26.984695434570312,27.088483810424805,19.31350326538086,10671836
2003-04-24,26.984695434570312,27.258317947387695,26.6733341217041,26.984695434570312,19.239503860473633,15446272
2003-04-25,27.017719268798828,27.05074119567871,26.196855545043945,26.380842208862305,18.80897331237793,16457315
2003-04-28,26.277055740356445,26.918649673461914,26.012868881225586,26.7393798828125,19.064598083496094,16583300
2003-04-29,26.795991897583008,28.305625915527344,25.92795181274414,26.196855545043945,18.677791595458984,34454278
2003-04-30,26.248748779296875,26.484630584716797,25.993999481201172,26.291208267211914,18.74506187438965,12991233
2003-05-01,26.291208267211914,26.291208267211914,26.291208267211914,26.291208267211914,18.74506187438965,0
2003-05-02,26.211008071899414,26.654462814331055,26.1779842376709,26.564828872680664,18.940149307250977,7782445
2003-05-05,26.61200523376465,26.92336654663086,26.583698272705078,26.715791702270508,19.047780990600586,8034046
2003-05-06,26.984695434570312,27.192270278930664,26.87147331237793,27.083765029907227,19.310138702392578,10840703
2003-05-07,27.17340087890625,27.38097381591797,26.847885131835938,26.932802200317383,19.2025089263916,6122291
2003-05-08,26.890344619750977,26.928083419799805,26.560110092163086,26.706356048583984,19.041057586669922,4740149
2003-05-09,26.78183937072754,27.07904815673828,26.588417053222656,26.932802200317383,19.2025089263916,9638992
2003-05-12,27.121505737304688,27.70648956298828,26.984695434570312,27.564960479736328,19.653221130371094,18561476
2003-05-13,27.739511489868164,27.899911880493164,27.522502899169922,27.621572494506836,19.693584442138672,15541172
2003-05-14,27.645160675048828,28.65944480895996,27.5130672454834,28.574527740478516,20.373018264770508,31783124
2003-05-15,28.499046325683594,29.154794692993164,28.499046325683594,28.951936721801758,20.642105102539062,27352061
2003-05-16,29.150075912475586,29.985092163085938,29.02741813659668,29.720905303955078,21.190364837646484,37900477
2003-05-19,29.909610748291016,30.63612174987793,29.78223419189453,30.027549743652344,21.40899085998535,53062865
2003-05-20,29.871868133544922,30.423828125,29.513330459594727,30.2775821685791,21.58725929260254,28932768
2003-05-21,30.390806198120117,31.164493560791016,30.390806198120117,30.669143676757812,21.866439819335938,51023059
2003-05-22,30.768213272094727,31.202234268188477,30.390806198120117,30.95220184326172,22.06825065612793,25108401
2003-05-23,31.230539321899414,32.39107131958008,31.230539321899414,32.1316032409668,22.909137725830078,54182724
2003-05-26,32.26841354370117,32.74017333984375,31.749475479125977,32.499576568603516,23.17149543762207,40514356
2003-05-27,32.457115173339844,32.74017333984375,31.872133255004883,31.985355377197266,22.804866790771484,39676134
2003-05-28,31.89100456237793,32.82037353515625,31.57492446899414,32.5986442565918,23.24212646484375,40215179
2003-05-29,32.65525436401367,34.12714767456055,32.48542022705078,33.7733268737793,24.079652786254883,85487268
2003-05-30,33.49970626831055,33.74974060058594,33.070404052734375,33.244956970214844,23.70293617248535,39781834
2003-06-02,32.457115173339844,32.87226486206055,32.089141845703125,32.59392547607422,23.23876190185547,33666537
2003-06-03,32.64582061767578,33.070404052734375,32.089141845703125,32.41465759277344,23.11094856262207,37123493
2003-06-04,32.55146789550781,33.90542221069336,32.27784729003906,33.697845458984375,24.025833129882812,42230577
2003-06-05,34.155452728271484,34.72156524658203,33.504425048828125,33.73558807373047,24.052743911743164,61474731
2003-06-06,34.43851089477539,34.70269775390625,33.414791107177734,34.4809684753418,24.584178924560547,47256083
2003-06-09,34.44794464111328,34.72156524658203,34.07997131347656,34.28754806518555,24.446279525756836,24808630
2003-06-10,33.75917434692383,34.50455856323242,33.25910949707031,33.438377380371094,23.840839385986328,47379504
2003-06-11,33.400638580322266,33.88655090332031,33.093994140625,33.55631637573242,23.924928665161133,30959114
2003-06-12,33.721435546875,33.763893127441406,32.99020767211914,33.174190521240234,23.652475357055664,32300590
2003-06-13,33.35346221923828,33.3864860534668,32.57505798339844,32.692996978759766,23.30940055847168,41618200
2003-06-16,32.54203414916992,33.11758041381836,32.2259521484375,32.92887878417969,23.477581024169922,31533336
2003-06-17,33.21193313598633,33.71671676635742,32.957183837890625,33.570472717285156,23.93502426147461,32017321
2003-06-18,33.598777770996094,33.9337272644043,33.093994140625,33.254390716552734,23.709657669067383,26572004
2003-06-19,33.3062858581543,34.10356140136719,32.57977294921875,33.608211517333984,23.961929321289062,110462997
2003-06-20,34.08940887451172,34.33472442626953,33.71671676635742,33.8535270690918,24.136829376220703,46611847
2003-06-23,33.98090362548828,34.2686767578125,33.164756774902344,33.311004638671875,23.750022888183594,32031724
2003-06-24,33.3487434387207,33.96675109863281,32.64582061767578,33.79691696166992,24.09646987915039,40275305
2003-06-25,33.96675109863281,35.023494720458984,33.70256423950195,34.81591796875,24.822998046875,83267328
2003-06-26,34.91027069091797,35.44807815551758,34.63665008544922,35.16973876953125,25.075260162353516,77520004
2003-06-27,35.098976135253906,35.71226119995117,34.53286361694336,35.292396545410156,25.162715911865234,33847434
2003-06-30,35.476383209228516,36.60860824584961,35.400901794433594,36.273658752441406,25.86233139038086,53595636
2003-07-01,36.297245025634766,36.42462158203125,35.86322784423828,36.08967208862305,25.731157302856445,29116187
2003-07-02,36.278377532958984,36.9529914855957,36.25006866455078,36.7784423828125,26.222230911254883,40943335
2003-07-03,36.938838958740234,37.7408332824707,36.79731369018555,37.57099914550781,26.787311553955078,53508908
2003-07-04,36.820899963378906,37.11811065673828,36.34914016723633,36.59917449951172,26.663583755493164,35557031
2003-07-07,36.79731369018555,36.94827651977539,36.52368927001953,36.63219451904297,26.687637329101562,25130488
2003-07-08,36.87279510498047,36.89166259765625,36.16987228393555,36.31611633300781,26.457366943359375,18969278
2003-07-09,36.41990280151367,36.58973693847656,35.77359390258789,36.07080078125,26.278648376464844,23898115
2003-07-10,35.86322784423828,36.70296096801758,35.759437561035156,36.457645416259766,26.56047821044922,20667789
2003-07-11,36.60860824584961,37.31624984741211,36.60860824584961,36.76428985595703,26.783876419067383,26045211
2003-07-14,37.174720764160156,38.184288024902344,36.901100158691406,37.98143005371094,27.67060089111328,44371240
2003-07-15,38.30222702026367,38.821163177490234,37.32096481323242,38.64189529418945,28.151763916015625,70174284
2003-07-16,38.731529235839844,39.59956741333008,38.23146438598633,39.48162841796875,28.76354217529297,53312738
2003-07-17,39.2882080078125,40.665748596191406,39.170265197753906,39.53352355957031,28.801342010498047,92186802
2003-07-18,39.241031646728516,39.7835578918457,38.76455307006836,39.080631256103516,28.471393585205078,53369207
2003-07-21,39.35425567626953,39.5806999206543,38.0333251953125,38.339969635009766,27.931798934936523,43803218
2003-07-22,37.92953872680664,38.4484748840332,37.0331916809082,37.203025817871094,27.103504180908203,62389591
2003-07-23,37.50495147705078,38.10880661010742,36.85392379760742,37.486083984375,27.309720993041992,55507221
2003-07-24,37.87764358520508,38.56169509887695,37.552127838134766,38.236183166503906,27.85619354248047,65012321
2003-07-25,38.59000015258789,40.37797546386719,38.39657974243164,40.11378860473633,29.22408103942871,77619938
2003-07-28,40.3826904296875,40.98654556274414,39.92980194091797,40.10906982421875,29.220645904541016,61651367
2003-07-29,39.722225189208984,40.74123001098633,39.46747589111328,40.505348205566406,29.50934600830078,60751694
2003-07-30,40.57139587402344,41.420562744140625,40.392127990722656,41.18940353393555,30.007701873779297,63005306
2003-07-31,41.27903747558594,41.32621383666992,39.66089630126953,39.88734436035156,29.059104919433594,62769477
2003-08-01,39.90149688720703,39.97697830200195,39.21272659301758,39.48634719848633,28.7669734954834,55016866
2003-08-04,39.38256072998047,40.5430908203125,38.88249206542969,40.37325668334961,29.413110733032227,65043438
2003-08-05,40.54780960083008,40.56196212768555,39.01458740234375,39.18442153930664,28.547014236450195,61703523
2003-08-06,38.75040054321289,39.528804779052734,38.075782775878906,38.33525085449219,27.928361892700195,73159030
2003-08-07,38.613590240478516,39.618438720703125,38.184288024902344,39.39199447631836,28.698232650756836,73250093
2003-08-08,39.65618133544922,40.038307189941406,39.448604583740234,39.83073043823242,29.017866134643555,49771237
2003-08-11,39.6231575012207,40.97239303588867,39.30707931518555,40.74123001098633,29.68119239807129,73671462
2003-08-12,41.057308197021484,41.580963134765625,40.20342254638672,40.510066986083984,29.512786865234375,78944625
2003-08-13,39.77412033081055,41.128074645996094,39.76940155029297,40.80727767944336,29.72930908203125,65824989
2003-08-14,41.02428436279297,41.51020050048828,40.45817184448242,40.656314849853516,29.619327545166016,54374803
2003-08-15,40.656314849853516,40.656314849853516,40.656314849853516,40.656314849853516,29.619327545166016,0
2003-08-18,40.774253845214844,41.043155670166016,40.222293853759766,40.590267181396484,29.571210861206055,35677516
2003-08-19,40.80255889892578,41.19411849975586,40.052459716796875,40.19870376586914,29.285945892333984,28674893
2003-08-20,40.28362274169922,41.406410217285156,40.20342254638672,41.26488494873047,30.06268882751465,44863131
2003-08-21,41.27903747558594,41.9300651550293,41.06202697753906,41.20827102661133,30.021446228027344,59495018
2003-08-22,41.396976470947266,41.9300651550293,40.58082962036133,40.98182678222656,29.856475830078125,49602857
2003-08-25,41.878173828125,42.07159423828125,39.410865783691406,39.892059326171875,29.06254768371582,66377208
2003-08-26,39.82601547241211,41.420562744140625,39.82601547241211,41.227142333984375,30.035184860229492,52001914
2003-08-27,41.854583740234375,43.15664291381836,41.35923767089844,42.95378494262695,31.293106079101562,78473613
2003-08-28,43.40195846557617,43.40195846557617,41.80268859863281,41.944217681884766,30.55760383605957,66538180
2003-08-29,42.2131233215332,42.43484878540039,41.146942138671875,41.580963134765625,30.29296875,47905629
2003-09-01,41.96308898925781,42.118770599365234,41.09033203125,41.33564758300781,30.114242553710938,33306142
2003-09-02,41.45358657836914,42.22727584838867,41.3450813293457,41.68946838378906,30.37200927734375,43531004
2003-09-03,41.868736267089844,42.43013381958008,40.665748596191406,40.8780403137207,29.780868530273438,45164386
2003-09-04,41.39225769042969,41.39225769042969,40.222293853759766,40.519500732421875,29.519655227661133,38824526
2003-09-05,40.929935455322266,41.137508392333984,40.47704315185547,41.02900314331055,29.890853881835938,26782895
2003-09-08,41.396976470947266,42.217838287353516,41.06674575805664,41.77910232543945,30.43731117248535,28904173
2003-09-09,42.17538070678711,42.71318817138672,41.047874450683594,41.34980010986328,30.12455177307129,52654427
2003-09-10,41.32621383666992,42.43013381958008,40.86860656738281,42.22727584838867,30.763830184936523,38707380
2003-09-11,42.33106231689453,43.208534240722656,42.24142837524414,42.61411666870117,31.0456485748291,56397492
2003-09-12,42.741493225097656,43.005680084228516,41.43000030517578,41.68946838378906,30.37200927734375,37263395
2003-09-15,41.514915466308594,41.78382110595703,39.77412033081055,40.09963607788086,29.21377182006836,35431321
2003-09-16,39.439170837402344,41.411128997802734,38.967411041259766,41.28847122192383,30.079877853393555,49719219
2003-09-17,41.514915466308594,41.82627868652344,39.92036437988281,40.236446380615234,29.313446044921875,45562257
2003-09-18,40.02415466308594,40.420433044433594,37.986148834228516,38.1654167175293,27.804636001586914,69840364
2003-09-19,38.49565124511719,39.01458740234375,37.46721267700195,38.533390045166016,28.072715759277344,74293536
2003-09-22,39.14667892456055,39.14667892456055,37.60402297973633,37.73139953613281,27.488445281982422,47183504
2003-09-23,37.4577751159668,39.48162841796875,37.33040237426758,39.20329284667969,28.56075096130371,64054631
2003-09-24,39.30236053466797,40.28833770751953,39.0759162902832,39.97697830200195,29.124414443969727,51773143
2003-09-25,39.62787628173828,40.36381912231445,39.15611267089844,39.344818115234375,28.663862228393555,64702354
2003-09-26,39.52408981323242,41.132789611816406,39.37312316894531,40.778968811035156,29.70868492126465,46816718
2003-09-29,41.137508392333984,41.96780776977539,41.043155670166016,41.750797271728516,30.416690826416016,41081360
2003-09-30,41.9725227355957,42.741493225097656,41.647010803222656,42.548072814941406,30.997533798217773,47671623
2003-10-01,42.64714050292969,42.835845947265625,41.864017486572266,42.08102798461914,30.657276153564453,35517699
2003-10-02,42.08102798461914,42.08102798461914,42.08102798461914,42.08102798461914,30.657276153564453,0
2003-10-03,42.17538070678711,43.06229019165039,42.1329231262207,42.96793746948242,31.303421020507812,30464668
2003-10-06,43.213253021240234,44.001094818115234,43.16607666015625,43.86428451538086,31.956430435180664,44549021
2003-10-07,43.29817199707031,44.24169158935547,42.94435119628906,43.095314025878906,31.39621925354004,40101371
2003-10-08,43.213253021240234,44.902156829833984,43.213253021240234,44.59079360961914,32.4857063293457,67599873
2003-10-09,44.75591278076172,45.49657440185547,44.75591278076172,45.355045318603516,33.0424919128418,40655922
2003-10-10,45.45411682128906,45.883419036865234,44.87385177612305,45.30786895751953,33.00812530517578,33004368
2003-10-13,39.66089630126953,46.66653823852539,39.66089630126953,46.4448127746582,33.83641815185547,42539346
2003-10-14,46.713714599609375,46.78919982910156,44.538902282714844,44.85026168823242,32.67475509643555,53074036
2003-10-15,44.95404815673828,46.31743621826172,44.453983306884766,45.883419036865234,33.42742919921875,51651259
2003-10-16,46.48727035522461,47.317569732666016,46.232521057128906,47.07697296142578,34.296974182128906,60459660
2003-10-17,47.36474609375,47.501556396484375,46.37876510620117,46.850528717041016,34.13199234008789,42177690
2003-10-20,46.987335205078125,48.00634002685547,45.685279846191406,46.166473388671875,33.633644104003906,47831672
2003-10-21,46.13816833496094,47.82707214355469,45.322021484375,45.96361541748047,33.48585891723633,77811519
2003-10-22,46.326873779296875,46.95903015136719,45.59092712402344,46.21836853027344,33.67144012451172,50486441
2003-10-23,46.694847106933594,46.92129135131836,45.633384704589844,45.92115783691406,33.45492172241211,53271859
2003-10-24,46.04381561279297,46.6571044921875,44.0152473449707,46.41178894042969,33.812355041503906,86842098
2003-10-27,46.987335205078125,46.987335205078125,45.31258773803711,45.49657440185547,33.14560317993164,40235793
2003-10-28,45.57205581665039,46.01551055908203,44.68514633178711,45.03424835205078,32.80877685546875,47536490
2003-10-29,45.28900146484375,46.02494430541992,44.911590576171875,45.82209014892578,33.38275146484375,38171726
2003-10-30,46.21364974975586,46.704280853271484,44.7747802734375,45.67584228515625,33.27621078491211,73807293
2003-10-31,44.97291946411133,45.84567642211914,44.354915618896484,45.68056106567383,33.279640197753906,60535249
2003-11-03,45.949466705322266,46.270263671875,44.68042755126953,44.902156829833984,32.712547302246094,54345635
2003-11-04,45.28900146484375,46.614646911621094,45.28900146484375,45.789066314697266,33.35869216918945,47471585
2003-11-05,45.76076126098633,46.086273193359375,44.86441421508789,45.199363708496094,32.9290657043457,32878955
2003-11-06,45.46826934814453,45.64753723144531,44.85026168823242,45.081424713134766,32.8431510925293,24377755
2003-11-07,45.28900146484375,45.84096145629883,44.72288513183594,45.12860107421875,32.877525329589844,34247839
2003-11-10,44.911590576171875,45.4022216796875,44.39265441894531,45.03424835205078,32.80877685546875,13218701
2003-11-11,45.19464874267578,45.76076126098633,44.77949905395508,45.04840087890625,32.819095611572266,25508901
2003-11-12,47.751590728759766,47.751590728759766,44.911590576171875,45.15690612792969,32.898136138916016,27479138
2003-11-13,45.39278793334961,45.50600814819336,43.736907958984375,44.15205764770508,32.16607666015625,25702039
2003-11-14,44.06242370605469,44.23225784301758,43.03398513793945,43.26042938232422,31.516496658325195,34028257
2003-11-17,43.95863723754883,44.807804107666016,43.41611099243164,44.63325119018555,32.51665115356445,21012190
2003-11-18,44.628536224365234,44.807804107666016,43.736907958984375,43.9350471496582,32.00798034667969,24974710
2003-11-19,43.77936553955078,43.77936553955078,43.03398513793945,43.397239685058594,31.61617660522461,21405377
2003-11-20,43.590660095214844,43.87371826171875,42.26973342895508,42.505611419677734,30.966596603393555,21129686
2003-11-21,42.44900131225586,42.61883544921875,41.27903747558594,42.33106231689453,30.83943748474121,40009375
2003-11-24,42.64714050292969,42.87358856201172,41.90176010131836,42.142356872558594,30.70195960998535,22137571
2003-11-25,42.36408615112305,42.92076110839844,42.17538070678711,42.7603645324707,31.152196884155273,18839488
2003-11-26,42.7603645324707,42.7603645324707,42.7603645324707,42.7603645324707,31.152196884155273,0
2003-11-27,42.939632415771484,44.24169158935547,42.939632415771484,44.019962310791016,32.069847106933594,34899451
2003-11-28,44.07185745239258,44.61909866333008,43.642555236816406,44.373783111572266,32.32762145996094,23127099
2003-12-01,45.10029602050781,45.21351623535156,43.87371826171875,44.38322067260742,32.33449172973633,16836353
2003-12-02,44.534183502197266,45.279563903808594,43.97750473022461,44.83610916137695,32.6644401550293,37674504
2003-12-03,45.10029602050781,45.5626220703125,44.36906814575195,44.72288513183594,32.58194351196289,27051781
2003-12-04,44.67099380493164,44.991790771484375,43.996376037597656,44.42095947265625,32.36198043823242,23046507
2003-12-05,44.628536224365234,44.902156829833984,43.213253021240234,43.41139221191406,31.62647819519043,19024518
2003-12-08,43.670860290527344,43.670860290527344,42.576377868652344,43.03398513793945,31.35152244567871,14582687
2003-12-09,43.40195846557617,43.74162673950195,43.0528564453125,43.557640075683594,31.7330379486084,17056210
2003-12-10,43.86428451538086,44.274715423583984,43.317039489746094,43.736907958984375,31.863636016845703,21741162
2003-12-11,43.95863723754883,44.807804107666016,43.69445037841797,44.543617248535156,32.45134735107422,22731421
2003-12-12,44.81724166870117,45.38335037231445,44.55305480957031,44.821956634521484,32.65412139892578,28888593
2003-12-15,44.92102813720703,46.04381561279297,44.68514633178711,45.708866119384766,33.30026626586914,33403936
2003-12-16,45.48714065551758,45.798500061035156,44.75591278076172,45.36448287963867,33.049373626708984,31015160
2003-12-17,45.789066314697266,45.789066314697266,44.84082794189453,44.991790771484375,32.77784729003906,18910573
2003-12-18,42.64714050292969,45.38335037231445,42.64714050292969,45.255977630615234,32.97031784057617,12270783
2003-12-19,45.47770309448242,46.46840286254883,45.29843521118164,46.246673583984375,33.69206619262695,29016857
2003-12-22,46.496707916259766,48.11012649536133,46.425941467285156,47.96388244628906,34.943111419677734,42918267
2003-12-23,48.138431549072266,48.4875373840332,47.567604064941406,47.79404830932617,34.81938552856445,40288998
2003-12-24,47.97803497314453,48.393184661865234,47.789329528808594,48.01105880737305,34.97747802734375,28659981
2003-12-25,48.01105880737305,48.01105880737305,48.01105880737305,48.01105880737305,34.97747802734375,0
2003-12-26,48.09125518798828,49.52540969848633,48.062950134277344,49.190460205078125,35.83671188354492,30191288
2003-12-29,52.143680572509766,52.143680572509766,49.817901611328125,50.69065856933594,36.929649353027344,33140454
2003-12-30,51.14826583862305,52.08235168457031,49.44520950317383,50.15285110473633,36.53783416748047,44842793
2003-12-31,50.32268524169922,51.2095947265625,50.195308685302734,50.718963623046875,36.95026397705078,41898671
2004-01-01,50.99729919433594,53.63444137573242,50.95956039428711,53.27590560913086,38.813079833984375,62972959
2004-01-02,53.50706481933594,53.875038146972656,53.07304763793945,53.41271209716797,38.912750244140625,25437964
2004-01-05,53.89862823486328,57.016963958740234,53.56839370727539,56.70088577270508,41.30827331542969,68132760
2004-01-06,56.79995346069336,58.43696212768555,55.865867614746094,56.71975326538086,41.322021484375,84466581
2004-01-07,57.80952072143555,57.80952072143555,55.125205993652344,56.29045486450195,41.00926971435547,71533904
2004-01-08,56.79995346069336,59.34746170043945,56.79995346069336,58.56905746459961,42.66929244995117,44911270
2004-01-09,59.253108978271484,61.4232063293457,58.97005081176758,60.390052795410156,43.995941162109375,73303987
2004-01-12,60.857093811035156,61.394901275634766,59.49370574951172,60.53629684448242,44.102481842041016,56946924
2004-01-13,60.66838836669922,61.51755905151367,60.44666290283203,60.94672775268555,44.401493072509766,39462551
2004-01-14,61.62606430053711,64.05562591552734,61.62606430053711,63.447059631347656,46.223060607910156,45070684
2004-01-15,63.9707145690918,65.09349822998047,61.52699279785156,62.49882125854492,45.53224563598633,67331421
2004-01-16,62.744136810302734,62.744136810302734,59.06440353393555,59.93244171142578,43.662559509277344,55153768
2004-01-19,60.338157653808594,62.687522888183594,59.30028533935547,61.956295013427734,45.13699722290039,40350502
2004-01-20,62.744136810302734,62.91396713256836,58.13031768798828,59.22008514404297,43.14358139038086,55762339
2004-01-21,58.77191162109375,59.2059326171875,55.667728424072266,56.15364074707031,40.90958786010742,74065687
2004-01-22,56.61125183105469,58.441680908203125,54.59211349487305,55.2289924621582,40.235958099365234,73984248
2004-01-23,55.667728424072266,59.182342529296875,54.96009063720703,58.7105827331543,42.772396087646484,76578467
2004-01-26,58.7105827331543,58.7105827331543,58.7105827331543,58.7105827331543,42.772396087646484,0
2004-01-27,59.34746170043945,61.404335021972656,58.22467041015625,61.201480865478516,44.58708953857422,47062256
2004-01-28,61.564735412597656,62.64506530761719,58.99835968017578,59.602210998535156,43.42197799682617,86587435
2004-01-29,58.50300979614258,60.574039459228516,58.03596878051758,59.13045120239258,43.07828903198242,74231672
2004-01-30,59.253108978271484,59.6210823059082,55.8564338684082,56.42726135253906,41.10892868041992,80412129
2004-02-02,56.42726135253906,56.42726135253906,56.42726135253906,56.42726135253906,41.10892868041992,0
2004-02-03,56.60181427001953,56.60181427001953,52.57298278808594,53.525936126708984,38.9952278137207,78228891
2004-02-04,53.875038146972656,56.035701751708984,51.907798767089844,55.63470458984375,40.53153610229492,94280747
2004-02-05,55.05915832519531,57.12546920776367,53.9741096496582,54.662879943847656,39.82352828979492,89941171
2004-02-06,55.20540237426758,56.469722747802734,54.46474075317383,56.191383361816406,40.93708419799805,56144271
2004-02-09,56.42254638671875,58.96061706542969,56.42254638671875,58.76247787475586,42.810203552246094,59334555
2004-02-10,59.248390197753906,59.248390197753906,57.06414031982422,57.6585578918457,42.00596237182617,67428314
2004-02-11,58.55018615722656,59.422943115234375,57.804805755615234,59.18706130981445,43.119529724121094,57621323
2004-02-12,59.253108978271484,59.526729583740234,57.68686294555664,58.271846771240234,42.452762603759766,46619245
2004-02-13,58.03125,59.630516052246094,57.7906494140625,59.36161422729492,43.24669647216797,45343312
2004-02-16,59.630516052246094,60.347591400146484,59.10214614868164,59.455963134765625,43.315433502197266,46742401
2004-02-17,59.61164474487305,60.064537048339844,58.83795928955078,59.80978775024414,43.57319259643555,44648510
2004-02-18,60.0079231262207,60.47968673706055,59.092708587646484,59.38991928100586,43.26731491088867,41744917
2004-02-19,59.408790588378906,59.44181442260742,56.62068557739258,56.98394012451172,41.514488220214844,54868835
2004-02-20,56.70560073852539,57.639686584472656,55.667728424072266,56.847129821777344,41.414825439453125,72389285
2004-02-23,57.460418701171875,57.5359001159668,55.19596862792969,55.587528228759766,40.497161865234375,54771402
2004-02-24,61.33357238769531,61.33357238769531,54.63928985595703,57.15377426147461,41.638214111328125,62918875
2004-02-25,57.27171325683594,57.27171325683594,55.20540237426758,55.497894287109375,40.43185806274414,48985107
2004-02-26,55.8564338684082,56.79051971435547,53.99298095703125,54.36566925048828,39.60699462890625,56074235
2004-02-27,54.63928985595703,55.384674072265625,53.318363189697266,55.1487922668457,40.17753219604492,57912329
2004-03-01,55.34221649169922,56.847129821777344,54.82799530029297,56.63483810424805,41.260162353515625,42453762
2004-03-02,56.63483810424805,56.63483810424805,56.63483810424805,56.63483810424805,41.260162353515625,0
2004-03-03,56.79051971435547,57.34247970581055,56.139488220214844,56.54048538208008,41.19143295288086,52601424
2004-03-04,56.61125183105469,57.7906494140625,56.351783752441406,57.03583526611328,41.55229949951172,85895187
2004-03-05,57.31417465209961,58.30958938598633,57.281150817871094,58.1633415222168,42.37371063232422,54176969
2004-03-08,58.30958938598633,59.526729583740234,58.30958938598633,59.21536636352539,43.1401481628418,39961289
2004-03-09,59.44181442260742,60.140018463134766,58.42280960083008,59.786197662353516,43.55602264404297,71078451
2004-03-10,59.630516052246094,59.705997467041016,57.870849609375,58.267127990722656,42.4493293762207,52717023
2004-03-11,57.719886779785156,58.0029411315918,56.24799346923828,56.79523849487305,41.377010345458984,44169124
2004-03-12,56.32819366455078,56.83769607543945,55.125205993652344,56.53105163574219,41.184547424316406,43089742
2004-03-15,56.89430618286133,57.31888961791992,53.88447570800781,54.610984802246094,39.78571701049805,49901960
2004-03-16,53.870323181152344,55.62998962402344,53.61085510253906,54.040157318115234,39.36985778808594,62163131
2004-03-17,54.6015510559082,55.15822982788086,54.25716781616211,54.72420883178711,39.86819839477539,44911397
2004-03-18,54.70533752441406,55.054439544677734,52.521087646484375,52.95038986206055,38.575927734375,42139959
2004-03-19,54.62985610961914,54.62985610961914,52.417301177978516,53.54480743408203,39.00897979736328,45669770
2004-03-22,53.49763107299805,53.49763107299805,51.747398376464844,51.9691276550293,37.861045837402344,38162167
2004-03-23,51.799293518066406,52.874908447265625,51.33696746826172,52.21444320678711,38.039764404296875,34654274
2004-03-24,49.41218566894531,52.35597229003906,49.41218566894531,51.629459381103516,37.61359405517578,37315148
2004-03-25,52.08235168457031,53.95051956176758,51.94082260131836,53.17683410644531,38.740901947021484,44614287
2004-03-26,53.78068923950195,56.31875991821289,53.686336517333984,55.955501556396484,40.765235900878906,50361547
2004-03-29,56.23384094238281,57.5783576965332,55.488460540771484,57.38965606689453,41.8100700378418,52075786
2004-03-30,48.586605072021484,57.74347686767578,48.586605072021484,55.89889144897461,40.7239990234375,43026246
2004-03-31,56.12062072753906,57.460418701171875,55.762081146240234,57.163211822509766,41.64509201049805,37889973
2004-04-01,57.31888961791992,58.625667572021484,57.177364349365234,58.337894439697266,42.50088119506836,44966224
2004-04-02,58.40393829345703,58.90400695800781,57.23397445678711,58.63038635253906,42.71398162841797,44059334
2004-04-05,58.73417282104492,59.328590393066406,57.49816131591797,57.903873443603516,42.184688568115234,43719500
2004-04-06,58.498291015625,59.81450271606445,57.71516799926758,59.22951889038086,43.15047073364258,70326003
2004-04-07,59.44181442260742,59.630516052246094,58.60679626464844,59.04081726074219,43.01297378540039,48155809
2004-04-08,58.965335845947266,60.140018463134766,58.064273834228516,58.795501708984375,42.83427047729492,77381639
2004-04-09,58.795501708984375,58.795501708984375,58.795501708984375,58.795501708984375,42.83427047729492,0
2004-04-12,55.26673126220703,59.536163330078125,55.26673126220703,58.38978576660156,42.538692474365234,30250916
2004-04-13,58.50300979614258,60.47496795654297,57.630252838134766,60.064537048339844,43.75879669189453,42399879
2004-04-14,60.064537048339844,60.064537048339844,60.064537048339844,60.064537048339844,43.75879669189453,0
2004-04-15,60.0079231262207,60.82878875732422,59.488990783691406,60.144737243652344,43.817222595214844,48490608
2004-04-16,60.38533401489258,61.045799255371094,59.91357421875,60.31928634643555,43.94438934326172,38430629
2004-04-19,60.847660064697266,61.328853607177734,59.10214614868164,59.342742919921875,43.232948303222656,38133116
2004-04-20,59.44181442260742,59.790916442871094,58.7907829284668,59.50313949584961,43.34980392456055,28823963
2004-04-21,59.253108978271484,61.121280670166016,59.158756256103516,60.85237503051758,44.332759857177734,36794831
2004-04-22,60.99862289428711,62.149715423583984,60.29570007324219,61.90911865234375,45.102622985839844,40054059
2004-04-23,61.89496612548828,62.8384895324707,61.51755905151367,62.045928955078125,45.20229721069336,41972851
2004-04-27,61.30998229980469,61.30998229980469,51.04447555541992,59.446529388427734,43.308555603027344,44040288
2004-04-28,59.253108978271484,60.64952087402344,58.97005081176758,60.27682876586914,43.913448333740234,47459481
2004-04-29,60.19662857055664,60.90427017211914,59.253108978271484,60.257957458496094,43.89971160888672,40685693
2004-04-30,61.008056640625,61.225067138671875,59.92300796508789,60.597625732421875,44.14717102050781,40787768
2004-05-03,59.91357421875,59.98905563354492,57.12546920776367,58.40865707397461,42.55243682861328,51177088
2004-05-04,59.328590393066406,60.7155647277832,59.328590393066406,60.40892028808594,44.00968933105469,38557611
2004-05-05,60.574039459228516,60.76274108886719,59.89470291137695,60.61649703979492,44.16090393066406,26671249
2004-05-06,61.1401481628418,62.045928955078125,61.1401481628418,61.80533218383789,45.02701950073242,25962828
2004-05-07,61.772308349609375,61.772308349609375,59.630516052246094,60.80048370361328,44.294952392578125,31081189
2004-05-10,60.76274108886719,60.76274108886719,50.95012664794922,59.30028533935547,43.20201110839844,38540123
2004-05-11,57.554771423339844,58.76247787475586,57.1915168762207,58.21995162963867,42.41495895385742,45238756
2004-05-12,57.93217849731445,59.44181442260742,56.80938720703125,58.5784912109375,42.67616653442383,55166221
2004-05-13,56.61125183105469,59.003074645996094,54.950653076171875,56.79995346069336,41.38045120239258,78091258
2004-05-14,56.61125183105469,56.9886589050293,47.09112548828125,48.70454406738281,35.48270034790039,99804991
2004-05-17,46.67597579956055,46.67597579956055,39.30236053466797,42.24614334106445,30.77756690979004,37953258
2004-05-18,42.26973342895508,47.34587478637695,42.17538070678711,46.31743621826172,33.743621826171875,44624716
2004-05-19,47.157169342041016,50.04434585571289,46.421226501464844,49.567867279052734,36.11166763305664,76676303
2004-05-20,48.59132385253906,50.270790100097656,47.671390533447266,48.54414749145508,35.36585235595703,53996369
2004-05-21,47.55345153808594,49.039493560791016,45.05311965942383,48.676239013671875,35.46208572387695,46470006
2004-05-24,49.53484344482422,51.4218864440918,49.25178527832031,50.898231506347656,37.08087158203125,38307505
2004-05-25,50.66706848144531,51.49736785888672,49.06308364868164,50.902950286865234,37.084312438964844,39137704
2004-05-26,50.76142120361328,51.50680160522461,49.916969299316406,50.21417999267578,36.58251190185547,39454581
2004-05-27,49.66693878173828,50.648197174072266,48.69511032104492,50.09623718261719,36.49660110473633,47903213
2004-05-28,50.388729095458984,50.468929290771484,45.12860107421875,45.82209014892578,33.38275146484375,89297974
2004-05-31,45.41637420654297,45.68056106567383,43.05757141113281,43.88787078857422,31.973613739013672,66390107
2004-06-01,44.34547805786133,45.47770309448242,44.019962310791016,44.27943420410156,32.25887680053711,53077894
2004-06-02,43.68501663208008,45.47770309448242,43.590660095214844,44.6002311706543,32.49258804321289,54737688
2004-06-03,46.12873458862305,46.591060638427734,43.79351806640625,44.31245422363281,32.282936096191406,68670427
2004-06-04,43.95863723754883,46.20421600341797,43.59537887573242,45.91644287109375,33.45148468017578,55481063
2004-06-07,46.232521057128906,47.053382873535156,45.161624908447266,45.7371711730957,33.32087326049805,49431594
2004-06-08,46.04381561279297,46.13816833496094,44.82667541503906,45.515445709228516,33.15935516357422,38126523
2004-06-09,45.47770309448242,46.609928131103516,45.45411682128906,45.633384704589844,33.245277404785156,51130921
2004-06-10,44.72288513183594,45.595645904541016,44.72288513183594,45.279563903808594,32.98749542236328,35310645
2004-06-11,45.19464874267578,45.19464874267578,43.9350471496582,44.180362701416016,32.18670654296875,32226389
2004-06-14,43.96807098388672,43.96807098388672,41.3026237487793,41.486610412597656,30.224227905273438,51678476
2004-06-15,41.32621383666992,42.43956756591797,40.8780403137207,41.93950271606445,30.554170608520508,58557307
2004-06-16,42.467872619628906,42.741493225097656,41.3450813293457,41.774383544921875,30.433870315551758,56005546
2004-06-17,41.514915466308594,42.77451705932617,40.55724334716797,42.378238677978516,30.87380027770996,66626180
2004-06-18,42.378238677978516,42.86415100097656,40.98182678222656,41.26959991455078,30.06612777709961,77406853
2004-06-21,40.939369201660156,40.939369201660156,39.12309265136719,39.25990295410156,28.60199546813965,85744783
2004-06-22,39.5806999206543,40.33551788330078,38.967411041259766,40.01943588256836,29.15534210205078,87858461
2004-06-23,39.986412048339844,40.260032653808594,38.3258171081543,38.56169509887695,28.093332290649414,93113957
2004-06-24,39.81657791137695,40.16568374633789,38.13711166381836,39.868473052978516,29.04536247253418,93933166
2004-06-25,39.250465393066406,40.076045989990234,38.623023986816406,39.54767608642578,29.581741333007812,70320131
2004-06-28,39.77412033081055,41.2224235534668,39.39199447631836,40.92521667480469,30.61214256286621,70605838
2004-06-29,40.3826904296875,41.137508392333984,39.82601547241211,40.429866790771484,30.241619110107422,79789355
2004-06-30,40.576114654541016,41.02428436279297,40.2505989074707,40.62800598144531,30.389835357666016,77749443
2004-07-01,41.02428436279297,41.92534637451172,40.94880294799805,41.78853988647461,31.257911682128906,66582111
2004-07-02,41.420562744140625,42.496177673339844,41.08089828491211,42.00554656982422,31.42022132873535,74876279
2004-07-05,41.7979736328125,42.07630920410156,40.41099548339844,40.66102981567383,30.414531707763672,52480239
2004-07-06,40.47704315185547,41.514915466308594,40.26947021484375,41.36395263671875,30.940324783325195,50857710
2004-07-07,41.137508392333984,41.93950271606445,40.90634536743164,41.18940353393555,30.809757232666016,57716149
2004-07-08,41.34036636352539,41.89232635498047,39.061763763427734,39.49106216430664,29.53939437866211,83324380
2004-07-09,38.40129852294922,40.760101318359375,36.79731369018555,40.519500732421875,30.308664321899414,46547387
2004-07-12,40.3826904296875,40.98654556274414,39.995849609375,40.7553825378418,30.48509979248047,33063201
2004-07-13,40.94880294799805,41.23186111450195,39.81657791137695,40.500633239746094,30.294551849365234,28854328
2004-07-14,40.58082962036133,41.02428436279297,40.2081413269043,40.64687728881836,30.40394401550293,40269168
2004-07-15,40.90162658691406,41.297908782958984,40.39684295654297,40.65159606933594,30.407472610473633,38462425
2004-07-16,41.98667526245117,41.98667526245117,40.24116134643555,41.48189163208008,31.028533935546875,40864110
2004-07-19,41.52435302734375,42.17538070678711,41.250732421875,41.514915466308594,31.05323600769043,31630705
2004-07-20,41.27431869506836,41.5054817199707,40.774253845214844,40.91106414794922,30.601558685302734,27459255
2004-07-21,41.09033203125,42.50089645385742,40.760101318359375,41.61870574951172,31.130876541137695,23972973
2004-07-22,42.36408615112305,43.986942291259766,42.033851623535156,43.68501663208008,32.676475524902344,62367323
2004-07-23,43.77936553955078,44.13790512084961,43.23212432861328,43.82182312011719,32.778812408447266,36690487
2004-07-26,44.24641036987305,50.69537353515625,42.95378494262695,44.31245422363281,33.14580535888672,46583517
2004-07-27,44.265281677246094,44.704017639160156,41.46773910522461,41.760231018066406,31.236738204956055,83415825
2004-07-28,41.70362091064453,41.741363525390625,40.63272476196289,40.863887786865234,30.56626319885254,59293199
2004-07-29,41.043155670166016,42.222557067871094,41.043155670166016,42.06687545776367,31.46610450744629,49067331
2004-07-30,42.43956756591797,42.86415100097656,41.55265808105469,41.71305465698242,31.20145034790039,44531374
2004-08-02,41.80740737915039,41.97724151611328,41.17524719238281,41.73192596435547,31.215560913085938,28054886
2004-08-03,41.89232635498047,42.35464859008789,41.3450813293457,41.514915466308594,31.05323600769043,40648916
2004-08-04,41.420562744140625,41.604549407958984,41.00541687011719,41.293190002441406,30.887380599975586,29789972
2004-08-05,41.420562744140625,42.43484878540039,41.420562744140625,42.23670959472656,31.593141555786133,32239976
2004-08-06,42.59053039550781,43.1047477722168,41.34980010986328,41.61870574951172,31.130876541137695,63140099
2004-08-09,41.491329193115234,43.49631118774414,41.043155670166016,43.19438552856445,32.309478759765625,74977718
2004-08-10,43.58122634887695,43.76993179321289,42.8924560546875,43.37836837768555,32.44711685180664,56004168
2004-08-11,43.40195846557617,43.49631118774414,42.08102798461914,42.198970794677734,31.564912796020508,39877317
2004-08-12,42.26973342895508,42.63298797607422,41.44415283203125,41.73664474487305,31.219093322753906,42105980
2004-08-13,41.89232635498047,42.32634353637695,41.477176666259766,42.07630920410156,31.473159790039062,52018066
2004-08-16,42.08102798461914,42.0904655456543,41.19411849975586,41.647010803222656,31.15204620361328,30800697
2004-08-17,41.89232635498047,42.24614334106445,41.420562744140625,41.71305465698242,31.20145034790039,32227650
2004-08-18,41.514915466308594,41.920631408691406,40.68461990356445,40.82143020629883,30.534509658813477,36466020
2004-08-19,41.27431869506836,41.32621383666992,40.495914459228516,40.84501647949219,30.552148818969727,36340087
2004-08-20,40.94880294799805,40.94880294799805,40.10906982421875,40.3826904296875,30.206331253051758,31764894
2004-08-23,40.37325668334961,40.415714263916016,39.165550231933594,39.47219467163086,29.525278091430664,32920576
2004-08-24,39.81657791137695,40.0901985168457,39.439170837402344,39.65146255493164,29.659378051757812,29703148
2004-08-25,40.052459716796875,40.85445022583008,39.675052642822266,40.70820617675781,30.44982147216797,29588026
2004-08-26,40.774253845214844,41.26016616821289,40.774253845214844,41.132789611816406,30.767406463623047,29813586
2004-08-27,41.23186111450195,41.491329193115234,40.63272476196289,40.967674255371094,30.643901824951172,29386165
2004-08-30,41.32621383666992,42.17538070678711,41.32621383666992,42.014984130859375,31.427289962768555,21810572
2004-08-31,42.08102798461914,42.08102798461914,41.250732421875,41.78382110595703,31.254379272460938,22088065
2004-09-01,42.222557067871094,42.64714050292969,41.81212615966797,42.52448272705078,31.808387756347656,38295264
2004-09-02,42.55278778076172,43.005680084228516,42.13764190673828,42.70375442504883,31.942495346069336,33848780
2004-09-03,42.69431686401367,43.7321891784668,42.64714050292969,43.61896896362305,32.62708282470703,52328753
2004-09-06,43.60481643676758,43.920894622802734,43.3076057434082,43.3878059387207,32.45417022705078,21793021
2004-09-07,43.40195846557617,44.13318634033203,43.123619079589844,44.03411865234375,32.937599182128906,35748431
2004-09-08,43.96807098388672,44.23225784301758,43.746341705322266,43.920894622802734,32.8529167175293,27990987
2004-09-09,43.96807098388672,44.04355239868164,43.26986312866211,43.670860290527344,32.6658935546875,25731577
2004-09-10,43.77936553955078,44.23225784301758,43.43026351928711,44.03883361816406,32.941131591796875,28491792
2004-09-13,43.87371826171875,43.87371826171875,42.85471725463867,43.09059524536133,32.23185348510742,27337498
2004-09-14,43.1849479675293,43.26042938232422,42.562225341796875,43.02455139160156,32.18244552612305,19028238
2004-09-15,43.24627685546875,43.727474212646484,42.845279693603516,43.010398864746094,32.17185974121094,30755748
2004-09-16,42.930198669433594,44.03411865234375,42.70846939086914,43.90202331542969,32.83879470825195,22708030
2004-09-17,44.156776428222656,45.51072692871094,44.08600997924805,45.34089279174805,33.91506576538086,43399295
2004-09-20,45.336177825927734,45.642818450927734,44.911590576171875,45.05311965942383,33.69982147216797,28147041
2004-09-21,45.10029602050781,45.46826934814453,45.057838439941406,45.29843521118164,33.88331604003906,19683592
2004-09-22,45.74188995361328,46.704280853271484,45.29843521118164,46.506141662597656,34.786685943603516,35574995
2004-09-23,46.232521057128906,46.93072509765625,45.41637420654297,45.57205581665039,34.08799362182617,37353218
2004-09-24,45.57205581665039,45.892852783203125,45.02009582519531,45.166343688964844,33.784507751464844,30026437
2004-09-27,44.82667541503906,45.241825103759766,44.47757339477539,44.69929885864258,33.43516159057617,18578508
2004-09-28,44.34547805786133,44.977638244628906,43.883155822753906,44.02939987182617,32.93407440185547,20796721
2004-09-29,43.99165725708008,44.71345138549805,43.647274017333984,44.637969970703125,33.38928985595703,29555944
2004-09-30,44.81724166870117,45.1899299621582,43.87843704223633,44.16621017456055,33.03641128540039,25108910
2004-10-01,44.10960006713867,45.4022216796875,43.656707763671875,45.18049621582031,33.79509735107422,20264131
2004-10-04,45.46355056762695,45.85511016845703,45.28900146484375,45.54375076293945,34.06681823730469,20352057
2004-10-05,45.66640853881836,46.37876510620117,44.84554672241211,46.21364974975586,34.56790542602539,36156180
2004-10-06,46.232521057128906,47.053382873535156,45.12388229370117,45.32674026489258,33.90448760986328,36987185
2004-10-07,45.38806915283203,46.591060638427734,45.29843521118164,45.92587661743164,34.35264587402344,34573014
2004-10-08,45.66640853881836,46.421226501464844,45.57205581665039,46.152320861816406,34.52202224731445,34845197
2004-10-11,46.22780227661133,46.336307525634766,45.12388229370117,45.29371643066406,33.879783630371094,18682883
2004-10-12,45.57205581665039,45.83624267578125,44.076576232910156,44.3596305847168,33.181087493896484,26353206
2004-10-14,44.364349365234375,44.67571258544922,43.8123893737793,44.0152473449707,32.92349624633789,18307110
2004-10-15,44.17564392089844,44.78893280029297,43.751060485839844,43.930328369140625,32.85996627807617,25057369
2004-10-18,44.1473388671875,44.524749755859375,43.23212432861328,43.44441604614258,32.49650955200195,20975731
2004-10-19,43.49631118774414,44.34547805786133,43.17079544067383,43.83597946166992,32.789398193359375,18769357
2004-10-20,44.34547805786133,44.86441421508789,43.13777160644531,43.368934631347656,32.44004440307617,15335400
2004-10-21,43.590660095214844,43.77936553955078,43.06700897216797,43.62840270996094,32.634132385253906,19454090
2004-10-22,43.62840270996094,43.62840270996094,43.62840270996094,43.62840270996094,32.634132385253906,0
2004-10-25,43.63783645629883,43.68501663208008,41.146942138671875,41.44415283203125,31.00030517578125,23056597
2004-10-26,41.514915466308594,42.78866958618164,41.32621383666992,42.63298797607422,31.88956069946289,47578736
2004-10-27,42.835845947265625,42.92076110839844,42.05744171142578,42.33578109741211,31.667245864868164,19394494
2004-10-28,42.661293029785156,42.930198669433594,41.7177734375,41.92534637451172,31.360246658325195,18371115
2004-10-29,42.08102798461914,42.458438873291016,41.750797271728516,42.2131233215332,31.57550621032715,17116336
2004-11-01,42.31690979003906,44.48700714111328,42.22727584838867,44.21810531616211,33.075233459472656,34839410
2004-11-02,44.298301696777344,44.60494613647461,43.97750473022461,44.31245422363281,33.14580535888672,20485599
2004-11-03,44.36906814575195,46.17591094970703,44.31717300415039,46.02494430541992,34.4267463684082,41592425
2004-11-04,45.949466705322266,46.326873779296875,45.14275360107422,45.39750671386719,33.95742416381836,19973994
2004-11-05,45.58148956298828,47.17132568359375,45.58148956298828,47.0297966003418,35.17837905883789,37708992
2004-11-08,47.22321701049805,47.58647155761719,46.624080657958984,46.79863357543945,35.005470275878906,27853799
2004-11-09,46.987335205078125,47.02507781982422,46.067405700683594,46.232521057128906,34.58201599121094,20114086
2004-11-10,46.4448127746582,46.883548736572266,46.326873779296875,46.54388427734375,34.81491470336914,18412439
2004-11-11,46.713714599609375,47.043949127197266,46.04381561279297,46.3221549987793,34.64906311035156,14801972
2004-11-12,49.06308364868164,51.70494079589844,46.10514450073242,46.425941467285156,34.72670364379883,4033074
2004-11-15,46.425941467285156,46.425941467285156,46.425941467285156,46.425941467285156,34.72670364379883,0
2004-11-16,46.256107330322266,47.80820083618164,46.072120666503906,47.62893295288086,35.62653350830078,36273242
2004-11-17,47.74215316772461,48.62906265258789,47.64780044555664,48.459228515625,36.24760055541992,30062494
2004-11-18,48.506404876708984,49.44049072265625,48.21391677856445,49.214046478271484,36.81219482421875,30259352
2004-11-19,49.393314361572266,49.5820198059082,47.98275375366211,48.13371658325195,36.00411605834961,35694696
2004-11-22,47.5770378112793,48.81776809692383,47.5770378112793,48.46394729614258,36.25112533569336,24812986
2004-11-23,48.93098831176758,49.29896545410156,48.416770935058594,48.69511032104492,36.42403030395508,23853283
2004-11-24,48.59132385253906,49.27065658569336,48.402618408203125,48.8743782043457,36.558128356933594,21964665
2004-11-25,48.8743782043457,49.18574142456055,48.034645080566406,48.36959457397461,36.18054962158203,22905037
2004-11-26,48.36959457397461,48.36959457397461,48.36959457397461,48.36959457397461,36.18054962158203,0
2004-11-29,48.949859619140625,49.89809799194336,48.949859619140625,49.563148498535156,37.073326110839844,21653151
2004-11-30,49.89338302612305,50.65763473510742,49.57258605957031,49.97829818725586,37.38386917114258,28562124
2004-12-01,50.025474548339844,51.32753372192383,49.15271759033203,51.04447555541992,38.18136978149414,48428331
2004-12-02,51.70494079589844,55.33277893066406,51.70494079589844,54.870452880859375,41.043209075927734,86993584
2004-12-03,55.667728424072266,55.667728424072266,54.15809631347656,54.5213508605957,40.782073974609375,35467282
2004-12-06,55.17709732055664,55.837562561035156,54.143943786621094,54.30434036254883,40.619754791259766,38368829
2004-12-07,54.4411506652832,54.686466217041016,53.407997131347656,53.875038146972656,40.29863739013672,31896847
2004-12-08,54.72420883178711,63.027191162109375,54.72420883178711,55.9366340637207,41.8407096862793,60046357
2004-12-09,55.19596862792969,57.724605560302734,47.55345153808594,57.14434051513672,42.744075775146484,53101625
2004-12-10,57.366065979003906,57.78121566772461,55.8139762878418,56.14892578125,41.999507904052734,51404206
2004-12-13,56.31875991821289,56.97922134399414,55.8564338684082,56.26214599609375,42.084197998046875,37837330
2004-12-14,60.857093811035156,60.857093811035156,47.83650588989258,56.94620132446289,42.59587478637695,34413633
2004-12-15,57.083011627197266,57.5359001159668,56.91789245605469,57.0311164855957,42.65938949584961,23108032
2004-12-16,57.06414031982422,57.06414031982422,54.72892761230469,55.44600296020508,41.473724365234375,29646615
2004-12-17,56.139488220214844,56.139488220214844,54.74779510498047,55.030853271484375,41.16317367553711,26734491
2004-12-20,55.19596862792969,55.99795913696289,54.79497146606445,55.88002014160156,41.798370361328125,21732100
2004-12-21,56.41311264038086,57.083011627197266,55.497894287109375,56.96035385131836,42.60645294189453,23236370
2004-12-22,57.03583526611328,57.460418701171875,55.785667419433594,56.13477325439453,41.98890686035156,24399874
2004-12-23,56.23384094238281,57.7906494140625,56.04513931274414,57.49816131591797,43.00873565673828,32714370
2004-12-24,58.03596878051758,58.21051788330078,57.200950622558594,57.4556999206543,42.97697830200195,23556342
2004-12-27,56.70560073852539,58.347328186035156,56.61125183105469,57.908592224121094,43.31573486328125,23321583
2004-12-28,57.837825775146484,59.158756256103516,57.837825775146484,58.94174575805664,44.08853530883789,29240244
2004-12-29,59.253108978271484,59.437095642089844,58.427528381347656,58.74360656738281,43.940330505371094,20836020
2004-12-30,58.875701904296875,60.17304229736328,58.40865707397461,59.72958755493164,44.67784881591797,42940514
2004-12-31,59.91357421875,61.753440856933594,59.91357421875,61.51755905151367,46.0152587890625,36535069
2005-01-03,61.753440856933594,62.545997619628906,61.338287353515625,61.87137985229492,46.27991485595703,22590407
2005-01-04,62.16387176513672,62.16858673095703,60.965599060058594,61.319419860839844,45.86704635620117,26206416
2005-01-05,61.32413864135742,61.876094818115234,55.762081146240234,58.257694244384766,43.57686996459961,52142335
2005-01-06,58.05011749267578,59.3380241394043,56.24799346923828,57.016963958740234,42.64879608154297,47719200
2005-01-07,57.49816131591797,58.49357223510742,57.106597900390625,58.087860107421875,43.4498291015625,30985674
2005-01-10,59.91357421875,59.91357421875,56.380088806152344,56.60653305053711,42.341796875,33139055
2005-01-11,56.61125183105469,57.34719467163086,55.224273681640625,55.50261306762695,41.51606750488281,36396853
2005-01-12,53.02587127685547,56.299888610839844,53.02587127685547,54.08261489868164,40.45391082763672,34234506
2005-01-13,55.384674072265625,56.31875991821289,54.72420883178711,55.955501556396484,41.85482406616211,25641903
2005-01-14,56.139488220214844,56.70560073852539,54.09204864501953,54.573246002197266,40.82090377807617,37262515
2005-01-17,55.479026794433594,56.22440719604492,54.08733367919922,55.5733757019043,41.56898498535156,31085227
2005-01-18,56.04513931274414,56.55463790893555,54.87517166137695,55.1487922668457,41.251407623291016,27446696
2005-01-19,55.384674072265625,55.62055206298828,54.63928985595703,54.837432861328125,41.01850509643555,20321935
2005-01-20,54.6015510559082,54.72420883178711,53.50706481933594,54.37982177734375,40.67621994018555,22292756
2005-01-24,54.4411506652832,54.4411506652832,53.27118682861328,53.8939094543457,40.312747955322266,18306315
2005-01-25,53.30892562866211,55.474308013916016,53.30892562866211,54.90819549560547,41.071434020996094,22039862
2005-01-27,55.290321350097656,55.474308013916016,54.64400863647461,54.8138427734375,41.00086212158203,20690862
2005-01-28,55.09218215942383,59.158756256103516,54.8657341003418,58.705867767333984,43.912105560302734,73276547
2005-01-31,59.06440353393555,60.98918533325195,59.06440353393555,60.66838836669922,45.380069732666016,35650267
2005-02-01,60.38533401489258,60.951446533203125,59.55503463745117,59.82394027709961,44.748416900634766,26149682
2005-02-02,60.0079231262207,61.843074798583984,60.0079231262207,61.210914611816406,45.785884857177734,48099255
2005-02-03,61.055233001708984,62.43749237060547,60.38533401489258,61.90440368652344,46.30461502075195,43291539
2005-02-04,63.121543884277344,63.121543884277344,60.86652755737305,61.15430450439453,45.74353790283203,43778661
2005-02-07,61.61191177368164,61.98931884765625,60.390052795410156,60.65423583984375,45.369483947753906,26428287
2005-02-08,60.857093811035156,61.12599563598633,59.592777252197266,59.93244171142578,44.829586029052734,30665946
2005-02-09,60.38533401489258,61.69682693481445,60.19662857055664,61.53643035888672,46.02937316894531,28964595
2005-02-10,61.61191177368164,62.25822067260742,52.808860778808594,61.18732452392578,45.76823806762695,28803507
2005-02-11,61.602474212646484,61.96573257446289,61.234500885009766,61.71097946166992,46.15993118286133,20552338
2005-02-14,62.08367156982422,63.65935134887695,62.08367156982422,62.79602813720703,46.9715576171875,29762776
2005-02-15,63.027191162109375,63.027191162109375,61.762874603271484,62.38087844848633,46.66101837158203,25913216
2005-02-16,62.38087844848633,63.95184326171875,61.82891845703125,62.569583892822266,46.802181243896484,43552106
2005-02-17,62.47051239013672,62.579017639160156,61.475101470947266,62.24406814575195,46.558677673339844,42056929
2005-02-18,62.99888610839844,63.187591552734375,61.72041320800781,62.10725784301758,46.45635223388672,28481723
2005-02-21,62.43277359008789,62.78187561035156,61.43264389038086,62.3431396484375,46.632789611816406,39157153
2005-02-22,62.3431396484375,64.72553253173828,62.27237319946289,64.19243621826172,48.01606750488281,47075335
2005-02-23,64.44247436523438,65.00858306884766,63.61217498779297,63.87636184692383,47.77964401245117,35351587
2005-02-24,64.15941619873047,65.45675659179688,63.9707145690918,65.19257354736328,48.76417541503906,53718728
2005-02-25,65.57469940185547,65.62187194824219,64.25376892089844,64.64060974121094,48.35130310058594,35323204
2005-02-28,65.560546875,67.85801696777344,63.22061538696289,67.42871856689453,50.43680191040039,79761619
2005-03-01,67.0843276977539,67.64100646972656,65.35297393798828,65.63130950927734,49.09235763549805,54356594
2005-03-02,65.95210266113281,66.94280242919922,65.81057739257812,66.65031433105469,49.85456848144531,29291817
2005-03-03,66.7776870727539,67.91934967041016,66.6125717163086,67.65988159179688,50.609718322753906,33996408
2005-03-04,67.83914947509766,68.4996109008789,67.11264038085938,67.31549072265625,50.352115631103516,29723911
2005-03-07,67.59854888916016,69.33934783935547,67.4853286743164,68.55622100830078,51.280181884765625,38377350
2005-03-08,68.40525817871094,68.83927917480469,67.85801696777344,68.31562805175781,51.1002197265625,22336560
2005-03-09,68.59396362304688,69.05628967285156,67.19755554199219,68.01370239257812,50.87438201904297,27321145
2005-03-10,67.92406463623047,70.24512481689453,67.54193878173828,70.01868438720703,52.37411117553711,47119255
2005-03-11,69.92904663085938,70.85369873046875,69.35350036621094,69.5280532836914,52.00712966918945,39007871
2005-03-14,69.53748321533203,70.13190460205078,69.00439453125,69.26386260986328,51.809505462646484,24652884
2005-03-15,69.25443267822266,69.5940933227539,68.40525817871094,69.0421371459961,51.643653869628906,26233750
2005-03-16,69.07044219970703,69.6318359375,68.40998077392578,68.68831634521484,51.378990173339844,21586422
2005-03-17,68.86758422851562,69.10346221923828,67.74479675292969,68.51848602294922,51.251956939697266,23732586
2005-03-18,68.59396362304688,68.90532684326172,67.20698547363281,68.66944885253906,51.36488723754883,31969754
2005-03-21,68.9619369506836,69.00911712646484,67.84857940673828,68.18824768066406,51.00495529174805,17169890
2005-03-22,67.74479675292969,67.74479675292969,64.93782043457031,65.40958404541016,48.92649841308594,34645583
2005-03-23,65.07463073730469,65.45204162597656,61.43735885620117,62.05536651611328,46.41753387451172,46317397
2005-03-24,62.46107864379883,63.44234085083008,61.489253997802734,62.687522888183594,46.89038848876953,67231636
2005-03-28,64.0650634765625,64.0650634765625,62.18745803833008,62.80074691772461,46.97507095336914,28401269
2005-03-29,62.744136810302734,62.744136810302734,60.10227584838867,60.54573059082031,45.288330078125,40407469
2005-03-30,60.805198669433594,62.6780891418457,60.163604736328125,62.37144470214844,46.65395736694336,44764882
2005-03-31,62.8384895324707,63.15928649902344,61.35244369506836,61.781742095947266,46.212860107421875,36799388
2005-04-01,61.80061340332031,63.48008346557617,61.578887939453125,63.2253303527832,47.29267501831055,29521064
2005-04-04,63.2253303527832,63.78200912475586,62.61204147338867,62.932838439941406,47.07388687133789,19813807
2005-04-05,63.027191162109375,63.16400146484375,60.56460189819336,60.89483642578125,45.54945373535156,29208120
2005-04-06,61.234500885009766,61.74400329589844,60.97975158691406,61.475101470947266,45.98349380493164,22893028
2005-04-07,61.74400329589844,64.72553253173828,61.61662673950195,61.80533218383789,46.23051071166992,17230695
2005-04-08,61.98931884765625,62.220481872558594,61.1401481628418,61.62606430053711,46.09640884399414,26177831
2005-04-11,61.62606430053711,62.17802429199219,60.39476776123047,60.61649703979492,45.34124755859375,16933669
2005-04-12,60.61649703979492,61.18260955810547,60.01736068725586,61.008056640625,45.63414001464844,23366320
2005-04-13,61.80061340332031,61.80061340332031,60.607059478759766,60.92314147949219,45.57062530517578,14849656
2005-04-15,60.61649703979492,60.61649703979492,58.40865707397461,58.66340637207031,43.880348205566406,20923024
2005-04-18,57.554771423339844,59.10214614868164,57.30473709106445,58.507728576660156,43.76390075683594,27207496
2005-04-19,58.94646453857422,59.71543502807617,57.941612243652344,58.1633415222168,43.50628662109375,25992197
2005-04-20,58.30958938598633,59.003074645996094,57.29530334472656,58.55961990356445,43.802711486816406,32639310
2005-04-21,58.30958938598633,59.41350555419922,57.6585578918457,59.30028533935547,44.356727600097656,21878838
2005-04-22,59.44181442260742,59.89470291137695,58.248260498046875,58.536033630371094,43.785064697265625,26528497
2005-04-25,58.96061706542969,59.319156646728516,58.02653121948242,58.889854431152344,44.049720764160156,19372831
2005-04-26,59.253108978271484,59.602210998535156,58.67284393310547,58.9511833190918,44.09560012817383,20614435
2005-04-27,58.97005081176758,59.3380241394043,58.12560272216797,58.49357223510742,43.753299713134766,15632712
2005-04-28,58.498291015625,58.59264373779297,56.729190826416016,57.007530212402344,42.64173889160156,42287894
2005-04-29,56.832977294921875,57.07357406616211,54.91291427612305,55.18181610107422,41.27610397338867,29199492
2005-05-02,55.479026794433594,55.931915283203125,54.35151672363281,55.60639953613281,41.59369659423828,29021277
2005-05-03,55.80925750732422,56.823543548583984,55.1063346862793,56.53105163574219,42.285335540771484,36061068
2005-05-04,56.733909606933594,57.436832427978516,56.582942962646484,57.300018310546875,42.86051940917969,28089745
2005-05-05,57.554771423339844,58.47941970825195,57.554771423339844,58.13975524902344,43.488651275634766,25701255
2005-05-06,58.12088394165039,58.85683059692383,57.370784759521484,58.22467041015625,43.552162170410156,21151498
2005-05-09,58.498291015625,58.86626434326172,58.22467041015625,58.65869140625,43.87681198120117,13813515
2005-05-10,58.781349182128906,59.13988494873047,58.05483627319336,58.23882293701172,43.5627555847168,22834238
2005-05-11,58.064273834228516,58.38507080078125,57.42267990112305,58.04540252685547,43.4180793762207,16062962
2005-05-12,57.77649688720703,58.7530403137207,57.77649688720703,58.38978576660156,43.67567443847656,11044122
2005-05-13,58.30958938598633,58.625667572021484,57.7906494140625,58.43696212768555,43.71096420288086,11990726
2005-05-16,61.1401481628418,61.1401481628418,58.59736251831055,59.762611389160156,44.70254898071289,20309482
2005-05-17,59.91357421875,60.38533401489258,58.795501708984375,59.19649887084961,44.27909851074219,23148253
2005-05-18,58.875701904296875,61.031646728515625,58.68699645996094,60.503273010253906,45.256568908691406,40876701
2005-05-19,60.857093811035156,61.508121490478516,59.960750579833984,60.253238677978516,45.06953811645508,20207311
2005-05-20,60.83822250366211,61.4232063293457,59.55503463745117,61.234500885009766,45.803524017333984,56265603
2005-05-23,61.52699279785156,61.97988510131836,61.1401481628418,61.37131118774414,45.905860900878906,17981076
2005-05-24,61.80061340332031,62.673370361328125,61.234500885009766,62.52712631225586,46.77041244506836,27189775
2005-05-25,62.46107864379883,64.13111114501953,61.635498046875,63.918819427490234,47.8114013671875,46617624
2005-05-26,63.70652770996094,64.80101013183594,63.03662872314453,64.50379943847656,48.24897384643555,39829877
2005-05-27,64.63117980957031,64.63117980957031,62.659217834472656,63.05549621582031,47.16563415527344,28404459
2005-05-30,63.21589660644531,63.49895095825195,62.27237319946289,62.48466873168945,46.73865509033203,21733828
2005-05-31,62.60260772705078,63.541412353515625,62.18745803833008,63.25835418701172,47.31736755371094,20477533
2005-06-01,63.16872024536133,63.67822265625,62.09310531616211,62.29124450683594,46.59397888183594,21960447
2005-06-02,62.73469924926758,63.21589660644531,61.66380310058594,61.82891845703125,46.24815368652344,21752598
2005-06-03,61.8477897644043,62.88566589355469,61.8477897644043,62.503536224365234,46.75276565551758,17817868
2005-06-06,63.027191162109375,64.80573272705078,63.027191162109375,64.38114166259766,48.1572151184082,31580118
2005-06-07,64.15941619873047,64.92366790771484,63.97542953491211,64.72080993652344,48.411293029785156,19365793
2005-06-08,65.10293579101562,65.55110931396484,64.63117980957031,65.09349822998047,48.6900634765625,23477478
2005-06-09,65.38599395751953,65.57469940185547,64.6925048828125,65.04632568359375,48.6547737121582,13815974
2005-06-10,65.29164123535156,65.6407470703125,64.0273208618164,64.22074890136719,48.03724670410156,19059313
2005-06-13,64.25376892089844,64.52738952636719,63.560279846191406,64.33396911621094,48.12193298339844,14116805
2005-06-14,64.63117980957031,65.17842102050781,63.829185485839844,64.74440002441406,48.42893981933594,18355884
2005-06-15,64.81987762451172,65.37655639648438,64.56513214111328,65.00858306884766,48.62654113769531,15869548
2005-06-16,65.10293579101562,65.27277374267578,63.93769073486328,64.15470123291016,47.98784637451172,19137733
2005-06-17,54.15809631347656,63.78200912475586,54.15809631347656,62.9705810546875,47.98423767089844,20822232
2005-06-20,63.395164489746094,63.53669357299805,61.70626449584961,61.99403762817383,47.240108489990234,22988532
2005-06-21,61.82420349121094,63.28194046020508,61.82420349121094,62.82433319091797,47.872802734375,15352877
2005-06-22,63.31024932861328,63.77729034423828,62.0883903503418,62.390316009521484,47.542083740234375,19605237
2005-06-23,62.5554313659668,64.6547622680664,61.99875259399414,64.46134185791016,49.12022399902344,39389007
2005-06-24,64.44718933105469,65.00858306884766,63.69237518310547,64.0273208618164,48.78948974609375,26689330
2005-06-27,63.87636184692383,64.57456970214844,63.121543884277344,63.371578216552734,48.28981018066406,19193916
2005-06-28,63.404598236083984,63.918819427490234,62.319549560546875,62.465797424316406,47.59959030151367,26041629
2005-06-29,62.663936614990234,63.67350387573242,62.08367156982422,63.49423599243164,48.383277893066406,20237655
2005-06-30,63.78200912475586,64.72553253173828,63.68765640258789,64.33868408203125,49.02674865722656,23672630
2005-07-01,64.3481216430664,66.88619232177734,62.4752311706543,66.63616180419922,50.77745819091797,51589554
2005-07-04,66.99469757080078,67.78253936767578,66.82958221435547,67.14566040039062,51.165687561035156,22186102
2005-07-05,67.17868041992188,67.72120666503906,66.23516082763672,66.4521713256836,50.63724899291992,27847143
2005-07-06,66.8578872680664,68.31090545654297,66.71163940429688,68.00897979736328,51.823551177978516,21981771
2005-07-07,68.31090545654297,68.66944885253906,66.54180908203125,67.01356506347656,51.065032958984375,35182232
2005-07-08,67.46173858642578,68.31090545654297,67.00885009765625,67.71649169921875,51.600677490234375,20907232
2005-07-11,68.216552734375,68.67887878417969,67.21170806884766,67.43814849853516,51.38858413696289,13795105
2005-07-12,67.8297119140625,68.59396362304688,66.70692443847656,67.73535919189453,51.61505889892578,24417997
2005-07-13,68.13163757324219,69.3487777709961,67.67874908447266,68.537353515625,52.22618865966797,25632735
2005-07-14,68.59396362304688,69.0468521118164,66.98998260498047,67.22586059570312,51.226806640625,18183477
2005-07-15,66.98998260498047,68.68831634521484,66.98998260498047,67.86273956298828,51.71212387084961,15558373
2005-07-18,68.31090545654297,68.40054321289062,67.4004135131836,67.60798645019531,51.51799392700195,12363256
2005-07-19,67.83914947509766,68.66944885253906,67.67874908447266,68.07502746582031,51.87389373779297,12744827
2005-07-20,68.66944885253906,69.32047271728516,68.14107513427734,68.39110565185547,52.114742279052734,16221358
2005-07-21,68.4146957397461,68.87702178955078,66.6125717163086,66.97110748291016,51.03268814086914,16720944
2005-07-22,67.46173858642578,68.21183776855469,67.04659271240234,68.03728485107422,51.845130920410156,16907988
2005-07-25,68.21183776855469,70.57535552978516,68.21183776855469,70.12246704101562,53.434043884277344,32782752
2005-07-26,69.82054138183594,71.23582458496094,69.3487777709961,70.91974639892578,54.04159164428711,44964253
2005-07-27,70.95276641845703,73.96260070800781,70.44798278808594,73.13701629638672,55.73118209838867,28781526
2005-07-28,73.13701629638672,73.13701629638672,73.13701629638672,73.13701629638672,55.73118209838867,0
2005-07-29,73.12286376953125,76.373291015625,72.74545288085938,75.50525665283203,57.53579330444336,48952061
2005-08-01,75.38731384277344,75.9487075805664,74.07582092285156,74.5334243774414,56.79524612426758,20995667
2005-08-02,74.82120513916016,76.13269805908203,74.82120513916016,75.81661987304688,57.77305603027344,23169758
2005-08-03,76.14212799072266,77.46305847167969,75.85907745361328,76.47708129882812,58.27631759643555,29064138
2005-08-04,76.76956939697266,77.03376007080078,75.76472473144531,76.27893829345703,58.125343322753906,18538816
2005-08-05,76.3308334350586,76.86864471435547,75.69867706298828,76.0241928100586,57.93122863769531,13737619
2005-08-08,76.39688110351562,76.8780746459961,73.25023651123047,73.49083709716797,56.000789642333984,21980468
2005-08-09,73.5946273803711,74.39662170410156,72.36804962158203,73.3162841796875,55.86777114868164,27521458
2005-08-10,73.87767791748047,76.80259704589844,73.42007446289062,76.16571807861328,58.03908157348633,21487442
2005-08-11,76.6138916015625,77.73667907714844,75.88265991210938,77.1233901977539,58.76882553100586,30915586
2005-08-12,77.3592758178711,77.55741119384766,76.14212799072266,76.52425384521484,58.31229019165039,22299623
2005-08-16,76.6138916015625,77.07621765136719,75.60903930664062,76.1468505859375,58.024696350097656,14075937
2005-08-17,75.85907745361328,77.27435302734375,75.50525665283203,77.0809326171875,58.736480712890625,17450732
2005-08-18,77.36870574951172,78.12352752685547,76.28837585449219,76.47708129882812,58.27631759643555,21894545
2005-08-19,76.70824432373047,76.99130249023438,75.85907745361328,75.99116516113281,57.906063079833984,13668548
2005-08-22,76.21761322021484,76.56671905517578,74.07582092285156,74.5334243774414,56.79524612426758,14724740
2005-08-23,74.81648254394531,76.14212799072266,73.22665405273438,73.42951202392578,55.95405578613281,18071005
2005-08-24,74.53814697265625,74.53814697265625,72.18878173828125,73.07569122314453,55.6844367980957,20890921
2005-08-25,73.5946273803711,74.25508880615234,72.51429748535156,73.75030517578125,56.19851303100586,26546716
2005-08-26,74.24093627929688,74.24093627929688,73.16060638427734,73.74559020996094,56.194908142089844,12492209
2005-08-29,73.97203063964844,73.97203063964844,70.7640609741211,72.7265853881836,55.41841506958008,12861316
2005-08-30,73.09927368164062,74.6277847290039,72.95774841308594,74.33528900146484,56.64427947998047,13522764
2005-08-31,74.490966796875,75.33541870117188,73.87767791748047,75.13256072998047,57.25180435180664,14736569
2005-09-01,75.57601928710938,76.00060272216797,75.03349304199219,75.44392395019531,57.48905563354492,12385333
2005-09-02,75.68923950195312,76.38272857666016,74.65608978271484,76.05721282958984,57.956390380859375,14674842
2005-09-05,76.38272857666016,77.62345886230469,76.1091079711914,77.09037017822266,58.74367904663086,14539911
2005-09-06,77.55741119384766,79.06704711914062,77.0384750366211,78.79814147949219,60.045013427734375,26123058
2005-09-08,78.78398895263672,79.42558288574219,78.43016815185547,79.10950469970703,60.28226852416992,13430556
2005-09-09,79.06704711914062,81.33149719238281,78.51036834716797,80.92578125,61.66629409790039,26345035
2005-09-12,81.14279174804688,82.27501678466797,80.6615982055664,82.00139617919922,62.48591995239258,14130668
2005-09-13,81.8976058959961,83.56764221191406,81.52020263671875,83.26099395751953,63.445762634277344,25209056
2005-09-14,83.02983093261719,85.86039733886719,82.7703628540039,84.77534484863281,64.5997085571289,54837887
2005-09-15,85.38863372802734,85.65282440185547,84.49700927734375,85.18577575683594,64.91244506835938,24198818
2005-09-16,85.65282440185547,87.72856903076172,84.36963653564453,85.0348129272461,64.79741668701172,19860917
2005-09-19,85.37920379638672,86.41707611083984,84.84139251708984,86.03966522216797,65.56314849853516,16603628
2005-09-20,86.31800079345703,86.89826965332031,84.91687774658203,86.13873291015625,65.63862609863281,25826456
2005-09-21,85.86039733886719,87.55873107910156,84.2611312866211,86.70484924316406,66.07000732421875,42278748
2005-09-22,86.3321533203125,87.41720581054688,83.61953735351562,84.12903594970703,64.10720825195312,38010458
2005-09-23,84.63381958007812,85.57733917236328,82.10518646240234,83.96863555908203,63.9849739074707,34401359
2005-09-26,84.25640869140625,86.78504943847656,84.16205596923828,86.30384826660156,65.76443481445312,12710180
2005-09-27,86.52085876464844,88.12484741210938,86.11042785644531,87.62950134277344,66.77460479736328,28747706
2005-09-28,87.71913146972656,88.59660339355469,87.37946319580078,88.39375305175781,67.35694885253906,26322015
2005-09-29,80.7229232788086,89.09667205810547,80.7229232788086,88.78059387207031,67.65174102783203,26485466
2005-09-30,85.9830551147461,90.5780029296875,85.9830551147461,88.52112579345703,67.45403289794922,23135736
2005-10-03,88.50225830078125,89.91753387451172,88.50225830078125,89.19573974609375,67.96809387207031,17041086
2005-10-04,89.36085510253906,90.55912780761719,89.17687225341797,90.43647003173828,68.91353607177734,15852315
2005-10-05,90.5780029296875,90.5780029296875,88.97401428222656,89.34198760986328,68.07952880859375,16061627
2005-10-06,88.69095611572266,88.95514678955078,86.89826965332031,87.31341552734375,66.53372955322266,21546731
2005-10-07,87.31341552734375,87.93614196777344,85.43109130859375,86.49727630615234,65.91181182861328,33668879
2005-10-10,86.6529541015625,87.43607330322266,84.93574523925781,85.24239349365234,64.95559692382812,22108626
2005-10-11,85.33673858642578,88.7381362915039,84.06770324707031,88.4928207397461,67.43246459960938,43606837
2005-10-13,88.2710952758789,89.3467025756836,86.62936401367188,87.11528015136719,66.38276672363281,28995893
2005-10-14,87.08697509765625,87.4643783569336,85.3980712890625,85.9075698852539,65.46247100830078,28971569
2005-10-17,86.70012664794922,87.6436538696289,84.53946685791016,87.19548034667969,66.44387817382812,37385300
2005-10-18,87.37003326416016,87.97859954833984,85.04425048828125,86.07268524169922,65.58829498291016,24827273
2005-10-19,85.29428100585938,85.86039733886719,83.02983093261719,83.89787292480469,63.93107223510742,37548932
2005-10-20,84.82252502441406,86.3321533203125,80.3407974243164,81.93534851074219,62.43560028076172,52225777
2005-10-21,83.97335052490234,84.01109313964844,81.23714447021484,83.65727233886719,63.74773025512695,34441782
2005-10-24,84.16205596923828,84.32245635986328,80.77953338623047,81.54850769042969,62.140830993652344,27306180
2005-10-25,81.15694427490234,84.25640869140625,80.8880386352539,83.49687957763672,63.625492095947266,48166302
2005-10-26,83.78465270996094,84.03939819335938,82.71375274658203,83.4780044555664,63.61111831665039,25314692
2005-10-27,83.595947265625,83.8790054321289,77.75555419921875,78.40186309814453,59.7430419921875,57195991
2005-10-28,78.2933578491211,78.52452087402344,75.91097259521484,76.47236633300781,58.27274703979492,40106861
2005-10-31,76.8969497680664,79.45861053466797,76.8969497680664,79.17082977294922,60.32901382446289,23875127
2005-11-02,78.97269439697266,79.23687744140625,77.41588592529297,78.32166290283203,59.681922912597656,27523748
2005-11-04,78.32166290283203,78.32166290283203,78.32166290283203,78.32166290283203,59.681922912597656,0
2005-11-07,78.51036834716797,79.49163055419922,77.84046936035156,78.77455139160156,60.02702713012695,18749304
2005-11-08,79.2463150024414,80.23701477050781,78.26505279541016,78.60472106933594,59.89761734008789,30387479
2005-11-09,78.97269439697266,80.19927215576172,78.35940551757812,79.89734649658203,60.88261795043945,44152993
2005-11-10,80.19927215576172,81.00126647949219,79.6331558227539,80.15209197998047,61.076751708984375,33889807
2005-11-11,80.22757720947266,82.33634948730469,80.22757720947266,82.17594909667969,62.61893844604492,26238551
2005-11-14,82.36936950683594,83.58179473876953,81.7560806274414,83.2326889038086,63.4241943359375,25312604
2005-11-16,83.64311981201172,84.69986724853516,83.1524887084961,84.55361938476562,64.43075561523438,20215303
2005-11-17,84.63381958007812,86.27554321289062,83.61481475830078,86.03966522216797,65.56314849853516,30232612
2005-11-18,86.27554321289062,86.98318481445312,85.38863372802734,85.87926483154297,65.44090270996094,19246580
2005-11-21,85.8651123046875,86.1434555053711,83.53461456298828,84.22810363769531,64.18268585205078,21571510
2005-11-22,83.9592056274414,85.14331817626953,82.27501678466797,82.57222747802734,62.9208984375,37284889
2005-11-23,82.84112548828125,84.90744018554688,82.6052474975586,84.62438201904297,64.48467254638672,36012813
2005-11-24,85.10557556152344,85.74717712402344,84.44511413574219,85.03953552246094,64.80101013183594,23007864
2005-11-25,85.29428100585938,85.86039733886719,84.49700927734375,85.59149169921875,65.22160339355469,19212919
2005-11-28,86.04910278320312,88.69095611572266,85.9075698852539,88.08710479736328,67.12329864501953,25680036
2005-11-29,88.39846801757812,88.39846801757812,79.25575256347656,86.43122863769531,65.86148834228516,33721692
2005-11-30,86.78976440429688,87.68611145019531,84.2611312866211,84.60079956054688,64.46672058105469,29193387
2005-12-01,85.1999282836914,86.3698959350586,84.09129333496094,86.17647552490234,65.66737365722656,25655183
2005-12-02,86.3698959350586,87.83235168457031,85.58677673339844,85.89813995361328,65.45528411865234,25973331
2005-12-05,85.58677673339844,86.59634399414062,83.9827880859375,84.20923614501953,64.16831970214844,21871843
2005-12-06,84.82252502441406,84.82252502441406,82.55807495117188,83.02983093261719,63.26960372924805,31805783
2005-12-07,83.78465270996094,84.05827331542969,83.12418365478516,83.64311981201172,63.7369499206543,22418837
2005-12-08,84.05827331542969,84.44511413574219,82.70903778076172,83.65727233886719,63.74773025512695,19777528
2005-12-09,83.73747253417969,85.00650787353516,83.73747253417969,84.7706298828125,64.59612274169922,14317934
2005-12-12,84.7281723022461,86.23308563232422,84.7281723022461,85.79906463623047,65.37979888916016,22899790
2005-12-13,85.80378723144531,87.60118865966797,85.49242401123047,87.41720581054688,66.61283874511719,29334211
2005-12-14,87.27568054199219,88.62490844726562,87.2379379272461,87.71913146972656,66.84288787841797,25187032
2005-12-15,87.93614196777344,88.12484741210938,84.1856460571289,84.68099212646484,64.52780151367188,26857954
2005-12-16,84.63381958007812,87.26624298095703,83.50159454345703,87.01148986816406,66.30365753173828,57370338
2005-12-19,87.18132781982422,89.34198760986328,87.01148986816406,88.91740417480469,67.75599670410156,27084043
2005-12-20,89.15328216552734,89.1627197265625,87.30398559570312,87.95500946044922,67.02264404296875,26986356
2005-12-21,87.7474365234375,88.2144775390625,84.96405029296875,85.64810180664062,65.2647705078125,32669484
2005-12-22,86.04910278320312,86.54444885253906,85.29428100585938,85.97833251953125,65.51639556884766,24923752
2005-12-23,86.19062805175781,86.41707611083984,83.83654022216797,84.23282623291016,64.1863021850586,21616109
2005-12-26,83.78465270996094,84.44511413574219,81.62398529052734,81.97309112548828,62.464359283447266,23849584
2005-12-27,82.08631134033203,84.33189392089844,81.34093475341797,84.06770324707031,64.06047058105469,25006728
2005-12-28,84.15734100341797,85.67169189453125,83.44498443603516,84.73760223388672,64.57095336914062,29763412
2005-12-29,85.1999282836914,85.57733917236328,83.78465270996094,84.17149353027344,64.13955688476562,28922996
2005-12-30,84.44511413574219,86.09627532958984,84.16205596923828,85.68584442138672,65.29353332519531,21495677
2006-01-02,86.09627532958984,86.59162139892578,85.11973571777344,85.37920379638672,65.05986022949219,21240601
2006-01-03,85.6811294555664,86.3321533203125,85.48298645019531,86.05381774902344,65.57392883300781,17462401
2006-01-04,86.39820098876953,87.08697509765625,86.39820098876953,86.60578155517578,65.99451446533203,19420938
2006-01-05,86.95487976074219,89.2051773071289,86.72843170166016,88.81361389160156,67.67691040039062,42574671
2006-01-06,88.78530883789062,89.63448333740234,87.85594177246094,88.70510864257812,67.5942153930664,23846595
2006-01-09,89.41747283935547,89.41747283935547,86.99262237548828,87.45966339111328,66.6451644897461,22970843
2006-01-10,87.18132781982422,88.10597229003906,85.68584442138672,85.96417999267578,65.50560760498047,27809666
2006-01-12,85.95475006103516,88.30411529541016,85.29428100585938,88.0257797241211,67.0765609741211,33539820
2006-01-13,88.21920013427734,88.4928207397461,86.90298461914062,87.1624526977539,66.41869354248047,21138282
2006-01-16,87.37003326416016,87.69082641601562,85.29428100585938,86.55860137939453,65.95855712890625,24173308
2006-01-17,86.42650604248047,87.4643783569336,85.4358139038086,85.65753936767578,65.2719497680664,17349516
2006-01-18,85.48298645019531,85.48298645019531,83.275146484375,84.25640869140625,64.20425415039062,26612014
2006-01-19,84.91687774658203,86.3321533203125,84.91687774658203,85.65282440185547,65.26835632324219,20332545
2006-01-20,86.09627532958984,86.4925537109375,85.157470703125,85.56318664550781,65.2000503540039,19838109
2006-01-23,85.54431915283203,86.29441833496094,84.6479721069336,85.157470703125,64.8908920288086,14207857
2006-01-24,85.38863372802734,86.47368621826172,84.92630767822266,85.10086059570312,64.84776306152344,24233455
2006-01-25,85.48298645019531,85.86039733886719,83.06285858154297,83.52046203613281,63.64348220825195,39929027
2006-01-27,84.91687774658203,86.70956420898438,84.44511413574219,86.21421813964844,65.69613647460938,23000350
2006-01-30,85.38863372802734,86.0255126953125,83.14777374267578,83.38365173339844,63.53923034667969,34126697
2006-01-31,83.97335052490234,84.44511413574219,82.90245819091797,83.62896728515625,63.72616195678711,25412634
2006-02-01,83.8790054321289,84.11488342285156,81.70890045166016,82.01554870605469,62.49671173095703,23565541
2006-02-02,83.50159454345703,83.50159454345703,81.1899642944336,81.61455535888672,62.19114685058594,30430053
2006-02-03,82.08631134033203,82.52976989746094,80.62385559082031,80.87860870361328,61.63035202026367,20219786
2006-02-06,80.765380859375,82.55807495117188,80.765380859375,81.65701293945312,62.22349548339844,20384435
2006-02-07,82.26557922363281,83.06757354736328,81.80326080322266,82.58638000488281,62.931678771972656,19971291
2006-02-08,82.74678039550781,83.26571655273438,81.8174057006836,82.9260482788086,63.19053268432617,15169765
2006-02-10,83.21853637695312,83.91202545166016,82.6052474975586,83.02040100097656,63.262420654296875,16680352
2006-02-13,83.77521514892578,83.91674041748047,83.20438385009766,83.42139434814453,63.5679817199707,9263250
2006-02-14,83.40724182128906,83.8790054321289,81.80326080322266,81.99195861816406,62.4787483215332,15884344
2006-02-15,82.36936950683594,82.63355255126953,81.34093475341797,81.84099578857422,62.36370086669922,13079181
2006-02-16,83.79408264160156,83.79408264160156,81.76079559326172,81.9164810180664,62.42121505737305,10930452
2006-02-17,82.40711212158203,82.41182708740234,80.73236083984375,80.93049621582031,61.669891357421875,13873419
2006-02-20,81.05787658691406,81.84099578857422,80.85973358154297,81.57681274414062,62.16238784790039,14056499
2006-02-21,81.80326080322266,82.4637222290039,81.62398529052734,81.9400634765625,62.4391975402832,11150628
2006-02-22,82.08631134033203,82.87886810302734,81.63813781738281,81.82212829589844,62.349327087402344,12373632
2006-02-23,82.17594909667969,82.26557922363281,80.02471923828125,80.38797760009766,61.25648880004883,31411876
2006-02-24,80.765380859375,82.90717315673828,80.765380859375,82.647705078125,62.978416442871094,24364602
2006-02-27,83.02983093261719,84.33189392089844,82.65242767333984,84.09129333496094,64.07843017578125,18206741
2006-02-28,84.44511413574219,84.73760223388672,82.19953155517578,82.79395294189453,63.089839935302734,31901404
2006-03-01,82.8505630493164,83.78936767578125,82.38823699951172,83.14305877685547,63.35588836669922,16395292
2006-03-02,83.49687957763672,85.29428100585938,83.21853637695312,84.41209411621094,64.32289123535156,27371107
2006-03-03,84.63381958007812,85.6811294555664,84.17149353027344,84.45455169677734,64.35527038574219,17081678
2006-03-06,84.8932876586914,85.47355651855469,84.44511413574219,84.58663940429688,64.45590209960938,10058113
2006-03-07,84.91687774658203,85.75660705566406,83.18079376220703,85.30843353271484,65.00590515136719,27926770
2006-03-08,86.42650604248047,86.79447937011719,83.50159454345703,83.84597778320312,63.89151382446289,26696633
2006-03-09,83.86956787109375,85.62451934814453,82.71375274658203,85.47355651855469,65.1317367553711,25711069
2006-03-10,86.02079772949219,87.667236328125,85.80378723144531,86.8369369506836,66.170654296875,31603975
2006-03-13,87.27095794677734,88.47394561767578,86.92185974121094,87.56816864013672,66.72785949707031,23744796
2006-03-14,87.48796844482422,92.16783142089844,86.80391693115234,90.00245666503906,68.58282470703125,72507555
2006-03-16,91.61587524414062,91.99327850341797,90.38929748535156,90.82331848144531,69.20832061767578,20009107
2006-03-17,91.41773223876953,92.27633666992188,90.5780029296875,90.74311828613281,69.14720153808594,22169049
2006-03-20,91.04975891113281,91.98384857177734,91.04975891113281,91.56398010253906,69.77272033691406,13627722
2006-03-21,91.7102279663086,93.17268371582031,90.95540618896484,91.3516845703125,69.61095428466797,21979949
2006-03-22,91.53567504882812,92.04045867919922,88.80889892578125,89.50238800048828,68.2017593383789,24989718
2006-03-23,91.99327850341797,92.84245300292969,90.03076171875,91.9791259765625,70.08906555175781,39507627
2006-03-24,92.46504211425781,93.56424713134766,92.19613647460938,92.64903259277344,70.59953308105469,21458211
2006-03-27,93.40856170654297,94.20584106445312,92.68205261230469,93.20098876953125,71.02012634277344,16969800
2006-03-28,93.40856170654297,93.6727523803711,92.380126953125,92.71035766601562,70.6462631225586,12301339
2006-03-29,92.46504211425781,93.26703643798828,92.46504211425781,92.84245300292969,70.74693298339844,12977784
2006-03-30,92.93680572509766,93.2104263305664,90.76670837402344,91.11109161376953,69.42760467529297,23031785
2006-03-31,91.42716979980469,92.39899444580078,90.82803344726562,91.37998962402344,69.63249969482422,19438807
2006-04-03,91.52152252197266,93.40856170654297,90.95540618896484,92.78112030029297,70.70018768310547,11224881
2006-04-04,92.93680572509766,94.88045501708984,92.93680572509766,94.04544067382812,71.66361999511719,23300873
2006-04-05,94.54078674316406,95.65414428710938,94.08789825439453,95.01726531982422,72.40414428710938,12385841
2006-04-07,95.75321197509766,95.76736450195312,91.90836334228516,92.43202209472656,70.43416595458984,14874064
2006-04-10,93.39913177490234,93.39913177490234,89.8326187133789,90.98371124267578,69.3305435180664,25477592
2006-04-12,91.33281707763672,91.33281707763672,87.94085693359375,88.48810577392578,67.42886352539062,17850904
2006-04-13,88.40790557861328,88.40790557861328,84.63381958007812,86.64823913574219,66.02687072753906,24503730
2006-04-17,86.80391693115234,88.2710952758789,85.38863372802734,87.90312194824219,66.98310089111328,20315862
2006-04-18,88.2710952758789,92.4839096069336,88.2710952758789,88.99288177490234,67.81351470947266,23146929
2006-04-19,89.1627197265625,90.08737182617188,88.08710479736328,88.50697326660156,67.44322967529297,15688503
2006-04-20,89.1249771118164,89.25707244873047,87.51155853271484,88.455078125,67.40369415283203,11211686
2006-04-21,88.69095611572266,89.25707244873047,86.16703796386719,86.95487976074219,66.26051330566406,13401558
2006-04-24,87.27568054199219,87.27568054199219,85.15275573730469,86.33687591552734,65.78959655761719,17684039
2006-04-25,86.60578155517578,88.02105712890625,83.97335052490234,85.00179290771484,64.77225494384766,21510356
2006-04-26,85.37448120117188,86.42650604248047,83.97335052490234,85.83209228515625,65.40497589111328,19567495
2006-04-27,83.97335052490234,96.23912811279297,80.19927215576172,84.1007308959961,64.08564758300781,32026764
2006-04-28,83.50159454345703,83.72804260253906,80.67103576660156,83.29873657226562,63.47450256347656,18191977
2006-05-02,86.80391693115234,88.85607147216797,86.25196075439453,88.46923065185547,67.41448211669922,18760645
2006-05-03,88.69095611572266,91.61587524414062,88.23335266113281,90.73839569091797,69.14359283447266,27666733
2006-05-04,87.7474365234375,91.50736999511719,85.53959655761719,90.47892761230469,68.94587707519531,16480271
2006-05-05,90.8469009399414,91.23846435546875,89.65335083007812,89.99773406982422,68.57923126220703,12202454
2006-05-08,91.23846435546875,91.31394958496094,89.73826599121094,90.28550720214844,68.79850769042969,8259849
2006-05-09,89.73826599121094,92.46504211425781,86.01136016845703,92.09235382080078,70.17534637451172,18529786
2006-05-10,92.22916412353516,95.08331298828125,92.22916412353516,94.55493927001953,72.05186462402344,30728330
2006-05-11,94.63513946533203,94.7294921875,91.61587524414062,92.13008880615234,70.20410919189453,17793480
2006-05-12,91.61587524414062,92.13008880615234,88.8985366821289,90.45062255859375,68.92431640625,12098291
2006-05-15,90.5780029296875,90.97428131103516,86.28498077392578,87.17189025878906,66.42589569091797,14756049
2006-05-16,87.27095794677734,88.01162719726562,84.35076141357422,87.17660522460938,66.42948150634766,12119371
2006-05-17,88.21920013427734,94.67288208007812,87.79461669921875,93.38025665283203,71.15673065185547,17689095
2006-05-18,87.33229064941406,93.40856170654297,84.44511413574219,85.5160140991211,65.16409301757812,38758635
2006-05-19,88.94570922851562,89.24763488769531,80.765380859375,82.00139617919922,62.48591995239258,42349334
2006-05-22,82.08631134033203,83.97335052490234,75.29296112060547,81.1239242553711,61.81726837158203,21418233
2006-05-23,81.34093475341797,86.34159088134766,77.55741119384766,82.32691192626953,62.73398208618164,11786628
2006-05-24,83.02983093261719,85.38863372802734,80.29362487792969,81.88345336914062,62.39605712890625,22751664
2006-05-25,80.57667541503906,83.36006927490234,78.87834167480469,82.13349151611328,62.58658981323242,14847949
2006-05-26,83.21853637695312,84.71873474121094,81.61455535888672,82.50617980957031,62.870574951171875,11786989
2006-05-29,83.04398345947266,83.73747253417969,82.13349151611328,83.20438385009766,63.40259552001953,9909256
2006-05-30,83.3930892944336,83.3930892944336,80.90691375732422,81.1663818359375,61.84962844848633,11994478
2006-05-31,79.25575256347656,80.67103576660156,76.51953887939453,78.56226348876953,59.86526870727539,17670356
2006-06-01,79.25575256347656,79.83601379394531,76.8120346069336,77.25077056884766,58.865901947021484,15314330
2006-06-02,76.80259704589844,80.27474975585938,76.16100311279297,79.13780975341797,60.3038330078125,12934393
2006-06-05,79.25575256347656,79.7086410522461,75.95343017578125,76.7978744506836,58.52078628540039,9821563
2006-06-06,75.95343017578125,81.76079559326172,74.75987243652344,79.26518249511719,60.400901794433594,24079690
2006-06-07,77.48664855957031,79.1613998413086,74.25980377197266,76.1091079711914,57.995941162109375,16230961
2006-06-08,75.57601928710938,76.23648071289062,71.9151611328125,72.50013732910156,55.2458610534668,15084743
2006-06-09,72.65582275390625,74.9155502319336,70.29230499267578,72.80207061767578,55.475948333740234,25341782
2006-06-12,73.16532135009766,74.16073608398438,69.82054138183594,70.42439270019531,53.664127349853516,15879363
2006-06-13,69.25443267822266,71.70758056640625,67.46173858642578,70.81595611572266,53.962501525878906,23516353
2006-06-14,71.23582458496094,74.04751586914062,68.50904846191406,69.93848419189453,53.293861389160156,24960847
2006-06-15,72.55675506591797,73.41535949707031,70.81124114990234,72.85395812988281,55.51548767089844,17361206
2006-06-16,73.41535949707031,75.92512512207031,71.15562438964844,72.35389709472656,55.13441848754883,18599419
2006-06-19,72.1793441772461,72.1793441772461,69.65542602539062,71.07542419433594,55.167388916015625,18687228
2006-06-20,70.96220397949219,71.94346618652344,68.22127532958984,69.51390075683594,53.955360412597656,19662522
2006-06-21,68.40525817871094,70.94332885742188,68.40525817871094,69.81110382080078,54.18604278564453,17710790
2006-06-22,70.94332885742188,73.47196960449219,70.80180358886719,72.97661590576172,56.643043518066406,19698271
2006-06-23,72.74545288085938,73.12286376953125,70.87256622314453,71.9576187133789,55.85212707519531,16791722
2006-06-26,71.15090942382812,72.36804962158203,68.31090545654297,68.74964904785156,53.36216354370117,12516988
2006-06-27,68.68831634521484,69.99980926513672,67.4853286743164,68.8817367553711,53.46469497680664,14703162
2006-06-28,67.93350219726562,68.32034301757812,66.98998260498047,67.42399597167969,52.333213806152344,16134874
2006-06-29,67.55609130859375,68.76380157470703,66.51821899414062,66.86732482910156,51.9011344909668,20854557
2006-06-30,67.93350219726562,69.43370056152344,67.93350219726562,68.66472625732422,53.296241760253906,16597121
2006-07-03,69.3487777709961,70.43383026123047,68.8817367553711,70.06585693359375,54.38376235961914,15029206
2006-07-04,70.29230499267578,71.7972183227539,70.19795227050781,71.30658721923828,55.34680938720703,19553844
2006-07-05,72.16990661621094,85.38863372802734,70.58479309082031,71.23582458496094,55.291873931884766,12695130
2006-07-06,70.7640609741211,71.5943603515625,69.82054138183594,70.6036605834961,54.801212310791016,11838498
2006-07-07,70.89615631103516,71.40565490722656,67.7919692993164,68.09861755371094,52.85683059692383,11066740
2006-07-10,67.83914947509766,69.0421371459961,67.11735534667969,68.82984161376953,53.424400329589844,15308352
2006-07-11,69.00439453125,69.60353088378906,68.12220764160156,68.7402114868164,53.354827880859375,11723694
2006-07-12,67.46173858642578,69.77336883544922,66.92393493652344,69.45256805419922,53.907752990722656,13419311
2006-07-13,67.31077575683594,70.18851470947266,67.0843276977539,68.99496459960938,53.552574157714844,9630163
2006-07-14,67.93350219726562,69.99980926513672,67.5655288696289,69.57522583007812,54.002960205078125,10733753
2006-07-17,68.87702178955078,69.44313049316406,66.14080810546875,66.82958221435547,51.87184143066406,8650100
2006-07-18,66.16911315917969,67.33436584472656,65.21144104003906,66.15968322753906,51.35188293457031,11142795
2006-07-19,66.98998260498047,67.43814849853516,64.58399963378906,65.15011596679688,50.56827163696289,10101896
2006-07-20,66.04645538330078,69.44313049316406,65.95210266113281,68.4996109008789,53.1680908203125,16017929
2006-07-21,68.54679107666016,68.54679107666016,66.43330383300781,67.53722381591797,52.42110061645508,9738958
2006-07-24,67.44758605957031,70.57535552978516,66.56539154052734,69.88187408447266,54.24097442626953,22872510
2006-07-25,70.00924682617188,71.19808197021484,69.58466339111328,70.60838317871094,54.80487060546875,23808122
2006-07-26,70.95276641845703,71.70758056640625,69.74506378173828,71.1650619506836,55.236968994140625,12091169
2006-07-27,71.58492279052734,73.31156921386719,68.40525817871094,72.05197143554688,55.925350189208984,52569787
2006-07-28,72.05197143554688,75.4769515991211,71.52831268310547,75.14199829101562,58.32377624511719,44289874
2006-07-31,75.4816665649414,77.46305847167969,75.03349304199219,76.44877624511719,59.33808135986328,21584875
2006-08-01,75.67037200927734,77.27435302734375,74.95329284667969,76.59030151367188,59.447914123535156,21011819
2006-08-02,76.6138916015625,78.28392028808594,76.3308334350586,77.96784210205078,60.51715850830078,13649714
2006-08-03,78.0291748046875,79.34066772460938,77.55741119384766,78.36884307861328,60.82839584350586,19089859
2006-08-04,77.93482208251953,77.93482208251953,75.76472473144531,76.21761322021484,59.158653259277344,22914787
2006-08-07,76.23648071289062,76.8969497680664,75.10425567626953,76.47708129882812,59.36003494262695,20417916
2006-08-08,76.6138916015625,78.72737884521484,76.6138916015625,78.47262573242188,60.90895080566406,15257140
2006-08-09,78.40658569335938,82.55807495117188,77.948974609375,81.61927032470703,63.351314544677734,22017277
2006-08-10,79.72750854492188,82.17594909667969,79.72750854492188,81.41169738769531,63.19020080566406,15770600
2006-08-11,81.8976058959961,82.2608642578125,80.31249237060547,81.09561920166016,62.94486618041992,9901445
2006-08-14,80.32192993164062,82.57222747802734,80.32192993164062,82.2231216430664,63.82002258300781,8575062
2006-08-16,82.96378326416016,84.44511413574219,82.55807495117188,83.83182525634766,65.06867218017578,13745165
2006-08-17,83.50159454345703,84.44511413574219,82.55807495117188,83.18551635742188,64.56700897216797,12982638
2006-08-18,82.85528564453125,83.38837432861328,82.20425415039062,82.94491577148438,64.3802490234375,10828748
2006-08-21,83.50159454345703,83.91674041748047,81.62870788574219,83.34591674804688,64.6915054321289,11386277
2006-08-22,83.85541534423828,84.33660888671875,82.33162689208984,82.88359069824219,64.3326644897461,7301863
2006-08-23,82.82698059082031,83.8601303100586,81.24658203125,81.44000244140625,63.21217727661133,12375964
2006-08-24,81.14279174804688,83.00152587890625,80.67103576660156,82.5250473022461,64.05435180664062,11042660
2006-08-25,83.78465270996094,87.21906280517578,83.50159454345703,85.3980712890625,66.28433990478516,25572164
2006-08-28,84.91687774658203,86.96903228759766,84.91687774658203,86.70012664794922,67.29497528076172,14357001
2006-08-29,79.11421966552734,87.55873107910156,79.11421966552734,86.9973373413086,67.52567291259766,9748878
2006-08-30,85.9075698852539,88.12484741210938,85.02066040039062,87.81819915771484,68.16281127929688,13522573
2006-08-31,88.0304946899414,89.0400619506836,87.30398559570312,87.8653793334961,68.19942474365234,15478926
2006-09-01,87.93614196777344,88.28524780273438,87.28511047363281,87.8653793334961,68.19942474365234,9404657
2006-09-04,88.28524780273438,88.69095611572266,87.93614196777344,88.26165771484375,68.50699615478516,5641581
2006-09-05,88.94570922851562,89.7099609375,88.23806762695312,89.17687225341797,69.21737670898438,10961729
2006-09-06,93.314208984375,93.314208984375,88.71454620361328,89.48351287841797,69.45539093017578,8333509
2006-09-07,88.70983123779297,89.35142517089844,88.06351470947266,88.60604095458984,68.77430725097656,6329388
2006-09-08,89.35142517089844,89.35142517089844,87.53986358642578,89.09195709228516,69.15148162841797,8463257
2006-09-11,89.1627197265625,89.52125549316406,86.02079772949219,86.64351654052734,67.25102996826172,8232950
2006-09-12,86.3321533203125,88.48338317871094,86.04910278320312,87.96916198730469,68.27997589111328,14901684
2006-09-13,88.50225830078125,91.7102279663086,88.4126205444336,91.48849487304688,71.01162719726562,19887785
2006-09-14,91.99327850341797,92.46504211425781,91.07334899902344,92.0970687866211,71.48397827148438,13529165
2006-09-15,92.05461120605469,92.65374755859375,91.1677017211914,92.39899444580078,71.71832275390625,8893613
2006-09-18,92.74810028076172,93.96995544433594,92.46504211425781,93.45574188232422,72.53853607177734,10877523
2006-09-19,93.60198211669922,93.88032531738281,91.80458068847656,92.23387908935547,71.59017944335938,10700929
2006-09-20,92.27633666992188,92.55939483642578,91.07334899902344,91.9555435180664,71.3741226196289,9096365
2006-09-21,92.04045867919922,93.39913177490234,92.04045867919922,92.90850067138672,72.11380767822266,5180457
2006-09-22,92.93680572509766,93.36138916015625,91.52152252197266,92.06404876708984,71.4583511352539,8209039
2006-09-25,92.22916412353516,92.84245300292969,91.21015930175781,91.58757019042969,71.08853912353516,10276879
2006-09-26,91.88477325439453,94.4464340209961,91.38471221923828,94.23414611816406,73.14273834228516,16368933
2006-09-27,95.29560852050781,95.52204895019531,93.97467803955078,94.43700408935547,73.30018615722656,19106732
2006-09-28,94.35208129882812,98.07427215576172,94.06903076171875,97.1166000366211,75.38005065917969,27006494
2006-09-29,98.50357818603516,98.50357818603516,96.2485580444336,97.05526733398438,75.33243560791016,11683928
2006-10-03,97.08829498291016,97.91859436035156,96.5316162109375,97.49872589111328,75.67664337158203,9273054
2006-10-04,97.54118347167969,97.64497375488281,95.3993911743164,95.79566955566406,74.3547592163086,9627810
2006-10-05,96.99394226074219,98.67340850830078,96.43726348876953,98.09786224365234,76.14168548583984,13097781
2006-10-06,98.48470306396484,98.48470306396484,97.1968002319336,97.4798583984375,75.66200256347656,5160320
2006-10-09,97.15434265136719,98.12616729736328,95.76736450195312,97.61666870117188,75.7681884765625,6757868
2006-10-10,98.07899475097656,98.25826263427734,96.64012145996094,96.80523681640625,75.13836669921875,4959307
2006-10-11,97.46570587158203,97.7487564086914,94.25772857666016,94.72477722167969,73.5235595703125,7115942
2006-10-12,95.29560852050781,97.46570587158203,93.88504028320312,97.07414245605469,75.34708404541016,9225222
2006-10-13,97.91859436035156,97.91859436035156,96.15420532226562,96.37593841552734,74.8051528930664,6020481
2006-10-16,96.89958953857422,97.49401092529297,95.7201919555664,96.88072204589844,75.19695281982422,8172103
2006-10-17,97.18264770507812,98.44696044921875,96.46085357666016,97.58836364746094,75.7462158203125,6952819
2006-10-18,97.46570587158203,99.06968688964844,97.18264770507812,98.54603576660156,76.48954772949219,9208922
2006-10-19,98.6922836303711,99.44709777832031,97.05055236816406,97.87141418457031,75.9659194946289,9147927
2006-10-20,98.50357818603516,99.06968688964844,97.67799377441406,98.18749237060547,76.21126556396484,5929015
2006-10-23,98.12616729736328,98.40922546386719,96.55048370361328,96.72503662109375,75.07612609863281,4365128
2006-10-26,96.80523681640625,101.23978424072266,95.89473724365234,100.62178039550781,78.10069274902344,22007749
2006-10-27,100.76802825927734,103.49480438232422,100.23021697998047,103.24005126953125,80.1329574584961,13646884
2006-10-30,103.22118377685547,104.01374053955078,100.95673370361328,103.58443450927734,80.4002685546875,16533392
2006-10-31,103.78729248046875,105.17427062988281,101.9946060180664,103.37686157226562,80.2391357421875,17384671
2006-11-01,118.5345230102539,118.5345230102539,102.74942016601562,105.08934783935547,81.56832885742188,10975782
2006-11-02,104.7308120727539,106.6084213256836,104.28736114501953,106.183837890625,82.4178695678711,8668022
2006-11-03,106.15081024169922,107.08961486816406,105.48562622070312,106.05645751953125,82.3189926147461,8909723
2006-11-06,106.2876205444336,106.61785125732422,104.28263854980469,104.66948699951172,81.24246978759766,6553209
2006-11-07,104.91951751708984,105.67433166503906,103.4712142944336,104.14111328125,80.83233642578125,8206400
2006-11-08,104.2590560913086,107.32549285888672,103.05134582519531,106.48104095458984,82.6485366821289,21493717
2006-11-09,106.61785125732422,107.33964538574219,105.91021728515625,106.66974639892578,82.7950210571289,10515347
2006-11-10,106.1460952758789,108.31619262695312,106.05174255371094,106.98582458496094,83.04034423828125,14033065
2006-11-13,107.08961486816406,107.75007629394531,104.82516479492188,107.2405776977539,83.23809814453125,5194967
2006-11-14,106.64144134521484,108.20768737792969,106.0234375,106.35838317871094,82.55332946777344,9643464
2006-11-15,106.33480072021484,111.68456268310547,106.26403045654297,111.18921661376953,86.30294799804688,24213148
2006-11-16,111.33545684814453,115.95399475097656,110.99107360839844,115.29352569580078,89.4886245727539,38750707
2006-11-17,115.58130645751953,117.09093475341797,113.8971176147461,115.71339416503906,89.81452941894531,29592245
2006-11-20,115.10954284667969,115.71339416503906,112.18463134765625,114.17545318603516,88.62079620361328,18308106
2006-11-21,114.73213195800781,116.70409393310547,114.01033782958984,116.3266830444336,90.29054260253906,7987878
2006-11-22,116.13326263427734,118.6949234008789,116.13326263427734,117.77027130126953,91.41102600097656,10770233
2006-11-23,117.94010162353516,119.18555450439453,117.04376220703125,118.31279754638672,91.83213806152344,12333219
2006-11-24,118.411865234375,119.11478424072266,117.49665069580078,118.66189575195312,92.10308074951172,7982144
2006-11-27,118.88362884521484,121.242431640625,116.05306243896484,120.35551452636719,93.41764831542969,5444776
2006-11-28,119.35538482666016,122.50674438476562,118.90721130371094,122.00196075439453,94.69558715820312,10927993
2006-11-29,122.65770721435547,124.90800476074219,122.01611328125,122.7237548828125,95.2558364868164,15323901
2006-11-30,123.60122680664062,124.90328979492188,123.12947082519531,124.26641082763672,96.45320129394531,12660398
2006-12-01,124.07299041748047,129.26235961914062,123.8984375,128.56886291503906,99.79269409179688,17089892
2006-12-04,128.50753784179688,130.1115264892578,126.92713928222656,127.44136047363281,98.91754150390625,10171624
2006-12-05,127.88009643554688,128.66793823242188,125.96002960205078,126.26195526123047,98.00210571289062,8560934
2006-12-06,126.57331848144531,128.50753784179688,125.50242614746094,126.26667785644531,98.00577545166016,7750459
2006-12-07,126.24308776855469,128.03578186035156,125.58262634277344,127.16773986816406,98.70518493652344,9327149
2006-12-08,127.84707641601562,152.6050567626953,126.53558349609375,127.88009643554688,99.25808715820312,12315838
2006-12-11,125.01651000976562,125.01651000976562,116.0860824584961,117.60043334960938,91.2791976928711,21186347
2006-12-12,116.99658203125,117.53910827636719,109.8258285522461,111.510009765625,86.55194091796875,20359931
2006-12-13,112.75074005126953,116.14741516113281,111.7128677368164,115.6190414428711,89.74128723144531,18870128
2006-12-14,116.14741516113281,117.09093475341797,114.63777923583984,115.45864868164062,89.61679077148438,10451268
2006-12-15,116.05306243896484,119.63844299316406,116.05306243896484,119.3034896850586,92.60107421875,8615633
2006-12-18,118.88362884521484,120.93106842041016,113.98675537109375,119.76110076904297,92.95626831054688,20659257
2006-12-19,119.8271484375,120.67631530761719,114.65193176269531,116.03890991210938,90.06717681884766,18154214
2006-12-20,117.37399291992188,118.78927612304688,113.78861236572266,114.78874206542969,89.0968246459961,14344410
2006-12-21,115.3926010131836,117.46834564208984,112.39691925048828,114.32170104980469,88.73432159423828,14125665
2006-12-22,114.35472869873047,115.58130645751953,112.37332916259766,114.64250183105469,88.98332214355469,7039441
2006-12-26,115.5577163696289,117.93538665771484,114.16602325439453,117.6617660522461,91.32682800292969,8379359
2006-12-27,118.39771270751953,119.52522277832031,117.62874603271484,118.03445434570312,91.61607360839844,6336139
2006-12-28,118.88362884521484,127.37531280517578,116.2653579711914,116.57671356201172,90.48461151123047,11647098
2006-12-29,117.94010162353516,121.80854034423828,116.71353149414062,117.52495574951172,91.22062683105469,6221908
2007-01-02,117.94010162353516,118.88362884521484,117.2796401977539,118.27505493164062,91.80282592773438,4325754
2007-01-03,117.94010162353516,119.81771087646484,116.72296142578125,119.34123229980469,92.63036346435547,7234116
2007-01-04,119.8271484375,120.77066802978516,116.73711395263672,117.2796401977539,91.03020477294922,6936147
2007-01-05,117.09093475341797,118.68077087402344,116.3455581665039,117.38343048095703,91.11077880859375,7379031
2007-01-08,117.8268814086914,117.8268814086914,113.88768005371094,114.51512145996094,88.88445281982422,9270606
2007-01-09,115.09539031982422,115.33598327636719,110.4957275390625,110.85426330566406,86.04296112060547,15934687
2007-01-10,110.48628997802734,110.95805358886719,106.88675689697266,107.22171020507812,83.22343444824219,10293593
2007-01-11,108.03313446044922,109.35406494140625,106.80655670166016,108.26429748535156,84.03268432617188,18544730
2007-01-12,109.63712310791016,116.64276123046875,109.44841766357422,115.62376403808594,89.74494171142578,20422527
2007-01-15,116.52482604980469,116.52482604980469,114.08110809326172,115.32183074951172,89.51061248779297,8519801
2007-01-16,118.411865234375,118.411865234375,113.60934448242188,114.14714813232422,88.59882354736328,12180186
2007-01-17,115.01519012451172,116.43047332763672,114.45851135253906,115.35014343261719,89.5325698852539,7531524
2007-01-18,115.67565155029297,118.31751251220703,115.48695373535156,115.95870971679688,90.00493621826172,13075567
2007-01-19,120.98296356201172,120.98296356201172,114.16602325439453,115.13784790039062,89.3677978515625,7239447
2007-01-22,114.92083740234375,116.24176788330078,114.92083740234375,115.5388412475586,89.67902374267578,3958852
2007-01-23,115.58602142333984,116.21817779541016,110.10887908935547,110.77406311035156,85.98069763183594,22946244
2007-01-24,110.77406311035156,111.80722045898438,108.4152603149414,110.63253784179688,85.87085723876953,12067025
2007-01-25,110.88728332519531,111.42509460449219,109.68429565429688,111.0005111694336,86.15645599365234,8950210
2007-01-29,112.27897644042969,112.27897644042969,108.59925079345703,109.08515930175781,84.66980743408203,5905359
2007-01-31,109.63712310791016,111.33545684814453,106.88204193115234,107.60383605957031,83.52002716064453,18675612
2007-02-01,109.25971221923828,116.05306243896484,107.1556625366211,113.50555419921875,88.10083770751953,26403200
2007-02-02,114.63777923583984,114.86894226074219,110.68914794921875,111.43453216552734,86.49335479736328,20576715
2007-02-05,110.95805358886719,113.87825012207031,110.42495727539062,112.94416046142578,87.66508483886719,13384653
2007-02-06,113.69425964355469,114.16602325439453,112.30256652832031,112.89226531982422,87.62480926513672,10188667
2007-02-07,112.75074005126953,113.58103942871094,111.84024047851562,112.75545501708984,87.51862335205078,11837004
2007-02-08,112.75074005126953,115.00575256347656,112.46768188476562,113.71784973144531,88.26561737060547,10963266
2007-02-09,113.78861236572266,114.6094741821289,111.25525665283203,113.1894760131836,87.85550689697266,10789353
2007-02-12,113.1894760131836,113.58103942871094,110.58064270019531,111.68456268310547,86.68742370605469,12033480
2007-02-13,111.61380004882812,113.17532348632812,109.26914978027344,110.71273803710938,85.93309783935547,13215871
2007-02-14,108.50489807128906,109.4437026977539,102.39088439941406,104.00430297851562,80.72613525390625,23367803
2007-02-15,104.78270721435547,108.4105453491211,104.78270721435547,105.91964721679688,82.21279907226562,11735713
2007-02-19,106.42915344238281,107.46702575683594,105.68848419189453,106.81599426269531,82.90853118896484,8820600
2007-02-20,106.81599426269531,108.01426696777344,104.2590560913086,104.51852416992188,81.12528228759766,7083129
2007-02-21,103.75898742675781,105.48562622070312,102.90038299560547,104.3439712524414,80.98979187011719,8781215
2007-02-22,104.2590560913086,104.91951751708984,100.95673370361328,101.71626281738281,78.95021057128906,15709679
2007-02-23,107.08961486816406,107.08961486816406,98.22052001953125,99.84337615966797,77.49652099609375,14984692
2007-02-26,100.95673370361328,104.3439712524414,98.32430267333984,102.69281005859375,79.70818328857422,9295629
2007-02-27,102.93812561035156,108.4105453491211,100.20191192626953,100.87653350830078,78.29843139648438,10759031
2007-02-28,91.6724853515625,103.59858703613281,91.66304779052734,98.30072021484375,76.29914093017578,18976369
2007-03-01,98.31487274169922,100.10755920410156,95.8617172241211,99.60277557373047,77.30976867675781,11751971
2007-03-02,97.65440368652344,101.37187957763672,93.50762939453125,94.81440734863281,73.59313201904297,17475310
2007-03-05,94.25772857666016,94.63513946533203,90.10623931884766,90.81859588623047,70.49165344238281,17545240
2007-03-06,94.25772857666016,94.25772857666016,91.04975891113281,93.22457885742188,72.35913848876953,11897998
2007-03-07,94.16338348388672,94.51248168945312,89.10138702392578,90.99314880371094,70.62714385986328,13896206
2007-03-08,93.314208984375,95.38995361328125,90.87049102783203,94.2860336303711,73.1830062866211,25303193
2007-03-09,94.45587158203125,96.61653137207031,91.99327850341797,92.71507263183594,71.96367645263672,18256332
2007-03-12,93.40856170654297,94.4464340209961,91.53567504882812,91.91780090332031,71.34484100341797,13924811
2007-03-13,92.37068939208984,93.36138916015625,91.15826416015625,92.5027847290039,71.79888916015625,10591541
2007-03-14,90.5780029296875,91.52152252197266,88.8843765258789,89.4457778930664,69.42609405517578,9362888
2007-03-15,90.10623931884766,91.02145385742188,86.59162139892578,87.0020523071289,67.52934265136719,18661696
2007-03-16,87.27568054199219,87.72384643554688,84.73760223388672,86.20006561279297,66.9068374633789,19242203
2007-03-19,87.25680541992188,87.73800659179688,85.58677673339844,87.41720581054688,67.8515625,9284670
2007-03-20,87.7474365234375,90.5780029296875,87.7474365234375,89.85620880126953,69.7446517944336,10719286
2007-03-21,90.10623931884766,93.25288391113281,89.27122497558594,92.74337768554688,71.98563385009766,11939513
2007-03-22,93.5972671508789,97.65440368652344,93.5972671508789,97.12603759765625,75.38735961914062,26687327
2007-03-23,97.56005859375,98.39507293701172,95.57865905761719,96.82410430908203,75.15301513671875,14059286
2007-03-26,97.18264770507812,98.11201477050781,95.10690307617188,95.6399917602539,74.23391723632812,11431861
2007-03-28,94.91819763183594,95.26729583740234,91.26676940917969,91.86590576171875,71.30455017089844,9908609
2007-03-29,91.89893341064453,94.4464340209961,90.2147445678711,92.99813079833984,72.18338012695312,18307216
2007-03-30,93.41799926757812,94.63513946533203,93.06417846679688,93.82843017578125,72.82784271240234,13686682
2007-04-02,92.40843200683594,92.40843200683594,87.02564239501953,87.79461669921875,68.14448547363281,12008733
2007-04-03,87.27568054199219,89.35142517089844,86.3321533203125,87.4407958984375,67.86988067626953,11958739
2007-04-04,88.5730209350586,89.61560821533203,87.32756805419922,88.30411529541016,68.53995513916016,9260251
2007-04-05,88.30411529541016,90.20059204101562,87.27568054199219,89.48823547363281,69.45906066894531,12000741
2007-04-09,89.870361328125,93.88032531738281,89.870361328125,93.30477905273438,72.42137908935547,12438368
2007-04-10,93.5972671508789,94.20584106445312,91.04975891113281,93.52178192138672,72.58982849121094,11069930
2007-04-11,93.40856170654297,94.62570190429688,92.19613647460938,92.59713745117188,71.87213134765625,7716003
2007-04-12,92.27633666992188,92.27633666992188,90.6015853881836,91.33281707763672,70.89078521728516,7232760
2007-04-13,92.24803161621094,95.65414428710938,91.42716979980469,94.15866088867188,73.08415222167969,12839504
2007-04-16,94.91819763183594,96.41839599609375,94.68231964111328,95.63055419921875,74.22660064697266,10110492
2007-04-17,95.8617172241211,97.18264770507812,94.07374572753906,95.3144760131836,73.98126220703125,11634432
2007-04-18,96.71088409423828,98.02237701416016,95.3144760131836,97.56477355957031,75.72792053222656,13519001
2007-04-19,96.4278335571289,100.32456970214844,94.4464340209961,99.37633514404297,77.13398742675781,23058112
2007-04-20,99.92829132080078,102.27765655517578,98.15918731689453,101.32942199707031,78.64995574951172,19685214
2007-04-23,101.47566223144531,103.69293975830078,99.59334564208984,100.04151153564453,77.6502914428711,10443998
2007-04-24,97.18264770507812,107.93878173828125,97.18264770507812,106.92921447753906,82.99639892578125,33085056
2007-04-25,100.0132064819336,108.9200439453125,100.0132064819336,107.55194091796875,83.47977447509766,13532981
2007-04-26,107.93878173828125,109.99565887451172,107.2783203125,108.06143951416016,83.87521362304688,13307008
2007-04-27,107.93878173828125,108.46715545654297,103.1504135131836,103.9429702758789,80.67854309082031,15783392
2007-04-30,102.93812561035156,104.61759185791016,99.1640396118164,103.96656036376953,80.69685363769531,12009464
2007-05-03,104.7308120727539,106.39141082763672,104.7308120727539,105.99984741210938,82.27503967285156,6932957
2007-05-04,106.42915344238281,109.59938049316406,105.863037109375,106.45745849609375,82.63021850585938,14600207
2007-05-07,113.03379821777344,113.03379821777344,105.20257568359375,105.64131164550781,81.99675750732422,7990326
2007-05-08,105.67433166503906,106.78768920898438,101.61719512939453,102.0559310913086,79.21385955810547,16044309
2007-05-09,102.0559310913086,106.33480072021484,101.15958404541016,105.94795227050781,82.23477935791016,19547877
2007-05-10,106.61785125732422,108.74549102783203,105.34881591796875,105.9856948852539,82.26406860351562,16593210
2007-05-11,104.7308120727539,109.92018127441406,100.95673370361328,108.78795623779297,84.43913269042969,21022312
2007-05-14,111.33545684814453,114.63777923583984,111.33545684814453,113.76502227783203,88.30223083496094,22639266
2007-05-15,113.69425964355469,117.09093475341797,113.22250366210938,115.81246185302734,89.89140319824219,23376250
2007-05-16,116.99658203125,121.90289306640625,116.33612060546875,121.1622314453125,94.04380798339844,27129300
2007-05-17,121.72362518310547,126.05438232421875,121.71418762207031,125.21936798095703,97.19287872314453,25443804
2007-05-18,125.3939208984375,126.43179321289062,123.32760620117188,125.24767303466797,97.21484375,17861449
2007-05-21,126.5261459350586,128.6962432861328,125.96002960205078,127.24794006347656,98.76740264892578,17089882
2007-05-22,127.24794006347656,127.84707641601562,124.54475402832031,125.1108627319336,97.10865783691406,16841927
2007-05-23,125.48827362060547,125.48827362060547,122.2944564819336,123.47856903076172,95.84170532226562,15516880
2007-05-24,122.78508758544922,123.12947082519531,120.29890441894531,121.34149932861328,94.18294525146484,17109341
2007-05-25,119.07232666015625,123.10116577148438,116.99658203125,122.53033447265625,95.10569763183594,13975229
2007-05-28,124.058837890625,125.48827362060547,122.803955078125,123.46441650390625,95.83069610595703,11317672
2007-05-29,123.591796875,125.10142517089844,122.65770721435547,124.78534698486328,96.85599517822266,11127480
2007-05-30,124.73345184326172,127.823486328125,123.71916961669922,125.20521545410156,97.18189239501953,18144453
2007-05-31,127.84707641601562,128.47923278808594,125.61093139648438,127.71969604492188,99.1335678100586,16986630
2007-06-01,128.6962432861328,130.67764282226562,127.9414291381836,130.10208129882812,100.98274993896484,20229187
2007-06-04,132.09291076660156,133.82899475097656,131.14939880371094,132.69677734375,102.9966812133789,23130628
2007-06-05,132.09291076660156,136.32461547851562,131.4324493408203,135.53677368164062,105.2010498046875,19169391
2007-06-06,136.33876037597656,137.18792724609375,130.30023193359375,131.1022186279297,101.75904083251953,19684641
2007-06-07,130.3945770263672,132.27218627929688,127.68195343017578,128.38015747070312,99.6462173461914,22770360
2007-06-08,125.61093139648438,130.8663330078125,124.66741180419922,127.99803924560547,99.34961700439453,21594456
2007-06-11,127.9414291381836,130.10208129882812,126.0638198852539,126.408203125,98.1156234741211,8665235
2007-06-12,127.75272369384766,127.75272369384766,123.17664337158203,125.70528411865234,97.57003784179688,21445959
2007-06-13,125.01651000976562,125.79962921142578,120.78953552246094,121.7519302368164,95.50508880615234,16295972
2007-06-14,122.65770721435547,125.1533203125,122.18595123291016,123.96448516845703,97.24067687988281,14418568
2007-06-15,125.01651000976562,127.28096008300781,123.31817626953125,124.93159484863281,97.9992904663086,18621305
2007-06-18,126.43179321289062,126.90354919433594,123.88428497314453,124.41265869140625,97.59223175048828,13010671
2007-06-19,125.00707244873047,130.0171661376953,123.91259002685547,129.44161987304688,101.53707122802734,14066684
2007-06-20,130.4889373779297,134.91404724121094,129.54541015625,134.3385009765625,105.37828826904297,19213703
2007-06-21,135.22540283203125,138.19277954101562,132.09291076660156,136.48500061035156,107.06206512451172,22505989
2007-06-22,136.33876037597656,139.45237731933594,136.33876037597656,137.3011474609375,107.70225524902344,24089526
2007-06-25,137.75404357910156,137.75404357910156,135.30560302734375,136.78221130371094,107.29520416259766,12739443
2007-06-26,137.36720275878906,138.32015991210938,136.12646484375,137.49929809570312,107.85771179199219,14707952
2007-06-27,137.28228759765625,138.46168518066406,135.39523315429688,136.49444580078125,107.06946563720703,21375744
2007-06-28,137.75404357910156,139.15988159179688,136.65484619140625,138.8013458251953,108.87905883789062,23865227
2007-06-29,138.84381103515625,144.5190887451172,138.84381103515625,143.96241760253906,112.92753601074219,31405262
2007-07-02,144.3586883544922,146.340087890625,143.7312469482422,144.42945861816406,113.29389953613281,18509204
2007-07-03,146.05702209472656,150.01980590820312,145.49090576171875,149.25083923339844,117.07589721679688,23694177
2007-07-04,150.86898803710938,152.85037231445312,146.83543395996094,147.55250549316406,115.74366760253906,17078297
2007-07-05,148.5998077392578,148.88758850097656,144.51437377929688,145.96739196777344,114.5002670288086,17125069
2007-07-06,146.2457275390625,169.73939514160156,144.04733276367188,146.29290771484375,114.755615234375,17425624
2007-07-09,146.8118438720703,149.0762939453125,144.9248046875,148.222412109375,116.2691650390625,11761658
2007-07-10,148.88758850097656,149.0762939453125,145.82115173339844,146.31649780273438,114.77413177490234,9530589
2007-07-11,145.28334045410156,146.8873291015625,142.9434051513672,145.42486572265625,114.0746841430664,9018338
2007-07-12,146.07589721679688,148.03842163085938,146.07589721679688,147.11376953125,115.39952087402344,6522558
2007-07-13,147.6610107421875,149.44898986816406,146.66087341308594,147.18453979492188,115.45503997802734,10611657
2007-07-16,147.1892547607422,152.6616668701172,145.7739715576172,152.0719757080078,119.28884887695312,18296511
2007-07-17,152.3786163330078,153.29383850097656,148.5101776123047,149.36878967285156,117.16841125488281,15356618
2007-07-18,149.91603088378906,149.91603088378906,147.1892547607422,148.66114807128906,116.61331939697266,10208741
2007-07-19,148.79324340820312,151.71815490722656,148.79324340820312,150.5623321533203,118.10464477539062,8688817
2007-07-20,151.9068603515625,152.83151245117188,148.69888305664062,149.477294921875,117.25354766845703,9071659
2007-07-23,149.45370483398438,150.104736328125,147.84971618652344,149.57164001464844,117.3275375366211,5579781
2007-07-24,151.43508911132812,151.71815490722656,147.87330627441406,148.6800079345703,116.62808227539062,11529294
2007-07-25,148.1327667236328,149.43482971191406,144.9248046875,148.07615661621094,116.15442657470703,13528275
2007-07-26,148.1327667236328,148.6045379638672,145.4531707763672,146.41555786132812,114.85185241699219,10517965
2007-07-27,143.4151611328125,144.122802734375,138.70700073242188,141.41018676757812,110.92552185058594,22794377
2007-07-30,143.8350372314453,152.3597412109375,142.45277404785156,148.89230346679688,116.79463958740234,26637853
2007-07-31,153.03907775878906,154.322265625,145.3069305419922,153.21363830566406,120.1844253540039,38936066
2007-08-01,151.9068603515625,151.9068603515625,145.32107543945312,146.06173706054688,114.57427215576172,28784271
2007-08-02,146.2457275390625,153.41648864746094,145.6796112060547,150.28399658203125,117.88631439208984,25621977
2007-08-03,152.85037231445312,155.77528381347656,151.9068603515625,154.33642578125,121.06514739990234,18624951
2007-08-06,151.9068603515625,160.30418395996094,149.0762939453125,158.69076538085938,124.48079681396484,27696897
2007-08-07,159.45501708984375,162.84225463867188,157.80857849121094,158.7096405029297,124.49559783935547,18153197
2007-08-08,160.39854431152344,163.68199157714844,160.2098388671875,161.04486083984375,126.3274154663086,11731187
2007-08-09,162.946044921875,163.0404052734375,154.83177185058594,155.737548828125,122.16419982910156,15206489
2007-08-10,151.1095733642578,152.3739013671875,148.62339782714844,151.61907958984375,118.93360137939453,21324107
2007-08-13,152.85037231445312,153.7844696044922,150.50100708007812,152.1946258544922,119.38508605957031,15880518
2007-08-14,154.36001586914062,154.36001586914062,151.3407440185547,152.40692138671875,119.55160522460938,13394023
2007-08-16,146.2457275390625,146.99111938476562,143.15570068359375,143.5048065185547,112.56857299804688,20439930
2007-08-17,142.47164916992188,145.65130615234375,137.85311889648438,143.33969116210938,112.43905639648438,32144356
2007-08-20,148.6045379638672,150.01980590820312,145.3069305419922,146.21270751953125,114.69271087646484,13428415
2007-08-21,147.6610107421875,147.6610107421875,136.928466796875,138.06539916992188,108.30175018310547,21256848
2007-08-22,138.8909912109375,141.90553283691406,133.97996520996094,137.6408233642578,107.9687271118164,34262094
2007-08-23,139.64108276367188,141.51869201660156,132.75338745117188,133.48460388183594,104.70845794677734,22401222
2007-08-24,137.28228759765625,138.97119140625,134.45172119140625,138.3248748779297,108.50529479980469,25364484
2007-08-27,143.32081604003906,147.47230529785156,140.2071990966797,146.69390869140625,115.07015228271484,24146557
2007-08-28,148.6045379638672,148.6045379638672,145.3965606689453,146.30233764648438,114.7630386352539,15639484
2007-08-29,141.9149627685547,149.5480499267578,141.9149627685547,148.49603271484375,116.48380279541016,21406819
2007-08-30,149.45370483398438,151.4067840576172,147.0948944091797,148.2129669189453,116.2617416381836,21752163
2007-08-31,148.1327667236328,152.6616668701172,148.1327667236328,150.99635314941406,118.44512939453125,17541785
2007-09-03,152.7560272216797,153.13343811035156,151.18505859375,151.5907745361328,118.91139221191406,9559322
2007-09-04,151.9068603515625,152.94473266601562,150.21324157714844,152.09083557128906,119.30367279052734,12249215
2007-09-05,152.7560272216797,153.13343811035156,149.0762939453125,150.42080688476562,117.99361419677734,13408659
2007-09-06,149.83111572265625,154.73741149902344,149.6424102783203,154.161865234375,120.92822265625,19187133
2007-09-07,155.2091827392578,155.9639892578125,152.18991088867188,152.87867736816406,119.92166137695312,14101087
2007-09-10,150.397216796875,155.1903076171875,149.5480499267578,154.73741149902344,121.37969970703125,9778755
2007-09-11,155.68093872070312,156.34140014648438,152.3786163330078,153.10513305664062,120.09929656982422,11426149
2007-09-12,153.7938995361328,154.7091064453125,152.80320739746094,153.27024841308594,120.22880554199219,7173111
2007-09-13,154.2373504638672,158.70021057128906,153.7938995361328,157.99728393554688,123.93680572509766,17429874
2007-09-14,158.60585021972656,161.11090087890625,154.8647918701172,155.71395874023438,122.14569854736328,18403981
2007-09-17,154.26565551757812,158.03973388671875,154.26565551757812,155.2657928466797,121.79417419433594,8372077
2007-09-18,157.56797790527344,160.6721649169922,154.45436096191406,159.92205810546875,125.44666290283203,17483906
2007-09-19,163.70086669921875,167.47494506835938,163.70086669921875,166.97488403320312,130.97901916503906,19620191
2007-09-20,169.7205352783203,169.7205352783203,165.32371520996094,166.0172119140625,130.22781372070312,10514542
2007-09-21,165.96531677246094,173.59840393066406,165.39920043945312,170.52252197265625,133.76187133789062,10646092
2007-09-24,173.6078338623047,175.07972717285156,170.81028747558594,173.0605926513672,135.7528076171875,11716667
2007-09-25,173.89088439941406,174.3343505859375,167.94671630859375,170.52252197265625,133.76187133789062,8990739
2007-09-26,170.7772674560547,177.28756713867188,168.71096801757812,174.4758758544922,136.86297607421875,17348911
2007-09-27,175.68357849121094,179.1746063232422,174.7400665283203,177.44796752929688,139.1944122314453,19001064
2007-09-28,178.80191040039062,185.11407470703125,178.42922973632812,183.59500122070312,144.0162353515625,28323168
2007-10-01,184.17526245117188,185.40184020996094,177.62722778320312,178.75946044921875,140.22314453125,20342560
2007-10-03,182.38258361816406,183.8922119140625,168.5128173828125,179.9813232421875,141.1815948486328,16419202
2007-10-04,177.8536834716797,183.23175048828125,174.55136108398438,179.74072265625,140.99285888671875,21845548
2007-10-05,181.1465606689453,182.5712890625,173.51348876953125,175.1221923828125,137.36997985839844,17201093
2007-10-08,177.8536834716797,178.13673400878906,165.58790588378906,168.1259765625,131.88198852539062,14232658
2007-10-09,168.89022827148438,180.2124786376953,165.0878448486328,178.3207244873047,139.87899780273438,16103078
2007-10-10,180.2124786376953,184.79798889160156,175.5939483642578,181.48623657226562,142.36209106445312,25739336
2007-10-11,183.51480102539062,184.34510803222656,180.40118408203125,183.51480102539062,143.95333862304688,9439431
2007-10-12,183.0430450439453,183.98655700683594,174.55136108398438,175.7543487548828,137.86585998535156,13711705
2007-10-15,176.81581115722656,186.11892700195312,176.0373992919922,184.28848266601562,144.5602264404297,19965928
2007-10-16,184.93008422851562,187.85499572753906,179.2689666748047,181.89195251464844,142.68032836914062,18506840
2007-10-17,161.34207153320312,176.7592010498047,156.71881103515625,172.54637145996094,135.34942626953125,19711011
2007-10-18,175.96664428710938,178.325439453125,152.3786163330078,158.03501892089844,123.96638488769531,18895936
2007-10-19,167.47494506835938,167.47494506835938,150.9633331298828,157.2943572998047,123.38543701171875,18803749
2007-10-22,153.7938995361328,163.13475036621094,151.91629028320312,161.86099243164062,126.96759033203125,12092695
2007-10-23,162.75733947753906,172.65487670898438,162.75733947753906,171.2820587158203,134.35769653320312,15005529
2007-10-24,172.664306640625,183.2034454345703,171.2820587158203,180.17945861816406,141.3370361328125,30437631
2007-10-25,180.2124786376953,186.25100708007812,179.75958251953125,183.81201171875,144.18650817871094,27131122
2007-10-26,183.98655700683594,198.6111297607422,179.74072265625,196.24290466308594,153.9375762939453,27641604
2007-10-29,201.4416961669922,205.21578979492188,196.3466796875,199.71505737304688,156.66122436523438,23394130
2007-10-30,200.47930908203125,203.70614624023438,191.75173950195312,193.9265594482422,152.12059020996094,35348959
2007-10-31,190.68556213378906,200.30947875976562,190.68556213378906,195.13897705078125,153.07162475585938,16723817
2007-11-01,204.46096801757812,204.46096801757812,193.65765380859375,195.8135986328125,153.60079956054688,22714792
2007-11-02,193.42176818847656,214.556640625,188.70416259765625,212.1978302001953,166.4530029296875,27875229
2007-11-05,212.2921905517578,219.78375244140625,208.9898681640625,211.23544311523438,165.69805908203125,30796214
2007-11-06,212.38653564453125,216.06626892089844,205.3101348876953,209.35311889648438,164.2215118408203,16277520
2007-11-07,211.34866333007812,219.74600219726562,205.80076599121094,213.49989318847656,167.47438049316406,18265648
2007-11-08,212.76394653320312,213.42440795898438,203.8099365234375,206.1545867919922,161.7125244140625,22659404
2007-11-12,198.13937377929688,212.76394653320312,196.2853546142578,211.8204345703125,166.15696716308594,19232749
2007-11-13,214.65098571777344,219.2742462158203,208.53225708007812,216.47198486328125,169.80577087402344,21697602
2007-11-14,231.16261291503906,231.16261291503906,218.42507934570312,222.0906524658203,174.21316528320312,14499764
2007-11-15,224.08619689941406,224.08619689941406,216.8210906982422,217.78819274902344,170.8382110595703,11703800
2007-11-16,217.78819274902344,221.63304138183594,212.88661193847656,219.60447692871094,172.26296997070312,13397361
2007-11-19,220.31211853027344,223.5861358642578,216.1794891357422,217.226806640625,170.39785766601562,13369508
2007-11-20,216.5380401611328,222.0670623779297,213.42440795898438,215.0189666748047,168.6659393310547,11225962
2007-11-21,214.93405151367188,214.93405151367188,201.4416961669922,203.4938507080078,159.62539672851562,9390465
2007-11-22,203.81936645507812,217.00979614257812,200.592529296875,212.22142028808594,166.47149658203125,25654801
2007-11-23,215.1227569580078,215.1227569580078,208.54641723632812,212.2025604248047,166.45669555664062,13137696
2007-11-26,215.1227569580078,217.00979614257812,209.697509765625,211.6600341796875,166.03114318847656,13282875
2007-11-27,211.6600341796875,215.82095336914062,209.93338012695312,214.59909057617188,168.3366241455078,11716688
2007-11-28,219.24594116210938,219.24594116210938,211.2543182373047,212.5186309814453,166.70468139648438,11011129
2007-11-29,214.90574645996094,218.4062042236328,212.32049560546875,213.98109436035156,167.85183715820312,12873472
2007-11-30,217.19850158691406,220.6895294189453,215.50015258789062,217.23623657226562,170.40521240234375,16247886
2007-12-03,219.84036254882812,221.34056091308594,217.7551727294922,219.34500122070312,172.05941772460938,10122532
2007-12-04,219.5572967529297,221.24148559570312,217.19850158691406,218.4062042236328,171.322998046875,8591649
2007-12-05,218.51942443847656,226.35064697265625,218.0806884765625,224.9825439453125,176.4816131591797,12728929
2007-12-06,226.44500732421875,229.9171600341797,224.46360778808594,226.02513122558594,177.29946899414062,10837322
2007-12-07,228.78492736816406,231.8891143798828,225.50148010253906,229.8227996826172,180.2784423828125,10566994
2007-12-10,229.8416748046875,231.9598846435547,227.86029052734375,228.8934326171875,179.5494384765625,5373405
2007-12-11,232.01177978515625,233.61575317382812,228.89816284179688,230.9503173828125,181.1628875732422,7223274
2007-12-12,228.33204650878906,231.6249237060547,228.33204650878906,230.10586547851562,180.50048828125,6866408
2007-12-13,231.54000854492188,232.95529174804688,225.31277465820312,226.10533142089844,177.3623504638672,5157999
2007-12-14,227.38851928710938,228.23768615722656,224.2135772705078,227.0865936279297,178.132080078125,7776298
2007-12-17,227.38851928710938,227.38851928710938,216.5380401611328,218.1797637939453,171.14537048339844,6731743
2007-12-18,218.89683532714844,221.5386962890625,215.72189331054688,216.96261596679688,170.19061279296875,6574078
2007-12-19,220.189453125,220.189453125,210.12208557128906,212.9102020263672,167.01182556152344,6859774
2007-12-20,214.4622802734375,218.2363739013672,211.34866333007812,212.97152709960938,167.0598907470703,12271143
2007-12-24,219.3402862548828,221.5386962890625,216.0992889404297,220.2885284423828,172.79953002929688,5765394
2007-12-26,221.82174682617188,227.6715850830078,221.82174682617188,226.44972229003906,177.63255310058594,7428749
2007-12-27,228.80380249023438,230.09642028808594,222.3265380859375,224.1947021484375,175.86361694335938,9788029
2007-12-28,223.61444091796875,227.28472900390625,222.67562866210938,224.32679748535156,175.96722412109375,5737605
2007-12-31,227.36965942382812,227.36965942382812,222.67091369628906,223.7229461669922,175.4935760498047,3709223
2008-01-01,224.55795288085938,225.97323608398438,222.3123779296875,224.88819885253906,176.40765380859375,4502158
2008-01-02,223.8031463623047,231.54000854492188,220.9725799560547,228.6481170654297,179.35699462890625,10764075
2008-01-03,228.33204650878906,229.96434020996094,224.90234375,225.996826171875,177.27723693847656,5993773
2008-01-04,242.8622589111328,242.8622589111328,224.27490234375,225.3882598876953,176.7998809814453,5185640
2008-01-07,226.3223419189453,229.08685302734375,222.76527404785156,226.7186279296875,177.8434600830078,6612148
2008-01-08,228.30374145507812,236.06890869140625,227.8885955810547,232.53543090820312,182.4062957763672,15484183
2008-01-09,231.16261291503906,236.54067993164062,230.3275909423828,231.58718872070312,181.66246032714844,10546073
2008-01-10,234.20074462890625,236.3519744873047,224.3692626953125,227.3507843017578,178.33934020996094,9382993
2008-01-11,230.66253662109375,231.63436889648438,224.46360778808594,229.72845458984375,180.20440673828125,6831815
2008-01-14,233.87051391601562,239.30990600585938,230.3134307861328,232.39862060546875,182.2989959716797,14452685
2008-01-15,235.66319274902344,235.66319274902344,227.11489868164062,228.65756225585938,179.36439514160156,10085447
2008-01-16,228.80380249023438,229.55862426757812,221.34999084472656,227.91217041015625,178.77967834472656,17714860
2008-01-17,230.50213623046875,231.91741943359375,224.08619689941406,227.98765563964844,178.8389129638672,10439292
2008-01-18,225.50148010253906,228.9925079345703,219.39218139648438,222.89263916015625,174.84226989746094,9762815
2008-01-21,222.3878631591797,224.52964782714844,191.662109375,207.21133422851562,162.5414581298828,20268942
2008-01-22,180.2124786376953,215.1227569580078,172.664306640625,201.6681365966797,158.1932373046875,16339193
2008-01-23,214.12261962890625,222.859619140625,205.21578979492188,219.2506561279297,171.98541259765625,12340172
2008-01-24,222.7180938720703,226.4167022705078,217.00979614257812,221.08108520507812,173.42123413085938,14721243
2008-01-25,230.21908569335938,231.99290466308594,222.67091369628906,227.14320373535156,178.17652893066406,14037072
2008-01-28,229.89999389648438,233.89999389648438,220.0,231.3350067138672,181.46466064453125,9114160
2008-01-29,231.0,235.89999389648438,222.00999450683594,223.07000732421875,174.9813995361328,9513170
2008-01-30,227.47000122070312,227.89999389648438,220.10499572753906,222.39500427246094,174.45191955566406,10367140
2008-01-31,215.5,224.77000427246094,213.60000610351562,216.73500061035156,170.01205444335938,11590430
2008-02-01,224.47000122070312,224.47000122070312,211.6999969482422,218.4600067138672,171.3651885986328,8707570
2008-02-04,221.39999389648438,230.74000549316406,221.0,227.3699951171875,178.35440063476562,7714390
2008-02-05,226.39999389648438,227.39999389648438,221.0,222.85000610351562,174.808837890625,6614650
2008-02-06,219.89999389648438,220.5,213.7550048828125,218.2449951171875,171.19654846191406,9791590
2008-02-07,220.0,221.89999389648438,212.3300018310547,215.52999877929688,169.0668182373047,11433480
2008-02-08,215.52999877929688,221.8000030517578,211.6199951171875,219.2100067138672,171.95350646972656,8801220
2008-02-11,226.69000244140625,226.69000244140625,200.1699981689453,205.10000610351562,160.8853302001953,8656480
2008-02-12,211.60000610351562,211.60000610351562,201.23500061035156,205.2050018310547,160.96768188476562,6209390
2008-02-13,207.0,213.89999389648438,205.10000610351562,211.73500061035156,166.08993530273438,5526180
2008-02-14,217.44000244140625,223.27000427246094,213.89999389648438,220.69000244140625,173.1144561767578,5897790
2008-02-15,217.8000030517578,230.39999389648438,217.31500244140625,229.56500244140625,180.0762481689453,9199160
2008-02-18,231.5,233.97000122070312,222.53500366210938,225.36500549316406,176.78164672851562,5913730
2008-02-19,227.8800048828125,229.39999389648438,224.64999389648438,226.47999572753906,177.65626525878906,5196210
2008-02-20,223.2100067138672,225.86000061035156,218.0399932861328,221.02000427246094,173.37332153320312,8509480
2008-02-21,223.5,223.5,212.5,217.89500427246094,170.92198181152344,7750050
2008-02-22,214.89999389648438,215.1999969482422,210.0,211.3800048828125,165.81150817871094,6860760
2008-02-25,213.3699951171875,213.89999389648438,206.5,212.58999633789062,166.76063537597656,6969190
2008-02-26,213.0,215.5,210.0500030517578,212.4499969482422,166.65077209472656,5025960
2008-02-27,213.42999267578125,215.5,207.10000610351562,208.7899932861328,163.7798309326172,5723730
2008-02-28,209.07000732421875,209.60000610351562,199.63499450683594,203.91000366210938,159.9518585205078,13776620
2008-02-29,201.0,213.5,194.5,211.1649932861328,165.642822265625,24012050
2008-03-03,200.10000610351562,205.24000549316406,190.0,192.22000122070312,150.7819061279297,12664830
2008-03-04,192.47999572753906,194.0,186.10000610351562,187.57000732421875,147.1343536376953,12689030
2008-03-05,186.10000610351562,189.1999969482422,181.30499267578125,184.88499450683594,145.0281524658203,18636300
2008-03-07,185.0,186.0,175.5500030517578,183.97500610351562,144.3143768310547,13408120
2008-03-10,181.0,190.8000030517578,178.52000427246094,188.5399932861328,147.8952178955078,15396930
2008-03-11,186.0,193.60000610351562,185.00999450683594,189.44500732421875,148.60513305664062,9158680
2008-03-12,193.0,196.0,177.81500244140625,180.76499938964844,141.7963409423828,16347940
2008-03-13,176.0,177.8800048828125,168.0,169.59500122070312,133.0343475341797,12035200
2008-03-14,170.0,174.0,168.0,171.28500366210938,134.36004638671875,12791620
2008-03-17,169.94000244140625,169.94000244140625,160.02499389648438,163.6300048828125,128.3552703857422,13595690
2008-03-18,164.0,165.5,158.10000610351562,159.2550048828125,124.92341613769531,12817860
2008-03-19,162.3000030517578,167.94000244140625,158.71499633789062,160.5050048828125,125.90391540527344,15698870
2008-03-24,162.5,165.0,160.5,164.4199981689453,128.97494506835938,7787250
2008-03-25,166.5,175.48500061035156,166.5,173.89999389648438,136.41128540039062,8490040
2008-03-26,174.5,179.39999389648438,169.0050048828125,171.3699951171875,134.42666625976562,8200210
2008-03-27,170.0,172.10000610351562,162.63499450683594,164.66000366210938,129.16317749023438,21323720
2008-03-28,165.89500427246094,168.77000427246094,161.26499938964844,167.77999877929688,131.61061096191406,12850380
2008-03-31,167.39999389648438,169.5,159.0,160.02499389648438,125.52738189697266,10361210
2008-04-01,160.5,164.3699951171875,158.1999969482422,162.32000732421875,127.32764434814453,9052460
2008-04-02,165.1999969482422,171.10000610351562,164.6999969482422,165.6199951171875,129.91624450683594,8951830
2008-04-03,165.60000610351562,167.0,162.5,163.90499877929688,128.5709228515625,6013970
2008-04-04,163.90499877929688,165.02499389648438,159.14999389648438,160.1699981689453,125.64115142822266,9383220
2008-04-07,161.89999389648438,170.0,156.13499450683594,167.33999633789062,131.2654266357422,10473750
2008-04-08,169.0,172.1999969482422,164.8350067138672,167.42999267578125,131.33604431152344,12816600
2008-04-09,167.8000030517578,170.1649932861328,165.10000610351562,169.35499572753906,132.8460693359375,6854370
2008-04-10,170.8000030517578,171.94500732421875,165.4499969482422,166.17999267578125,130.35549926757812,7675230
2008-04-11,168.89999389648438,169.0,164.02999877929688,166.7100067138672,130.77125549316406,10418310
2008-04-15,166.39999389648438,169.0,163.00999450683594,167.5749969482422,131.44979858398438,5713560
2008-04-16,169.0,171.0,165.8000030517578,166.5,130.60655212402344,7885420
2008-04-17,168.0,172.10000610351562,167.5,168.3249969482422,132.03810119628906,11811200
2008-04-21,167.49000549316406,174.8000030517578,166.0,174.10000610351562,136.56817626953125,10872640
2008-04-22,173.5,175.3000030517578,172.5,173.2449951171875,135.89747619628906,5551190
2008-04-23,173.60000610351562,174.47000122070312,168.0,169.60000610351562,133.03823852539062,8243080
2008-04-24,169.94000244140625,171.0,167.5,168.1699981689453,131.91653442382812,7759740
2008-04-25,169.0,175.3800048828125,169.0,174.84500122070312,137.15255737304688,9429000
2008-04-28,176.0,176.10000610351562,172.00999450683594,173.68499755859375,136.2425994873047,5431690
2008-04-29,173.5,180.6999969482422,173.0,179.55499267578125,140.84718322753906,13827580
2008-04-30,179.89999389648438,182.10000610351562,173.0,177.46499633789062,139.20773315429688,8399990
2008-05-02,179.9949951171875,184.0,179.9949951171875,182.24000549316406,142.95335388183594,15728100
2008-05-05,183.83999633789062,183.83999633789062,176.61000061035156,177.99000549316406,139.6195526123047,13404480
2008-05-06,177.1999969482422,178.38999938964844,173.5,175.73500061035156,137.85064697265625,8142150
2008-05-07,174.0,177.99000549316406,172.22999572753906,176.85000610351562,138.72535705566406,12539370
2008-05-08,174.5,175.99000549316406,172.3350067138672,173.3300018310547,135.96414184570312,7590660
2008-05-09,171.39999389648438,174.3249969482422,166.63499450683594,168.2100067138672,131.9479217529297,9038920
2008-05-12,166.5,168.0,161.60000610351562,166.27000427246094,130.42611694335938,6698970
2008-05-13,167.0,169.1999969482422,165.1300048828125,166.77999877929688,130.82615661621094,12101370
2008-05-14,165.10000610351562,167.7899932861328,165.10000610351562,166.0749969482422,130.27317810058594,4846080
2008-05-15,166.5,169.0,166.5,168.11000061035156,131.8694610595703,6057740
2008-05-16,168.11000061035156,171.39999389648438,168.11000061035156,170.6300048828125,133.84622192382812,6750980
2008-05-20,170.0,170.1999969482422,164.52499389648438,165.27999877929688,129.6495361328125,6482160
2008-05-21,163.9600067138672,167.72500610351562,162.10000610351562,166.1999969482422,130.37123107910156,9411950
2008-05-22,164.8000030517578,164.8000030517578,160.0,160.5749969482422,125.95881652832031,8554590
2008-05-23,161.8000030517578,162.47000122070312,156.42999267578125,157.3300018310547,123.41337585449219,11728030
2008-05-26,156.3000030517578,156.39999389648438,152.63999938964844,153.7949981689453,120.64044952392578,8843250
2008-05-27,155.0,157.47000122070312,146.5,147.44000244140625,115.65544891357422,14487480
2008-05-28,149.77000427246094,153.5,145.52499389648438,151.71499633789062,119.00882720947266,11388370
2008-05-29,152.22000122070312,153.99000549316406,145.22000122070312,146.11500549316406,116.263671875,11949880
2008-05-30,146.5050048828125,148.89999389648438,143.53500366210938,144.5,114.97862243652344,8673280
2008-06-02,142.6999969482422,149.8000030517578,137.63499450683594,139.48500061035156,110.98820495605469,12061790
2008-06-03,136.9949951171875,140.9600067138672,135.2050018310547,138.80999755859375,110.4510726928711,9244330
2008-06-04,137.5,139.6999969482422,132.5,133.125,105.92754364013672,9136480
2008-06-05,133.125,136.89999389648438,129.1999969482422,135.4600067138672,107.7854995727539,11186030
2008-06-06,136.32000732421875,138.19000244140625,132.8000030517578,133.52000427246094,106.24185180664062,9630180
2008-06-09,130.0,130.8000030517578,126.0,129.4600067138672,103.01128387451172,9006700
2008-06-10,128.27999877929688,129.6750030517578,125.04000091552734,127.90499877929688,101.77398681640625,11992080
2008-06-11,129.0,132.47000122070312,128.1750030517578,131.0,104.23667907714844,7657900
2008-06-12,127.19999694824219,134.94000244140625,123.66500091552734,133.9550018310547,106.58795166015625,12235480
2008-06-13,133.8000030517578,136.0,132.24000549316406,133.52000427246094,106.24185180664062,13074070
2008-06-16,133.49000549316406,136.47999572753906,131.60000610351562,132.65499877929688,105.55354309082031,6875270
2008-06-17,132.5,139.3800048828125,131.50999450683594,138.75,110.40332794189453,10930420
2008-06-18,138.50999450683594,139.8699951171875,134.50999450683594,135.05499267578125,107.46321868896484,8600480
2008-06-19,133.0,138.47000122070312,129.0,130.0500030517578,103.48075866699219,8638620
2008-06-20,130.5,132.5,124.11000061035156,124.8949966430664,99.37892150878906,12016530
2008-06-23,124.5,124.79499816894531,119.02999877929688,120.43000030517578,95.82612609863281,9910660
2008-06-24,122.44499969482422,124.29000091552734,119.80000305175781,120.67500305175781,96.02108001708984,10703480
2008-06-25,117.0,121.69999694824219,114.0199966430664,119.41000366210938,95.01451873779297,15161940
2008-06-26,120.9800033569336,124.97000122070312,118.75,122.3550033569336,97.35785675048828,13360230
2008-06-27,120.125,120.125,115.01000213623047,116.12000274658203,92.39665222167969,10107830
2008-06-30,119.49500274658203,119.49500274658203,110.0999984741211,111.16000366210938,88.44999694824219,7878630
2008-07-01,111.5,113.37999725341797,101.0999984741211,102.52999877929688,81.58309173583984,9552870
2008-07-02,96.56500244140625,109.19999694824219,96.56500244140625,107.83499908447266,85.80428314208984,12143830
2008-07-03,107.9000015258789,113.37000274658203,104.0250015258789,110.04499816894531,87.56278991699219,20565740
2008-07-04,109.9000015258789,113.9800033569336,107.5,112.48500061035156,89.50428771972656,13738650
2008-07-07,113.0,119.19999694824219,113.0,117.17500305175781,93.23612976074219,11352800
2008-07-08,116.0,122.0,109.5,120.76499938964844,96.09268188476562,15733380
2008-07-09,123.5,126.5,121.19999694824219,123.77999877929688,98.4917221069336,11215310
2008-07-10,121.69999694824219,125.69999694824219,120.00499725341797,123.65499877929688,98.39224243164062,13646470
2008-07-11,124.44000244140625,125.9000015258789,119.5,122.08499908447266,97.14299011230469,14261980
2008-07-14,121.9000015258789,127.87999725341797,120.01000213623047,125.79000091552734,100.09107208251953,13086900
2008-07-15,125.5,125.5,115.23500061035156,118.18000030517578,94.03580474853516,11899050
2008-07-16,118.5,120.7699966430664,111.61000061035156,113.58499908447266,90.37955474853516,13217050
2008-07-17,117.5,126.4000015258789,116.30000305175781,123.15499877929688,97.9944076538086,15274250
2008-07-18,125.0,130.96499633789062,121.5999984741211,129.96499633789062,103.41311645507812,14381200
2008-07-21,130.9499969482422,136.5,129.11000061035156,135.2550048828125,107.62236022949219,15258050
2008-07-22,134.5,141.7949981689453,133.53500366210938,140.33999633789062,111.66851043701172,18523660
2008-07-23,145.0,154.97500610351562,144.0,154.3300018310547,122.80035400390625,17998330
2008-07-24,155.8000030517578,157.39999389648438,146.23500061035156,147.8800048828125,117.6680679321289,23457650
2008-07-25,142.5,150.8000030517578,142.27000427246094,144.39500427246094,114.89509582519531,20916970
2008-07-28,140.1999969482422,150.49000549316406,140.1999969482422,141.7449951171875,112.78643798828125,22257740
2008-07-29,139.8000030517578,141.8699951171875,130.60000610351562,131.86500549316406,104.92496490478516,23743080
2008-07-30,133.0,139.77499389648438,132.5,138.7949981689453,110.43914794921875,15774740
2008-07-31,139.0,143.08999633789062,134.3000030517578,141.72500610351562,112.7705307006836,18850520
2008-08-01,139.17999267578125,151.9949951171875,137.0,150.4550018310547,119.7170181274414,20020950
2008-08-04,149.86500549316406,154.6999969482422,147.89999389648438,151.0500030517578,120.1904525756836,20132270
2008-08-05,151.0500030517578,158.60000610351562,147.0,157.83999633789062,125.5932388305664,20382430
2008-08-06,159.2449951171875,163.89999389648438,150.72999572753906,151.85000610351562,120.82699584960938,29935170
2008-08-07,151.47999572753906,155.44000244140625,150.63499450683594,152.32000732421875,121.20101165771484,19255860
2008-08-08,154.3699951171875,154.3699951171875,147.50999450683594,151.77999877929688,120.77132415771484,19437840
2008-08-11,153.3000030517578,160.5,153.3000030517578,159.7949981689453,127.14883422851562,16712000
2008-08-12,159.64999389648438,162.47999572753906,152.51499938964844,155.60499572753906,123.81484985351562,18468010
2008-08-13,155.35000610351562,158.8000030517578,152.23500061035156,155.33999633789062,123.60399627685547,15952190
2008-08-14,157.7899932861328,157.7899932861328,145.1999969482422,145.52000427246094,115.79023742675781,19758430
2008-08-18,144.0,147.77000427246094,142.50999450683594,145.5050048828125,115.77828216552734,19824950
2008-08-19,143.0,145.88999938964844,141.2100067138672,144.2449951171875,114.77571868896484,12389550
2008-08-20,145.39999389648438,147.8000030517578,143.0,144.34500122070312,114.85526275634766,12479950
2008-08-21,143.52000427246094,144.1999969482422,133.39999389648438,134.30999755859375,106.87043762207031,20000570
2008-08-22,134.30999755859375,136.27999877929688,130.89999389648438,134.41000366210938,106.94999694824219,22535390
2008-08-25,137.0,139.67999267578125,135.23500061035156,135.71499633789062,107.98839569091797,12358750
2008-08-26,134.89999389648438,137.89500427246094,133.02000427246094,137.07000732421875,109.06657409667969,16861130
2008-08-27,136.4550018310547,138.89999389648438,131.80999755859375,133.10000610351562,105.90763854980469,12747800
2008-08-28,131.0399932861328,134.1999969482422,130.05499267578125,130.93499755859375,104.1849594116211,21443360
2008-08-29,133.60000610351562,140.97999572753906,133.60000610351562,140.38499450683594,111.70429992675781,26616360
2008-09-01,139.0,143.47000122070312,136.10000610351562,141.55999755859375,112.63925170898438,16822410
2008-09-02,142.0,154.8000030517578,142.0,152.3000030517578,121.18505859375,32085130
2008-09-04,150.00999450683594,154.6699981689453,146.14500427246094,153.47000122070312,122.11603546142578,25526720
2008-09-05,151.14999389648438,153.72000122070312,147.0,151.98500061035156,120.93439483642578,27862810
2008-09-08,156.0,161.0,156.0,159.1750030517578,126.65552520751953,18162660
2008-09-09,158.99000549316406,158.99000549316406,155.10000610351562,155.84500122070312,124.00585174560547,20039510
2008-09-10,154.10000610351562,158.3699951171875,153.5,156.6649932861328,124.6583023071289,21169520
2008-09-11,155.1199951171875,155.57000732421875,151.00999450683594,153.89500427246094,122.45423126220703,17952650
2008-09-12,155.97999572753906,156.39999389648438,148.8000030517578,151.35499572753906,120.43310546875,22024870
2008-09-15,148.8800048828125,150.2449951171875,140.60000610351562,149.00999450683594,118.56723022460938,22133240
2008-09-16,142.0,160.0,142.0,158.0749969482422,125.78023529052734,31851640
2008-09-17,160.0,160.0,151.16000366210938,153.0800018310547,121.80571746826172,25739370
2008-09-18,147.0,158.77000427246094,142.5,156.66000366210938,124.65435028076172,26752670
2008-09-19,159.8000030517578,162.0,154.6300048828125,156.5749969482422,124.586669921875,32792550
2008-09-22,158.0,159.49000549316406,154.8000030517578,156.69000244140625,124.67818450927734,18509600
2008-09-23,153.0,156.80999755859375,149.67999267578125,150.3249969482422,119.6135482788086,21782090
2008-09-24,151.5,153.8000030517578,148.39500427246094,151.80499267578125,120.79120635986328,20613440
2008-09-25,152.00999450683594,152.7449951171875,146.8000030517578,149.5,118.95711517333984,23392930
2008-09-26,150.89999389648438,150.89999389648438,142.7100067138672,143.48500061035156,114.1709976196289,21995190
2008-09-29,144.9949951171875,145.5,135.1999969482422,140.5449981689453,111.83160400390625,18599280
2008-09-30,138.5,148.5,135.5,146.3350067138672,116.43873596191406,22297620
2008-10-01,148.47999572753906,152.5,141.5,150.44500732421875,119.70906066894531,27509950
2008-10-03,145.10000610351562,152.6999969482422,145.10000610351562,148.36500549316406,118.05400085449219,22453270
2008-10-06,147.25999450683594,147.8000030517578,142.1199951171875,143.34500122070312,114.0595703125,17822350
2008-10-07,145.53500366210938,150.5,138.1999969482422,140.63499450683594,111.90324401855469,30591760
2008-10-08,137.47000122070312,138.5,130.10000610351562,131.8300018310547,104.8970947265625,36496300
2008-10-10,124.4000015258789,137.5,118.11499786376953,135.25,107.61839294433594,40092370
2008-10-13,137.8000030517578,153.1999969482422,136.39999389648438,149.57000732421875,119.01282501220703,25623250
2008-10-14,155.2550048828125,158.97999572753906,150.3000030517578,152.8350067138672,121.61077117919922,32862040
2008-10-15,145.5,153.6999969482422,145.5,150.01499938964844,119.36690521240234,24593970
2008-10-16,145.5,155.88999938964844,141.60000610351562,154.05499267578125,122.58152770996094,42410260
2008-10-17,155.89999389648438,156.5,138.0050048828125,141.94500732421875,112.94560241699219,25248640
2008-10-20,142.0,151.0,136.81500244140625,143.55999755859375,114.23065948486328,30953910
2008-10-21,145.0,150.4949951171875,142.0,148.75999450683594,118.3682861328125,28087600
2008-10-22,146.0,147.89999389648438,138.30499267578125,139.22999572753906,110.78529357910156,25793370
2008-10-23,136.60000610351562,139.69500732421875,131.39999389648438,132.625,105.52967834472656,39793950
2008-10-24,130.0,131.3000030517578,110.0,116.4749984741211,92.67913055419922,56288010
2008-10-27,114.95999908447266,118.97000122070312,98.5,105.2750015258789,83.76730346679688,55117660
2008-10-29,115.99500274658203,118.5,107.82499694824219,109.95500183105469,87.49117279052734,35811180
2008-10-31,114.99500274658203,117.69999694824219,106.55000305175781,110.97000122070312,88.29879760742188,42932920
2008-11-03,116.4000015258789,126.47000122070312,115.5,124.04000091552734,98.6985855102539,29298820
2008-11-04,123.01000213623047,133.44000244140625,122.36000061035156,132.0749969482422,105.09205627441406,38777990
2008-11-05,138.0,138.0,126.19999694824219,127.25,101.25279235839844,36100190
2008-11-06,123.37999725341797,126.47000122070312,120.0,121.66999816894531,96.81278991699219,46117130
2008-11-07,120.0999984741211,125.98999786376953,118.55999755859375,124.875,99.3630142211914,33260620
2008-11-10,127.0,131.5,125.0999984741211,130.0850067138672,103.50859069824219,21899500
2008-11-11,130.97000122070312,130.97000122070312,121.4000015258789,122.23999786376953,97.2663345336914,31740150
2008-11-12,121.0199966430664,123.29000091552734,114.625,117.875,93.79312133789062,45924780
2008-11-14,120.0999984741211,123.9000015258789,115.50499725341797,117.16000366210938,93.22419738769531,38588160
2008-11-17,117.0,118.9000015258789,112.0999984741211,116.79000091552734,92.92977905273438,23674860
2008-11-18,114.0999984741211,115.3949966430664,109.69999694824219,110.84500122070312,88.19934844970703,36780860
2008-11-19,110.79499816894531,115.19999694824219,106.55999755859375,108.1050033569336,86.01912689208984,29265110
2008-11-20,104.9000015258789,113.68000030517578,102.125,108.70999908447266,86.50052642822266,28114400
2008-11-21,108.5199966430664,121.0,108.5199966430664,118.3550033569336,94.17503356933594,36650180
2008-11-24,120.0,122.2300033569336,111.62999725341797,114.73999786376953,91.29857635498047,54269450
2008-11-25,116.7750015258789,119.0,106.0,107.18499755859375,85.28707122802734,41450190
2008-11-26,108.4000015258789,111.5,104.30000305175781,110.5,87.9248275756836,51878600
2008-11-27,110.5,110.5,110.5,110.5,87.9248275756836,0
2008-11-28,106.5,110.98999786376953,105.5,108.8550033569336,86.61590576171875,43218640
2008-12-01,109.0,112.62999725341797,104.80000305175781,105.6050033569336,84.0298843383789,52079380
2008-12-02,103.5,104.5,99.55500030517578,103.69999694824219,82.5140609741211,47199410
2008-12-03,105.0,110.5999984741211,103.51000213623047,109.71499633789062,87.30017852783203,44484720
2008-12-04,110.5,117.5,109.80000305175781,116.88999938964844,93.00935363769531,46807810
2008-12-05,116.80000305175781,120.9000015258789,112.02999877929688,113.41500091552734,90.2442855834961,47797020
2008-12-08,117.0,120.0,115.30000305175781,116.875,92.9974136352539,39952840
2008-12-10,117.5,119.80000305175781,115.0,118.91000366210938,94.61666870117188,42085520
2008-12-11,119.0999984741211,122.19999694824219,116.51000213623047,119.88500213623047,95.39246368408203,40859770
2008-12-12,116.5,123.19999694824219,113.63500213623047,121.68499755859375,96.8247299194336,31712630
2008-12-15,122.0,125.9000015258789,119.23999786376953,120.47000122070312,95.85794830322266,45421700
2008-12-16,119.5,124.5,119.5,123.875,98.56731414794922,39890860
2008-12-17,124.01499938964844,126.0,119.0,120.16999816894531,95.6192398071289,35341750
2008-12-18,120.31500244140625,130.5,120.20999908447266,129.59500122070312,103.11872100830078,50271830
2008-12-19,128.0,132.39999389648438,126.76000213623047,128.7449951171875,102.44237518310547,44556150
2008-12-22,127.80000305175781,132.2949981689453,126.5,127.29499816894531,101.28861236572266,29188170
2008-12-23,126.19999694824219,128.0,125.0,126.41999816894531,100.59235382080078,25515770
2008-12-24,126.0,129.60000610351562,125.2699966430664,128.5749969482422,102.30709838867188,26877010
2008-12-26,129.5,130.89999389648438,122.66500091552734,124.30999755859375,98.91343688964844,24848860
2008-12-29,124.0,127.6500015258789,120.55999755859375,127.18000030517578,101.19709014892578,25527640
2008-12-30,127.5,130.8350067138672,125.95999908447266,129.1699981689453,102.78054809570312,27519810
2008-12-31,130.8000030517578,130.8000030517578,127.0,128.8800048828125,102.54978942871094,27040780
2009-01-02,131.5,135.0,131.22000122070312,133.18499755859375,105.97527313232422,24161650
2009-01-05,135.39999389648438,137.76499938964844,134.8000030517578,136.0800018310547,108.27882385253906,26931910
2009-01-06,138.8699951171875,138.8699951171875,129.8000030517578,132.28500366210938,105.25914001464844,35970960
2009-01-07,132.5,134.96499633789062,122.01000213623047,124.00499725341797,98.6707534790039,37268580
2009-01-09,122.0,125.16999816894531,117.63500213623047,122.11000061035156,97.16289520263672,24996510
2009-01-12,120.5,122.31999969482422,110.83499908447266,115.88999938964844,92.21363830566406,40927670
2009-01-13,114.5,118.62999725341797,114.04000091552734,117.48999786376953,93.48676300048828,22844560
2009-01-14,118.0,121.1449966430664,117.13999938964844,119.69000244140625,95.23729705810547,17225460
2009-01-15,117.5,117.5,113.19999694824219,114.7249984741211,91.28666687011719,18848400
2009-01-16,115.5,117.66000366210938,115.0999984741211,116.41500091552734,92.63139343261719,16210980
2009-01-19,116.30000305175781,118.30000305175781,113.91000366210938,114.63999938964844,91.21902465820312,21402920
2009-01-20,113.19999694824219,113.5,110.22000122070312,111.29000091552734,88.55342864990234,18013440
2009-01-21,110.0,110.9800033569336,107.0,108.12000274658203,86.03105163574219,23453440
2009-01-22,109.98999786376953,110.4000015258789,106.6050033569336,109.02999877929688,86.75515747070312,23947180
2009-01-23,107.94499969482422,111.0999984741211,103.11000061035156,104.1500015258789,82.87213134765625,43595270
2009-01-27,106.0,109.4000015258789,106.0,108.76499938964844,86.54428100585938,38194150
2009-01-28,109.23500061035156,111.7699966430664,106.53500366210938,111.24500274658203,88.51763153076172,34353520
2009-01-29,113.0,116.4000015258789,108.86499786376953,109.92500305175781,87.46730041503906,35923120
2009-01-30,109.48500061035156,115.9000015258789,107.67500305175781,115.0999984741211,91.58505249023438,28335200
2009-02-02,113.9000015258789,113.9000015258789,108.51499938964844,109.58000183105469,87.19278717041016,25800050
2009-02-03,106.62000274658203,113.30000305175781,106.62000274658203,109.2300033569336,86.91427612304688,28290850
2009-02-04,110.0,111.96499633789062,108.6050033569336,109.68000030517578,87.27234649658203,19596770
2009-02-05,110.25,110.97000122070312,108.19999694824219,109.4749984741211,87.1092300415039,16521600
2009-02-06,111.0,112.4000015258789,110.0,111.86000061035156,89.00697326660156,13306740
2009-02-09,112.5,115.4000015258789,111.5999984741211,114.75499725341797,91.3105239868164,15696460
2009-02-10,117.37000274658203,118.38500213623047,114.30000305175781,116.41000366210938,92.6274185180664,18732300
2009-02-11,115.69999694824219,116.5,110.70500183105469,115.88999938964844,92.21363830566406,16529950
2009-02-12,114.68499755859375,117.66000366210938,114.5,115.91999816894531,92.23751068115234,19717850
2009-02-13,116.5999984741211,120.59500122070312,116.5999984741211,119.58999633789062,95.15772247314453,23079310
2009-02-16,118.05500030517578,119.19000244140625,112.76000213623047,113.68499755859375,90.45912170410156,26650050
2009-02-17,112.80000305175781,112.80000305175781,109.13500213623047,109.87999725341797,87.43148040771484,25742350
2009-02-18,109.80000305175781,110.5,106.5,107.08999633789062,85.21147155761719,21865720
2009-02-19,108.80000305175781,109.3499984741211,105.0999984741211,105.87000274658203,84.24073791503906,28702260
2009-02-20,104.7750015258789,105.6449966430664,103.5,104.40499877929688,83.07501983642578,24872000
2009-02-24,105.05999755859375,105.05999755859375,99.61499786376953,102.77999877929688,81.78202056884766,23881530
2009-02-25,105.5,105.9000015258789,103.00499725341797,103.66000366210938,82.48224639892578,21451430
2009-02-26,103.9000015258789,105.5,101.5,102.30500030517578,81.404052734375,25935300
2009-02-27,102.33999633789062,103.5999984741211,100.62000274658203,102.52999877929688,81.58309173583984,31330010
2009-03-02,101.47000122070312,101.5,98.5,99.44999694824219,79.13233184814453,29765340
2009-03-03,99.5,100.69999694824219,96.8499984741211,97.43499755859375,77.52900695800781,29948750
2009-03-04,98.19999694824219,98.5999984741211,95.0999984741211,95.69499969482422,76.1445083618164,32641740
2009-03-05,96.98999786376953,97.80000305175781,92.30000305175781,93.43499755859375,74.34620666503906,39906360
2009-03-06,92.5,95.79000091552734,91.11499786376953,94.11000061035156,74.88330078125,34055320
2009-03-09,93.19999694824219,93.94999694824219,89.1500015258789,89.52999877929688,71.2389907836914,30241710
2009-03-12,93.4000015258789,93.4000015258789,89.70999908447266,91.125,72.50814056396484,28733960
2009-03-13,92.2750015258789,95.56999969482422,92.2750015258789,95.30500030517578,75.83416748046875,27138500
2009-03-16,95.58999633789062,99.0999984741211,95.44000244140625,98.70500183105469,78.53955841064453,26738790
2009-03-17,99.0999984741211,99.79000091552734,94.65499877929688,95.00499725341797,75.59545135498047,31748750
2009-03-18,95.4800033569336,97.5,95.4800033569336,96.02999877929688,76.41104888916016,33178570
2009-03-19,95.80000305175781,97.5999984741211,93.5999984741211,96.87000274658203,77.07943725585938,36346870
2009-03-20,95.66000366210938,96.8499984741211,94.5,95.47000122070312,75.96546936035156,25116640
2009-03-23,96.5,102.95999908447266,96.125,102.3550033569336,81.44385528564453,41955060
2009-03-24,103.5,108.5,102.5,103.2249984741211,82.13612365722656,49523400
2009-03-25,103.9000015258789,105.94999694824219,102.2249984741211,104.99500274658203,83.54450225830078,44390960
2009-03-26,106.375,110.5,104.82499694824219,109.55000305175781,87.16890716552734,61469300
2009-03-27,110.5,113.4000015258789,108.53500366210938,112.43000030517578,89.46052551269531,47121700
2009-03-30,111.0999984741211,111.9000015258789,101.4000015258789,102.23500061035156,81.3483657836914,36695200
2009-03-31,103.20500183105469,108.5,99.51000213623047,106.70999908447266,84.90912628173828,57944790
2009-04-01,107.61499786376953,108.47000122070312,102.33000183105469,107.74500274658203,85.7326889038086,41162770
2009-04-02,110.11000061035156,117.0,110.11000061035156,114.70500183105469,91.27074432373047,54598560
2009-04-06,117.55000305175781,119.4000015258789,110.83499908447266,112.4749984741211,89.496337890625,43532540
2009-04-08,109.0,113.9000015258789,107.03500366210938,112.375,89.41675567626953,40749110
2009-04-09,115.0199966430664,116.19499969482422,111.33499908447266,114.02999877929688,90.73363494873047,51455970
2009-04-13,116.08000183105469,123.0,115.5,121.79000091552734,96.90827178955078,38229470
2009-04-15,119.0250015258789,131.0,118.56999969482422,129.47999572753906,103.02721405029297,46068910
2009-04-16,130.5,132.08999633789062,125.0,126.08499908447266,100.32582092285156,44285690
2009-04-17,129.89999389648438,135.5,127.66500091552734,130.47999572753906,103.8228988647461,41972610
2009-04-20,131.0,134.1999969482422,127.51000213623047,129.46499633789062,103.01525115966797,31771450
2009-04-21,127.05999755859375,128.5,124.06500244140625,125.37999725341797,99.76484680175781,32374050
2009-04-22,126.48999786376953,127.80000305175781,122.30000305175781,123.13500213623047,97.9784927368164,26714150
2009-04-23,123.33499908447266,128.08999633789062,120.1449966430664,126.59500122070312,100.73161315917969,23673550
2009-04-24,127.45500183105469,132.5,125.9000015258789,131.11500549316406,104.32819366455078,32576230
2009-04-27,128.89999389648438,133.0,126.49500274658203,127.81999969482422,101.70635223388672,39037480
2009-04-28,127.5999984741211,129.85000610351562,123.00499725341797,123.55999755859375,98.31665802001953,26923940
2009-04-29,124.5,129.19500732421875,124.19999694824219,127.86000061035156,101.73817443847656,26359680
2009-04-30,127.86000061035156,127.86000061035156,127.86000061035156,127.86000061035156,101.73817443847656,0
2009-05-04,132.52499389648438,137.3000030517578,132.26499938964844,136.625,108.71247863769531,26068980
2009-05-05,137.5,138.60000610351562,133.57000732421875,134.52000427246094,107.03753662109375,33063880
2009-05-06,135.39999389648438,137.6999969482422,131.01499938964844,132.2449951171875,105.22730255126953,31127410
2009-05-07,137.8699951171875,137.8699951171875,133.5,136.9499969482422,108.9710693359375,22238920
2009-05-08,136.97500610351562,137.5,130.61000061035156,132.4550018310547,105.39441680908203,29102550
2009-05-11,134.5,137.39999389648438,124.70999908447266,125.81999969482422,100.11493682861328,47713180
2009-05-12,125.0,130.0,124.00499725341797,129.51499938964844,103.05506134033203,36138280
2009-05-13,130.0,131.0,125.5,126.13999938964844,100.36956024169922,32428530
2009-05-14,124.97000122070312,127.58999633789062,121.94499969482422,126.73500061035156,100.84300994873047,30001780
2009-05-15,126.69999694824219,132.4949951171875,126.69999694824219,131.35000610351562,104.5151596069336,31352870
2009-05-18,144.5,168.8000030517578,144.5,157.65499877929688,125.4460220336914,586240
2009-05-19,164.8000030517578,184.3800048828125,150.0,175.39500427246094,139.56178283691406,88024960
2009-05-20,174.0,182.0,171.1999969482422,178.11500549316406,141.72605895996094,42963400
2009-05-21,176.0,177.89999389648438,170.0,171.22000122070312,136.2397003173828,33942350
2009-05-22,168.6999969482422,173.99000549316406,167.60000610351562,173.1999969482422,137.81517028808594,27543220
2009-05-25,173.67999267578125,174.27000427246094,169.5,172.23500061035156,137.04733276367188,19427370
2009-05-26,170.60000610351562,176.0500030517578,167.0,168.94500732421875,134.4294891357422,23269550
2009-05-27,171.01499938964844,179.97000122070312,171.01499938964844,179.2899932861328,142.6610107421875,24888350
2009-05-28,178.0,183.6999969482422,176.75,182.9550018310547,145.57723999023438,33875450
2009-05-29,183.10000610351562,189.21499633789062,182.6999969482422,186.88499450683594,148.70431518554688,27538230
2009-06-01,203.97000122070312,203.97000122070312,184.27000427246094,187.6750030517578,149.33297729492188,24863020
2009-06-02,188.0,194.10000610351562,181.875,190.69000244140625,151.7319793701172,29940300
2009-06-03,191.5,192.99000549316406,185.8000030517578,187.9550018310547,149.55575561523438,22318310
2009-06-04,186.5,189.52999877929688,184.10000610351562,188.2899932861328,149.82229614257812,18597230
2009-06-05,189.5,189.8000030517578,181.0,181.76499938964844,144.63035583496094,29529250
2009-06-08,182.89999389648438,183.0,168.42999267578125,169.59500122070312,134.9467315673828,29202040
2009-06-09,168.99000549316406,177.5,167.89999389648438,176.36000061035156,140.32955932617188,27424340
2009-06-10,176.39500427246094,179.98500061035156,174.00999450683594,175.6750030517578,142.1215362548828,24852900
2009-06-11,176.5,176.5,168.0,169.35000610351562,137.00460815429688,24158870
2009-06-12,171.0,172.33999633789062,162.60000610351562,163.4600067138672,132.2395782470703,26690980
2009-06-15,162.89999389648438,167.39999389648438,161.0,164.19000244140625,132.83013916015625,22146030
2009-06-16,161.63999938964844,172.1999969482422,159.89500427246094,171.43499755859375,138.69137573242188,26333860
2009-06-17,170.89999389648438,171.8000030517578,165.27499389648438,166.23500061035156,134.48458862304688,19302210
2009-06-18,169.77999877929688,172.8699951171875,165.89999389648438,170.3300018310547,137.79742431640625,30383330
2009-06-19,171.52999877929688,174.5,167.7100067138672,172.4600067138672,139.52059936523438,21372910
2009-06-22,173.10000610351562,176.0,168.60000610351562,169.5399932861328,137.15834045410156,23360990
2009-06-23,167.5,172.5,166.44500732421875,170.7949981689453,138.173583984375,20581410
2009-06-24,172.39999389648438,173.0,169.5,171.6750030517578,138.88552856445312,14681970
2009-06-25,173.0,174.0,170.0,170.39999389648438,137.85406494140625,24184620
2009-06-26,170.99000549316406,175.89999389648438,169.0,174.9250030517578,141.51478576660156,24410100
2009-06-29,175.4949951171875,178.0,173.55499267578125,176.51499938964844,142.80111694335938,23879140
2009-06-30,178.3000030517578,178.30999755859375,173.30999755859375,174.52999877929688,141.19522094726562,23204390
2009-07-01,173.10000610351562,179.39999389648438,172.11000061035156,177.9550018310547,143.966064453125,17933070
2009-07-02,178.5,179.0,173.22500610351562,175.94500732421875,142.33999633789062,15760670
2009-07-03,174.39999389648438,182.1999969482422,173.10000610351562,180.96499633789062,146.4011688232422,20745030
2009-07-06,180.0,183.99000549316406,163.31500244140625,165.35000610351562,133.76856994628906,38145200
2009-07-07,168.0,169.6999969482422,161.9149932861328,163.63499450683594,132.38113403320312,35622590
2009-07-08,162.99000549316406,162.99000549316406,156.64500427246094,158.07000732421875,127.87908172607422,38775930
2009-07-09,158.5,162.47999572753906,157.00999450683594,160.40499877929688,129.76806640625,27925520
2009-07-10,160.89999389648438,161.8000030517578,153.10000610351562,154.36500549316406,124.88169860839844,18080560
2009-07-13,153.5,157.39999389648438,151.05999755859375,154.65499877929688,125.11632537841797,19032760
2009-07-14,157.0,158.9949951171875,156.69500732421875,158.25999450683594,128.03280639648438,15304860
2009-07-15,159.0,164.77999877929688,158.60000610351562,163.6999969482422,132.43373107910156,14263530
2009-07-16,165.1999969482422,166.0,159.52499389648438,160.4199981689453,129.78018188476562,17090780
2009-07-17,162.0,168.3000030517578,161.6999969482422,167.39500427246094,135.42300415039062,18382380
2009-07-20,168.0,173.94000244140625,164.10000610351562,172.2949981689453,139.3871307373047,22836640
2009-07-21,172.1999969482422,174.0,168.0,171.15499877929688,138.46487426757812,20470230
2009-07-22,172.0,174.6999969482422,168.31500244140625,169.38999938964844,137.03692626953125,18256050
2009-07-23,171.0,174.0,170.25,172.71499633789062,139.72689819335938,16199720
2009-07-24,174.0,174.4949951171875,169.11000061035156,169.86000061035156,137.4171905517578,16009690
2009-07-27,171.0,172.8000030517578,169.5,171.1300048828125,138.44464111328125,13469350
2009-07-28,174.0800018310547,174.0800018310547,167.21499633789062,168.1750030517578,136.05404663085938,18234730
2009-07-29,165.1999969482422,167.99000549316406,162.1300048828125,165.6750030517578,134.031494140625,22374180
2009-07-30,166.09500122070312,174.39999389648438,165.00999450683594,172.27999877929688,139.3749542236328,35454850
2009-07-31,174.10000610351562,182.22500610351562,174.0,181.1649932861328,146.5629425048828,37298300
2009-08-03,182.0,186.39999389648438,180.10000610351562,184.7050018310547,149.42686462402344,20452310
2009-08-04,187.0,188.8000030517578,183.6300048828125,185.7449951171875,150.2681884765625,21143620
2009-08-05,185.5050048828125,187.3699951171875,183.02499389648438,184.35499572753906,149.14370727539062,16060330
2009-08-06,184.3000030517578,185.5,178.89999389648438,179.6649932861328,145.34945678710938,21399520
2009-08-07,177.07000732421875,180.0,172.0,174.3300018310547,141.033447265625,18468450
2009-08-10,179.73500061035156,179.73500061035156,170.0,171.09500122070312,138.41632080078125,15173500
2009-08-11,171.60000610351562,175.5,170.56500244140625,172.9250030517578,139.89678955078125,14983390
2009-08-12,170.9149932861328,171.99000549316406,167.13499450683594,170.27499389648438,137.7529296875,18132910
2009-08-13,174.0,181.0,172.55999755859375,179.75999450683594,145.4263458251953,17255080
2009-08-14,180.5,181.49000549316406,178.10000610351562,180.0749969482422,145.68113708496094,18003360
2009-08-17,177.2550048828125,178.14999389648438,170.55499267578125,171.34500122070312,138.61856079101562,17764560
2009-08-18,171.34500122070312,176.0,170.80999755859375,173.44500732421875,140.31744384765625,17143070
2009-08-19,173.60000610351562,174.74000549316406,167.0,169.11000061035156,136.81044006347656,17077320
2009-08-20,171.0,176.5,170.99000549316406,175.31500244140625,141.83030700683594,13086470
2009-08-21,174.60000610351562,178.30999755859375,172.0449981689453,177.5850067138672,143.666748046875,16561130
2009-08-24,179.0,181.5,177.88999938964844,179.02000427246094,144.82766723632812,13407320
2009-08-25,177.89999389648438,178.15499877929688,174.10000610351562,174.75999450683594,141.38128662109375,19068840
2009-08-26,177.27000427246094,177.27000427246094,173.31500244140625,173.97000122070312,140.74220275878906,14059340
2009-08-27,174.0,176.89999389648438,172.1999969482422,175.3800048828125,141.88290405273438,14964560
2009-08-28,179.89999389648438,179.89999389648438,176.0,178.1750030517578,144.14407348632812,17242710
2009-08-31,176.5,177.3800048828125,173.60000610351562,174.2899932861328,141.00106811523438,13536820
2009-09-01,176.10000610351562,178.10000610351562,172.60000610351562,173.32000732421875,140.21633911132812,14452090
2009-09-02,173.10000610351562,175.0,171.5,173.44000244140625,140.31344604492188,10257870
2009-09-03,174.89999389648438,175.69000244140625,173.72000122070312,174.6999969482422,141.332763671875,8141010
2009-09-04,175.22999572753906,177.40499877929688,174.30999755859375,176.2449951171875,142.58265686035156,11168520
2009-09-07,177.25999450683594,182.19000244140625,177.10000610351562,181.3350067138672,146.70050048828125,15435350
2009-09-08,183.5,190.9949951171875,181.8000030517578,189.40499877929688,153.22914123535156,33064000
2009-09-09,189.0,190.77000427246094,187.10000610351562,189.47500610351562,153.28578186035156,15133650
2009-09-10,191.0050048828125,192.5,187.11000061035156,188.15499877929688,152.21791076660156,15544830
2009-09-11,189.94500732421875,194.77000427246094,187.63499450683594,192.0500030517578,155.3689727783203,15730190
2009-09-14,192.89999389648438,196.44500732421875,191.05999755859375,195.64500427246094,158.27734375,20335210
2009-09-15,198.97000122070312,201.99000549316406,196.0050048828125,200.80499267578125,162.45176696777344,21787620
2009-09-16,204.9949951171875,209.89999389648438,201.5,208.6699981689453,168.81459045410156,25738170
2009-09-17,211.0,214.27000427246094,208.34500122070312,210.17999267578125,170.0361785888672,31467900
2009-09-18,208.5,216.1999969482422,207.9499969482422,214.77999877929688,173.75758361816406,39998710
2009-09-22,214.0,218.5,213.0,217.0749969482422,175.61424255371094,18926230
2009-09-23,218.5,218.76499938964844,213.5,214.1649932861328,173.2600860595703,17880240
2009-09-24,212.10000610351562,217.7899932861328,211.4949951171875,216.72999572753906,175.33514404296875,26885360
2009-09-25,215.0,217.3000030517578,213.0,213.85000610351562,173.00523376464844,12405000
2009-09-29,214.125,216.6999969482422,208.5,209.1999969482422,169.2433319091797,20299040
2009-09-30,210.0,221.89999389648438,208.52000427246094,219.4949951171875,177.57200622558594,29648950
2009-10-01,219.15499877929688,223.5,217.02999877929688,221.0749969482422,178.8502655029297,29251450
2009-10-05,221.5,221.5,211.17999267578125,213.31500244140625,172.57240295410156,32553460
2009-10-06,215.94000244140625,216.7449951171875,209.93499755859375,215.86500549316406,174.63536071777344,30294870
2009-10-07,216.50999450683594,218.9499969482422,208.60000610351562,210.1699981689453,170.028076171875,26530130
2009-10-08,211.5,213.4600067138672,209.66000366210938,211.59500122070312,171.1809539794922,19955940
2009-10-09,212.13499450683594,212.9949951171875,204.6999969482422,206.7550048828125,167.26535034179688,35045440
2009-10-12,209.8699951171875,218.5,206.67999267578125,217.27000427246094,175.77203369140625,29287260
2009-10-13,217.27000427246094,217.27000427246094,217.27000427246094,217.27000427246094,175.77203369140625,0
2009-10-14,218.52999877929688,228.60000610351562,217.5,227.2449951171875,183.84181213378906,27478890
2009-10-15,229.88999938964844,233.99000549316406,227.5,232.8699951171875,188.39247131347656,31846380
2009-10-16,233.39999389648438,247.39999389648438,231.0,244.63499450683594,197.910400390625,51979710
2009-10-20,246.0,249.89999389648438,244.6649932861328,247.0850067138672,199.89242553710938,23720870
2009-10-21,247.0,247.0,238.0,238.61000061035156,193.0361328125,22230480
2009-10-22,237.27499389648438,238.47000122070312,231.50999450683594,232.47500610351562,188.07289123535156,19938160
2009-10-23,230.2550048828125,237.97000122070312,227.2550048828125,235.4550018310547,190.48373413085938,17689410
2009-10-26,236.5,237.38999938964844,229.5,230.5500030517578,186.51556396484375,16560360
2009-10-27,229.5,233.89999389648438,218.48500061035156,220.27499389648438,178.20306396484375,55845720
2009-10-28,221.8699951171875,223.25,211.6649932861328,221.2949981689453,179.0282440185547,53992560
2009-10-29,216.26499938964844,222.3350067138672,216.26499938964844,219.625,177.6772003173828,36680960
2009-10-30,221.5,229.89999389648438,218.0500030517578,219.10499572753906,177.2565460205078,39272250
2009-11-03,218.6999969482422,218.6999969482422,209.0,210.3000030517578,170.1332550048828,29840820
2009-11-04,213.0,218.5,205.74000549316406,217.1300048828125,175.6587371826172,36301530
2009-11-05,217.77000427246094,217.77000427246094,208.43499755859375,213.9250030517578,173.06590270996094,31956440
2009-11-06,216.0,222.59500122070312,215.5,220.5,178.3850860595703,35324450
2009-11-09,221.5,232.5,221.0,231.82000732421875,187.54299926757812,29647600
2009-11-10,233.8000030517578,238.19000244140625,232.5,236.88999938964844,191.64462280273438,41833010
2009-11-11,236.5,238.4499969482422,233.0,237.8249969482422,192.4010772705078,22420760
2009-11-12,237.0,237.8249969482422,227.60000610351562,229.36500549316406,185.55690002441406,22259290
2009-11-13,227.60000610351562,233.3000030517578,226.2550048828125,229.99000549316406,186.06253051757812,21043670
2009-11-16,227.2550048828125,237.25999450683594,227.2550048828125,234.5500030517578,189.7515869140625,18478550
2009-11-17,235.97999572753906,236.0,229.66000366210938,235.0749969482422,190.1763153076172,19729730
2009-11-18,234.75999450683594,235.89500427246094,231.5,232.77999877929688,188.3196563720703,14662960
2009-11-19,232.89999389648438,232.91000366210938,227.0050048828125,228.13499450683594,184.56182861328125,16901590
2009-11-20,228.10000610351562,234.60000610351562,224.10000610351562,233.4949951171875,188.89808654785156,26760130
2009-11-23,234.6999969482422,234.6999969482422,230.58999633789062,232.0,187.6886444091797,21826520
2009-11-24,232.0,235.0,229.8000030517578,230.55499267578125,186.51963806152344,23249160
2009-11-25,230.39999389648438,234.39999389648438,230.02999877929688,232.2100067138672,187.85850524902344,15058220
2009-11-26,232.94000244140625,232.94000244140625,224.5500030517578,225.46499633789062,182.4018096923828,19342730
2009-11-27,222.1649932861328,226.89999389648438,214.3000030517578,224.2899932861328,181.4512481689453,26620130
2009-11-30,228.0,229.22000122070312,221.85000610351562,223.9550018310547,181.18019104003906,27829100
2009-12-01,224.60000610351562,229.8000030517578,224.30999755859375,229.16000366210938,185.3910675048828,17561300
2009-12-02,230.97999572753906,235.1699981689453,230.16000366210938,230.89500427246094,186.79469299316406,17971870
2009-12-03,232.89999389648438,236.43499755859375,230.5,235.4550018310547,190.48373413085938,24354640
2009-12-04,233.0,237.5,232.1199951171875,232.80499267578125,188.33987426757812,21757810
2009-12-07,233.5,234.97500610351562,230.63499450683594,232.1750030517578,187.83018493652344,18355880
2009-12-08,231.4600067138672,232.96499633789062,227.88499450683594,230.72999572753906,186.6611785888672,24811510
2009-12-09,229.77000427246094,231.89999389648438,227.60000610351562,229.38999938964844,185.5771484375,18696060
2009-12-10,229.0,231.1999969482422,227.10000610351562,229.69500732421875,185.82386779785156,16619380
2009-12-11,231.0,232.5,226.0,226.64500427246094,183.35643005371094,20011940
2009-12-14,226.6999969482422,228.4949951171875,224.06500244140625,224.69000244140625,181.7748260498047,19594840
2009-12-15,226.0,226.0,217.5,218.0500030517578,176.4030303955078,28383370
2009-12-16,216.9499969482422,219.0,214.60000610351562,215.25999450683594,174.14590454101562,27712020
2009-12-17,215.1199951171875,217.85000610351562,212.52499389648438,216.6199951171875,175.24615478515625,28004020
2009-12-18,215.2100067138672,218.10000610351562,213.10000610351562,214.53500366210938,173.5594024658203,18490050
2009-12-21,214.89999389648438,216.69000244140625,213.50999450683594,214.5749969482422,173.59173583984375,12814370
2009-12-22,215.5,217.5500030517578,215.5,216.59500122070312,175.22593688964844,9524630
2009-12-23,217.09500122070312,221.5,217.09500122070312,221.0,178.78961181640625,14132130
2009-12-24,223.5,223.5,220.125,221.90499877929688,179.521728515625,11181160
2009-12-29,222.50999450683594,223.75,220.78500366210938,222.00999450683594,179.606689453125,8265300
2009-12-30,222.1999969482422,223.78500366210938,221.22500610351562,222.42999267578125,179.94647216796875,11239390
2009-12-31,223.5,228.3699951171875,222.89999389648438,226.89999389648438,183.5626983642578,24604130
2010-01-04,227.5,230.0,227.5,229.1199951171875,185.35870361328125,11031470
2010-01-05,230.8000030517578,231.0,228.00999450683594,229.2050018310547,185.42742919921875,11613740
2010-01-06,229.6999969482422,231.5,228.5,230.5800018310547,186.5398406982422,14527930
2010-01-07,230.60000610351562,231.0,228.11000061035156,229.2899932861328,185.49624633789062,8576510
2010-01-08,229.39999389648438,230.38999938964844,228.00999450683594,228.60499572753906,184.94207763671875,10453820
2010-01-11,229.6999969482422,231.27000427246094,226.3249969482422,226.72000122070312,183.41708374023438,14145340
2010-01-12,226.6999969482422,227.0,219.6199951171875,220.32000732421875,178.23947143554688,22917720
2010-01-13,219.5,219.5,215.80999755859375,217.58999633789062,176.0308837890625,21719690
2010-01-14,218.8000030517578,219.89999389648438,214.55499267578125,215.73500061035156,174.53021240234375,20723990
2010-01-15,216.8000030517578,217.83999633789062,213.67999267578125,214.3350067138672,173.39759826660156,20611920
2010-01-18,217.5,218.30499267578125,214.27999877929688,215.63999938964844,174.4533233642578,19222170
2010-01-19,216.97999572753906,218.6999969482422,215.6999969482422,217.30999755859375,175.80438232421875,12277070
2010-01-20,218.39999389648438,218.66000366210938,215.2550048828125,215.98500061035156,174.73240661621094,16830720
2010-01-21,215.89999389648438,216.1300048828125,211.22999572753906,212.41000366210938,171.8402557373047,19265470
2010-01-22,210.01499938964844,210.64999389648438,205.30499267578125,208.73500061035156,168.86715698242188,27193180
2010-01-25,205.55499267578125,213.6999969482422,205.55499267578125,209.16000366210938,169.2109832763672,15378040
2010-01-27,206.0,206.83999633789062,197.11000061035156,198.76499938964844,160.8014373779297,38068910
2010-01-28,210.0,210.0,199.10000610351562,200.3249969482422,162.06346130371094,27952460
2010-01-29,199.0,206.74000549316406,195.5050048828125,205.66000366210938,166.37950134277344,46487190
2010-02-01,214.8000030517578,214.8000030517578,201.5500030517578,202.125,163.5196990966797,22047160
2010-02-02,203.02000427246094,204.52000427246094,197.4149932861328,197.8350067138672,160.0490264892578,24086260
2010-02-03,198.6300048828125,201.58999633789062,198.35000610351562,199.8800048828125,161.70343017578125,30450710
2010-02-04,199.60000610351562,199.6699981689453,194.0,194.7899932861328,157.5856475830078,35357120
2010-02-05,193.0,193.0,186.30999755859375,189.77999877929688,154.32479858398438,26878830
2010-02-08,190.0,194.77999877929688,188.36500549316406,193.65499877929688,157.47586059570312,18885130
2010-02-09,193.10000610351562,195.8000030517578,192.5,195.02999877929688,158.59397888183594,13836980
2010-02-10,197.0,197.0,189.5,191.18499755859375,155.46730041503906,19731930
2010-02-11,192.38999938964844,194.0,191.10000610351562,191.76499938964844,155.93894958496094,12427940
2010-02-15,192.5,192.5,188.6300048828125,189.5,154.0971221923828,13325010
2010-02-16,191.39999389648438,192.5,189.5,192.05999755859375,156.17884826660156,8070150
2010-02-17,193.5,196.25,192.72500610351562,195.68499755859375,159.12657165527344,13468360
2010-02-18,195.7899932861328,196.0,192.72999572753906,194.24000549316406,157.9515838623047,13103230
2010-02-19,192.5,193.39999389648438,189.0050048828125,190.52999877929688,154.93466186523438,15863020
2010-02-22,192.0,193.5,191.01499938964844,191.63499450683594,155.833251953125,11528650
2010-02-23,191.49000549316406,193.4499969482422,190.66000366210938,191.19000244140625,155.47137451171875,10625770
2010-02-24,190.60000610351562,193.0,190.0,192.125,156.23170471191406,8173590
2010-02-25,192.5,193.0,190.33999633789062,191.36500549316406,155.61366271972656,21615960
2010-02-26,192.5,203.1999969482422,191.5,197.42999267578125,160.54559326171875,43215190
2010-03-02,199.05499267578125,201.10000610351562,197.4199981689453,198.6649932861328,161.54986572265625,19347350
2010-03-03,198.91000366210938,202.58999633789062,198.91000366210938,202.24000549316406,164.45701599121094,15843680
2010-03-04,202.3000030517578,204.47000122070312,201.1999969482422,203.27000427246094,165.29452514648438,14301070
2010-03-05,204.5,205.89999389648438,202.11000061035156,204.72000122070312,166.47369384765625,12685070
2010-03-08,206.0,211.25,203.30999755859375,206.59500122070312,167.9983673095703,38664790
2010-03-09,203.2550048828125,207.8000030517578,203.2550048828125,204.4600067138672,166.26223754882812,14305280
2010-03-10,205.02000427246094,205.02000427246094,202.63999938964844,203.72500610351562,165.66458129882812,12767630
2010-03-11,204.0,205.27999877929688,201.8300018310547,204.5749969482422,166.35572814941406,11979800
2010-03-12,204.1999969482422,206.26499938964844,203.86500549316406,204.7899932861328,166.53057861328125,12033430
2010-03-15,203.9499969482422,204.47500610351562,201.11000061035156,201.50999450683594,163.86337280273438,8997490
2010-03-16,201.7050018310547,202.5,199.75999450683594,201.5850067138672,163.92434692382812,12857170
2010-03-17,202.0050048828125,204.1999969482422,201.56500244140625,202.72999572753906,164.85543823242188,10777370
2010-03-18,203.0,205.0500030517578,201.0500030517578,202.96499633789062,165.04653930664062,14269070
2010-03-19,204.0,206.5850067138672,203.3300018310547,205.84500122070312,167.38844299316406,12889130
2010-03-22,202.51499938964844,205.3800048828125,201.0,204.09500122070312,165.96542358398438,11151560
2010-03-23,204.1999969482422,205.6649932861328,201.86000061035156,204.85499572753906,166.5834197998047,13650500
2010-03-25,204.46499633789062,206.16000366210938,202.52000427246094,204.9550018310547,166.66476440429688,13646480
2010-03-26,205.48500061035156,207.8000030517578,204.5050048828125,207.28500366210938,168.55946350097656,13422710
2010-03-29,207.5,210.5,207.3000030517578,209.5050048828125,170.36474609375,11231550
2010-03-30,209.5050048828125,212.19500732421875,207.5,208.2550048828125,169.3482208251953,11929880
2010-03-31,208.5,209.88999938964844,207.3350067138672,207.82000732421875,168.99452209472656,9997220
2010-04-01,208.0,210.8000030517578,207.52999877929688,210.25999450683594,170.9786834716797,7681450
2010-04-05,211.5,214.22000122070312,210.5,213.8249969482422,173.87765502929688,11075350
2010-04-06,214.38999938964844,214.77499389648438,211.2100067138672,212.35499572753906,172.68226623535156,12359300
2010-04-07,213.02999877929688,213.5,209.60000610351562,211.08999633789062,171.65359497070312,13004150
2010-04-08,210.5,210.97999572753906,208.7550048828125,209.58999633789062,170.433837890625,11497010
2010-04-09,210.0,212.5,209.35499572753906,210.61000061035156,171.2633056640625,12367190
2010-04-12,211.5,211.5,208.0,209.1999969482422,170.11666870117188,8614120
2010-04-13,209.6999969482422,211.1999969482422,206.3000030517578,209.39500427246094,170.27529907226562,17619090
2010-04-15,209.6649932861328,210.90499877929688,204.8000030517578,205.40499877929688,167.0306854248047,13016220
2010-04-16,205.0,205.48500061035156,202.52499389648438,204.77000427246094,166.51429748535156,9466180
2010-04-19,203.9949951171875,204.49000549316406,201.1999969482422,203.2449951171875,165.27420043945312,9250600
2010-04-20,204.24000549316406,210.66000366210938,202.10000610351562,209.8350067138672,170.633056640625,24993280
2010-04-21,211.0,211.89999389648438,208.66000366210938,210.5800018310547,171.23890686035156,15633000
2010-04-22,208.2100067138672,224.88999938964844,208.2100067138672,222.30999755859375,180.77748107910156,65306760
2010-04-23,223.0,229.39999389648438,221.10000610351562,226.05999755859375,183.8268585205078,31784560
2010-04-26,226.39999389648438,227.89999389648438,224.11000061035156,225.15499877929688,183.0909423828125,12145600
2010-04-27,225.1999969482422,225.5,220.91000366210938,221.77999877929688,180.34646606445312,11094760
2010-04-28,220.39999389648438,225.18499755859375,218.25,223.22000122070312,181.51744079589844,18684250
2010-04-29,224.0,228.5,223.5,227.39999389648438,184.91650390625,21393940
2010-04-30,228.0,231.88999938964844,228.0,230.07000732421875,187.0877227783203,19146310
2010-05-03,229.0,230.5,227.7050018310547,229.71499633789062,186.79904174804688,13160890
2010-05-04,230.5,231.58999633789062,227.30999755859375,228.00999450683594,185.41253662109375,13397620
2010-05-05,226.0,228.5,224.0500030517578,227.6199951171875,185.09542846679688,16717010
2010-05-06,228.0,232.0,226.22999572753906,231.16000366210938,187.9740753173828,17751300
2010-05-07,227.52000427246094,229.17999267578125,221.8350067138672,222.61500549316406,181.02548217773438,16085350
2010-05-10,225.0,232.50999450683594,224.21499633789062,230.78500366210938,187.6691131591797,14791690
2010-05-11,231.39999389648438,233.89500427246094,228.11500549316406,228.78500366210938,186.04278564453125,18377970
2010-05-12,229.0,233.89999389648438,228.1999969482422,232.4199981689453,188.99867248535156,20204040
2010-05-13,233.1999969482422,234.89999389648438,230.6199951171875,231.77499389648438,188.47415161132812,17762910
2010-05-14,231.5,233.38999938964844,221.16000366210938,222.4250030517578,180.8709716796875,33008880
2010-05-17,221.0,227.1999969482422,214.13499450683594,225.0749969482422,183.02587890625,25703050
2010-05-18,224.7899932861328,229.8000030517578,223.13499450683594,228.0,185.40443420410156,18901340
2010-05-19,226.0,227.3000030517578,219.0,221.4149932861328,180.04965209960938,20415020
2010-05-20,222.1999969482422,228.1999969482422,222.11000061035156,226.75,184.3879852294922,17039960
2010-05-21,222.1999969482422,228.0,221.03500366210938,227.1199951171875,184.68885803222656,15706440
2010-05-24,228.1999969482422,231.10000610351562,222.2949981689453,223.1199951171875,181.43614196777344,15195470
2010-05-25,222.0,222.0,213.8000030517578,215.50999450683594,175.2478485107422,17355820
2010-05-26,217.17999267578125,218.60000610351562,215.16000366210938,217.36000061035156,176.7522430419922,16500270
2010-05-27,217.0,224.8000030517578,215.72999572753906,221.94000244140625,180.4765625,21781920
2010-05-28,224.39999389648438,225.8800048828125,220.31500244140625,223.94000244140625,182.10293579101562,13567960
2010-05-31,223.0,227.4499969482422,223.0,226.8800048828125,184.4936981201172,11989040
2010-06-01,225.11000061035156,227.60000610351562,220.2100067138672,220.96499633789062,179.68373107910156,14423360
2010-06-02,221.22000122070312,226.6999969482422,221.0,225.8249969482422,183.63575744628906,12342500
2010-06-03,226.5050048828125,230.59500122070312,226.5050048828125,228.72999572753906,185.99807739257812,12587190
2010-06-04,229.0,234.8000030517578,227.89999389648438,234.0749969482422,190.34449768066406,19478740
2010-06-07,225.1199951171875,232.0,223.28500366210938,228.6750030517578,185.95333862304688,14925200
2010-06-08,228.8000030517578,233.14500427246094,226.86000061035156,228.3800048828125,185.7134552001953,14018340
2010-06-09,228.5,230.89999389648438,225.8000030517578,227.25,186.42713928222656,18141760
2010-06-10,226.60000610351562,233.8000030517578,226.60000610351562,232.68499755859375,190.88583374023438,24496840
2010-06-11,263.010009765625,263.010009765625,232.61000061035156,233.99000549316406,191.95640563964844,15063270
2010-06-14,234.5,235.9949951171875,232.60000610351562,234.5,192.37477111816406,10187660
2010-06-15,234.99000549316406,237.43499755859375,232.0,236.4199981689453,193.94985961914062,15305340
2010-06-16,241.6999969482422,241.6999969482422,234.5399932861328,236.1699981689453,193.74478149414062,14141550
2010-06-17,235.89999389648438,236.1999969482422,232.35499572753906,235.0850067138672,192.85467529296875,10331080
2010-06-18,234.98500061035156,237.9949951171875,234.0,237.25999450683594,194.63897705078125,15597620
2010-06-21,237.5,240.27499389648438,237.5,238.77999877929688,195.88592529296875,8879250
2010-06-22,237.5,239.39999389648438,235.00999450683594,235.4550018310547,193.15821838378906,8514510
2010-06-23,235.0,235.8000030517578,232.85000610351562,234.9550018310547,192.74803161621094,10849420
2010-06-24,235.0,236.60000610351562,233.8000030517578,235.7550048828125,193.40432739257812,12123400
2010-06-25,235.01499938964844,235.5,228.5,230.0800018310547,188.74879455566406,13022720
2010-06-28,228.8000030517578,231.4499969482422,227.5,230.36500549316406,188.98255920410156,10718170
2010-06-29,230.5,232.88999938964844,228.11500549316406,229.11500549316406,187.95712280273438,14208420
2010-06-30,227.97999572753906,231.1999969482422,227.5,230.1999969482422,188.84722900390625,10610400
2010-07-01,229.11000061035156,229.89999389648438,225.39999389648438,226.22500610351562,185.5863037109375,14219900
2010-07-02,226.5,227.99000549316406,225.73500061035156,226.5050048828125,185.8159942626953,8907340
2010-07-05,226.50999450683594,229.39999389648438,225.35499572753906,227.25,186.42713928222656,6192550
2010-07-06,227.3000030517578,231.89999389648438,226.8350067138672,231.27999877929688,189.7332000732422,10143910
2010-07-07,230.89999389648438,231.89999389648438,229.10000610351562,230.41000366210938,189.0194854736328,8912210
2010-07-08,231.5,236.68499755859375,231.5,235.67999267578125,193.3428192138672,17562290
2010-07-09,236.5,237.85499572753906,236.00999450683594,236.88999938964844,194.33546447753906,9803290
2010-07-12,237.5050048828125,241.1999969482422,237.0050048828125,240.07000732421875,196.9442138671875,14948170
2010-07-13,240.10000610351562,243.7100067138672,239.00999450683594,242.91000366210938,199.27401733398438,17615470
2010-07-14,243.6999969482422,247.89999389648438,243.6999969482422,246.4499969482422,202.17811584472656,18159640
2010-07-15,247.0500030517578,247.3000030517578,243.39999389648438,243.98500061035156,200.15589904785156,8162390
2010-07-16,244.5,246.47500610351562,242.80999755859375,244.89999389648438,200.9065399169922,9528070
2010-07-19,243.89500427246094,246.3000030517578,242.60000610351562,245.52499389648438,201.41925048828125,7630370
2010-07-20,245.52499389648438,246.49000549316406,244.02499389648438,244.89999389648438,200.9065399169922,5076900
2010-07-21,245.55499267578125,246.30999755859375,243.39999389648438,243.6750030517578,199.90159606933594,5055340
2010-07-22,242.71499633789062,248.74000549316406,241.77499389648438,247.625,203.14198303222656,11585880
2010-07-23,248.10000610351562,250.375,247.60000610351562,249.67999267578125,204.827880859375,14843460
2010-07-26,249.8000030517578,250.23500061035156,240.2100067138672,241.01499938964844,197.71942138671875,15780730
2010-07-27,241.9949951171875,244.69000244140625,240.05999755859375,243.51499938964844,199.77035522460938,23112370
2010-07-28,243.46499633789062,247.8000030517578,242.31500244140625,247.1300048828125,202.7359619140625,16576370
2010-07-29,246.1999969482422,248.27999877929688,243.61000061035156,247.30499267578125,202.87948608398438,15800230
2010-07-30,246.0,252.1999969482422,245.0449981689453,250.2899932861328,205.32827758789062,26944870
2010-08-02,251.9949951171875,260.0,251.1999969482422,258.635009765625,212.17420959472656,20585770
2010-08-03,259.8949890136719,261.67498779296875,257.8999938964844,260.05499267578125,213.339111328125,16001370
2010-08-04,260.9949951171875,261.0,257.29998779296875,259.5150146484375,212.89613342285156,9779810
2010-08-05,260.0,266.2699890136719,259.0,264.57000732421875,217.04307556152344,22437960
2010-08-06,263.5,265.489990234375,260.79998779296875,261.93499755859375,214.88140869140625,12794400
2010-08-09,262.5,265.5150146484375,261.6000061035156,265.0849914550781,217.46556091308594,8402850
2010-08-10,265.010009765625,267.5,262.4049987792969,262.9649963378906,215.72633361816406,13309390
2010-08-11,262.5,264.70001220703125,259.05999755859375,259.9599914550781,213.26116943359375,9961780
2010-08-12,258.989990234375,279.5,257.6300048828125,278.44000244140625,228.42147827148438,64002190
2010-08-13,278.3999938964844,287.9700012207031,278.3999938964844,285.0249938964844,233.8235626220703,40721170
2010-08-16,284.70001220703125,285.4599914550781,280.9549865722656,282.1400146484375,231.45681762695312,15501900
2010-08-17,282.5,285.6050109863281,281.1549987792969,281.8450012207031,231.2147674560547,12544710
2010-08-18,282.7449951171875,283.4700012207031,276.6099853515625,281.4700012207031,230.9071807861328,15230490
2010-08-19,281.5050048828125,282.4800109863281,278.2650146484375,280.57000732421875,230.16885375976562,10875610
2010-08-20,280.0,283.3699951171875,278.010009765625,278.69000244140625,228.6265869140625,9755310
2010-08-23,279.0,284.25,277.04998779296875,282.32501220703125,231.60858154296875,13250210
2010-08-24,279.6499938964844,285.489990234375,279.6499938964844,284.5799865722656,233.4584503173828,19905960
2010-08-25,283.6000061035156,285.45001220703125,281.5,282.3550109863281,231.6331787109375,9216230
2010-08-26,283.0,288.4800109863281,282.5,286.614990234375,235.1279296875,22642910
2010-08-27,286.1600036621094,286.54998779296875,278.5,279.44000244140625,229.2418212890625,12367930
2010-08-30,280.6650085449219,283.04998779296875,278.6400146484375,280.0,229.70126342773438,9183040
2010-08-31,279.0,279.0,274.1600036621094,276.6400146484375,226.94482421875,13063890
2010-09-01,277.5,278.6300048828125,273.7250061035156,277.6499938964844,227.7733612060547,11380730
2010-09-02,278.9949951171875,280.4800109863281,275.1000061035156,275.9100036621094,226.34597778320312,10757500
2010-09-03,276.1650085449219,278.8999938964844,275.135009765625,277.3399963378906,227.51904296875,6371210
2010-09-06,277.5,287.20001220703125,277.5,285.9100036621094,234.54959106445312,15331120
2010-09-07,286.1050109863281,286.2449951171875,282.82000732421875,283.7049865722656,232.74066162109375,8915520
2010-09-08,282.5050048828125,290.6000061035156,280.9200134277344,289.5899963378906,237.5685272216797,24261960
2010-09-09,290.0,299.4700012207031,289.7049865722656,298.4049987792969,244.79995727539062,32230550
2010-09-13,299.1050109863281,316.6000061035156,299.1050109863281,314.8550109863281,258.294921875,49114260
2010-09-14,315.4049987792969,316.6000061035156,308.25,310.9549865722656,255.095458984375,24448530
2010-09-15,310.6000061035156,312.4700012207031,304.3349914550781,306.0299987792969,251.0552215576172,18165620
2010-09-16,306.29998779296875,314.20001220703125,306.0,309.4800109863281,253.885498046875,32196770
2010-09-17,314.0,314.0,308.0,309.2749938964844,253.71728515625,13313900
2010-09-20,310.0,312.3699951171875,307.5,310.8900146484375,255.04220581054688,13964290
2010-09-21,311.5,312.8999938964844,308.57000732421875,309.875,254.2095184326172,9449940
2010-09-22,311.5799865722656,315.8900146484375,309.82000732421875,314.8699951171875,258.3072204589844,19799750
2010-09-23,315.79998779296875,316.5,312.625,313.94500732421875,257.54840087890625,13751230
2010-09-24,313.510009765625,316.0,312.3349914550781,314.1400146484375,257.70843505859375,10802760
2010-09-27,314.5,319.9849853515625,314.5,318.06500244140625,260.9283142089844,12317840
2010-09-28,317.8999938964844,320.9949951171875,316.3349914550781,319.07000732421875,261.7528076171875,14599770
2010-09-29,319.0,322.5,318.6199951171875,319.57000732421875,262.1628723144531,14836720
2010-09-30,319.8999938964844,327.4700012207031,317.5,324.0450134277344,265.83404541015625,30806190
2010-10-01,323.94000244140625,328.79998779296875,322.1000061035156,327.2149963378906,268.4346008300781,16451380
2010-10-04,327.5,329.9949951171875,324.5199890136719,325.9649963378906,267.4091491699219,12102230
2010-10-05,325.5,327.510009765625,323.7200012207031,324.79998779296875,266.4533996582031,9620340
2010-10-06,325.5,327.7900085449219,322.4549865722656,323.3299865722656,265.2474365234375,7865720
2010-10-07,323.6000061035156,324.69000244140625,320.79998779296875,321.989990234375,264.1481628417969,8527160
2010-10-08,321.79998779296875,326.7900085449219,321.5,324.739990234375,266.40423583984375,9432630
2010-10-11,325.79998779296875,327.3500061035156,324.5150146484375,326.5,267.8480224609375,6559420
2010-10-12,325.5,326.5799865722656,320.1600036621094,323.364990234375,265.2762145996094,7547160
2010-10-13,323.9949951171875,331.5,322.29998779296875,330.55999755859375,271.1786804199219,15432970
2010-10-14,331.5,332.4849853515625,324.82000732421875,326.1449890136719,267.5567932128906,6700620
2010-10-15,328.1000061035156,328.1000061035156,315.0249938964844,316.56500244140625,259.6977233886719,14198900
2010-10-18,318.5,320.94000244140625,313.2850036621094,316.7749938964844,259.8700256347656,17299680
2010-10-19,318.4800109863281,320.3999938964844,310.57000732421875,311.6600036621094,255.67385864257812,11811670
2010-10-20,310.5,313.3900146484375,307.6000061035156,309.43499755859375,253.84854125976562,12889050
2010-10-21,310.79998779296875,320.94500732421875,310.6050109863281,319.510009765625,262.11370849609375,12952060
2010-10-22,320.0,322.20001220703125,317.1000061035156,320.6199951171875,263.0243225097656,12025260
2010-10-25,320.8999938964844,325.239990234375,320.79998779296875,323.9200134277344,265.73150634765625,9432490
2010-10-26,323.3999938964844,323.3999938964844,317.3999938964844,318.0799865722656,260.94061279296875,14037350
2010-10-27,317.94000244140625,321.3800048828125,315.6650085449219,318.7900085449219,261.5230407714844,8411000
2010-10-28,319.79998779296875,323.6000061035156,316.510009765625,318.8349914550781,261.55999755859375,19709480
2010-10-29,318.0199890136719,318.8349914550781,311.80499267578125,315.05999755859375,258.4630126953125,9741720
2010-11-01,319.5,321.79998779296875,316.82000732421875,319.8450012207031,262.3885192871094,8783170
2010-11-02,319.8999938964844,324.0,317.6700134277344,320.18499755859375,262.66741943359375,12948750
2010-11-03,321.5,328.6000061035156,321.1099853515625,327.260009765625,268.4715576171875,13392290
2010-11-04,329.79998779296875,344.8999938964844,328.614990234375,343.3450012207031,281.66705322265625,19974730
2010-11-08,350.5,351.5,341.32501220703125,342.5150146484375,280.9861145019531,17527910
2010-11-09,333.0,334.79998779296875,326.1099853515625,327.2550048828125,268.4674072265625,39874860
2010-11-10,327.1000061035156,329.19000244140625,320.8999938964844,321.4599914550781,263.7134094238281,23510530
2010-11-11,322.20001220703125,325.3999938964844,316.6099853515625,317.5950012207031,260.5427551269531,23159970
2010-11-12,317.0249938964844,317.5,300.2049865722656,302.67999267578125,248.30706787109375,27246230
2010-11-15,303.20001220703125,317.4700012207031,301.0,316.3500061035156,259.5213623046875,38057580
2010-11-16,317.19000244140625,318.79998779296875,306.1400146484375,308.05999755859375,252.7205810546875,31881610
2010-11-18,310.79998779296875,311.1000061035156,296.5,306.5050048828125,251.4449462890625,43440440
2010-11-19,306.79998779296875,306.79998779296875,297.5050048828125,299.0950012207031,245.36605834960938,22096350
2010-11-22,300.125,305.0,298.05499267578125,303.9849853515625,249.37762451171875,22722140
2010-11-23,301.3999938964844,301.3999938964844,287.0350036621094,295.3399963378906,242.28555297851562,44970820
2010-11-24,295.55499267578125,297.6099853515625,281.42999267578125,285.1000061035156,233.88511657714844,34672020
2010-11-25,287.1000061035156,288.3999938964844,277.5,282.19000244140625,231.49786376953125,46879080
2010-11-26,283.1099853515625,290.9700012207031,279.17498779296875,286.2749938964844,234.84896850585938,40665000
2010-11-29,287.2099914550781,290.1050109863281,284.1000061035156,287.9750061035156,236.24359130859375,18550930
2010-11-30,287.239990234375,299.989990234375,285.5249938964844,299.2200012207031,245.4685821533203,31774970
2010-12-01,299.8999938964844,312.3500061035156,297.5050048828125,310.0150146484375,254.3243865966797,28775250
2010-12-02,312.3550109863281,317.3599853515625,308.7049865722656,309.9200134277344,254.2464141845703,20127970
2010-12-03,309.29998779296875,310.5,304.79998779296875,307.07501220703125,251.91250610351562,16717370
2010-12-06,307.9700012207031,309.0,293.5,295.2349853515625,242.1993865966797,31659450
2010-12-07,295.29998779296875,295.5,285.0,286.45001220703125,234.99256896972656,38866190
2010-12-08,285.0,286.0,279.20001220703125,280.5,230.1113739013672,34752920
2010-12-09,281.5,281.70001220703125,266.6499938964844,268.69000244140625,220.4229278564453,43130530
2010-12-10,268.3999938964844,274.4549865722656,265.54998779296875,273.2449951171875,224.15969848632812,52261980
2010-12-13,274.54998779296875,278.0,269.5,274.4849853515625,225.1769256591797,42073330
2010-12-14,274.9200134277344,280.5,274.05499267578125,279.2699890136719,229.10240173339844,24181790
2010-12-15,278.29998779296875,278.29998779296875,267.0,269.80499267578125,221.33766174316406,30594750
2010-12-16,270.8999938964844,277.8999938964844,267.739990234375,276.2950134277344,226.66175842285156,45922940
2010-12-20,275.0,275.0,269.0,270.0450134277344,221.53453063964844,24810450
2010-12-21,270.92498779296875,276.5,270.92498779296875,274.375,225.0867156982422,19613340
2010-12-22,274.79998779296875,278.79998779296875,273.0,274.4949951171875,225.18511962890625,18938400
2010-12-23,275.5,276.7900085449219,273.510009765625,274.625,225.2917938232422,11988360
2010-12-24,274.6000061035156,276.8999938964844,273.0,275.5350036621094,226.03831481933594,11545630
2010-12-27,276.45001220703125,277.135009765625,274.55999755859375,275.1199951171875,225.69786071777344,10204450
2010-12-28,276.5,276.5,272.5,272.8500061035156,223.83566284179688,9764330
2010-12-29,273.5,276.32000732421875,273.125,275.5199890136719,226.02601623535156,9241550
2010-12-30,275.1000061035156,278.0450134277344,274.17999267578125,274.9649963378906,225.57073974609375,21062540
2010-12-31,275.3999938964844,282.7449951171875,275.30499267578125,281.19000244140625,230.677490234375,19624140
2011-01-03,283.2699890136719,285.20001220703125,281.5150146484375,282.2099914550781,231.51419067382812,11060070
2011-01-04,283.44000244140625,283.44000244140625,272.7149963378906,273.55999755859375,224.41810607910156,31035310
2011-01-05,273.5,273.6400146484375,268.20001220703125,269.32000732421875,220.93978881835938,25213120
2011-01-06,271.3999938964844,271.3999938964844,261.30999755859375,262.239990234375,215.13160705566406,37167080
2011-01-07,261.7900085449219,264.20001220703125,256.7149963378906,260.0950012207031,213.37193298339844,44430600
2011-01-10,259.9849853515625,263.3999938964844,253.60000610351562,254.7100067138672,208.9542694091797,29547190
2011-01-11,254.625,262.8599853515625,253.5,261.2850036621094,214.3481903076172,34477870
2011-01-12,262.79998779296875,268.8999938964844,256.9700012207031,266.9700012207031,219.01187133789062,41769810
2011-01-13,267.3999938964844,267.3999938964844,255.4949951171875,256.07000732421875,210.06997680664062,28050330
2011-01-14,256.6700134277344,258.79998779296875,249.13999938964844,250.0800018310547,205.15599060058594,26839080
2011-01-17,250.39999389648438,253.5,249.0,251.6199951171875,206.41937255859375,16030680
2011-01-18,252.0,256.20001220703125,252.0,255.4550018310547,209.56546020507812,11847170
2011-01-19,256.19000244140625,256.5849914550781,248.72500610351562,250.1750030517578,205.2339324951172,22819750
2011-01-20,249.10000610351562,254.5,246.30999755859375,253.5050048828125,207.9657745361328,28013320
2011-01-21,252.88999938964844,260.70001220703125,252.1999969482422,259.69000244140625,213.0396728515625,29086400
2011-01-24,264.0,270.739990234375,263.6000061035156,269.5050048828125,221.091552734375,36693320
2011-01-25,270.8999938964844,273.739990234375,266.79998779296875,267.7950134277344,219.688720703125,41470240
2011-01-27,268.9049987792969,271.19500732421875,264.25,265.3500061035156,217.6829376220703,29786890
2011-01-28,264.9700012207031,267.4649963378906,259.0450134277344,262.0150146484375,214.94703674316406,28302770
2011-01-31,258.0,266.5,257.1000061035156,264.239990234375,216.7723388671875,26079810
2011-02-01,265.260009765625,266.0,258.5199890136719,259.4049987792969,212.80589294433594,26786520
2011-02-02,262.4700012207031,263.3599853515625,256.0,257.375,211.14053344726562,21956200
2011-02-03,257.5,265.8999938964844,256.1199951171875,265.17498779296875,217.53936767578125,21769030
2011-02-04,264.79998779296875,269.5,263.0,264.5799865722656,217.05123901367188,29249880
2011-02-07,265.9700012207031,268.7799987792969,263.4549865722656,266.3450012207031,218.49917602539062,17458040
2011-02-08,266.3999938964844,268.5,262.3999938964844,263.82000732421875,216.4277801513672,25097770
2011-02-09,263.5,263.5,256.5,258.1000061035156,211.73529052734375,19473280
2011-02-10,257.80999755859375,258.5,247.6300048828125,249.41000366210938,204.60638427734375,28514130
2011-02-11,249.8000030517578,260.20001220703125,248.5050048828125,259.260009765625,212.68692016601562,26488500
2011-02-14,261.0,270.69000244140625,261.0,269.82000732421875,221.34999084472656,26170250
2011-02-15,271.0,276.1000061035156,267.010009765625,273.67999267578125,224.51657104492188,28975160
2011-02-16,273.2349853515625,277.29998779296875,272.3699951171875,275.1050109863281,225.68557739257812,17009500
2011-02-17,275.20001220703125,278.79998779296875,274.0,278.05499267578125,228.10560607910156,16081310
2011-02-18,278.2550048828125,281.4750061035156,273.9599914550781,276.1050109863281,226.505859375,26082690
2011-02-21,276.1400146484375,279.8999938964844,274.44500732421875,279.18499755859375,229.03265380859375,18315610
2011-02-22,277.3999938964844,277.70001220703125,271.3999938964844,272.7300109863281,223.73719787597656,19700870
2011-02-23,271.0,272.0899963378906,260.94000244140625,261.7650146484375,214.74192810058594,31528330
2011-02-24,262.44000244140625,264.0,251.22500610351562,252.86500549316406,207.4407196044922,37517520
2011-02-25,255.0,261.9800109863281,253.3800048828125,258.2650146484375,211.87071228027344,31609310
2011-02-28,259.0,266.2149963378906,258.364990234375,263.0450134277344,215.7920379638672,26445970
2011-03-01,265.70001220703125,271.79998779296875,264.7449951171875,270.5350036621094,221.93650817871094,18161160
2011-03-03,269.0,271.9150085449219,265.55999755859375,268.25,220.06198120117188,28700950
2011-03-04,270.79998779296875,272.79998779296875,269.30499267578125,270.4649963378906,221.8790740966797,17552410
2011-03-07,268.44000244140625,268.44000244140625,261.1000061035156,262.4150085449219,215.27516174316406,15342560
2011-03-08,262.79998779296875,265.489990234375,262.0199890136719,264.2250061035156,216.76002502441406,13918430
2011-03-09,265.9700012207031,266.5,261.7200012207031,262.7349853515625,215.53765869140625,15533520
2011-03-10,261.5249938964844,261.5249938964844,257.5,258.9750061035156,212.453125,14394580
2011-03-11,257.7900085449219,259.5,255.39999389648438,256.5150146484375,210.43504333496094,13732700
2011-03-14,257.25,260.8999938964844,256.5799865722656,260.2049865722656,213.462158203125,12226670
2011-03-15,256.0,258.45001220703125,252.0449981689453,256.25,210.21762084960938,14295940
2011-03-16,257.625,265.8599853515625,257.625,264.3949890136719,216.8994598388672,18196070
2011-03-17,262.5,267.0,260.8699951171875,261.75,214.72962951660156,20404270
2011-03-18,263.6000061035156,264.20001220703125,258.0,259.0249938964844,212.49412536621094,11578130
2011-03-21,260.8399963378906,261.45001220703125,256.8599853515625,258.260009765625,211.8665771484375,10688970
2011-03-22,259.5400085449219,263.2099914550781,259.5,262.05499267578125,214.9798583984375,11912100
2011-03-23,261.7900085449219,264.79998779296875,259.5,264.2650146484375,216.79286193847656,12688430
2011-03-24,264.79998779296875,266.57000732421875,263.2099914550781,265.07501220703125,217.45736694335938,8893740
2011-03-25,266.79998779296875,271.8999938964844,264.79998779296875,271.0849914550781,222.3876953125,15233710
2011-03-28,270.5,276.0150146484375,270.125,274.92498779296875,225.53790283203125,15428240
2011-03-29,274.17999267578125,279.2950134277344,274.1099853515625,276.7900085449219,227.06788635253906,15582890
2011-03-30,277.989990234375,287.07000732421875,277.5299987792969,285.6099853515625,234.3034210205078,22426060
2011-03-31,287.9700012207031,288.8500061035156,275.79998779296875,276.5299987792969,226.8545684814453,48157790
2011-04-01,276.5299987792969,277.3999938964844,270.510009765625,271.9549865722656,223.10142517089844,31112850
2011-04-04,272.70001220703125,277.3999938964844,272.6300048828125,276.3299865722656,226.6904754638672,15845550
2011-04-05,278.45001220703125,280.3699951171875,274.20001220703125,279.625,229.3936004638672,17637000
2011-04-06,279.8800048828125,282.3999938964844,277.5150146484375,279.7349853515625,229.4838104248047,21141460
2011-04-07,279.3999938964844,283.5,277.5,281.2900085449219,230.75949096679688,15238690
2011-04-08,280.5,282.489990234375,276.1700134277344,277.82501220703125,227.9169921875,12049980
2011-04-11,277.9700012207031,279.79998779296875,276.25,278.4200134277344,228.405029296875,11324650
2011-04-13,276.7900085449219,282.989990234375,275.8999938964844,281.8999938964844,231.25991821289062,15569850
2011-04-15,281.79998779296875,284.8999938964844,279.5,280.81500244140625,230.36984252929688,13672440
2011-04-18,281.20001220703125,284.3999938964844,274.68499755859375,275.1549987792969,225.72659301757812,10581700
2011-04-19,275.5,276.864990234375,271.510009765625,273.3349914550781,224.23348999023438,11032690
2011-04-20,275.2049865722656,280.20001220703125,272.3550109863281,279.5150146484375,229.30337524414062,19305390
2011-04-21,282.0,287.5,280.92498779296875,286.114990234375,234.71771240234375,17996100
2011-04-25,287.20001220703125,296.0050048828125,287.20001220703125,291.8800048828125,239.44717407226562,12606890
2011-04-26,292.45001220703125,294.9599914550781,288.5400085449219,293.375,240.67347717285156,14745840
2011-04-27,294.0,295.4800109863281,290.1199951171875,291.0450134277344,238.76214599609375,15225750
2011-04-28,292.8999938964844,293.2099914550781,284.510009765625,285.57501220703125,234.27476501464844,18966690
2011-04-29,285.5950012207031,286.8949890136719,278.5,280.4599914550781,230.07855224609375,11658890
2011-05-02,281.0,281.8999938964844,268.20001220703125,269.2699890136719,220.8987274169922,20646010
2011-05-03,268.010009765625,272.7699890136719,257.5,258.3699951171875,211.9568328857422,51171950
2011-05-04,259.19000244140625,264.3900146484375,256.25,261.5799865722656,214.5901641845703,22676620
2011-05-05,261.5,264.2900085449219,258.70001220703125,260.239990234375,213.49085998535156,17188540
2011-05-06,260.29998779296875,266.3500061035156,260.29998779296875,264.989990234375,217.38758850097656,14598950
2011-05-09,265.70001220703125,266.489990234375,260.20001220703125,262.32501220703125,215.20135498046875,10878290
2011-05-10,262.05999755859375,263.8999938964844,260.9049987792969,262.70001220703125,215.50897216796875,9979430
2011-05-11,263.739990234375,268.8699951171875,261.20001220703125,267.5,219.44668579101562,22769520
2011-05-12,265.8999938964844,267.9800109863281,263.0950012207031,264.1449890136719,216.69436645507812,14504050
2011-05-13,264.44000244140625,268.0,261.510009765625,264.9649963378906,217.3671112060547,18406430
2011-05-16,264.0,265.7200012207031,261.010009765625,261.6300048828125,214.63121032714844,13822430
2011-05-17,262.30999755859375,262.68499755859375,240.10000610351562,241.47000122070312,198.0926971435547,80113800
2011-05-18,238.0,239.7949981689453,232.84500122070312,235.5749969482422,193.25669860839844,58824570
2011-05-19,236.44000244140625,237.8699951171875,231.26499938964844,232.22999572753906,190.51255798339844,34026530
2011-05-20,231.1999969482422,235.91000366210938,231.0399932861328,232.0449981689453,192.85211181640625,26997180
2011-05-23,231.39999389648438,231.39999389648438,223.8249969482422,224.97500610351562,186.9762420654297,24033650
2011-05-24,225.0,226.7899932861328,221.60000610351562,222.2100067138672,184.67825317382812,24855500
2011-05-25,221.8000030517578,222.97999572753906,216.5,217.7949981689453,181.00894165039062,34547150
2011-05-26,218.47000122070312,221.27000427246094,216.73500061035156,218.8300018310547,181.869140625,40873720
2011-05-27,220.3699951171875,224.22500610351562,220.10000610351562,223.46499633789062,185.72128295898438,26039190
2011-05-30,224.19000244140625,225.39999389648438,221.5,223.72999572753906,185.94149780273438,13539840
2011-05-31,225.1999969482422,230.4199981689453,224.80999755859375,229.7949981689453,190.98211669921875,20564070
2011-06-01,230.8800048828125,233.6999969482422,230.10000610351562,232.9199981689453,193.5792999267578,25424640
2011-06-02,230.8000030517578,234.97999572753906,229.39999389648438,233.4199981689453,193.99485778808594,19906680
2011-06-03,233.47000122070312,235.60000610351562,230.10000610351562,231.25,192.19137573242188,15729010
2011-06-06,230.3000030517578,232.19000244140625,227.24000549316406,231.71499633789062,192.57785034179688,13405530
2011-06-07,231.33999633789062,233.6699981689453,230.50999450683594,232.00999450683594,192.82301330566406,12526900
2011-06-08,231.39999389648438,232.3000030517578,228.61000061035156,229.49000549316406,190.72865295410156,14453350
2011-06-09,229.49000549316406,230.93499755859375,225.56500244140625,226.35499572753906,188.12313842773438,19949120
2011-06-10,226.97999572753906,227.4949951171875,222.52999877929688,224.2899932861328,186.40696716308594,14751640
2011-06-13,223.89500427246094,224.1999969482422,221.0,221.9949951171875,184.4995574951172,17059570
2011-06-14,223.10000610351562,224.64999389648438,222.0749969482422,223.02499389648438,185.35557556152344,15920730
2011-06-15,223.35000610351562,223.5749969482422,217.5749969482422,218.25,181.38711547851562,20552870
2011-06-16,217.16000366210938,222.51499938964844,216.13499450683594,220.5449981689453,183.29444885253906,23779200
2011-06-17,222.0,222.1300048828125,218.8800048828125,221.30999755859375,183.93028259277344,12198680
2011-06-20,222.0,222.17999267578125,212.0050048828125,218.02000427246094,181.19595336914062,15482450
2011-06-21,218.8000030517578,220.99000549316406,214.1199951171875,214.85000610351562,178.5613555908203,16470300
2011-06-22,216.17999267578125,216.4600067138672,212.3249969482422,214.0500030517578,177.896484375,14625190
2011-06-23,213.64999389648438,216.99000549316406,213.60000610351562,216.13499450683594,179.6293182373047,9463560
2011-06-24,217.69500732421875,229.80999755859375,217.36000061035156,228.61000061035156,189.99728393554688,27608460
2011-06-27,227.5,232.97999572753906,226.1999969482422,232.60000610351562,193.3133544921875,22791310
2011-06-28,233.11000061035156,234.9199981689453,231.98500061035156,234.11000061035156,194.56832885742188,17301420
2011-06-29,235.1999969482422,238.63999938964844,234.50999450683594,237.9550018310547,197.76390075683594,18677540
2011-06-30,238.8000030517578,243.3000030517578,238.8000030517578,240.46499633789062,199.8499298095703,27865900
2011-07-01,241.85000610351562,242.9499969482422,238.39999389648438,242.02999877929688,201.15061950683594,18739400
2011-07-04,244.5399932861328,244.89999389648438,242.1999969482422,243.61000061035156,202.4637451171875,9574540
2011-07-05,243.89999389648438,247.83999633789062,240.9499969482422,247.3300018310547,205.555419921875,15940790
2011-07-06,247.0,247.72500610351562,243.65499877929688,244.38499450683594,203.10781860351562,10108580
2011-07-07,244.60000610351562,248.74000549316406,243.0050048828125,248.28500366210938,206.34910583496094,13821540
2011-07-08,248.125,251.5,245.7899932861328,247.84500122070312,205.9834442138672,14722650
2011-07-11,246.97999572753906,246.97999572753906,242.10000610351562,243.50999450683594,202.38063049316406,12102030
2011-07-12,240.39999389648438,242.5,238.43499755859375,240.01499938964844,199.4759521484375,13952420
2011-07-13,241.47000122070312,244.15499877929688,241.1999969482422,243.11000061035156,202.04820251464844,8140370
2011-07-14,242.3000030517578,248.9250030517578,241.30499267578125,246.7100067138672,205.0401611328125,15270140
2011-07-15,246.5,249.89999389648438,246.5,247.49000549316406,205.6884307861328,13043910
2011-07-18,247.33999633789062,248.38499450683594,245.35000610351562,247.6750030517578,205.8421630859375,6776210
2011-07-19,246.97999572753906,251.6999969482422,246.60000610351562,251.26499938964844,208.82577514648438,11027960
2011-07-20,252.39999389648438,252.8699951171875,246.05499267578125,247.13999938964844,205.39755249023438,9809450
2011-07-21,247.3000030517578,247.94500732421875,244.39999389648438,245.5,204.03451538085938,7842670
2011-07-22,247.0,250.6999969482422,246.0050048828125,249.83999633789062,207.64146423339844,12400210
2011-07-25,249.25,252.5,247.22500610351562,251.27000427246094,208.82994079589844,13838330
2011-07-26,251.8000030517578,252.97000122070312,242.90499877929688,244.60499572753906,203.2906951904297,25320140
2011-07-27,244.38999938964844,244.47999572753906,238.0500030517578,240.4949951171875,199.87484741210938,18543260
2011-07-28,237.5500030517578,239.5,234.5050048828125,235.66000366210938,195.85653686523438,19799270
2011-07-29,235.8000030517578,237.60000610351562,233.47000122070312,234.47999572753906,194.87582397460938,11077080
2011-08-01,236.50999450683594,238.3000030517578,232.6649932861328,234.50999450683594,194.90074157714844,11195130
2011-08-02,233.63999938964844,233.85000610351562,226.85499572753906,227.7100067138672,189.2493133544922,13644640
2011-08-03,225.0,228.77000427246094,224.84500122070312,227.8699951171875,189.38226318359375,12104420
2011-08-04,228.88999938964844,231.0,225.22500610351562,225.77499389648438,187.64109802246094,11950660
2011-08-05,220.5,224.39999389648438,218.0500030517578,223.48500061035156,185.7379150390625,20169060
2011-08-08,218.88999938964844,226.52499389648438,218.0,221.6999969482422,184.25439453125,15078220
2011-08-09,216.5,228.89999389648438,215.75,222.22000122070312,184.68655395507812,29536660
2011-08-10,227.5,228.69000244140625,225.40499877929688,227.21499633789062,188.837890625,14737300
2011-08-11,226.5,228.3300018310547,224.10000610351562,224.63499450683594,186.6936492919922,13660260
2011-08-12,227.7899932861328,227.8000030517578,215.0,219.6999969482422,182.59219360351562,22806370
2011-08-16,218.0,224.75,216.53500366210938,219.69500732421875,182.58804321289062,27203690
2011-08-17,220.5,223.33999633789062,216.31500244140625,217.02499389648438,180.36900329589844,18874550
2011-08-18,218.39999389648438,218.5,207.0050048828125,207.83999633789062,172.73538208007812,22263180
2011-08-19,205.0,210.89999389648438,202.63499450683594,203.75,169.33619689941406,28269740
2011-08-22,204.5800018310547,207.49000549316406,200.6999969482422,206.19500732421875,171.3682098388672,20180230
2011-08-23,207.8699951171875,208.1999969482422,203.7100067138672,206.3699951171875,171.5136260986328,17086370
2011-08-24,206.67999267578125,208.10000610351562,197.80999755859375,198.97500610351562,165.36769104003906,31650290
2011-08-25,200.0,200.9499969482422,195.15499877929688,195.97500610351562,162.87440490722656,36511880
2011-08-26,196.39999389648438,197.24000549316406,186.66000366210938,188.78500366210938,156.8988494873047,31415580
2011-08-29,192.5,195.0,191.1649932861328,193.86000061035156,161.11663818359375,21877780
2011-08-30,197.47000122070312,198.3800048828125,192.26499938964844,197.3800048828125,164.04209899902344,29507680
2011-09-02,199.10000610351562,202.10000610351562,196.00999450683594,199.34500122070312,165.67520141601562,29550280
2011-09-05,197.28500366210938,201.60000610351562,196.1999969482422,200.65499877929688,166.76393127441406,26481160
2011-09-06,199.35499572753906,199.69500732421875,193.22000122070312,197.97000122070312,164.53244018554688,32404740
2011-09-07,198.33999633789062,204.26499938964844,198.3249969482422,202.77499389648438,168.52586364746094,25046770
2011-09-08,203.6699981689453,204.0,201.11000061035156,202.38499450683594,168.20172119140625,24303920
2011-09-09,203.0,204.7949981689453,194.0,195.27000427246094,162.28848266601562,36514780
2011-09-12,193.10000610351562,193.10000610351562,185.5449981689453,186.33999633789062,154.86676025390625,34519740
2011-09-13,188.0,189.94500732421875,181.8000030517578,183.28500366210938,152.32778930664062,40065080
2011-09-14,183.8000030517578,185.36000061035156,180.85000610351562,182.6750030517578,151.82080078125,42356430
2011-09-15,184.77999877929688,190.47999572753906,183.0,189.80499267578125,157.7465362548828,37918130
2011-09-16,191.35000610351562,195.89500427246094,188.00999450683594,194.55999755859375,161.6983642578125,57707590
2011-09-19,192.85000610351562,193.25,190.5050048828125,191.69500732421875,159.3173370361328,16373720
2011-09-20,191.60000610351562,199.99000549316406,190.1999969482422,199.07000732421875,165.4466552734375,23820310
2011-09-21,199.5,202.39999389648438,199.07000732421875,200.9600067138672,167.01744079589844,32603240
2011-09-22,196.22500610351562,197.38999938964844,193.0,193.7550048828125,161.02935791015625,27418300
2011-09-23,191.10000610351562,198.19000244140625,189.0,195.02499389648438,162.0848388671875,37517600
2011-09-26,195.2050018310547,197.09500122070312,192.17999267578125,195.13499450683594,162.17626953125,24401740
2011-09-27,198.5050048828125,200.67999267578125,197.75999450683594,199.72999572753906,165.9951934814453,17630570
2011-09-28,201.0,201.27000427246094,196.10000610351562,196.93499755859375,163.67227172851562,22320190
2011-09-29,195.60000610351562,196.17999267578125,191.1649932861328,195.23500061035156,162.25936889648438,25805020
2011-09-30,193.47000122070312,193.86500549316406,190.53500366210938,191.10499572753906,158.82696533203125,23917760
2011-10-03,188.21499633789062,188.5,185.10000610351562,186.16000366210938,154.71717834472656,20078410
2011-10-04,185.0,187.27999877929688,175.0,178.72000122070312,148.5338134765625,50595240
2011-10-05,180.00999450683594,181.22000122070312,171.0,171.83999633789062,142.81585693359375,62754520
2011-10-07,176.3000030517578,177.78500366210938,174.2550048828125,175.22999572753906,145.6332550048828,29985040
2011-10-10,175.9949951171875,176.48500061035156,172.22000122070312,175.60499572753906,145.94491577148438,32689920
2011-10-11,177.67999267578125,180.60000610351562,175.35000610351562,176.4550018310547,146.6513671875,39354610
2011-10-12,178.02499389648438,188.0,175.72500610351562,187.2050018310547,155.585693359375,53725530
2011-10-13,188.10000610351562,193.39500427246094,187.5,188.73500061035156,156.85728454589844,41069620
2011-10-14,187.10499572753906,190.64999389648438,186.92999267578125,188.52000427246094,156.67857360839844,23597460
2011-10-17,190.39999389648438,193.3000030517578,188.31500244140625,189.1699981689453,157.2187957763672,24612620
2011-10-18,186.99000549316406,188.55999755859375,183.8000030517578,186.65499877929688,155.1285400390625,18018620
2011-10-19,188.7949981689453,192.35000610351562,188.60499572753906,191.8350067138672,159.43365478515625,15555360
2011-10-20,189.1999969482422,194.0,188.6699981689453,193.5050048828125,160.8216094970703,21594800
2011-10-21,194.13999938964844,196.74000549316406,193.61500549316406,194.8249969482422,161.91867065429688,21746120
2011-10-24,197.5,198.89999389648438,188.5749969482422,190.875,158.6357879638672,25165530
2011-10-25,191.97999572753906,196.0,182.6999969482422,183.97999572753906,152.90538024902344,66183590
2011-10-28,192.5,192.9149932861328,189.02499389648438,190.97999572753906,158.72305297851562,28314390
2011-10-31,191.88999938964844,192.1750030517578,187.8000030517578,190.6300048828125,158.4322052001953,29915310
2011-11-01,189.25,192.10000610351562,188.60000610351562,190.13999938964844,158.02493286132812,20925820
2011-11-02,188.6999969482422,192.47999572753906,188.5,190.94000244140625,158.6898193359375,16533380
2011-11-03,190.5,194.0,190.34500122070312,193.47500610351562,160.79666137695312,28629820
2011-11-04,196.4499969482422,198.08999633789062,195.30499267578125,196.61500549316406,163.40631103515625,25322200
2011-11-08,197.6999969482422,200.39999389648438,196.0,199.72999572753906,165.9951934814453,24294080
2011-11-09,201.3000030517578,201.75,185.22000122070312,186.2050018310547,154.75457763671875,94152450
2011-11-11,186.17999267578125,186.49000549316406,178.1300048828125,179.8350067138672,149.46046447753906,54231820
2011-11-14,182.60000610351562,182.6999969482422,174.0399932861328,175.30999755859375,145.6997833251953,28123030
2011-11-15,174.5,176.3699951171875,171.8300018310547,172.96499633789062,143.75083923339844,34040170
2011-11-16,172.8000030517578,178.0,171.80999755859375,176.59500122070312,146.7677459716797,31890660
2011-11-17,176.3699951171875,179.8800048828125,174.64999389648438,175.7449951171875,146.06126403808594,28578790
2011-11-18,175.00999450683594,176.60000610351562,170.3300018310547,172.6649932861328,143.50149536132812,35137650
2011-11-21,172.3000030517578,172.44500732421875,165.4550018310547,167.22000122070312,138.97618103027344,28185380
2011-11-22,168.13999938964844,170.89999389648438,166.52999877929688,168.9499969482422,140.41400146484375,28518380
2011-11-23,167.39999389648438,167.39999389648438,162.72500610351562,165.52000427246094,137.56329345703125,29181030
2011-11-24,165.60000610351562,166.83999633789062,162.89999389648438,165.38999938964844,137.4552764892578,31828920
2011-11-25,164.89999389648438,169.89500427246094,163.5,169.05999755859375,140.50537109375,41738460
2011-11-28,172.10000610351562,178.7949981689453,171.11500549316406,177.9600067138672,147.90220642089844,25489820
2011-11-29,178.8000030517578,179.6999969482422,174.71499633789062,176.1199951171875,146.3729705810547,30152190
2011-11-30,174.97000122070312,179.5,172.8000030517578,176.2449951171875,146.47683715820312,80068770
2011-12-01,181.60000610351562,185.27000427246094,181.0,182.4149932861328,151.60470581054688,24461390
2011-12-02,182.4499969482422,189.89999389648438,180.17999267578125,188.68499755859375,156.81570434570312,32783180
2011-12-05,188.47000122070312,191.6999969482422,187.0,191.10499572753906,158.82696533203125,29149520
2011-12-07,191.47000122070312,195.98500061035156,191.39999389648438,194.5399932861328,161.68177795410156,33426470
2011-12-08,193.0,193.3800048828125,186.0,186.7899932861328,155.24075317382812,32063030
2011-12-09,183.02499389648438,188.49000549316406,182.0,186.55499267578125,155.0454559326172,37919700
2011-12-12,188.27000427246094,189.6649932861328,176.3000030517578,177.27499389648438,147.33287048339844,41127410
2011-12-13,175.8000030517578,180.7899932861328,174.6649932861328,178.78500366210938,148.5878448486328,31436850
2011-12-14,178.39999389648438,183.9949951171875,177.10499572753906,178.51499938964844,148.36343383789062,43558460
2011-12-15,175.64999389648438,177.19500732421875,172.65499877929688,173.67999267578125,144.34507751464844,44368240
2011-12-16,175.1999969482422,178.22999572753906,166.51499938964844,167.91000366210938,139.54965209960938,50521620
2011-12-19,166.5,166.5,159.68499755859375,162.80999755859375,135.31105041503906,41792820
2011-12-20,163.1999969482422,164.89999389648438,157.11000061035156,157.85000610351562,131.18881225585938,33988040
2011-12-21,161.49000549316406,163.5,159.53500366210938,162.35000610351562,134.92874145507812,29947570
2011-12-22,161.0,167.90499877929688,158.81500244140625,167.11000061035156,138.88475036621094,34376160
2011-12-23,167.5,169.17999267578125,163.8000030517578,164.7449951171875,136.91921997070312,26774370
2011-12-26,164.31500244140625,167.5,164.22000122070312,166.56500244140625,138.43179321289062,16405640
2011-12-27,166.5,166.89999389648438,163.33999633789062,164.36500549316406,136.60342407226562,15426610
2011-12-28,162.91000366210938,163.5,160.25,161.02000427246094,133.8233642578125,17801920
2011-12-29,160.0,163.6999969482422,159.0,162.88499450683594,135.37335205078125,36163040
2011-12-30,163.7899932861328,164.9949951171875,160.55499267578125,161.90499877929688,134.55889892578125,20779220
2012-01-02,162.89999389648438,163.60000610351562,161.13999938964844,162.76499938964844,135.2736358642578,14464990
2012-01-03,164.39999389648438,171.0,164.3000030517578,170.56500244140625,141.75621032714844,21341020
2012-01-04,171.1999969482422,171.38999938964844,167.52000427246094,169.60499572753906,140.95835876464844,22241630
2012-01-05,169.60000610351562,171.85499572753906,168.0050048828125,169.2449951171875,140.65914916992188,21344840
2012-01-06,167.5,170.75999450683594,165.80499267578125,167.27499389648438,139.02188110351562,21137420
2012-01-09,166.1699981689453,166.1699981689453,162.50999450683594,163.72500610351562,136.0714874267578,26127920
2012-01-10,164.97500610351562,170.875,164.89999389648438,170.25999450683594,141.50274658203125,28087310
2012-01-11,170.60000610351562,173.3699951171875,169.3300018310547,172.69500732421875,143.5264434814453,24529370
2012-01-12,173.07000732421875,177.63999938964844,172.02999877929688,176.44000244140625,146.63890075683594,25162480
2012-01-13,177.68499755859375,179.99000549316406,177.0,177.61000061035156,147.61129760742188,20468290
2012-01-16,175.6199951171875,183.49000549316406,174.83999633789062,181.63999938964844,150.9606170654297,21265790
2012-01-17,183.8000030517578,187.24000549316406,183.5050048828125,184.39999389648438,153.2544403076172,22716470
2012-01-18,185.0,187.10000610351562,182.0,186.53500366210938,155.02882385253906,21712160
2012-01-19,188.0,191.2449951171875,187.50999450683594,188.42999267578125,156.60374450683594,17022890
2012-01-20,189.8000030517578,194.39999389648438,189.51499938964844,193.28500366210938,160.63873291015625,26377250
2012-01-23,193.19000244140625,196.7100067138672,192.10000610351562,194.0500030517578,161.27456665039062,16830570
2012-01-24,193.1999969482422,205.8000030517578,192.6699981689453,204.0800018310547,169.61044311523438,51131380
2012-01-25,205.52499389648438,208.59500122070312,203.99000549316406,205.8000030517578,171.03993225097656,33818960
2012-01-27,206.44000244140625,207.0,201.7899932861328,204.05999755859375,169.5938262939453,21060520
2012-01-30,201.5,205.875,197.01499938964844,198.52499389648438,164.9936981201172,20774550
2012-01-31,201.98500061035156,207.3000030517578,201.1999969482422,206.16000366210938,171.33909606933594,29751020
2012-02-01,205.10000610351562,208.83999633789062,204.25,207.76499938964844,172.6730499267578,27568480
2012-02-02,209.5,211.33999633789062,198.22999572753906,207.25999450683594,172.25335693359375,55330560
2012-02-03,207.0,211.75999450683594,203.64999389648438,210.31500244140625,174.79234313964844,24481860
2012-02-06,213.19500732421875,218.7449951171875,213.19500732421875,216.26499938964844,179.7373809814453,31648070
2012-02-07,218.19000244140625,218.8300018310547,214.5399932861328,215.30999755859375,178.9436798095703,21732080
2012-02-08,216.14999389648438,218.8000030517578,214.52000427246094,217.77499389648438,180.99229431152344,24978160
2012-02-09,216.42999267578125,219.1999969482422,215.75999450683594,218.39999389648438,181.5117645263672,18499690
2012-02-10,218.8000030517578,220.89999389648438,215.01499938964844,217.19000244140625,180.5061492919922,22965380
2012-02-13,217.39999389648438,218.0500030517578,209.60000610351562,212.9250030517578,176.96151733398438,56126600
2012-02-14,212.85000610351562,221.7899932861328,212.85000610351562,220.01499938964844,182.85400390625,36543090
2012-02-15,222.6999969482422,225.7550048828125,222.25,225.06500244140625,187.051025390625,26676630
2012-02-16,224.22500610351562,237.7449951171875,222.9149932861328,235.03500366210938,195.33705139160156,42827580
2012-02-17,237.6999969482422,247.15499877929688,237.6999969482422,241.7050018310547,200.8804931640625,50345570
2012-02-21,242.0,247.5,241.5,245.2449951171875,203.82261657714844,27876680
2012-02-22,245.60000610351562,246.91000366210938,223.69000244140625,225.5,187.41258239746094,63344440
2012-02-23,225.43499755859375,232.30999755859375,224.6999969482422,226.0500030517578,187.86965942382812,44543300
2012-02-24,228.0,230.3000030517578,219.5,220.55999755859375,183.3069305419922,36297520
2012-02-27,221.49000549316406,222.0,211.11000061035156,212.28500366210938,176.4296112060547,29408220
2012-02-28,213.89999389648438,225.5,213.06500244140625,223.125,185.43869018554688,44586320
2012-02-29,226.5,228.6999969482422,222.3000030517578,224.7550048828125,186.7934112548828,35696060
2012-03-01,223.38499450683594,223.77499389648438,218.64500427246094,221.875,184.3998565673828,22623660
2012-03-02,222.63999938964844,228.1999969482422,218.60000610351562,224.6699981689453,186.72274780273438,31101180
2012-03-05,223.47000122070312,223.47000122070312,216.47000122070312,217.60499572753906,180.85108947753906,19686120
2012-03-06,215.10000610351562,226.3000030517578,211.49000549316406,214.78500366210938,178.50735473632812,44398420
2012-03-07,213.5,216.3800048828125,210.60000610351562,214.15499877929688,177.98374938964844,35286120
2012-03-09,219.0,224.3000030517578,218.80999755859375,222.63999938964844,185.03561401367188,22974790
2012-03-12,230.53500366210938,232.4550018310547,228.10499572753906,231.0800018310547,192.0501251220703,36567100
2012-03-13,234.1300048828125,235.0,231.64999389648438,232.75,193.43801879882812,18007900
2012-03-14,237.03500366210938,237.44000244140625,233.22000122070312,235.47999572753906,195.70693969726562,22802380
2012-03-15,235.8000030517578,236.8000030517578,228.60000610351562,229.92999267578125,191.0943145751953,27417960
2012-03-16,230.0,235.4949951171875,221.5,222.7899932861328,185.16029357910156,40578470
2012-03-19,223.0,223.6999969482422,215.0,215.7550048828125,179.3135223388672,22683990
2012-03-20,216.0,220.28500366210938,213.80999755859375,218.73500061035156,181.7902069091797,26379790
2012-03-21,218.38999938964844,223.89999389648438,217.63499450683594,223.28500366210938,185.57168579101562,23060820
2012-03-22,222.6999969482422,225.55999755859375,215.00999450683594,216.05999755859375,179.5669708251953,30745480
2012-03-23,217.60000610351562,220.47999572753906,212.72000122070312,216.6750030517578,180.07814025878906,30728320
2012-03-26,215.8699951171875,215.89999389648438,211.0,211.7449951171875,175.98080444335938,20093020
2012-03-27,215.5,217.19000244140625,209.77000427246094,212.9149932861328,176.95321655273438,38470940
2012-03-28,212.0,212.13999938964844,206.34500122070312,207.9250030517578,172.8060302734375,24367160
2012-03-29,205.0,207.9949951171875,204.71499633789062,206.13499450683594,171.31832885742188,25090990
2012-03-30,206.77000427246094,210.99000549316406,206.77000427246094,209.63499450683594,174.22718811035156,25032100
2012-04-02,210.0,213.89500427246094,210.0,213.0399932861328,177.05706787109375,20297730
2012-04-03,214.1999969482422,218.32000732421875,214.19000244140625,217.2550048828125,180.56016540527344,21628480
2012-04-04,215.0,217.89999389648438,213.66000366210938,216.2550048828125,179.7290802001953,15237090
2012-04-09,214.8000030517578,214.88999938964844,209.0050048828125,210.0449981689453,174.5679473876953,13896030
2012-04-10,211.0,215.6999969482422,209.5050048828125,215.1199951171875,178.78575134277344,19318620
2012-04-11,212.51499938964844,217.9499969482422,211.7100067138672,215.85499572753906,179.3966064453125,25933200
2012-04-12,217.5050048828125,223.39999389648438,217.5050048828125,222.7550048828125,185.13121032714844,33620420
2012-04-13,225.0,228.36000061035156,219.52999877929688,221.22999572753906,183.86376953125,27182620
2012-04-16,221.1999969482422,227.2899932861328,220.10000610351562,226.50999450683594,188.25198364257812,20681450
2012-04-17,229.6999969482422,234.97000122070312,222.11000061035156,230.42999267578125,191.50987243652344,55740650
2012-04-18,232.30499267578125,233.97999572753906,227.52499389648438,229.1750030517578,190.4668426513672,18500350
2012-04-19,229.6999969482422,229.8800048828125,225.4149932861328,226.90499877929688,188.58026123046875,19747410
2012-04-20,226.5,228.74000549316406,223.82000732421875,226.0449981689453,187.8655242919922,19024070
2012-04-23,226.5,227.9499969482422,218.1999969482422,219.32000732421875,182.2763671875,21607120
2012-04-24,219.5050048828125,221.55999755859375,217.50999450683594,219.07000732421875,182.06861877441406,17626560
2012-04-25,218.9199981689453,220.6999969482422,213.07000732421875,217.1750030517578,180.49368286132812,24860580
2012-04-26,218.8000030517578,218.8000030517578,213.6999969482422,216.23500061035156,179.71243286132812,19133070
2012-04-27,215.1999969482422,216.8699951171875,210.10000610351562,212.5500030517578,176.64984130859375,25322120
2012-04-30,213.10000610351562,216.98500061035156,212.6999969482422,213.80999755859375,177.697021484375,17221600
2012-05-02,214.5,216.88999938964844,212.53500366210938,214.05999755859375,177.90478515625,13934080
2012-05-03,212.10000610351562,212.77999877929688,207.5500030517578,208.41000366210938,173.20907592773438,22939970
2012-05-04,206.72999572753906,206.89999389648438,198.60000610351562,199.625,165.9079132080078,24320340
2012-05-07,194.60000610351562,204.0,187.60000610351562,202.82000732421875,168.56324768066406,38693170
2012-05-08,203.60000610351562,204.88999938964844,192.28500366210938,195.53500366210938,162.50872802734375,30371610
2012-05-09,193.60000610351562,195.5,187.60499572753906,188.30999755859375,156.5040283203125,34001410
2012-05-10,189.0,193.27000427246094,183.22999572753906,184.31500244140625,153.18380737304688,41622790
2012-05-11,183.89999389648438,188.47999572753906,182.10000610351562,185.36000061035156,154.0522918701172,36830270
2012-05-14,186.10000610351562,189.55999755859375,181.35000610351562,183.97500610351562,152.9012451171875,29719730
2012-05-15,182.60000610351562,187.1699981689453,182.5,186.0399932861328,154.61741638183594,26559600
2012-05-16,183.39999389648438,184.47999572753906,180.22999572753906,182.77000427246094,151.89974975585938,28987000
2012-05-17,183.52000427246094,186.1999969482422,182.25999450683594,184.8350067138672,153.61599731445312,28710190
2012-05-18,182.0050048828125,195.6999969482422,182.0050048828125,194.05499267578125,161.27870178222656,88722070
2012-05-21,196.0,203.0,196.0,200.9499969482422,167.00912475585938,38849830
2012-05-22,203.5,204.0,193.11000061035156,193.875,161.12908935546875,41395000
2012-05-23,193.32000732421875,197.38999938964844,192.0500030517578,195.5,162.4796142578125,34534760
2012-05-24,195.8000030517578,197.39999389648438,192.5399932861328,196.61500549316406,166.38507080078125,32104050
2012-05-25,196.24000549316406,201.8000030517578,195.4250030517578,200.69000244140625,169.83351135253906,29159720
2012-05-28,201.89999389648438,210.6999969482422,201.69500732421875,210.1300048828125,177.82208251953125,35316050
2012-05-29,211.5,214.99000549316406,210.47000122070312,212.01499938964844,179.41726684570312,48415290
2012-05-30,210.14999389648438,211.8000030517578,208.1999969482422,209.82000732421875,177.5597686767578,32384070
2012-05-31,208.0,208.89500427246094,203.75,205.60499572753906,173.99282836914062,40737620
2012-06-01,205.9949951171875,208.0500030517578,201.6999969482422,202.8249969482422,171.64024353027344,26260160
2012-06-04,199.22000122070312,205.39999389648438,197.40499877929688,204.5850067138672,173.1296844482422,29318990
2012-06-05,206.39999389648438,211.0,206.10000610351562,208.27499389648438,176.25233459472656,32970970
2012-06-06,210.0,216.8000030517578,209.60000610351562,215.8249969482422,182.64149475097656,33459450
2012-06-07,218.3000030517578,218.89999389648438,215.65499877929688,216.7949981689453,183.46237182617188,35579490
2012-06-08,215.15499877929688,219.16000366210938,213.14999389648438,217.94500732421875,184.43553161621094,29803650
2012-06-11,220.0,221.7899932861328,215.5500030517578,216.47999572753906,183.19577026367188,28149690
2012-06-12,215.5,221.18499755859375,213.25999450683594,220.61500549316406,186.69503784179688,38566440
2012-06-13,221.0,224.39999389648438,218.60000610351562,222.60499572753906,188.37905883789062,31091980
2012-06-14,221.1999969482422,221.8699951171875,214.41000366210938,215.02499389648438,181.9644775390625,33236270
2012-06-15,216.84500122070312,218.98500061035156,214.6999969482422,218.30999755859375,184.74441528320312,28244050
2012-06-18,221.60000610351562,223.19000244140625,208.16000366210938,208.7949981689453,176.6923828125,53583960
2012-06-19,208.7949981689453,211.6300048828125,205.60000610351562,210.06500244140625,177.76710510253906,37168690
2012-06-20,211.3699951171875,212.69000244140625,209.66000366210938,211.7050018310547,179.1549530029297,25115340
2012-06-21,210.02000427246094,218.5,208.5,217.8350067138672,184.3424835205078,34033180
2012-06-22,214.6999969482422,218.4499969482422,212.85000610351562,215.77999877929688,182.60342407226562,35627920
2012-06-25,216.11000061035156,220.0,210.16000366210938,211.5,178.98147583007812,43573040
2012-06-26,211.3000030517578,213.17999267578125,209.61000061035156,211.30999755859375,178.82066345214844,26383570
2012-06-27,212.80999755859375,213.83999633789062,210.3300018310547,211.33999633789062,178.84603881835938,19443200
2012-06-28,211.8000030517578,212.44500732421875,207.40499877929688,209.8300018310547,177.56822204589844,27841960
2012-06-29,213.0,217.0,212.6999969482422,215.89999389648438,182.70492553710938,25872690
2012-07-02,216.97999572753906,219.72999572753906,216.0,218.19500732421875,184.64710998535156,23629020
2012-07-03,219.5,220.39999389648438,217.71499633789062,218.73500061035156,185.1040802001953,23044680
2012-07-04,219.00999450683594,222.99000549316406,219.00999450683594,222.47999572753906,188.27325439453125,33471910
2012-07-05,221.99000549316406,223.96499633789062,221.2100067138672,223.34500122070312,189.0052947998047,18782280
2012-07-06,223.57000732421875,223.57000732421875,220.57000732421875,222.26499938964844,188.09133911132812,21904250
2012-07-09,219.8000030517578,221.89999389648438,219.25999450683594,220.94500732421875,186.9742889404297,21137340
2012-07-10,221.3800048828125,223.47999572753906,221.1999969482422,222.89999389648438,188.6287078857422,17667680
2012-07-11,221.5,225.2550048828125,221.00999450683594,221.8699951171875,187.75706481933594,24675290
2012-07-12,219.49000549316406,223.875,219.39999389648438,222.1199951171875,187.96859741210938,19749170
2012-07-13,222.19000244140625,223.35000610351562,217.11500549316406,217.84500122070312,184.3509063720703,17027690
2012-07-16,218.5,221.58999633789062,217.8249969482422,219.94500732421875,186.12803649902344,18541930
2012-07-17,221.5,222.3350067138672,218.2100067138672,219.91000366210938,186.098388671875,13473830
2012-07-18,219.5,220.25999450683594,216.22500610351562,218.5500030517578,184.947509765625,20777200
2012-07-19,221.4149932861328,221.72999572753906,215.39999389648438,215.80999755859375,182.62876892089844,20951570
2012-07-20,215.10000610351562,217.35000610351562,212.7050018310547,213.1999969482422,180.42005920410156,19267410
2012-07-23,211.1999969482422,212.3800048828125,208.6750030517578,209.31500244140625,177.13241577148438,15895700
2012-07-24,209.5,211.47999572753906,208.0399932861328,209.5,177.28895568847656,16448600
2012-07-25,208.6300048828125,209.47500610351562,206.10000610351562,207.03500366210938,175.2030029296875,17127660
2012-07-26,207.5,208.3800048828125,200.89999389648438,201.74000549316406,170.72207641601562,24636420
2012-07-27,205.10000610351562,206.72999572753906,193.14999389648438,194.10000610351562,164.2567596435547,42134890
2012-07-30,195.125,204.0,194.10000610351562,203.1750030517578,171.93646240234375,34443090
2012-07-31,203.8000030517578,204.4949951171875,196.82000732421875,200.50999450683594,169.6811981201172,48379270
2012-08-01,201.0,204.47999572753906,200.52499389648438,203.33999633789062,172.07608032226562,19820020
2012-08-02,203.0,203.0050048828125,199.7550048828125,201.13499450683594,170.2100830078125,21311770
2012-08-03,199.10499572753906,201.44000244140625,197.5,200.53500366210938,169.70236206054688,20063360
2012-08-06,203.47999572753906,203.71499633789062,201.0800018310547,201.8249969482422,170.7939910888672,16064040
2012-08-07,202.1199951171875,207.19000244140625,201.125,206.125,174.43287658691406,25271900
2012-08-08,207.3000030517578,208.89500427246094,205.32000732421875,206.0800018310547,174.39479064941406,22909420
2012-08-09,206.72500610351562,208.0500030517578,196.3350067138672,196.875,166.60507202148438,42898490
2012-08-10,196.3000030517578,199.39999389648438,187.60000610351562,188.77499389648438,159.75048828125,108902910
2012-08-13,189.1999969482422,191.10000610351562,185.85000610351562,190.65499877929688,161.34140014648438,53428630
2012-08-14,191.10000610351562,192.9949951171875,189.80499267578125,191.03500366210938,161.66299438476562,36635290
2012-08-16,191.8000030517578,192.375,189.0,189.44500732421875,160.31744384765625,27216820
2012-08-17,189.5,191.72000122070312,188.23500061035156,189.7050018310547,160.5374755859375,28632600
2012-08-21,190.27999877929688,191.7949981689453,188.9149932861328,191.50999450683594,162.06494140625,19716500
2012-08-22,190.0,193.3000030517578,189.6999969482422,191.21499633789062,161.81533813476562,25303710
2012-08-23,191.40499877929688,192.99000549316406,190.00999450683594,191.18499755859375,161.78993225097656,21831520
2012-08-24,190.0,190.39500427246094,188.35499572753906,189.38499450683594,160.26669311523438,18012150
2012-08-27,189.02499389648438,189.94000244140625,183.82000732421875,184.4499969482422,156.09046936035156,20736720
2012-08-28,184.22500610351562,185.9499969482422,183.02000427246094,184.4199981689453,156.0650634765625,24599940
2012-08-29,184.89999389648438,185.67999267578125,182.4499969482422,182.99000549316406,154.8549346923828,18804350
2012-08-30,182.1999969482422,184.6999969482422,181.51499938964844,183.97000122070312,155.6842498779297,21627450
2012-08-31,183.89999389648438,186.48500061035156,182.86500549316406,183.73500061035156,155.48538208007812,27903670
2012-09-03,185.0,186.5,184.25,185.07000732421875,156.61514282226562,15997080
2012-09-04,186.0,188.1750030517578,185.10000610351562,187.5,158.67149353027344,17181080
2012-09-05,186.01499938964844,186.6999969482422,182.7100067138672,183.02499389648438,154.88453674316406,19033670
2012-09-06,182.6999969482422,186.4949951171875,182.6999969482422,185.39500427246094,156.89013671875,19561570
2012-09-07,188.8000030517578,190.1999969482422,188.26499938964844,189.2050018310547,160.11436462402344,24267990
2012-09-10,189.89999389648438,190.5,185.63499450683594,186.11500549316406,157.49945068359375,19432850
2012-09-11,184.50999450683594,187.18499755859375,184.5,185.77000427246094,157.20751953125,18557340
2012-09-12,187.0,187.6999969482422,184.5050048828125,185.94000244140625,157.3513641357422,19625090
2012-09-13,185.39999389648438,188.5,185.39999389648438,186.75999450683594,158.04527282714844,16407420
2012-09-14,191.89999389648438,197.5,191.10000610351562,197.14999389648438,166.83778381347656,37985040
2012-09-17,200.60000610351562,208.88499450683594,200.60000610351562,207.9550018310547,175.98150634765625,53902050
2012-09-18,208.0,215.69000244140625,206.05999755859375,214.94500732421875,181.89678955078125,44354080
2012-09-20,210.89999389648438,215.99000549316406,210.0,212.3350067138672,179.68807983398438,31870400
2012-09-21,213.58999633789062,224.25,213.50999450683594,221.32000732421875,187.29161071777344,42035570
2012-09-24,221.5,225.27999877929688,218.4149932861328,219.8249969482422,186.02650451660156,29149940
2012-09-25,221.32000732421875,224.5,217.1999969482422,219.64999389648438,185.87838745117188,30847570
2012-09-26,218.8000030517578,224.0,217.14500427246094,222.89999389648438,188.6287078857422,28369700
2012-09-27,224.0,226.49000549316406,223.02000427246094,224.72500610351562,190.173095703125,27464560
2012-09-28,226.94000244140625,227.8000030517578,222.5800018310547,224.05999755859375,189.61032104492188,22346820
2012-10-01,224.24000549316406,227.8699951171875,224.02000427246094,227.01499938964844,192.11097717285156,15900770
2012-10-03,228.09500122070312,230.23500061035156,225.30499267578125,229.69000244140625,194.37469482421875,25948710
2012-10-04,231.0,234.89999389648438,230.4250030517578,234.57000732421875,198.50440979003906,24480430
2012-10-05,235.0,236.2550048828125,201.02999877929688,233.94500732421875,197.9755096435547,39747760
2012-10-08,234.0500030517578,234.0500030517578,226.1300048828125,226.94500732421875,192.05178833007812,18144560
2012-10-09,229.38999938964844,230.60000610351562,225.72999572753906,228.2550048828125,193.1603546142578,19485380
2012-10-10,225.8000030517578,226.38499450683594,221.85000610351562,222.35499572753906,188.16749572753906,21841000
2012-10-11,222.6999969482422,228.3699951171875,219.13999938964844,226.71499633789062,191.8571319580078,29460140
2012-10-12,226.97000122070312,229.44500732421875,224.50999450683594,225.1750030517578,190.55389404296875,17758970
2012-10-15,224.8000030517578,226.96499633789062,223.0800018310547,226.44500732421875,191.62864685058594,14254380
2012-10-16,227.0449981689453,228.5,222.38999938964844,222.88499450683594,188.61599731445312,15137550
2012-10-17,224.6199951171875,225.58999633789062,220.2100067138672,221.47000122070312,187.41856384277344,21075700
2012-10-18,222.8350067138672,228.3699951171875,220.6999969482422,227.82000732421875,192.79225158691406,24274450
2012-10-19,227.0,227.98500061035156,223.39999389648438,225.77499389648438,191.0616455078125,19700000
2012-10-22,222.6999969482422,225.99000549316406,222.52499389648438,224.09500122070312,189.6399688720703,13785660
2012-10-23,224.0,226.7949981689453,223.05499267578125,223.47000122070312,189.11106872558594,14004630
2012-10-25,223.97999572753906,225.03500366210938,219.5,219.93499755859375,186.11953735351562,28767350
2012-10-29,217.28500366210938,220.44500732421875,215.68499755859375,216.77000427246094,183.4412078857422,21364870
2012-10-30,216.89999389648438,219.97999572753906,206.55499267578125,207.42999267578125,175.53726196289062,45981440
2012-10-31,207.1999969482422,211.4600067138672,205.7550048828125,211.02499389648438,178.5794677734375,25377620
2012-11-01,211.1999969482422,212.4600067138672,209.84500122070312,211.5500030517578,179.02377319335938,14382330
2012-11-02,214.0,215.89999389648438,212.50999450683594,215.2449951171875,182.150634765625,17604300
2012-11-05,214.2899932861328,215.3800048828125,212.82000732421875,214.47500610351562,181.49905395507812,12145950
2012-11-06,213.09500122070312,217.75,213.09500122070312,217.31500244140625,183.9023895263672,15070250
2012-11-07,216.8350067138672,222.97000122070312,216.4499969482422,221.6999969482422,187.6132049560547,28982660
2012-11-08,218.89999389648438,226.69000244140625,218.22500610351562,224.22999572753906,189.75416564941406,27559100
2012-11-09,223.66000366210938,226.93499755859375,214.8000030517578,215.5050048828125,182.37069702148438,62456180
2012-11-12,216.50999450683594,219.49000549316406,212.40499877929688,219.02999877929688,185.35372924804688,31728480
2012-11-15,215.1999969482422,218.1999969482422,213.83999633789062,215.3699951171875,182.25645446777344,17207000
2012-11-16,215.3699951171875,216.9949951171875,210.11000061035156,210.84500122070312,178.42718505859375,18348140
2012-11-19,212.39999389648438,212.39999389648438,208.44000244140625,209.38999938964844,177.19586181640625,18300990
2012-11-20,211.0,211.8800048828125,205.3000030517578,206.64999389648438,174.8771514892578,18897210
2012-11-21,207.10000610351562,207.44000244140625,204.10000610351562,206.10000610351562,174.4117431640625,23015420
2012-11-22,206.75999450683594,211.4550018310547,206.75999450683594,209.84500122070312,177.58094787597656,18180930
2012-11-23,211.0,211.14500427246094,207.52999877929688,208.9499969482422,176.82354736328125,13757250
2012-11-26,209.64999389648438,210.96499633789062,208.0,209.19000244140625,177.0266571044922,13539140
2012-11-27,210.1699981689453,212.30499267578125,209.5,211.51499938964844,178.99415588378906,15647840
2012-11-29,212.81500244140625,214.1999969482422,210.56500244140625,213.18499755859375,180.40737915039062,20991170
2012-11-30,214.89999389648438,218.6999969482422,214.55999755859375,217.02999877929688,183.6612091064453,21590680
2012-12-03,218.0,221.0,217.35000610351562,220.40499877929688,186.5172882080078,18628530
2012-12-04,220.8000030517578,224.9199981689453,220.24000549316406,223.9550018310547,189.52149963378906,22339070
2012-12-05,224.8000030517578,228.3000030517578,224.52000427246094,227.17999267578125,192.25062561035156,23558250
2012-12-06,228.10000610351562,231.7949981689453,224.0,230.72000122070312,195.246337890625,23499050
2012-12-07,231.63999938964844,233.9600067138672,230.0050048828125,231.6199951171875,196.00796508789062,25831160
2012-12-10,232.24000549316406,232.67999267578125,230.11000061035156,232.02499389648438,196.3507080078125,13614690
2012-12-11,232.97000122070312,233.85499572753906,228.27000427246094,230.8800048828125,195.38174438476562,20557710
2012-12-12,231.0,231.7949981689453,228.63999938964844,229.49000549316406,194.20547485351562,18423190
2012-12-13,230.25,232.5,225.50999450683594,226.25999450683594,191.47207641601562,18254110
2012-12-14,226.61500549316406,232.6999969482422,225.38499450683594,232.02499389648438,196.3507080078125,20181840
2012-12-17,231.875,234.89999389648438,231.19500732421875,234.42999267578125,198.3859405517578,18967760
2012-12-18,235.0,238.1999969482422,227.89999389648438,237.27000427246094,200.78927612304688,41036170
2012-12-19,238.5,240.81500244140625,236.27499389648438,237.22999572753906,200.75540161132812,21278390
2012-12-20,236.84500122070312,239.8800048828125,234.2550048828125,238.125,201.51283264160156,18314370
2012-12-21,235.50999450683594,237.6649932861328,232.75,233.44500732421875,197.55238342285156,15685940
2012-12-24,234.0,235.89999389648438,232.5,233.1300048828125,197.2858428955078,10549750
2012-12-26,233.6699981689453,238.0,232.3000030517578,237.0850067138672,200.63272094726562,15353080
2012-12-27,237.0850067138672,239.75,236.27000427246094,238.8350067138672,202.11367797851562,19723060
2012-12-28,239.39999389648438,239.73500061035156,236.91000366210938,237.9499969482422,201.36471557617188,11036230
2012-12-31,237.0,239.6699981689453,236.86500549316406,238.5500030517578,201.87249755859375,10006870
2013-01-01,240.49000549316406,243.40499877929688,239.7550048828125,242.64500427246094,205.33786010742188,17202300
2013-01-02,245.0,246.39999389648438,243.81500244140625,245.05499267578125,207.3773193359375,14660120
2013-01-03,246.0,248.24000549316406,243.6199951171875,247.16000366210938,209.1586456298828,20103090
2013-01-04,246.0,249.2949981689453,245.06500244140625,248.6699981689453,210.4365234375,13705950
2013-01-07,249.0,249.89999389648438,246.1750030517578,246.75999450683594,208.82017517089844,10264490
2013-01-08,246.8000030517578,250.0,246.3000030517578,249.3350067138672,210.999267578125,16123870
2013-01-09,249.39999389648438,254.0,249.39999389648438,252.27999877929688,213.491455078125,22474110
2013-01-10,253.9949951171875,255.1699981689453,252.25,253.91000366210938,214.87083435058594,21504650
2013-01-11,254.89999389648438,255.0,248.3249969482422,249.10499572753906,210.8046112060547,14156720
2013-01-14,249.10000610351562,251.9949951171875,247.52000427246094,249.97500610351562,211.54086303710938,17721580
2013-01-15,250.5,251.74000549316406,247.02000427246094,248.98500061035156,210.70306396484375,12219330
2013-01-16,248.0,249.35000610351562,242.39999389648438,243.24000549316406,205.8413543701172,14390080
2013-01-17,242.5500030517578,248.2449951171875,242.3000030517578,246.98500061035156,209.0105438232422,14091240
2013-01-18,248.5,251.76499938964844,247.80999755859375,249.2050018310547,210.88922119140625,16073730
2013-01-21,249.5,251.13999938964844,249.00999450683594,249.94500732421875,211.5154571533203,11849060
2013-01-22,249.0,250.89999389648438,245.44000244140625,246.44500732421875,208.5536346435547,12954000
2013-01-23,247.10000610351562,249.2050018310547,245.21499633789062,248.0399932861328,209.90338134765625,15042750
2013-01-24,248.0,248.43499755859375,244.05499267578125,245.9149932861328,208.10507202148438,17650270
2013-01-25,245.97000122070312,252.47999572753906,244.8000030517578,251.3699951171875,212.7213897705078,12460930
2013-01-28,252.5,253.3800048828125,248.3000030517578,249.15499877929688,210.84693908691406,18349860
2013-01-29,249.05499267578125,253.5,245.5050048828125,246.2449951171875,208.3843231201172,46331240
2013-01-30,247.6999969482422,248.6999969482422,242.66000366210938,243.61000061035156,206.15447998046875,23715290
2013-01-31,243.60000610351562,245.6649932861328,241.61500549316406,243.8000030517578,206.31529235839844,25528120
2013-02-01,243.10000610351562,245.2100067138672,240.10000610351562,241.23500061035156,204.1446533203125,14516810
2013-02-04,241.75,242.9250030517578,234.5,235.25999450683594,199.08831787109375,18596650
2013-02-05,235.0,238.05999755859375,232.80999755859375,237.14999389648438,200.687744140625,22375350
2013-02-06,238.5,238.7899932861328,234.1999969482422,234.8699951171875,198.75830078125,13866580
2013-02-07,233.39999389648438,236.39999389648438,232.01499938964844,232.66000366210938,196.88807678222656,13760530
2013-02-08,232.0,234.2899932861328,227.61000061035156,228.61500549316406,193.46499633789062,17646650
2013-02-11,228.99000549316406,231.19000244140625,227.73500061035156,229.43499755859375,194.15890502929688,14811360
2013-02-12,230.10000610351562,230.75999450683594,227.8800048828125,229.63999938964844,194.33236694335938,13296820
2013-02-13,230.1999969482422,232.3249969482422,224.25,225.47000122070312,190.8035430908203,27599120
2013-02-14,225.0,226.89999389648438,217.5,221.5749969482422,187.50738525390625,60922460
2013-02-15,220.6999969482422,224.77000427246094,220.51499938964844,223.34500122070312,189.0052947998047,21127420
2013-02-18,223.5,226.8800048828125,223.5,226.27000427246094,191.48056030273438,18380120
2013-02-19,226.88499450683594,228.0,223.6999969482422,227.35000610351562,192.3944854736328,13692360
2013-02-20,228.5,228.71499633789062,224.66000366210938,225.2050018310547,190.5792999267578,16094270
2013-02-21,223.94000244140625,224.2949981689453,220.01499938964844,221.05499267578125,187.06735229492188,19310510
2013-02-22,221.10000610351562,222.5449981689453,219.0050048828125,219.60000610351562,185.83607482910156,18284310
2013-02-25,221.0,223.89999389648438,220.10499572753906,222.08999633789062,187.94320678710938,16887440
2013-02-26,220.8000030517578,221.60000610351562,218.86500549316406,219.83999633789062,186.0391845703125,16446360
2013-02-27,221.2449951171875,223.26499938964844,219.6999969482422,221.33999633789062,187.3085479736328,14100300
2013-02-28,223.39999389648438,223.6699981689453,205.10000610351562,208.08999633789062,176.0957489013672,58729590
2013-03-01,208.6999969482422,210.89500427246094,206.60000610351562,208.76499938964844,176.66696166992188,21676800
2013-03-04,208.74000549316406,210.86000061035156,207.64999389648438,209.9499969482422,177.6697998046875,18279980
2013-03-05,211.1999969482422,213.89999389648438,208.13999938964844,212.85499572753906,180.1280975341797,19059400
2013-03-06,214.10000610351562,217.4949951171875,213.64999389648438,216.86000061035156,183.51734924316406,21540750
2013-03-07,216.22500610351562,217.1999969482422,214.51499938964844,216.61500549316406,183.31002807617188,11774640
2013-03-08,217.72500610351562,221.89500427246094,217.61000061035156,220.9499969482422,186.97848510742188,19462340
2013-03-11,220.94000244140625,222.10000610351562,219.36500549316406,220.47000122070312,186.5723114013672,14154810
2013-03-12,220.6999969482422,222.8000030517578,218.30999755859375,220.68499755859375,186.75425720214844,21840370
2013-03-13,219.6999969482422,221.80499267578125,217.1199951171875,217.93499755859375,184.4270782470703,21052580
2013-03-14,217.89999389648438,226.14999389648438,216.52000427246094,225.5050048828125,190.8331756591797,33666130
2013-03-15,226.39999389648438,227.3800048828125,223.75,226.1999969482422,191.4213104248047,22161680
2013-03-18,223.77000427246094,225.9199981689453,223.3350067138672,224.97999572753906,190.38885498046875,11219240
2013-03-19,226.60000610351562,226.97000122070312,217.01499938964844,220.35499572753906,186.47499084472656,40393960
2013-03-20,219.9499969482422,220.96499633789062,211.02999877929688,212.0399932861328,179.43841552734375,23048180
2013-03-21,212.60000610351562,215.89999389648438,208.02499389648438,211.94500732421875,179.35804748535156,32310360
2013-03-22,212.3249969482422,213.0,207.60000610351562,208.39500427246094,176.35385131835938,20894740
2013-03-25,212.49000549316406,212.5050048828125,205.2899932861328,205.8249969482422,174.1790008544922,22640640
2013-03-26,205.0,206.7899932861328,202.7100067138672,205.02999877929688,173.50624084472656,16268370
2013-03-28,204.88499450683594,208.0,203.10000610351562,207.27499389648438,175.40606689453125,18801120
2013-04-01,208.5,209.7949981689453,206.64500427246094,209.05999755859375,176.9166259765625,11155370
2013-04-02,208.22000122070312,214.8000030517578,207.56500244140625,214.0449981689453,181.13514709472656,15282510
2013-04-03,213.625,215.69500732421875,209.05999755859375,210.4600067138672,178.10137939453125,23043560
2013-04-04,209.0449981689453,209.6999969482422,205.7449951171875,206.75999450683594,174.97024536132812,15062340
2013-04-05,206.75999450683594,208.39999389648438,204.1999969482422,205.6699981689453,174.04783630371094,16152430
2013-04-08,205.74000549316406,207.13999938964844,202.8699951171875,203.3699951171875,172.10145568847656,10811270
2013-04-09,204.52499389648438,206.60000610351562,198.0,198.8249969482422,168.25526428222656,18252900
2013-04-10,199.89999389648438,202.86500549316406,197.61000061035156,202.31500244140625,171.2086639404297,18994350
2013-04-11,203.47999572753906,205.0,200.8000030517578,204.23500061035156,172.8334503173828,18848870
2013-04-12,204.0,209.6999969482422,202.0,208.17999267578125,176.17189025878906,20632180
2013-04-15,206.3000030517578,215.83999633789062,206.25999450683594,214.6300048828125,181.63021850585938,18089020
2013-04-16,214.8000030517578,219.39500427246094,214.0,218.30999755859375,184.74441528320312,14838250
2013-04-17,219.5,226.98500061035156,219.5,224.51499938964844,189.995361328125,24644810
2013-04-18,225.33999633789062,231.2550048828125,223.5,229.96499633789062,194.607421875,21382190
2013-04-22,230.63999938964844,236.0,230.63999938964844,232.7100067138672,196.9303741455078,14450260
2013-04-23,234.0,234.3300018310547,226.60000610351562,228.75,193.57923889160156,18770200
2013-04-25,230.89999389648438,234.3000030517578,229.39999389648438,233.4550018310547,197.56085205078125,20535590
2013-04-26,232.5,233.4550018310547,227.71499633789062,228.7949981689453,193.61729431152344,11550470
2013-04-29,230.1999969482422,230.94500732421875,226.2100067138672,227.35499572753906,192.3987274169922,13964420
2013-04-30,228.1999969482422,229.25,222.53500366210938,226.42999267578125,191.61595153808594,14814500
2013-05-02,227.5,232.68499755859375,226.51499938964844,229.94500732421875,194.59051513671875,20143690
2013-05-03,228.5,229.33999633789062,220.60000610351562,221.3800048828125,187.34239196777344,36583570
2013-05-06,220.55499267578125,223.2550048828125,218.3000030517578,222.61000061035156,188.38328552246094,19604120
2013-05-07,222.0,226.39999389648438,221.85499572753906,225.67999267578125,190.9812469482422,12903980
2013-05-08,226.0,227.3000030517578,223.15499877929688,225.47000122070312,190.8035430908203,14795230
2013-05-09,226.0,232.67999267578125,224.39999389648438,229.09500122070312,193.87118530273438,22585460
2013-05-10,228.99000549316406,232.3000030517578,228.375,229.36000061035156,194.095458984375,18603240
2013-05-13,230.5,231.875,226.80999755859375,227.77000427246094,192.7499237060547,12807580
2013-05-14,227.3249969482422,231.86000061035156,226.63999938964844,229.30499267578125,194.04888916015625,19822490
2013-05-15,231.00999450683594,239.27999877929688,230.52499389648438,238.27499389648438,201.63973999023438,27233960
2013-05-16,237.52999877929688,243.91000366210938,237.1999969482422,241.93499755859375,204.73703002929688,22683930
2013-05-17,242.0449981689453,243.47500610351562,238.8000030517578,242.48500061035156,205.20245361328125,16893270
2013-05-20,243.0,247.1999969482422,240.25,241.17999267578125,204.09811401367188,18149490
2013-05-21,242.0,242.89999389648438,235.38999938964844,236.07000732421875,199.77378845214844,19350270
2013-05-22,238.0,240.22000122070312,234.55499267578125,236.3000030517578,199.9683837890625,15125760
2013-05-23,235.5,235.5,215.3000030517578,217.75999450683594,184.27894592285156,63821860
2013-05-24,219.1999969482422,219.8000030517578,212.74000549316406,215.1199951171875,182.0448760986328,34747060
2013-05-27,215.39999389648438,218.3300018310547,214.67999267578125,216.2100067138672,182.96730041503906,22382280
2013-05-28,213.5399932861328,216.17999267578125,212.25,212.97999572753906,183.76107788085938,21430960
2013-05-29,213.51499938964844,213.92999267578125,209.80499267578125,210.6300048828125,181.7334747314453,16838910
2013-05-30,210.0,211.99000549316406,207.90499877929688,208.85499572753906,180.20199584960938,24345150
2013-05-31,208.19000244140625,208.89999389648438,204.2050018310547,204.6750030517578,176.59544372558594,20767490
2013-06-03,204.80999755859375,208.19500732421875,204.0050048828125,206.98500061035156,178.58851623535156,21804450
2013-06-04,207.0,208.39999389648438,202.10000610351562,202.82000732421875,174.9949493408203,18890680
2013-06-05,202.60000610351562,204.44000244140625,201.1999969482422,203.1750030517578,175.30123901367188,19682800
2013-06-06,202.3249969482422,206.6999969482422,200.64999389648438,204.8800048828125,176.7723388671875,24860940
2013-06-07,203.5,207.5,201.5,202.4149932861328,174.6455078125,18938650
2013-06-10,204.0,204.6999969482422,200.11000061035156,201.15499877929688,173.55833435058594,14601870
2013-06-11,200.5,202.60000610351562,198.1999969482422,199.75,172.3461151123047,27831190
2013-06-12,202.89999389648438,202.89999389648438,197.06500244140625,200.60499572753906,173.08380126953125,31892330
2013-06-13,198.9949951171875,203.5800018310547,198.52000427246094,201.8800048828125,174.1838836669922,21107870
2013-06-14,203.60000610351562,205.89999389648438,203.09500122070312,204.5850067138672,176.51780700683594,18141370
2013-06-17,205.2550048828125,207.39999389648438,199.22000122070312,206.5800018310547,178.2390899658203,25618850
2013-06-18,206.3000030517578,207.5,203.72500610351562,204.36000061035156,176.32366943359375,15409980
2013-06-19,204.39999389648438,205.21499633789062,202.8699951171875,204.5800018310547,176.5134735107422,15403450
2013-06-20,200.89999389648438,201.97999572753906,198.73500061035156,199.7550048828125,172.3504180908203,26521840
2013-06-21,199.39999389648438,200.88499450683594,196.6300048828125,198.91000366210938,171.62135314941406,26461690
2013-06-24,198.30499267578125,198.7100067138672,193.0,194.84500122070312,168.11404418945312,21810540
2013-06-25,194.8000030517578,194.9499969482422,190.125,190.77999877929688,164.60671997070312,30781170
2013-06-26,191.39999389648438,192.57000732421875,189.2100067138672,190.0050048828125,163.9380340576172,20557680
2013-06-27,192.14999389648438,193.0,190.10000610351562,191.25,165.01222229003906,19891950
2013-06-28,193.8000030517578,195.73500061035156,193.0,195.3800048828125,168.5756378173828,15660360
2013-07-01,196.3000030517578,202.10000610351562,195.5,201.55999755859375,173.90780639648438,15135150
2013-07-02,201.11500549316406,202.89999389648438,198.22999572753906,198.99000549316406,171.69036865234375,16265170
2013-07-03,197.60000610351562,197.60000610351562,189.27999877929688,189.875,163.8258819580078,25313640
2013-07-04,190.19500732421875,192.34500122070312,187.25999450683594,189.9949951171875,163.92942810058594,28494530
2013-07-05,192.11000061035156,192.77000427246094,188.8249969482422,189.44500732421875,163.45486450195312,17580390
2013-07-08,187.89999389648438,188.19000244140625,185.00999450683594,187.32000732421875,161.6214141845703,15419820
2013-07-09,188.6999969482422,191.25,188.05999755859375,189.46499633789062,163.4720916748047,22886230
2013-07-10,190.7050018310547,192.3800048828125,186.53500366210938,187.6300048828125,161.88885498046875,19184670
2013-07-11,191.10000610351562,192.8000030517578,190.0,191.13499450683594,164.91299438476562,15679190
2013-07-12,191.60000610351562,191.9949951171875,188.1300048828125,189.33999633789062,163.36427307128906,14990890
2013-07-15,189.1699981689453,191.71499633789062,186.8000030517578,191.22999572753906,164.99497985839844,23207480
2013-07-16,186.0,186.0,179.75,182.76499938964844,157.6912841796875,30413700
2013-07-17,183.60000610351562,183.89999389648438,179.00999450683594,180.6699981689453,155.88368225097656,24112260
2013-07-18,181.3000030517578,183.08999633789062,179.10000610351562,182.4250030517578,157.39796447753906,20494950
2013-07-19,182.89999389648438,182.89999389648438,179.86500549316406,181.1300048828125,156.2805938720703,14077470
2013-07-22,180.6999969482422,183.47999572753906,180.60000610351562,182.47000122070312,157.43675231933594,9686870
2013-07-23,183.8000030517578,186.97500610351562,183.27000427246094,186.09500122070312,160.564453125,14172240
2013-07-24,182.0,182.6999969482422,178.63499450683594,180.125,155.41346740722656,26278990
2013-07-25,179.39999389648438,181.60000610351562,178.91000366210938,179.81500244140625,155.14601135253906,29959130
2013-07-26,181.10000610351562,182.32000732421875,175.1699981689453,176.52499389648438,152.30738830566406,26165140
2013-07-29,176.72500610351562,177.0,173.28500366210938,174.0050048828125,150.13308715820312,16545080
2013-07-30,174.4250030517578,177.39999389648438,171.8350067138672,172.3300018310547,148.68789672851562,27908980
2013-07-31,171.77999877929688,171.97999572753906,169.0,170.83999633789062,147.4022979736328,30356230
2013-08-01,171.7949981689453,172.3000030517578,166.5,168.32000732421875,145.22802734375,23616550
2013-08-02,168.8000030517578,170.89500427246094,166.5,168.05999755859375,145.00367736816406,25310950
2013-08-05,168.8000030517578,169.39999389648438,165.55999755859375,168.22500610351562,145.1460723876953,17653750
2013-08-06,166.5,167.63999938964844,163.30499267578125,164.13999938964844,141.6215057373047,25454280
2013-08-07,164.5,172.89999389648438,163.60000610351562,171.61000061035156,148.06666564941406,30640510
2013-08-08,170.8249969482422,171.80499267578125,165.0,166.4149932861328,143.58436584472656,22000410
2013-08-12,166.4149932861328,166.97000122070312,157.5,160.53500366210938,138.5110626220703,54399680
2013-08-13,159.47000122070312,162.6999969482422,157.5,161.9949951171875,139.770751953125,40050290
2013-08-14,162.39999389648438,164.3350067138672,160.8000030517578,162.44000244140625,140.1547088623047,22630340
2013-08-16,161.08999633789062,161.39999389648438,155.3000030517578,157.05999755859375,135.51280212402344,33161930
2013-08-19,156.8000030517578,156.8000030517578,152.10000610351562,153.0500030517578,132.0529327392578,27358320
2013-08-20,150.0,156.1649932861328,148.86000061035156,155.40499877929688,134.08485412597656,24469990
2013-08-21,164.0,165.08999633789062,152.3000030517578,154.8000030517578,133.56283569335938,32616310
2013-08-22,153.27000427246094,157.19000244140625,151.22999572753906,156.47500610351562,135.00804138183594,39523490
2013-08-23,156.65499877929688,158.6750030517578,154.2100067138672,155.91000366210938,134.52056884765625,22294020
2013-08-26,157.11000061035156,158.48500061035156,154.51499938964844,155.72500610351562,134.36094665527344,17001610
2013-08-27,154.1999969482422,154.22500610351562,150.14999389648438,152.0,131.14697265625,23246040
2013-08-28,150.0,151.1999969482422,145.27000427246094,149.78500366210938,129.23585510253906,25272130
2013-08-29,151.3000030517578,152.4600067138672,147.25,148.77999877929688,128.3687286376953,20084810
2013-08-30,148.63999938964844,152.60000610351562,147.02999877929688,151.89500427246094,131.056396484375,21562390
2013-09-02,152.0,154.0,151.03500366210938,151.63499450683594,130.83206176757812,13421710
2013-09-03,152.4949951171875,153.4600067138672,146.11000061035156,147.56500244140625,127.32042694091797,21050700
2013-09-04,147.60000610351562,151.14999389648438,145.57000732421875,149.4199981689453,128.92092895507812,23858020
2013-09-05,153.60000610351562,164.4499969482422,153.3350067138672,163.81500244140625,141.34109497070312,41009330
2013-09-06,163.8000030517578,164.8000030517578,159.69000244140625,163.4550018310547,141.0304718017578,24826830
2013-09-10,166.0050048828125,169.50999450683594,162.10000610351562,163.35000610351562,140.93988037109375,21510870
2013-09-11,162.2899932861328,169.77499389648438,160.22999572753906,169.0050048828125,145.8190460205078,28928540
2013-09-12,170.0,170.77000427246094,164.60000610351562,165.83999633789062,143.0882568359375,19021980
2013-09-13,163.8000030517578,168.60000610351562,163.10499572753906,166.11000061035156,143.3212127685547,17630960
2013-09-16,169.6999969482422,170.5,163.52999877929688,164.63499450683594,142.04856872558594,22536660
2013-09-17,165.1999969482422,166.0,162.72000122070312,163.36500549316406,140.95281982421875,16469200
2013-09-18,164.5,167.82000732421875,163.69000244140625,167.36500549316406,144.404052734375,13959810
2013-09-19,174.39999389648438,181.8000030517578,174.31500244140625,180.77499389648438,155.97430419921875,33437450
2013-09-20,181.3800048828125,184.4499969482422,169.24000549316406,174.7550048828125,150.7802276611328,50467260
2013-09-23,170.9149932861328,171.39999389648438,164.3350067138672,165.46499633789062,142.76467895507812,24899540
2013-09-24,162.0,165.4149932861328,159.625,164.4949951171875,141.92776489257812,27959960
2013-09-25,164.02499389648438,170.22000122070312,164.02000427246094,169.26499938964844,146.0433807373047,31710460
2013-09-26,168.52499389648438,169.75999450683594,166.42999267578125,167.61000061035156,144.6154327392578,16402440
2013-09-27,168.05499267578125,168.86000061035156,162.73500061035156,164.07000732421875,141.56106567382812,16454000
2013-09-30,161.3800048828125,162.8000030517578,159.6649932861328,161.49000549316406,139.3350372314453,16838130
2013-10-01,162.23500061035156,164.8350067138672,161.39999389648438,164.3350067138672,141.7897491455078,12547570
2013-10-03,164.3000030517578,166.5,162.52000427246094,166.02000427246094,143.24356079101562,17636560
2013-10-04,165.0,167.8000030517578,163.0,165.06500244140625,142.41957092285156,20201430
2013-10-07,164.125,164.5,162.0050048828125,163.30499267578125,140.90101623535156,11363520
2013-10-08,167.52499389648438,167.9499969482422,159.75,160.7550048828125,138.70086669921875,26710340
2013-10-09,159.08999633789062,161.77999877929688,157.38499450683594,160.89999389648438,138.8260040283203,34175100
2013-10-10,161.02499389648438,163.9550018310547,160.8000030517578,163.2949981689453,140.8924102783203,17336910
2013-10-11,165.0,167.19000244140625,163.10000610351562,165.27999877929688,142.60507202148438,15976780
2013-10-14,164.625,166.89999389648438,164.36500549316406,165.72000122070312,142.9846954345703,10581410
2013-10-15,166.39999389648438,169.35000610351562,161.11000061035156,162.27999877929688,140.01663208007812,23221460
2013-10-17,162.56500244140625,163.47999572753906,160.0,162.1300048828125,139.88723754882812,19848640
2013-10-18,162.89999389648438,167.19000244140625,162.6999969482422,166.4600067138672,143.62319946289062,16838070
2013-10-21,166.7100067138672,169.5,166.1999969482422,167.15499877929688,144.22286987304688,14555250
2013-10-22,167.0,169.19000244140625,166.0,167.52499389648438,144.54208374023438,13665340
2013-10-23,169.1999969482422,173.49000549316406,168.5,171.65499877929688,148.1055145263672,32879400
2013-10-24,171.8000030517578,174.49000549316406,170.76499938964844,171.8300018310547,148.25648498535156,21267920
2013-10-25,171.5,173.97000122070312,170.0,172.09500122070312,148.48512268066406,14223140
2013-10-28,172.5,173.88999938964844,167.13999938964844,167.5399932861328,144.55503845214844,13060010
2013-10-29,167.10000610351562,174.5,164.55999755859375,174.0449981689453,150.1676025390625,30146060
2013-10-30,174.80499267578125,175.85000610351562,171.47500610351562,172.10499572753906,148.49378967285156,14466420
2013-10-31,171.7949981689453,180.33999633789062,170.57000732421875,179.6750030517578,155.02523803710938,33459510
2013-11-01,179.3000030517578,189.0,178.92999267578125,187.89999389648438,162.12179565429688,34197760
2013-11-05,187.22999572753906,190.7899932861328,184.02000427246094,187.59500122070312,161.8586883544922,21888850
2013-11-06,186.1999969482422,188.53500366210938,180.39999389648438,180.9550018310547,156.12957763671875,23159300
2013-11-07,181.0800018310547,182.8000030517578,174.6999969482422,175.25999450683594,151.21591186523438,31283760
2013-11-08,174.89999389648438,176.8000030517578,173.0,174.42999267578125,150.49977111816406,17637190
2013-11-11,172.97000122070312,175.2949981689453,169.52499389648438,170.43499755859375,147.0528564453125,18516020
2013-11-12,170.48500061035156,171.6999969482422,166.89999389648438,167.2949981689453,144.34364318847656,24334250
2013-11-13,165.80999755859375,173.72999572753906,165.26499938964844,169.7050018310547,146.4230194091797,60408150
2013-11-14,172.30499267578125,174.0850067138672,170.57000732421875,172.30999755859375,148.67063903808594,18331450
2013-11-18,174.53500366210938,177.0,173.2100067138672,176.75999450683594,152.51011657714844,18948610
2013-11-19,176.39999389648438,183.0,176.3000030517578,182.33999633789062,157.32460021972656,28702840
2013-11-20,181.89999389648438,183.47000122070312,178.1999969482422,179.57000732421875,154.9346160888672,23355560
2013-11-21,178.2449951171875,178.86000061035156,175.5,176.2949981689453,152.10891723632812,23675930
2013-11-22,176.75999450683594,178.08999633789062,173.5,173.7949981689453,149.95188903808594,17754460
2013-11-25,174.14999389648438,181.16000366210938,174.0050048828125,180.6649932861328,155.87939453125,22735900
2013-11-26,180.0,181.9499969482422,178.10000610351562,178.52499389648438,154.03297424316406,16048660
2013-11-27,178.60000610351562,179.8699951171875,175.69000244140625,176.3699951171875,152.17364501953125,13691010
2013-11-28,177.6999969482422,179.06500244140625,176.0749969482422,176.36000061035156,152.1649932861328,18432410
2013-11-29,176.10000610351562,182.6999969482422,176.10000610351562,181.94500732421875,156.9838104248047,23401810
2013-12-02,182.6999969482422,185.35000610351562,181.24000549316406,182.21499633789062,157.2167510986328,17459790
2013-12-03,181.4949951171875,182.97999572753906,180.52499389648438,181.35000610351562,156.4704132080078,14806910
2013-12-04,180.6999969482422,183.47500610351562,179.6999969482422,181.73500061035156,156.8026123046875,15426920
2013-12-05,186.0,188.26499938964844,184.6199951171875,185.59500122070312,160.13304138183594,23662450
2013-12-06,185.1999969482422,186.7100067138672,184.5050048828125,185.9550018310547,160.4436492919922,14500680
2013-12-09,191.10000610351562,192.39999389648438,188.5050048828125,189.0850067138672,163.14425659179688,18775040
2013-12-10,189.47500610351562,189.86000061035156,183.6300048828125,184.3300018310547,159.04161071777344,18864240
2013-12-11,184.0,184.2949981689453,178.14999389648438,179.65499877929688,155.0079803466797,20710400
2013-12-12,179.0,179.8000030517578,177.15499877929688,177.6999969482422,153.3211669921875,15817310
2013-12-13,175.8000030517578,177.0,174.00999450683594,174.36000061035156,150.43939208984375,16462210
2013-12-16,173.00999450683594,176.19000244140625,172.73500061035156,173.2100067138672,149.44715881347656,13021320
2013-12-17,175.02000427246094,175.5,171.26499938964844,171.8300018310547,148.25648498535156,17632770
2013-12-18,171.5,177.88999938964844,171.5,176.33999633789062,152.1477508544922,23581260
2013-12-19,177.22999572753906,177.83999633789062,171.25,173.10499572753906,149.35658264160156,18373200
2013-12-20,172.5,175.8000030517578,172.0050048828125,175.1199951171875,151.09510803222656,15023660
2013-12-23,174.5,177.27999877929688,174.5,175.84500122070312,151.72064208984375,13320010
2013-12-24,175.9149932861328,177.1999969482422,175.1999969482422,175.9250030517578,151.78970336914062,13339310
2013-12-26,175.3000030517578,177.1699981689453,174.6999969482422,175.34500122070312,151.28927612304688,16332130
2013-12-27,175.5,178.13999938964844,175.5,177.00999450683594,152.72581481933594,10695570
2013-12-30,178.0800018310547,178.8699951171875,175.50999450683594,176.4600067138672,152.25128173828125,10861570
2013-12-31,175.94500732421875,177.3000030517578,174.97000122070312,176.64999389648438,152.4152069091797,10753080
2014-01-01,177.1999969482422,177.49000549316406,176.125,176.5050048828125,152.2901153564453,5904780
2014-01-02,176.58999633789062,180.60000610351562,173.22000122070312,174.25999450683594,150.3531036376953,19451900
2014-01-03,172.6999969482422,173.60000610351562,171.10000610351562,171.96499633789062,148.37295532226562,13759590
2014-01-06,172.19000244140625,172.39999389648438,168.1999969482422,168.81500244140625,145.6551055908203,13907830
2014-01-07,169.2899932861328,170.1999969482422,165.5,166.13999938964844,143.3470916748047,17352910
2014-01-08,166.4250030517578,167.7949981689453,165.10000610351562,165.71499633789062,142.9803924560547,14248790
2014-01-09,165.3000030517578,166.27499389648438,163.0,163.97999572753906,141.48342895507812,14791100
2014-01-10,163.9550018310547,165.60000610351562,160.0,160.81500244140625,138.7526397705078,20473070
2014-01-13,161.01499938964844,164.50999450683594,161.01499938964844,164.125,141.60853576660156,15564850
2014-01-14,163.5,164.89999389648438,162.3350067138672,162.75,140.4221954345703,10197000
2014-01-15,163.1999969482422,165.8000030517578,163.1999969482422,164.07000732421875,141.56106567382812,13624980
2014-01-16,164.4149932861328,165.1750030517578,163.2449951171875,163.6199951171875,141.1728057861328,7241970
2014-01-17,163.4550018310547,164.4499969482422,161.6999969482422,162.15499877929688,139.9088134765625,11207380
2014-01-20,162.15499877929688,164.58999633789062,161.6649932861328,164.18499755859375,141.6603240966797,9468650
2014-01-21,165.38999938964844,167.27000427246094,164.6199951171875,165.9499969482422,143.18319702148438,12351890
2014-01-22,165.39999389648438,165.7949981689453,163.52499389648438,164.68499755859375,142.0917205810547,9821920
2014-01-23,163.89999389648438,166.3000030517578,163.61500549316406,165.8300018310547,143.07960510253906,9241310
2014-01-24,164.89999389648438,166.49000549316406,161.8000030517578,162.1199951171875,139.8786163330078,16616560
2014-01-27,159.7899932861328,160.39999389648438,158.30499267578125,159.4499969482422,137.5749053955078,15688040
2014-01-28,160.30499267578125,162.8000030517578,157.8249969482422,159.6300048828125,137.73020935058594,18296910
2014-01-29,161.3000030517578,162.17999267578125,157.0,157.36500549316406,135.7759552001953,17594550
2014-01-30,155.5,155.8000030517578,151.0050048828125,151.66000366210938,130.8536376953125,20955320
2014-01-31,153.0500030517578,153.89999389648438,151.3000030517578,152.38499450683594,131.47915649414062,13174950
2014-02-03,152.5,152.89999389648438,148.5,148.8350067138672,128.4161834716797,14150230
2014-02-04,147.39999389648438,152.1999969482422,146.67999267578125,151.5399932861328,130.75010681152344,18002040
2014-02-05,151.88999938964844,152.99000549316406,150.11000061035156,152.1699981689453,131.2936553955078,13227190
2014-02-06,152.2100067138672,153.7899932861328,149.34500122070312,150.48500061035156,129.83981323242188,16116300
2014-02-07,152.0050048828125,153.47000122070312,150.35000610351562,152.75999450683594,131.80270385742188,18203400
2014-02-10,153.03500366210938,153.28500366210938,150.72999572753906,151.41000366210938,130.637939453125,10494640
2014-02-11,151.4949951171875,152.75,151.4499969482422,151.97000122070312,131.12110900878906,7118720
2014-02-12,152.7100067138672,154.0,151.80499267578125,153.25,132.22549438476562,15539930
2014-02-13,153.3000030517578,153.5800018310547,149.60499572753906,150.05499267578125,129.46881103515625,13251910
2014-02-14,150.22999572753906,151.47999572753906,145.50999450683594,147.50999450683594,127.27296447753906,45823350
2014-02-17,147.0,148.49000549316406,146.3249969482422,147.36000061035156,127.14352416992188,16601150
2014-02-18,147.6999969482422,150.97999572753906,147.11000061035156,150.09500122070312,129.5033416748047,13981720
2014-02-19,149.99000549316406,151.5,149.8000030517578,150.80499267578125,130.1159210205078,9753850
2014-02-20,149.6999969482422,150.10499572753906,147.63499450683594,148.05999755859375,127.7475357055664,10363320
2014-02-21,148.5,150.5,148.5,150.2100067138672,129.60256958007812,9430050
2014-02-24,150.0749969482422,151.74000549316406,148.9199981689453,151.0500030517578,130.32730102539062,10295950
2014-02-25,151.6999969482422,152.10000610351562,149.91000366210938,150.60000610351562,129.93905639648438,9445490
2014-02-26,151.0,153.47999572753906,150.52999877929688,152.0399932861328,131.18150329589844,31769610
2014-02-28,152.9199981689453,153.94000244140625,151.8000030517578,153.3249969482422,132.2902069091797,13109410
2014-03-03,153.0,155.86000061035156,151.50999450683594,151.8350067138672,131.00460815429688,16179310
2014-03-04,151.8000030517578,155.48500061035156,151.5,155.03500366210938,133.76559448242188,17249460
2014-03-05,156.0,158.1999969482422,154.0,157.66000366210938,136.03048706054688,25001030
2014-03-06,158.35000610351562,158.35000610351562,156.1999969482422,157.74000549316406,136.0994873046875,22604310
2014-03-07,158.39999389648438,166.44500732421875,158.22999572753906,164.96499633789062,142.3332977294922,51525570
2014-03-10,164.39999389648438,171.10000610351562,164.0,169.21499633789062,146.000244140625,44180640
2014-03-11,169.0,172.2100067138672,166.60499572753906,167.47999572753906,145.795654296875,25625230
2014-03-12,165.92999267578125,167.39999389648438,163.75,164.50999450683594,143.21023559570312,17206710
2014-03-13,165.0,169.60000610351562,164.2899932861328,165.2100067138672,143.819580078125,29306490
2014-03-14,163.60000610351562,166.8800048828125,163.39999389648438,165.4149932861328,143.99803161621094,17043720
2014-03-18,165.5,170.89999389648438,165.5,170.1300048828125,148.10255432128906,29193580
2014-03-19,171.0,171.9499969482422,169.65499877929688,170.88499450683594,148.75978088378906,17798490
2014-03-20,170.60000610351562,170.60000610351562,167.25,167.7949981689453,146.0698699951172,14052620
2014-03-21,169.8000030517578,171.17999267578125,168.89999389648438,170.21499633789062,148.1765594482422,16902930
2014-03-24,171.09500122070312,173.99000549316406,171.09500122070312,172.55999755859375,150.2179412841797,16494770
2014-03-25,173.27999877929688,174.77000427246094,172.80999755859375,174.33999633789062,151.76747131347656,16789650
2014-03-26,175.4149932861328,177.39999389648438,174.15499877929688,176.75,153.86544799804688,20279380
2014-03-27,178.0,185.3800048828125,178.0,183.6999969482422,159.91558837890625,48585150
2014-03-28,185.64999389648438,191.59500122070312,185.64999389648438,190.19500732421875,165.56964111328125,33298740
2014-03-31,191.5,193.8800048828125,188.52000427246094,191.77000427246094,166.9407196044922,25924470
2014-04-01,192.8000030517578,193.35499572753906,186.75,189.36500549316406,164.84713745117188,22272160
2014-04-02,192.0,194.0,188.77999877929688,193.49000549316406,168.43804931640625,19202730
2014-04-03,193.39999389648438,193.8000030517578,188.36000061035156,189.6199951171875,165.06907653808594,20425470
2014-04-04,189.89999389648438,191.22999572753906,187.01499938964844,190.27999877929688,165.64366149902344,20800500
2014-04-07,190.97000122070312,192.57000732421875,189.83999633789062,192.24000549316406,167.34988403320312,22630300
2014-04-09,193.0050048828125,199.1999969482422,193.0050048828125,198.5,172.79937744140625,26631730
2014-04-10,199.5,204.0,199.02000427246094,202.80499267578125,176.54696655273438,28796540
2014-04-11,201.5,202.97000122070312,198.44000244140625,199.4149932861328,173.5959014892578,20895560
2014-04-15,199.5,200.47500610351562,194.76499938964844,196.40499877929688,170.9756317138672,16863520
2014-04-16,196.60000610351562,199.46499633789062,195.00999450683594,195.94000244140625,170.57086181640625,19376260
2014-04-17,196.71499633789062,202.1999969482422,196.27499389648438,201.72999572753906,175.61114501953125,21513800
2014-04-21,202.1999969482422,207.8800048828125,202.1999969482422,207.2100067138672,180.38168334960938,18872420
2014-04-22,207.39999389648438,207.6999969482422,204.02000427246094,204.85499572753906,178.33157348632812,18364100
2014-04-23,204.5,207.8000030517578,204.0850067138672,206.52000427246094,179.78099060058594,23265390
2014-04-24,206.52000427246094,206.52000427246094,206.52000427246094,206.52000427246094,179.78099060058594,0
2014-04-25,206.0,211.15499877929688,204.2899932861328,208.52499389648438,181.52638244628906,22655730
2014-04-28,208.0,211.89999389648438,207.14500427246094,210.6199951171875,183.3501434326172,16889200
2014-04-29,211.97500610351562,212.49000549316406,206.0,206.5800018310547,179.83322143554688,16514320
2014-04-30,206.9949951171875,210.77999877929688,205.38999938964844,207.86000061035156,180.947509765625,22114870
2014-05-02,209.5,210.47999572753906,204.00999450683594,204.82000732421875,178.30111694335938,15446470
2014-05-05,205.4499969482422,206.98500061035156,203.5,204.4550018310547,177.9833526611328,13172760
2014-05-06,205.97999572753906,206.375,204.07000732421875,205.22000122070312,178.6492919921875,9841880
2014-05-07,205.1699981689453,208.5,204.39999389648438,207.5800018310547,180.70376586914062,19519520
2014-05-08,208.64999389648438,210.39999389648438,207.125,209.1750030517578,182.09225463867188,19363440
2014-05-09,208.0,218.52000427246094,208.0,217.3249969482422,189.18702697753906,27635400
2014-05-12,218.8000030517578,226.47999572753906,218.8000030517578,224.27000427246094,195.23281860351562,26436870
2014-05-13,228.0,232.39999389648438,226.0399932861328,227.61000061035156,198.140380859375,32756640
2014-05-14,228.1999969482422,231.5850067138672,226.72500610351562,228.2550048828125,198.70184326171875,28870930
2014-05-15,229.0,230.3000030517578,227.23500061035156,227.9250030517578,198.4146270751953,21093980
2014-05-16,235.0,250.6999969482422,230.10000610351562,241.72000122070312,210.42352294921875,79653680
2014-05-19,244.89999389648438,259.4800109863281,244.89999389648438,256.80999755859375,223.5597381591797,36044700
2014-05-20,261.07000732421875,261.5,251.0399932861328,252.6649932861328,219.951416015625,23419880
2014-05-21,252.8000030517578,253.0,245.1999969482422,245.92999267578125,214.08837890625,23542300
2014-05-22,247.5,253.8000030517578,247.10000610351562,251.1649932861328,218.64561462402344,20116860
2014-05-23,252.0,277.70001220703125,249.72500610351562,275.3500061035156,239.69924926757812,89947940
2014-05-26,283.3999938964844,283.489990234375,262.8999938964844,270.19000244140625,235.20736694335938,43472930
2014-05-27,269.7200012207031,270.0,261.6700134277344,262.93499755859375,228.8916778564453,21141040
2014-05-28,263.70001220703125,264.5899963378906,259.0150146484375,261.0199890136719,227.22459411621094,22103120
2014-05-29,260.2900085449219,264.260009765625,258.0,260.1449890136719,227.77183532714844,38177620
2014-05-30,260.2950134277344,262.0,253.10000610351562,254.22500610351562,222.5885772705078,23614930
2014-06-02,254.89999389648438,265.1700134277344,252.6699981689453,264.4700012207031,231.55865478515625,22338560
2014-06-03,266.614990234375,268.80499267578125,262.135009765625,264.5199890136719,231.60243225097656,31312470
2014-06-04,262.2300109863281,269.3699951171875,262.2300109863281,268.2650146484375,234.8813934326172,19581210
2014-06-05,268.45001220703125,272.29998779296875,267.1000061035156,269.7900085449219,236.2166290283203,21508380
2014-06-06,273.5,275.4700012207031,271.5350036621094,273.9800109863281,239.88519287109375,23003760
2014-06-09,275.5,276.1499938964844,269.7099914550781,270.7850036621094,237.08782958984375,16762200
2014-06-10,271.3999938964844,271.8399963378906,265.1099853515625,266.5799865722656,233.40606689453125,15604840
2014-06-11,268.29998779296875,273.375,266.3999938964844,269.7349853515625,236.16845703125,20880260
2014-06-12,269.7099914550781,271.0,267.010009765625,270.1300048828125,236.5143280029297,17608610
2014-06-13,270.79998779296875,271.0,258.6000061035156,260.7900085449219,228.33660888671875,18537170
2014-06-16,261.0899963378906,261.4949951171875,254.7050018310547,258.06500244140625,225.95069885253906,17379420
2014-06-17,256.4100036621094,267.2349853515625,255.35000610351562,265.3299865722656,232.31163024902344,22808210
2014-06-18,264.0,268.42999267578125,260.6650085449219,264.1549987792969,231.28285217285156,25021300
2014-06-19,264.70001220703125,266.8349914550781,259.5400085449219,260.5450134277344,228.12210083007812,21446630
2014-06-20,260.70001220703125,262.375,256.760009765625,258.30999755859375,226.16525268554688,15397210
2014-06-23,258.3999938964844,262.4549865722656,256.70001220703125,260.0199890136719,227.6623992919922,17948990
2014-06-24,260.0199890136719,267.3800048828125,260.0199890136719,266.32000732421875,233.1784210205078,17354830
2014-06-25,266.3999938964844,270.42999267578125,264.7200012207031,269.19000244140625,235.6912384033203,23118070
2014-06-26,270.0,271.7550048828125,263.94500732421875,265.2550048828125,232.2459716796875,17973090
2014-06-27,265.54998779296875,266.989990234375,262.79998779296875,263.8949890136719,231.05517578125,10927310
2014-06-30,265.0,270.69500732421875,264.55499267578125,268.625,235.1965789794922,15140470
2014-07-01,269.8999938964844,270.8999938964844,267.6499938964844,268.0199890136719,234.6668701171875,9828620
2014-07-02,270.0050048828125,272.8999938964844,269.2349853515625,270.2250061035156,236.59750366210938,16497960
2014-07-03,270.0,272.04998779296875,267.7250061035156,269.6199951171875,236.06777954101562,14368590
2014-07-04,270.1000061035156,271.4700012207031,266.0050048828125,269.80999755859375,236.23416137695312,15306300
2014-07-07,269.7099914550781,271.375,267.5,268.4700012207031,235.06088256835938,13937420
2014-07-08,268.29998779296875,269.70001220703125,256.0,257.5199890136719,225.47352600097656,17690110
2014-07-09,259.0,261.489990234375,254.5500030517578,258.2250061035156,226.09080505371094,18223190
2014-07-10,258.31500244140625,265.19500732421875,250.5,254.57000732421875,222.89060974121094,37386490
2014-07-11,253.14999389648438,254.3699951171875,241.1999969482422,242.52499389648438,212.3445281982422,22975720
2014-07-14,242.0,244.08999633789062,236.63999938964844,241.10499572753906,211.10122680664062,16142970
2014-07-15,242.71499633789062,252.48500061035156,242.71499633789062,251.75999450683594,220.43032836914062,20244400
2014-07-16,253.8000030517578,258.6400146484375,253.59500122070312,257.3550109863281,225.32907104492188,21653240
2014-07-17,255.6999969482422,262.2900085449219,253.30999755859375,260.2250061035156,227.84188842773438,16169410
2014-07-18,258.1600036621094,258.5,253.76499938964844,256.25,224.361572265625,13962750
2014-07-21,256.1000061035156,258.20001220703125,251.25999450683594,252.32000732421875,220.92063903808594,12814270
2014-07-22,252.8000030517578,254.89999389648438,250.34500122070312,252.4199981689453,221.0081787109375,10256470
2014-07-23,254.1999969482422,257.2950134277344,251.6999969482422,254.03500366210938,222.4221954345703,15629540
2014-07-24,254.89999389648438,257.0950012207031,253.01499938964844,255.7100067138672,223.88877868652344,12997790
2014-07-25,254.25,256.70001220703125,248.30999755859375,250.05499267578125,218.93746948242188,13895680
2014-07-28,250.52000427246094,253.1999969482422,247.5,248.96499633789062,217.98312377929688,12536680
2014-07-30,249.10000610351562,250.6699981689453,243.02999877929688,246.9499969482422,216.2188720703125,24264520
2014-07-31,245.6999969482422,248.1999969482422,243.39999389648438,243.9250030517578,213.57034301757812,18349440
2014-08-01,241.5,248.5,241.0,243.72000122070312,213.3908233642578,20333530
2014-08-04,245.3000030517578,246.89999389648438,244.08999633789062,246.13999938964844,215.50967407226562,13946260
2014-08-05,247.65499877929688,248.39999389648438,244.15499877929688,247.38999938964844,216.60414123535156,17961890
2014-08-06,245.5,246.47000122070312,242.11000061035156,242.625,212.43209838867188,12928410
2014-08-07,241.5,244.89999389648438,240.52999877929688,243.61000061035156,213.29452514648438,15579810
2014-08-08,241.1999969482422,244.5399932861328,239.0,241.7949981689453,211.7053680419922,32789900
2014-08-11,243.0,243.9949951171875,240.5,241.44500732421875,211.39895629882812,12536370
2014-08-12,242.0,243.88999938964844,240.1999969482422,242.9149932861328,212.68600463867188,12331020
2014-08-13,242.5,243.6300048828125,235.25,236.89500427246094,207.4151611328125,20923880
2014-08-14,238.10000610351562,238.35000610351562,235.00999450683594,236.25,206.85043334960938,15800260
2014-08-18,235.5,242.9250030517578,235.39999389648438,242.1199951171875,211.9899444580078,16556210
2014-08-19,243.4199981689453,246.1999969482422,242.93499755859375,244.22500610351562,213.83299255371094,15948060
2014-08-20,244.5,244.8300018310547,240.85000610351562,241.47500610351562,211.42520141601562,16065950
2014-08-21,241.39999389648438,247.69000244140625,241.00999450683594,246.7550048828125,216.04815673828125,27963970
2014-08-22,247.97500610351562,254.89999389648438,247.97500610351562,252.47000122070312,221.05197143554688,26474960
2014-08-25,253.0,257.739990234375,249.1699981689453,250.61500549316406,219.42782592773438,26784130
2014-08-26,249.98500061035156,250.89999389648438,246.52499389648438,249.60000610351562,218.53912353515625,14312180
2014-08-27,251.0050048828125,253.52499389648438,247.39999389648438,250.5,219.32708740234375,14200130
2014-08-28,251.1999969482422,252.375,245.3000030517578,246.07000732421875,215.44842529296875,14700480
2014-09-01,247.6999969482422,251.69500732421875,247.2899932861328,250.43499755859375,219.2701873779297,15193550
2014-09-02,251.71499633789062,253.39999389648438,250.39999389648438,252.1999969482422,220.8155517578125,16508080
2014-09-03,252.28500366210938,252.92999267578125,249.33999633789062,250.5,219.32708740234375,15715840
2014-09-04,250.60000610351562,250.89999389648438,247.60000610351562,248.61500549316406,217.6766815185547,12428860
2014-09-05,249.10000610351562,253.0,248.61000061035156,251.5749969482422,220.26834106445312,16913550
2014-09-08,253.72000122070312,257.20001220703125,252.7899932861328,256.5899963378906,224.6592559814453,17875080
2014-09-09,256.70001220703125,258.989990234375,255.1999969482422,256.7349853515625,224.78622436523438,12975200
2014-09-10,254.89999389648438,256.2900085449219,252.55999755859375,254.9949951171875,223.2627410888672,16289770
2014-09-11,256.32501220703125,260.8900146484375,256.32501220703125,260.30999755859375,227.9163055419922,15981320
2014-09-12,260.5,264.1000061035156,258.75,263.0400085449219,230.3065948486328,16374410
2014-09-15,261.3800048828125,264.3900146484375,259.45001220703125,262.32501220703125,229.6805877685547,17437540
2014-09-16,262.8999938964844,264.3999938964844,255.0,256.30999755859375,224.41407775878906,15687360
2014-09-17,258.3399963378906,258.80499267578125,253.69500732421875,256.2349853515625,224.348388671875,13044950
2014-09-18,255.39999389648438,262.79998779296875,254.39999389648438,262.0400085449219,229.43106079101562,20121200
2014-09-19,262.6000061035156,263.19000244140625,255.5,256.79998779296875,224.84310913085938,15558510
2014-09-22,255.10000610351562,262.5,254.22999572753906,260.1549987792969,227.78060913085938,14346980
2014-09-23,260.989990234375,262.4700012207031,254.9149932861328,255.6199951171875,223.80995178222656,19379150
2014-09-24,255.03500366210938,257.32000732421875,245.57000732421875,248.63499450683594,217.69418334960938,23106290
2014-09-25,249.5,249.99000549316406,236.22999572753906,237.77000427246094,208.18125915527344,28369080
2014-09-26,235.99000549316406,246.00999450683594,235.0050048828125,244.52499389648438,214.09564208984375,28118450
2014-09-29,245.10000610351562,247.8000030517578,242.60000610351562,244.97000122070312,214.48529052734375,13845560
2014-09-30,243.60499572753906,247.60000610351562,242.02999877929688,244.57000732421875,214.1350555419922,18632180
2014-10-01,244.5,245.39999389648438,241.22000122070312,242.3350067138672,212.17819213867188,10544750
2014-10-07,240.46499633789062,242.34500122070312,235.93499755859375,236.63999938964844,207.19189453125,13002440
2014-10-08,234.60499572753906,241.97999572753906,234.60499572753906,241.125,211.1187744140625,13589310
2014-10-09,242.60000610351562,249.85000610351562,242.60000610351562,247.9550018310547,217.0988311767578,17279230
2014-10-10,245.47999572753906,249.32000732421875,243.31500244140625,245.1199951171875,214.61660766601562,12525220
2014-10-13,243.6999969482422,249.44000244140625,243.1199951171875,248.5449981689453,217.6154022216797,13926640
2014-10-14,250.4550018310547,254.39999389648438,249.23500061035156,252.35499572753906,220.95127868652344,17315970
2014-10-15,252.35499572753906,252.35499572753906,252.35499572753906,252.35499572753906,220.95127868652344,0
2014-10-16,250.02499389648438,255.47999572753906,245.24000549316406,246.63999938964844,215.9474639892578,19073950
2014-10-17,248.8000030517578,253.4949951171875,247.50999450683594,252.19000244140625,220.80682373046875,14633000
2014-10-20,257.70001220703125,259.375,255.27499389648438,256.94500732421875,224.97007751464844,18824230
2014-10-21,258.0,260.70001220703125,256.9599914550781,258.4150085449219,226.25717163085938,15022310
2014-10-22,260.8999938964844,261.3599853515625,256.510009765625,257.5249938964844,225.4779052734375,14511170
2014-10-27,259.20001220703125,261.989990234375,258.1000061035156,259.7799987792969,227.4522705078125,13429580
2014-10-28,260.79998779296875,266.42999267578125,260.6000061035156,265.67498779296875,232.61370849609375,22963480
2014-10-29,267.70001220703125,267.8999938964844,263.1000061035156,264.375,231.47549438476562,17372970
2014-10-30,264.989990234375,265.30499267578125,262.20001220703125,263.79998779296875,230.97203063964844,15544270
2014-10-31,265.20001220703125,270.9800109863281,264.6000061035156,270.2799987792969,236.64561462402344,20770240
2014-11-03,270.6000061035156,274.3500061035156,269.42498779296875,272.3450012207031,238.4536590576172,17780640
2014-11-05,273.29998779296875,279.9800109863281,272.4049987792969,278.19000244140625,243.57130432128906,26605100
2014-11-07,277.5,278.1000061035156,273.0,274.25,240.12161254882812,18163030
2014-11-10,275.8999938964844,276.8999938964844,273.29998779296875,273.95001220703125,239.85894775390625,12068890
2014-11-11,274.7900085449219,276.25,270.5,274.0350036621094,239.93336486816406,17405950
2014-11-12,275.29998779296875,277.1499938964844,273.55499267578125,274.6050109863281,240.43243408203125,16233230
2014-11-13,275.6099853515625,276.2250061035156,269.5,271.92999267578125,238.09030151367188,16859020
2014-11-14,273.0,280.69000244140625,272.0,278.7850036621094,244.09226989746094,50846690
2014-11-17,279.3999938964844,295.1300048828125,279.2200012207031,294.05999755859375,257.4664001464844,49164120
2014-11-18,295.69500732421875,297.8999938964844,292.4100036621094,294.57501220703125,257.91729736328125,32898390
2014-11-19,294.8999938964844,296.79998779296875,290.3550109863281,291.04998779296875,254.83091735839844,20735930
2014-11-20,294.75,298.75,291.25,297.1000061035156,260.1280822753906,18099509
2014-11-21,299.8999938964844,307.0,297.25,305.5,267.4827575683594,21009207
2014-11-24,307.79998779296875,309.8500061035156,306.04998779296875,308.8500061035156,270.4158935546875,18631463
2014-11-25,309.8999938964844,309.95001220703125,301.0,304.45001220703125,266.5634460449219,26776620
2014-11-26,304.8999938964844,308.75,303.6000061035156,306.25,268.13946533203125,11131807
2014-11-27,307.0,308.5,303.8500061035156,305.8500061035156,267.7892150878906,15378080
2014-11-28,308.3999938964844,322.5,308.0,321.3999938964844,281.40411376953125,27760604
2014-12-01,322.79998779296875,326.95001220703125,317.6000061035156,319.6000061035156,279.828125,18449916
2014-12-02,318.8999938964844,322.79998779296875,311.54998779296875,318.70001220703125,279.04010009765625,23776383
2014-12-03,319.6499938964844,322.8999938964844,316.3500061035156,317.95001220703125,278.3834228515625,13699078
2014-12-04,319.8500061035156,321.0,314.04998779296875,320.29998779296875,280.44097900390625,13809486
2014-12-05,320.0,321.29998779296875,316.0,317.54998779296875,278.033203125,11391988
2014-12-08,318.6000061035156,318.6000061035156,312.29998779296875,312.8999938964844,273.9618225097656,9814223
2014-12-09,312.70001220703125,314.3999938964844,305.5,306.54998779296875,268.4021301269531,14926558
2014-12-10,303.5,317.20001220703125,303.29998779296875,315.95001220703125,276.6323547363281,15381613
2014-12-11,313.6000061035156,318.54998779296875,310.45001220703125,314.04998779296875,274.9687805175781,13151866
2014-12-12,313.6499938964844,316.8999938964844,309.0,311.3500061035156,272.60479736328125,11727933
2014-12-15,308.29998779296875,316.0,307.54998779296875,310.54998779296875,271.904296875,15117938
2014-12-16,308.1000061035156,311.0,293.0,295.6000061035156,258.8147277832031,20951938
2014-12-17,294.3999938964844,306.3999938964844,287.0,301.75,264.19940185546875,28290440
2014-12-18,310.79998779296875,312.6000061035156,304.5,307.1000061035156,268.8836364746094,18921827
2014-12-19,311.54998779296875,312.0,303.5,304.1499938964844,266.3007507324219,14130478
2014-12-22,306.29998779296875,308.6499938964844,303.3500061035156,307.70001220703125,269.40899658203125,11565161
2014-12-23,307.6000061035156,312.5,306.25,307.20001220703125,268.97119140625,12836868
2014-12-24,306.0,309.95001220703125,305.0,305.75,267.7016906738281,14866629
2014-12-26,306.8500061035156,309.79998779296875,306.04998779296875,307.6499938964844,269.365234375,7373519
2014-12-29,309.5,310.20001220703125,307.0,307.54998779296875,269.2776794433594,7699059
2014-12-30,308.20001220703125,310.75,306.0,309.75,271.203857421875,8113742
2014-12-31,310.04998779296875,312.95001220703125,310.0,311.8500061035156,273.0425720214844,6305857
2015-01-01,312.45001220703125,315.0,310.70001220703125,314.0,274.92498779296875,6138488
2015-01-02,314.3500061035156,318.29998779296875,314.3500061035156,315.25,276.0194396972656,9935094
2015-01-05,316.25,316.79998779296875,312.1000061035156,312.75,273.8305358886719,9136716
2015-01-06,310.0,311.1000061035156,298.70001220703125,299.8999938964844,262.57965087890625,15329257
2015-01-07,300.0,302.54998779296875,295.1499938964844,300.1499938964844,262.7984924316406,15046745
2015-01-08,305.0,306.5,302.3500061035156,304.8500061035156,266.9136962890625,8939749
2015-01-09,306.70001220703125,307.8500061035156,302.0,303.20001220703125,265.468994140625,11953948
2015-01-12,304.1499938964844,307.79998779296875,301.1000061035156,307.1000061035156,268.8836364746094,8536142
2015-01-13,308.1499938964844,310.75,304.1499938964844,305.1000061035156,267.1325378417969,9484804
2015-01-14,304.0,307.0,302.25,304.70001220703125,266.7823486328125,8855660
2015-01-15,319.8999938964844,323.70001220703125,314.0,320.29998779296875,280.44097900390625,30729523
2015-01-16,320.0,320.29998779296875,313.1000061035156,315.45001220703125,276.194580078125,21598514
2015-01-19,316.54998779296875,317.95001220703125,312.5,313.1499938964844,274.1807556152344,9975658
2015-01-20,314.0,319.79998779296875,314.0,318.1499938964844,278.55853271484375,13104643
2015-01-21,319.8999938964844,327.6000061035156,319.0,326.20001220703125,285.6068420410156,22617660
2015-01-22,326.8999938964844,327.6000061035156,321.79998779296875,324.6499938964844,284.2496337890625,12232626
2015-01-23,328.25,332.54998779296875,324.6499938964844,327.45001220703125,286.7012939453125,17127278
2015-01-27,329.3999938964844,332.1499938964844,322.6000061035156,330.04998779296875,288.9776916503906,13734088
2015-01-28,330.3999938964844,336.0,328.20001220703125,334.6000061035156,292.96148681640625,19428852
2015-01-29,332.79998779296875,333.6000061035156,325.1000061035156,327.0,286.3072509765625,14911660
2015-01-30,328.70001220703125,330.5,307.0,308.95001220703125,270.50341796875,30252827
2015-02-02,309.5,311.8999938964844,305.1000061035156,307.5,269.23388671875,17639807
2015-02-03,312.0,312.0,299.04998779296875,300.29998779296875,262.92987060546875,23743882
2015-02-04,302.70001220703125,302.95001220703125,291.8999938964844,293.04998779296875,256.58209228515625,21477507
2015-02-05,293.1499938964844,297.79998779296875,289.20001220703125,290.79998779296875,254.61207580566406,15722348
2015-02-06,291.0,294.8500061035156,285.70001220703125,290.29998779296875,254.17428588867188,15985714
2015-02-09,289.5,292.79998779296875,278.0,279.5,244.71827697753906,17088719
2015-02-10,277.5,290.79998779296875,275.70001220703125,287.29998779296875,251.54762268066406,22589681
2015-02-11,290.79998779296875,293.5,283.70001220703125,285.95001220703125,250.36563110351562,17366588
2015-02-12,288.8999938964844,289.0,278.29998779296875,284.29998779296875,248.92092895507812,20957180
2015-02-13,288.0,307.95001220703125,285.3500061035156,306.95001220703125,268.7523193359375,70540056
2015-02-16,310.6000061035156,313.1499938964844,304.70001220703125,306.70001220703125,268.5334777832031,21372131
2015-02-18,306.79998779296875,307.8999938964844,302.0,305.70001220703125,267.65789794921875,13472484
2015-02-19,306.1000061035156,307.29998779296875,296.79998779296875,302.3500061035156,264.7247619628906,17762135
2015-02-20,301.8999938964844,306.5,297.04998779296875,302.29998779296875,264.68096923828125,15792502
2015-02-23,303.20001220703125,304.6000061035156,294.3999938964844,296.54998779296875,259.64654541015625,12440505
2015-02-24,296.8999938964844,299.0,292.1000061035156,296.25,259.38385009765625,15046698
2015-02-25,299.0,300.6499938964844,295.0,295.54998779296875,258.7709655761719,12845169
2015-02-26,297.0,297.0,288.04998779296875,289.3999938964844,253.38629150390625,18707345
2015-02-27,291.25,301.0,290.1000061035156,299.8999938964844,262.57965087890625,18316053
2015-03-02,305.8999938964844,305.8999938964844,296.70001220703125,302.0,264.4183044433594,15085595
2015-03-03,303.5,305.3999938964844,299.70001220703125,302.6000061035156,264.94366455078125,14387971
2015-03-04,314.0,315.0,292.0,293.8500061035156,257.28253173828125,38674148
2015-03-05,294.75,296.25,289.75,293.79998779296875,257.2387390136719,16803823
2015-03-09,292.0,294.0,288.70001220703125,290.6499938964844,254.48072814941406,13199803
2015-03-10,290.75,293.25,285.1000061035156,287.6000061035156,251.810302734375,14064427
2015-03-11,288.54998779296875,290.8999938964844,283.75,285.1499938964844,249.6651611328125,16329314
2015-03-12,288.1499938964844,289.45001220703125,286.1000061035156,286.8500061035156,251.1536102294922,9969794
2015-03-13,290.0,291.04998779296875,280.0,280.75,245.812744140625,13414248
2015-03-16,281.5,283.8500061035156,280.0,281.6499938964844,246.60072326660156,15132928
2015-03-17,283.8999938964844,284.0,279.5,283.1000061035156,247.87025451660156,11350496
2015-03-18,284.1000061035156,288.45001220703125,282.0,287.29998779296875,251.54762268066406,12394230
2015-03-19,290.0,290.29998779296875,280.6000061035156,281.6000061035156,246.55694580078125,11046649
2015-03-20,281.79998779296875,282.3999938964844,276.79998779296875,278.25,243.6238250732422,11482652
2015-03-23,279.3999938964844,280.0,273.54998779296875,274.75,240.55934143066406,13058026
2015-03-24,273.79998779296875,276.3999938964844,269.0,270.54998779296875,236.8820343017578,17585259
2015-03-25,271.8999938964844,272.1000061035156,265.0,265.3999938964844,232.3729248046875,15824629
2015-03-26,264.5,265.8999938964844,255.1999969482422,256.6499938964844,224.7117919921875,22253318
2015-03-27,259.8500061035156,264.95001220703125,256.0,263.6000061035156,230.79693603515625,19423101
2015-03-30,265.1000061035156,269.3500061035156,263.1499938964844,267.8999938964844,234.56179809570312,12303870
2015-03-31,268.8999938964844,271.3500061035156,266.0,267.04998779296875,233.81759643554688,19482636
2015-04-01,266.6499938964844,274.6499938964844,263.1499938964844,273.45001220703125,239.42112731933594,12383589
2015-04-06,275.45001220703125,275.75,271.20001220703125,274.6499938964844,240.47181701660156,12925445
2015-04-07,275.29998779296875,276.3500061035156,270.29998779296875,272.04998779296875,238.1953582763672,12933524
2015-04-08,271.8999938964844,277.3500061035156,271.8500061035156,273.8999938964844,239.81517028808594,9913899
2015-04-09,275.0,281.79998779296875,272.5,280.8500061035156,245.9002685546875,13471276
2015-04-10,281.0,287.3500061035156,280.04998779296875,285.75,250.19052124023438,16880558
2015-04-13,287.79998779296875,288.5,283.3500061035156,286.29998779296875,250.67205810546875,11985436
2015-04-15,287.3999938964844,294.45001220703125,285.95001220703125,290.0,253.9116668701172,17289500
2015-04-16,290.25,294.25,286.5,292.3999938964844,256.0129699707031,15043998
2015-04-17,291.0,294.8999938964844,289.20001220703125,291.75,255.44386291503906,16819018
2015-04-20,291.0,293.3500061035156,284.8500061035156,287.6499938964844,251.85403442382812,13788536
2015-04-21,287.3999938964844,292.0,281.75,289.20001220703125,253.21119689941406,15487948
2015-04-22,290.54998779296875,293.25,275.3999938964844,283.8500061035156,248.52694702148438,17741741
2015-04-23,285.0,287.3999938964844,276.25,277.6499938964844,243.09848022460938,13874710
2015-04-24,278.3500061035156,279.6000061035156,274.3500061035156,275.54998779296875,241.259765625,10049508
2015-04-27,276.54998779296875,276.54998779296875,266.1000061035156,267.04998779296875,233.81759643554688,12394191
2015-04-28,267.0,273.5,265.1499938964844,272.5,238.58938598632812,12693457
2015-04-29,272.25,273.3999938964844,269.54998779296875,271.8999938964844,238.0640411376953,8217676
2015-04-30,270.1000061035156,273.45001220703125,266.70001220703125,269.75,236.1815643310547,21635216
2015-05-04,274.0,278.0,271.6499938964844,277.1499938964844,242.6607208251953,8012690
2015-05-05,277.0,277.0,271.3500061035156,272.04998779296875,238.1953582763672,7102772
2015-05-06,271.45001220703125,273.6000061035156,263.25,265.3999938964844,232.3729248046875,16335660
2015-05-07,264.0,267.25,259.6499938964844,260.95001220703125,228.4766845703125,15962706
2015-05-08,264.0,268.0,260.29998779296875,261.95001220703125,229.3522491455078,14044596
2015-05-11,263.3999938964844,277.20001220703125,262.6000061035156,276.04998779296875,241.69757080078125,17198308
2015-05-12,275.29998779296875,275.3999938964844,266.3500061035156,267.3999938964844,234.12403869628906,12792368
2015-05-13,269.8999938964844,275.0,268.04998779296875,274.29998779296875,240.16539001464844,9245732
2015-05-14,274.0,281.8999938964844,272.95001220703125,280.95001220703125,245.98785400390625,13101418
2015-05-15,282.0,288.3500061035156,282.0,287.45001220703125,251.67898559570312,18247889
2015-05-18,289.8999938964844,290.0,285.3999938964844,289.75,253.69276428222656,13266119
2015-05-19,289.20001220703125,291.3500061035156,286.20001220703125,288.45001220703125,252.55450439453125,14541041
2015-05-20,289.5,294.79998779296875,289.25,292.6000061035156,256.1881103515625,11807544
2015-05-21,294.0,294.75,288.45001220703125,290.25,254.1304931640625,12118415
2015-05-22,293.0,305.0,280.75,282.45001220703125,247.3011932373047,69490117
2015-05-25,280.20001220703125,284.29998779296875,276.1499938964844,277.6499938964844,243.09848022460938,20356833
2015-05-26,279.0,280.79998779296875,276.0,277.1499938964844,242.6607208251953,9675703
2015-05-27,277.0,281.6000061035156,274.20001220703125,280.75,245.812744140625,12176680
2015-05-28,279.79998779296875,279.79998779296875,276.1000061035156,277.6000061035156,246.123046875,13024987
2015-05-29,278.6499938964844,281.6499938964844,277.1000061035156,278.1499938964844,246.6107177734375,14809918
2015-06-01,278.6499938964844,282.0,277.54998779296875,278.20001220703125,246.65499877929688,11567692
2015-06-02,278.79998779296875,279.45001220703125,265.3500061035156,266.25,236.06002807617188,21653784
2015-06-03,267.0,267.29998779296875,255.0500030517578,257.3999938964844,228.21348571777344,25967877
2015-06-04,259.8999938964844,261.3999938964844,253.75,257.6000061035156,228.3908233642578,20210546
2015-06-05,257.0,262.0,255.60000610351562,257.79998779296875,228.56813049316406,13539638
2015-06-08,258.75,258.75,252.5500030517578,254.9499969482422,226.0413055419922,17384700
2015-06-09,255.0,258.29998779296875,254.0,257.6000061035156,228.3908233642578,15275972
2015-06-10,259.0,262.54998779296875,258.5,260.6000061035156,231.0506591796875,10910978
2015-06-11,262.25,262.95001220703125,252.64999389648438,254.0,225.19903564453125,20857622
2015-06-12,254.0500030517578,255.5,251.8000030517578,253.9499969482422,225.1547088623047,11440479
2015-06-15,255.0,255.60000610351562,248.85000610351562,250.25,221.8742218017578,13545280
2015-06-16,250.25,255.75,249.0,254.60000610351562,225.73101806640625,9896598
2015-06-17,256.0,256.8999938964844,253.5,255.10000610351562,226.17431640625,11241061
2015-06-18,256.45001220703125,260.70001220703125,255.1999969482422,258.1000061035156,228.83412170410156,11598549
2015-06-19,259.8999938964844,263.1000061035156,258.1499938964844,260.1499938964844,230.65167236328125,12216399
2015-06-22,260.8999938964844,267.3999938964844,260.79998779296875,266.0,235.83834838867188,11051382
2015-06-23,269.3999938964844,271.20001220703125,266.25,267.75,237.3899383544922,16180083
2015-06-24,267.70001220703125,267.8999938964844,260.5,262.3500061035156,232.60223388671875,8361760
2015-06-25,261.25,266.0,259.04998779296875,264.79998779296875,234.7744140625,16506503
2015-06-26,264.1000061035156,266.8999938964844,261.04998779296875,265.20001220703125,235.12905883789062,14588452
2015-06-29,258.75,260.79998779296875,255.0,259.6499938964844,230.20838928222656,15040805
2015-06-30,259.25,263.3500061035156,257.6000061035156,262.75,232.9568634033203,14181965
2015-07-01,263.1000061035156,269.5,262.54998779296875,267.75,237.3899383544922,12072024
2015-07-02,267.8999938964844,271.25,266.1000061035156,267.8500061035156,237.4785919189453,8741783
2015-07-03,267.3500061035156,270.0,266.79998779296875,269.3999938964844,238.8528289794922,7238541
2015-07-06,263.20001220703125,271.5,262.0,270.79998779296875,240.09410095214844,9458200
2015-07-07,270.3999938964844,274.6499938964844,270.0,272.8999938964844,241.95596313476562,12523410
2015-07-08,269.8999938964844,271.0,265.6000061035156,267.3500061035156,237.03530883789062,12669850
2015-07-09,267.0,271.29998779296875,267.0,267.75,237.3899383544922,6469504
2015-07-10,270.25,271.0,266.25,270.54998779296875,239.87242126464844,8788162
2015-07-13,272.0,274.3500061035156,267.8999938964844,273.70001220703125,242.66529846191406,8423083
2015-07-14,273.6000061035156,273.6000061035156,267.1499938964844,268.20001220703125,237.7888946533203,10337307
2015-07-15,268.75,271.70001220703125,267.1499938964844,268.04998779296875,237.65589904785156,7483918
2015-07-16,269.75,272.75,268.1000061035156,272.20001220703125,241.33535766601562,8354120
2015-07-17,272.3999938964844,274.0,270.5,271.1000061035156,240.36009216308594,5571891
2015-07-20,272.0,272.0,266.1499938964844,267.45001220703125,237.12396240234375,6418930
2015-07-21,267.0,269.79998779296875,263.5,264.29998779296875,234.3311004638672,5638653
2015-07-22,263.70001220703125,269.3999938964844,261.8999938964844,268.54998779296875,238.0991973876953,11322177
2015-07-23,268.5,272.0,267.25,270.04998779296875,239.42909240722656,6376216
2015-07-24,268.70001220703125,270.3500061035156,262.1000061035156,263.25,233.4001922607422,7796401
2015-07-27,263.20001220703125,263.3999938964844,258.04998779296875,258.45001220703125,229.14443969726562,6788558
2015-07-28,260.25,263.8999938964844,258.3500061035156,259.20001220703125,229.80941772460938,10788886
2015-07-29,260.0,260.70001220703125,252.3000030517578,253.60000610351562,224.8444061279297,9997136
2015-07-30,253.60000610351562,259.5,253.60000610351562,256.79998779296875,227.68153381347656,10536937
2015-07-31,258.0,273.75,257.54998779296875,270.04998779296875,239.42909240722656,20534806
2015-08-03,270.0,283.0,269.8999938964844,281.04998779296875,249.18182373046875,21901780
2015-08-04,282.5,289.95001220703125,276.3999938964844,288.6000061035156,255.87576293945312,28858887
2015-08-05,289.1000061035156,291.79998779296875,284.25,285.3999938964844,253.03857421875,10169558
2015-08-06,285.6000061035156,290.79998779296875,282.0,289.04998779296875,256.27471923828125,15372143
2015-08-07,288.5,288.5,280.20001220703125,281.29998779296875,249.40347290039062,13845614
2015-08-10,282.04998779296875,286.0,280.1000061035156,282.75,250.68907165527344,14694901
2015-08-11,285.79998779296875,289.45001220703125,267.5,268.79998779296875,238.3208465576172,39233644
2015-08-12,267.45001220703125,267.45001220703125,255.0500030517578,256.3500061035156,227.28256225585938,29724325
2015-08-13,259.75,262.8500061035156,258.1499938964844,259.29998779296875,229.89805603027344,16360033
2015-08-14,261.8999938964844,269.3999938964844,259.25,268.5,238.05490112304688,14852873
2015-08-17,272.0,281.8999938964844,270.79998779296875,279.75,248.0292510986328,27500063
2015-08-18,280.79998779296875,288.0,275.54998779296875,284.79998779296875,252.5066375732422,27728824
2015-08-19,283.8999938964844,285.95001220703125,275.54998779296875,278.0,246.4777069091797,15452575
2015-08-20,277.6499938964844,281.6499938964844,268.0,270.54998779296875,239.87242126464844,14577599
2015-08-21,261.5,268.8999938964844,256.20001220703125,267.5,237.1682586669922,19030056
2015-08-24,254.6999969482422,257.70001220703125,242.39999389648438,245.39999389648438,217.5741729736328,29561705
2015-08-25,250.0,254.8000030517578,240.0,253.35000610351562,224.62274169921875,23492839
2015-08-26,252.5,253.3000030517578,245.0,245.6999969482422,217.8401641845703,16325529
2015-08-27,251.14999389648438,252.0,248.10000610351562,249.4499969482422,221.16494750976562,21076926
2015-08-28,254.5,255.89999389648438,247.4499969482422,248.9499969482422,220.72164916992188,16644381
2015-08-31,249.0,251.35000610351562,245.0,247.35000610351562,219.3030548095703,21645114
2015-09-01,244.85000610351562,244.85000610351562,237.6999969482422,239.10000610351562,211.98855590820312,19689080
2015-09-02,242.64999389648438,243.0,230.10000610351562,230.5500030517578,204.4080352783203,23655457
2015-09-03,232.64999389648438,235.39999389648438,231.0,232.25,205.915283203125,14680299
2015-09-04,231.89999389648438,231.89999389648438,224.0,225.14999389648438,199.62033081054688,20466346
2015-09-07,227.10000610351562,227.5,220.14999389648438,221.10000610351562,196.02955627441406,15424783
2015-09-08,223.0,230.25,221.14999389648438,228.35000610351562,202.45745849609375,16189253
2015-09-09,233.9499969482422,234.5,229.10000610351562,231.64999389648438,205.38327026367188,18237115
2015-09-10,227.35000610351562,229.8000030517578,224.10000610351562,227.4499969482422,201.65953063964844,14195882
2015-09-11,230.89999389648438,233.3000030517578,228.0,230.10000610351562,204.00906372070312,13650937
2015-09-14,231.5500030517578,236.0,230.0,235.25,208.57508850097656,10671222
2015-09-15,235.1999969482422,238.4499969482422,232.64999389648438,232.89999389648438,206.4915313720703,13193410
2015-09-16,236.39999389648438,237.75,235.0,236.8000030517578,209.9493408203125,11272509
2015-09-18,240.0,246.4499969482422,239.5,242.0,214.55970764160156,16049395
2015-09-21,239.5500030517578,246.0,237.25,245.25,217.44119262695312,9602436
2015-09-22,247.9499969482422,248.4499969482422,236.25,237.9499969482422,210.96893310546875,13667322
2015-09-23,235.0,241.89999389648438,233.60000610351562,239.85000610351562,212.65350341796875,13614082
2015-09-24,239.4499969482422,241.4499969482422,238.0500030517578,239.0500030517578,211.94419860839844,9299508
2015-09-28,241.0,243.64999389648438,238.64999389648438,239.4499969482422,212.29885864257812,8588230
2015-09-29,236.0,245.39999389648438,232.1999969482422,241.89999389648438,214.47103881835938,24488685
2015-09-30,244.85000610351562,245.39999389648438,235.6999969482422,237.14999389648438,210.2596435546875,17011911
2015-10-01,241.1999969482422,241.89999389648438,234.39999389648438,235.14999389648438,208.48643493652344,11590498
2015-10-05,238.10000610351562,241.35000610351562,237.25,240.0,212.78648376464844,18307463
2015-10-06,242.6999969482422,242.8000030517578,237.6999969482422,240.10000610351562,212.87515258789062,10087077
2015-10-07,240.14999389648438,244.25,239.0500030517578,243.5500030517578,215.93394470214844,10608795
2015-10-08,242.4499969482422,245.1999969482422,241.10000610351562,243.3000030517578,215.71231079101562,9230511
2015-10-09,245.5,247.8000030517578,240.64999389648438,243.4499969482422,215.8452911376953,12171416
2015-10-12,244.10000610351562,245.64999389648438,241.3000030517578,244.5500030517578,216.82057189941406,7566962
2015-10-13,244.0,247.5,242.0500030517578,243.8000030517578,216.15562438964844,10200698
2015-10-14,243.6999969482422,246.8000030517578,243.1999969482422,244.25,216.55458068847656,7895820
2015-10-15,246.0,249.89999389648438,245.5,248.9499969482422,220.72164916992188,11582401
2015-10-16,249.85000610351562,257.1499938964844,248.35000610351562,256.79998779296875,227.68153381347656,11738832
2015-10-19,256.6499938964844,257.1000061035156,253.5,254.5,225.642333984375,8969153
2015-10-20,254.5,257.1000061035156,253.1999969482422,254.85000610351562,225.95265197753906,8811740
2015-10-21,254.0,255.89999389648438,248.5500030517578,249.8000030517578,221.4752655029297,8606466
2015-10-23,253.0,254.85000610351562,252.0,253.39999389648438,224.66705322265625,7544810
2015-10-26,254.75,256.0,250.35000610351562,251.25,222.76083374023438,13085058
2015-10-27,250.10000610351562,252.1999969482422,248.10000610351562,248.8000030517578,220.58865356445312,6565348
2015-10-28,248.0,249.4499969482422,241.1999969482422,242.0500030517578,214.6040496826172,12310403
2015-10-29,241.5,241.8000030517578,236.4499969482422,236.9499969482422,210.0823211669922,16114932
2015-10-30,238.6999969482422,240.39999389648438,235.10000610351562,237.0500030517578,210.17100524902344,8669606
2015-11-02,238.0,238.0,232.6999969482422,236.89999389648438,210.03799438476562,7611610
2015-11-03,239.35000610351562,239.6999969482422,235.0,235.9499969482422,209.19570922851562,8323201
2015-11-04,239.1999969482422,240.5,237.0,239.0,211.8998565673828,8418352
2015-11-05,238.0,239.0,233.10000610351562,233.89999389648438,207.37814331054688,8906564
2015-11-06,235.60000610351562,244.8000030517578,233.0,243.0,215.44630432128906,30821077
2015-11-09,236.0,248.3000030517578,235.60000610351562,246.10000610351562,218.19482421875,22806485
2015-11-10,244.89999389648438,247.25,240.10000610351562,241.1999969482422,213.85043334960938,11767845
2015-11-13,241.5,241.8000030517578,237.6999969482422,240.25,213.0081329345703,9082062
2015-11-16,239.5,249.35000610351562,239.10000610351562,248.3000030517578,220.14535522460938,14051479
2015-11-17,250.0,251.64999389648438,246.6999969482422,247.85000610351562,219.74639892578125,11273394
2015-11-18,247.60000610351562,248.6999969482422,239.4499969482422,241.0,213.67311096191406,10397889
2015-11-19,243.0500030517578,245.0,241.39999389648438,243.89999389648438,216.24424743652344,7325199
2015-11-20,243.9499969482422,249.89999389648438,242.0,242.9499969482422,215.4019775390625,13718619
2015-11-23,243.89999389648438,245.25,240.5500030517578,242.6999969482422,215.18032836914062,10552151
2015-11-24,242.5,244.0,240.60000610351562,241.39999389648438,214.02772521972656,6651669
2015-11-26,241.9499969482422,244.89999389648438,241.0,242.5,215.0030059814453,13629888
2015-11-27,243.0,250.5,242.8000030517578,249.6999969482422,221.3865966796875,15149912
2015-11-30,249.64999389648438,253.0,245.0,248.64999389648438,220.45565795898438,12865469
2015-12-01,250.85000610351562,251.89999389648438,249.3000030517578,250.1999969482422,221.82989501953125,9501537
2015-12-02,250.5500030517578,250.64999389648438,243.75,244.60000610351562,216.86489868164062,10881754
2015-12-03,244.14999389648438,244.5,240.39999389648438,241.10000610351562,213.7617645263672,7155630
2015-12-04,240.0,242.14999389648438,238.0500030517578,241.10000610351562,213.7617645263672,11115170
2015-12-07,242.9499969482422,242.9499969482422,238.0,238.64999389648438,211.58956909179688,7531729
2015-12-08,238.10000610351562,239.9499969482422,235.3000030517578,235.9499969482422,209.19570922851562,8254434
2015-12-09,235.39999389648438,238.1999969482422,233.60000610351562,234.39999389648438,207.82147216796875,7408777
2015-12-10,236.0,236.75,230.60000610351562,231.9499969482422,205.64927673339844,11713559
2015-12-11,232.89999389648438,233.89999389648438,225.10000610351562,227.3000030517578,201.5265350341797,12872949
2015-12-14,224.89999389648438,227.6999969482422,224.0,225.9499969482422,200.32960510253906,12464883
2015-12-15,227.0,227.14999389648438,224.0,226.39999389648438,200.7285614013672,10404430
2015-12-16,227.75,229.60000610351562,225.25,227.3000030517578,201.5265350341797,13030720
2015-12-17,230.0,232.39999389648438,228.5,230.89999389648438,204.71832275390625,14539096
2015-12-18,229.9499969482422,232.35000610351562,225.8000030517578,226.5,200.8172607421875,18871084
2015-12-21,226.89999389648438,231.0,226.5,230.4499969482422,204.3193817138672,9557098
2015-12-22,231.64999389648438,232.25,227.5,228.35000610351562,202.45745849609375,9155574
2015-12-23,230.25,231.0,228.89999389648438,229.64999389648438,203.61007690429688,7914311
2015-12-24,230.85000610351562,231.0,227.60000610351562,228.3000030517578,202.41314697265625,7257958
2015-12-28,229.0500030517578,229.9499969482422,228.0,228.89999389648438,202.94508361816406,8756879
2015-12-29,228.85000610351562,229.9499969482422,227.5,228.1999969482422,202.324462890625,7263286
2015-12-30,229.0,229.6999969482422,224.85000610351562,225.8000030517578,200.19664001464844,11702877
2015-12-31,225.9499969482422,226.5500030517578,224.0,224.4499969482422,198.99969482421875,11558305
2016-01-01,225.0,228.89999389648438,224.5,227.8000030517578,201.9698486328125,6449426
2016-01-04,226.9499969482422,226.9499969482422,220.0500030517578,220.6999969482422,195.67491149902344,14092071
2016-01-05,222.8000030517578,222.8000030517578,217.0,217.75,193.05938720703125,15074848
2016-01-06,217.89999389648438,219.89999389648438,216.39999389648438,216.85000610351562,192.261474609375,11921123
2016-01-07,214.0,214.10000610351562,209.0,209.5500030517578,185.7892303466797,14342279
2016-01-08,212.0,212.5,208.60000610351562,208.9499969482422,185.25723266601562,11745840
2016-01-11,206.8000030517578,207.5,202.64999389648438,204.3000030517578,181.13449096679688,19287860
2016-01-12,204.85000610351562,205.0,198.60000610351562,199.39999389648438,176.7900848388672,20318816
2016-01-13,201.35000610351562,202.39999389648438,194.0,200.89999389648438,178.12002563476562,23788247
2016-01-14,197.0,201.5,194.3000030517578,196.0500030517578,173.81996154785156,20256636
2016-01-15,197.8000030517578,197.8000030517578,181.0,184.3000030517578,163.4022674560547,29090426
2016-01-18,184.89999389648438,188.14999389648438,179.14999389648438,181.0,160.4764862060547,35653244
2016-01-19,182.14999389648438,187.8000030517578,181.5,182.9499969482422,162.20538330078125,24501774
2016-01-20,180.64999389648438,180.64999389648438,171.5,173.64999389648438,153.9598846435547,28655794
2016-01-21,177.0,178.64999389648438,172.0500030517578,175.60000610351562,155.68878173828125,28697205
2016-01-22,179.89999389648438,185.39999389648438,178.3000030517578,184.60000610351562,163.6682891845703,21432409
2016-01-25,187.89999389648438,188.8000030517578,182.5,182.9499969482422,162.20538330078125,17534650
2016-01-27,184.39999389648438,186.1999969482422,181.0500030517578,184.39999389648438,163.49095153808594,16569813
2016-01-28,184.1999969482422,185.89999389648438,182.5,185.25,164.24456787109375,20241030
2016-01-29,184.1999969482422,185.75,178.10000610351562,179.89999389648438,159.50120544433594,24259147
2016-02-01,181.9499969482422,181.9499969482422,172.10000610351562,172.75,153.16192626953125,22915269
2016-02-02,173.10000610351562,177.39999389648438,168.60000610351562,169.39999389648438,150.1917724609375,35957332
2016-02-03,167.8000030517578,167.8000030517578,163.25,166.0500030517578,147.22166442871094,24132003
2016-02-04,169.3000030517578,169.8000030517578,160.1999969482422,162.85000610351562,144.38450622558594,23811109
2016-02-05,163.6999969482422,169.3000030517578,162.1999969482422,168.1999969482422,149.12786865234375,22732245
2016-02-08,169.4499969482422,176.89999389648438,168.5500030517578,172.14999389648438,152.6299591064453,22289005
2016-02-09,168.0,172.39999389648438,166.10000610351562,167.0500030517578,148.10826110839844,19008384
2016-02-10,165.0,166.1999969482422,158.0,159.0,140.97103881835938,32294785
2016-02-11,159.5,167.5,152.1999969482422,154.25,136.7596435546875,72749830
2016-02-12,156.14999389648438,157.64999389648438,148.25,154.8000030517578,137.24728393554688,41187889
2016-02-15,159.0,170.0,158.0,167.85000610351562,148.8175506591797,35956266
2016-02-16,170.75,170.75,155.64999389648438,156.39999389648438,138.6658477783203,33816243
2016-02-17,155.0,159.85000610351562,151.25,158.9499969482422,140.9267120361328,32447698
2016-02-18,161.9499969482422,163.6999969482422,156.39999389648438,159.8000030517578,141.68032836914062,21024178
2016-02-19,157.89999389648438,165.3000030517578,157.10000610351562,164.6999969482422,146.0247039794922,24592575
2016-02-22,165.9499969482422,166.8000030517578,163.6999969482422,164.9499969482422,146.24639892578125,15815058
2016-02-23,165.0,165.0,158.0,158.5,140.5277557373047,20200068
2016-02-24,156.0,160.6999969482422,155.3000030517578,156.3000030517578,138.5771942138672,19440950
2016-02-25,157.60000610351562,158.10000610351562,151.0,151.8000030517578,134.5874481201172,22713124
2016-02-26,155.5,158.6999969482422,152.5500030517578,155.89999389648438,138.22254943847656,30051402
2016-02-29,158.1999969482422,163.89999389648438,153.0,158.75,140.7493896484375,66981910
2016-03-01,160.5,162.89999389648438,158.5500030517578,162.0500030517578,143.6752166748047,23588231
2016-03-02,172.5,183.1999969482422,172.5,181.14999389648438,160.60946655273438,53333757
2016-03-03,184.0,184.60000610351562,178.5,182.75,162.0280303955078,33507048
2016-03-04,183.39999389648438,189.85000610351562,178.5,188.39999389648438,167.03738403320312,38860711
2016-03-08,186.9499969482422,186.9499969482422,181.39999389648438,183.35000610351562,162.5600128173828,27928279
2016-03-09,180.0,184.0,178.6999969482422,183.39999389648438,162.6043243408203,29453018
2016-03-10,184.75,184.75,179.39999389648438,180.5,160.03317260742188,20472928
2016-03-11,180.0,182.64999389648438,177.5500030517578,180.10000610351562,159.67852783203125,21869157
2016-03-14,182.4499969482422,183.39999389648438,180.6999969482422,181.75,161.1414337158203,14369755
2016-03-15,181.64999389648438,186.1999969482422,181.64999389648438,185.3000030517578,164.2888946533203,22369600
2016-03-16,185.0,185.89999389648438,181.60000610351562,185.1999969482422,164.2002410888672,19237834
2016-03-17,188.0,189.3000030517578,185.0,186.35000610351562,165.2198486328125,21560986
2016-03-18,186.85000610351562,192.0,186.0,191.25,169.56422424316406,21144216
2016-03-21,193.0,197.3000030517578,193.0,196.8000030517578,174.4849090576172,20678069
2016-03-22,196.8000030517578,198.25,194.5,197.5,175.1055450439453,16728809
2016-03-23,196.89999389648438,197.60000610351562,195.3000030517578,196.60000610351562,174.30760192871094,13362780
2016-03-28,195.8000030517578,198.25,187.64999389648438,188.3000030517578,166.94874572753906,19760603
2016-03-29,188.5,191.25,186.64999389648438,189.5,168.01266479492188,16804848
2016-03-30,192.25,198.3000030517578,190.5,197.5500030517578,175.14987182617188,20709407
2016-03-31,197.85000610351562,198.75,192.35000610351562,194.25,172.2240753173828,30132473
2016-04-01,193.6999969482422,197.25,192.0,195.64999389648438,173.46531677246094,21752206
2016-04-04,197.3000030517578,197.4499969482422,192.5500030517578,194.6999969482422,172.62303161621094,15732565
2016-04-05,193.89999389648438,194.5500030517578,183.3000030517578,184.35000610351562,163.44662475585938,36635637
2016-04-06,185.0,185.5,182.1999969482422,183.85000610351562,163.00332641601562,16350631
2016-04-07,183.8000030517578,185.64999389648438,181.0,181.9499969482422,161.31875610351562,19430601
2016-04-08,181.64999389648438,183.9499969482422,180.1999969482422,183.10000610351562,162.33836364746094,15805231
2016-04-11,183.85000610351562,188.89999389648438,182.0,188.25,166.90438842773438,18990364
2016-04-12,188.5,190.25,186.3000030517578,187.8000030517578,166.50543212890625,14563344
2016-04-13,191.5500030517578,193.8000030517578,190.8000030517578,191.89999389648438,170.14053344726562,17573045
2016-04-18,191.4499969482422,191.5,185.60000610351562,186.75,165.57447814941406,13985439
2016-04-20,188.35000610351562,188.64999389648438,184.10000610351562,187.3000030517578,166.0621337890625,20163005
2016-04-21,190.5,197.39999389648438,190.0,194.35000610351562,172.31272888183594,31008152
2016-04-22,193.60000610351562,201.5,191.5500030517578,200.14999389648438,177.45504760742188,34049763
2016-04-25,200.9499969482422,202.5500030517578,195.8000030517578,197.0500030517578,174.70657348632812,23835613
2016-04-26,195.9499969482422,201.39999389648438,194.5500030517578,200.9499969482422,178.1643524169922,21809451
2016-04-27,200.89999389648438,200.89999389648438,195.5,196.14999389648438,173.9086151123047,22801603
2016-04-28,196.75,198.1999969482422,191.1999969482422,192.0500030517578,170.27352905273438,24555479
2016-04-29,191.89999389648438,194.0,186.4499969482422,189.0,167.56935119628906,21021661
2016-05-02,187.60000610351562,188.4499969482422,185.5,186.0,164.90953063964844,14469844
2016-05-03,187.0,189.35000610351562,183.64999389648438,184.0500030517578,163.18064880371094,16247931
2016-05-04,183.5,184.39999389648438,179.14999389648438,179.9499969482422,159.54556274414062,17826594
2016-05-05,180.25,182.6999969482422,178.5,180.35000610351562,159.9001922607422,17742028
2016-05-06,180.9499969482422,184.9499969482422,180.10000610351562,184.35000610351562,163.44662475585938,18336962
2016-05-09,186.5,189.39999389648438,185.0500030517578,188.6999969482422,167.30337524414062,13863696
2016-05-10,187.60000610351562,190.3000030517578,186.6999969482422,189.5,168.01266479492188,13845979
2016-05-11,185.39999389648438,188.5,184.10000610351562,185.0,164.0229034423828,18128414
2016-05-12,187.10000610351562,189.5,185.39999389648438,188.5,167.1260528564453,17398341
2016-05-13,187.9499969482422,187.9499969482422,184.3000030517578,184.85000610351562,163.8899383544922,15546644
2016-05-16,185.0,185.0,175.14999389648438,176.8000030517578,156.7527313232422,30937008
2016-05-17,178.5,178.60000610351562,175.25,176.85000610351562,156.7970428466797,22183140
2016-05-18,176.89999389648438,180.4499969482422,173.5500030517578,179.9499969482422,159.54556274414062,25345278
2016-05-19,181.0,181.0,171.89999389648438,172.6999969482422,153.11758422851562,25480517
2016-05-20,173.5,174.6999969482422,170.5500030517578,171.35000610351562,151.9207000732422,16720624
2016-05-23,172.3000030517578,172.6999969482422,168.1999969482422,168.39999389648438,149.30517578125,16193112
2016-05-24,168.8000030517578,170.39999389648438,166.39999389648438,169.5,150.2804412841797,14816798
2016-05-25,171.5,175.8000030517578,171.4499969482422,175.10000610351562,155.2454833984375,18900887
2016-05-26,175.10000610351562,185.5,173.5,184.14999389648438,163.269287109375,30700988
2016-05-27,184.0,202.39999389648438,181.5,195.89999389648438,173.68699645996094,85585820
2016-05-30,200.1999969482422,203.89999389648438,194.60000610351562,198.85000610351562,176.30247497558594,46075949
2016-05-31,198.8000030517578,205.6999969482422,196.1999969482422,204.9499969482422,181.71080017089844,39457647
2016-06-01,205.9499969482422,208.3000030517578,196.60000610351562,198.25,175.7705078125,41868032
2016-06-02,197.85000610351562,202.3000030517578,195.5500030517578,200.5500030517578,177.8097381591797,23499884
2016-06-03,201.0,202.14999389648438,195.39999389648438,196.60000610351562,176.59707641601562,24568749
2016-06-06,197.4499969482422,202.60000610351562,197.10000610351562,198.89999389648438,178.6630401611328,23623536
2016-06-07,200.4499969482422,211.14999389648438,200.14999389648438,210.14999389648438,188.76840209960938,66063192
2016-06-08,210.14999389648438,211.89999389648438,207.5500030517578,210.6999969482422,189.26246643066406,35163093
2016-06-09,210.0,212.8000030517578,208.3000030517578,209.9499969482422,188.5887908935547,27858182
2016-06-10,209.35000610351562,211.5,205.3000030517578,205.9499969482422,184.9957733154297,25598224
2016-06-13,201.5,202.60000610351562,200.1999969482422,201.8000030517578,181.2679901123047,21192525
2016-06-14,204.35000610351562,208.60000610351562,203.8000030517578,207.6999969482422,186.5677032470703,23918910
2016-06-15,209.75,217.5500030517578,208.5500030517578,216.0500030517578,194.0681610107422,48362742
2016-06-16,216.0,218.5,213.0500030517578,216.0,194.02322387695312,48122379
2016-06-17,216.75,217.5,211.60000610351562,213.4499969482422,191.732666015625,26486677
2016-06-20,208.0,216.6999969482422,207.89999389648438,215.89999389648438,193.9333953857422,32633757
2016-06-21,215.0,217.5,213.14999389648438,214.0,192.22671508789062,18960306
2016-06-22,214.0,215.25,211.4499969482422,212.89999389648438,191.23863220214844,16395548
2016-06-23,213.0,218.0,212.75,217.5500030517578,195.41552734375,20666649
2016-06-24,205.89999389648438,212.35000610351562,202.5,211.25,189.75650024414062,47224652
2016-06-27,210.8000030517578,218.85000610351562,210.5500030517578,217.14999389648438,195.0562286376953,29021651
2016-06-28,216.75,218.64999389648438,215.39999389648438,215.89999389648438,193.9333953857422,21784062
2016-06-29,217.89999389648438,218.8000030517578,216.10000610351562,217.1999969482422,195.10113525390625,18019568
2016-06-30,220.0,221.89999389648438,217.89999389648438,218.8000030517578,196.538330078125,30600995
2016-07-01,220.8000030517578,221.0,218.89999389648438,219.60000610351562,197.25694274902344,15346865
2016-07-04,222.35000610351562,224.35000610351562,222.0,223.0,200.31103515625,16534518
2016-07-05,223.25,225.14999389648438,221.5500030517578,223.5,200.7601318359375,15357018
2016-07-07,223.89999389648438,224.60000610351562,219.35000610351562,220.0500030517578,197.66116333007812,12917872
2016-07-08,220.14999389648438,220.85000610351562,216.5,218.3000030517578,196.08921813964844,16017389
2016-07-11,223.60000610351562,225.4499969482422,222.0,224.6999969482422,201.83807373046875,15831791
2016-07-12,225.0,227.1999969482422,224.14999389648438,226.6999969482422,203.63455200195312,19374179
2016-07-13,227.0,228.5,223.9499969482422,227.6999969482422,204.53282165527344,18377333
2016-07-14,227.0,232.85000610351562,226.0,232.0,208.39532470703125,21208021
2016-07-15,232.89999389648438,234.39999389648438,230.8000030517578,231.5,207.94618225097656,15068302
2016-07-18,232.39999389648438,233.85000610351562,228.1999969482422,228.75,205.47596740722656,11816985
2016-07-19,230.0,232.14999389648438,227.0,229.60000610351562,206.23951721191406,19767339
2016-07-20,230.64999389648438,232.75,229.1999969482422,231.14999389648438,207.6317901611328,18051608
2016-07-21,231.64999389648438,232.10000610351562,224.39999389648438,225.64999389648438,202.69137573242188,13306837
2016-07-22,225.39999389648438,225.89999389648438,222.10000610351562,223.5,200.7601318359375,12341622
2016-07-25,223.0,231.0,222.6999969482422,229.89999389648438,206.5089874267578,18427070
2016-07-26,230.0,232.1999969482422,225.89999389648438,226.6999969482422,203.63455200195312,14162638
2016-07-27,227.75,231.0,226.8000030517578,229.25,205.92510986328125,17626617
2016-07-28,230.14999389648438,235.14999389648438,229.3000030517578,231.0,207.49705505371094,26838284
2016-07-29,230.0,232.6999969482422,228.39999389648438,229.39999389648438,206.05984497070312,15577230
2016-08-01,230.8000030517578,232.64999389648438,225.3000030517578,227.3000030517578,204.17352294921875,16071228
2016-08-02,229.3000030517578,230.89999389648438,227.3000030517578,228.0500030517578,204.84718322753906,16145066
2016-08-03,228.5,230.5,225.8000030517578,226.64999389648438,203.5896453857422,14838944
2016-08-04,228.4499969482422,228.6999969482422,223.1999969482422,225.64999389648438,202.69137573242188,17810908
2016-08-05,227.35000610351562,233.89999389648438,226.89999389648438,232.75,209.0690155029297,21264296
2016-08-08,233.9499969482422,235.89999389648438,231.6999969482422,233.25,209.51812744140625,16972827
2016-08-09,234.25,238.0,232.64999389648438,235.14999389648438,211.22482299804688,19854185
2016-08-10,236.75,236.89999389648438,231.0500030517578,231.5,207.94618225097656,16279843
2016-08-11,231.5,231.60000610351562,226.10000610351562,227.14999389648438,204.0387725830078,16673286
2016-08-12,227.0,247.9499969482422,224.39999389648438,243.3000030517578,218.5456085205078,86616475
2016-08-16,245.25,247.89999389648438,242.64999389648438,246.75,221.64459228515625,27709873
2016-08-17,246.4499969482422,249.8000030517578,244.3000030517578,246.25,221.19546508789062,18294050
2016-08-18,246.89999389648438,250.39999389648438,246.5500030517578,248.39999389648438,223.126708984375,14314950
2016-08-19,255.0,260.0,253.5,258.5,232.19908142089844,39822529
2016-08-22,259.79998779296875,260.3999938964844,254.0,254.8000030517578,228.87554931640625,19769886
2016-08-23,254.89999389648438,255.8000030517578,251.0,254.75,228.8306121826172,17583721
2016-08-24,254.9499969482422,256.20001220703125,253.5,254.39999389648438,228.51625061035156,11560293
2016-08-25,254.89999389648438,255.5500030517578,248.60000610351562,250.14999389648438,224.69863891601562,21230706
2016-08-26,250.3000030517578,250.6999969482422,245.85000610351562,246.60000610351562,221.50985717773438,16531983
2016-08-29,245.85000610351562,249.85000610351562,244.25,249.0500030517578,223.71058654785156,11786129
2016-08-30,250.14999389648438,252.89999389648438,249.8000030517578,252.25,226.58499145507812,15323228
2016-08-31,253.25,255.8000030517578,251.1999969482422,252.5,226.80955505371094,15601566
2016-09-01,251.9499969482422,254.85000610351562,251.14999389648438,252.0,226.36044311523438,12175873
2016-09-02,252.0,255.1999969482422,251.64999389648438,254.60000610351562,228.6959228515625,11380257
2016-09-06,257.20001220703125,261.5,256.0,260.1000061035156,233.6363067626953,16620963
2016-09-07,262.8999938964844,270.29998779296875,260.3999938964844,266.79998779296875,239.65463256835938,30862337
2016-09-08,268.0,271.6000061035156,266.8999938964844,268.3500061035156,241.04693603515625,14339143
2016-09-09,268.3999938964844,268.3999938964844,263.3500061035156,264.1000061035156,237.22930908203125,11455826
2016-09-12,257.5,258.75,251.8000030517578,252.75,227.0341339111328,18989750
2016-09-14,255.0,258.0,253.0,257.54998779296875,231.34573364257812,12754966
2016-09-15,258.3500061035156,258.3500061035156,254.1999969482422,256.0,229.9534454345703,7783662
2016-09-16,257.95001220703125,262.0,253.39999389648438,254.3000030517578,228.4264373779297,18013477
2016-09-19,256.0,258.29998779296875,255.1999969482422,255.64999389648438,229.63905334472656,11433295
2016-09-20,256.3999938964844,256.3999938964844,253.64999389648438,254.4499969482422,228.5611572265625,9914599
2016-09-21,254.5,256.25,250.64999389648438,251.14999389648438,225.59689331054688,12817180
2016-09-22,257.8999938964844,258.45001220703125,255.10000610351562,257.8999938964844,231.66012573242188,20797370
2016-09-23,258.79998779296875,258.79998779296875,253.8000030517578,254.5500030517578,228.6510009765625,12730223
2016-09-26,253.9499969482422,254.4499969482422,250.64999389648438,251.64999389648438,226.04605102539062,8800173
2016-09-27,253.14999389648438,253.89999389648438,248.3000030517578,249.0,223.66566467285156,11345387
2016-09-28,250.0,255.8000030517578,248.0500030517578,253.75,227.932373046875,17277539
2016-09-29,255.0,256.75,243.5,247.25,222.0937042236328,27870695
2016-09-30,246.85000610351562,252.5,245.8000030517578,251.25,225.6867218017578,14826293
2016-10-03,253.0,256.6499938964844,252.64999389648438,255.3000030517578,229.32467651367188,9314647
2016-10-04,255.8000030517578,262.0,253.8000030517578,259.75,233.32191467285156,21532806
2016-10-05,262.0,264.8999938964844,259.54998779296875,260.8500061035156,234.30999755859375,20868556
2016-10-06,261.3500061035156,262.0,255.64999389648438,256.79998779296875,230.67205810546875,11081154
2016-10-07,257.25,259.8999938964844,255.25,258.70001220703125,232.37875366210938,11934100
2016-10-10,259.3500061035156,260.29998779296875,256.04998779296875,256.6000061035156,230.49241638183594,9399844
2016-10-13,254.9499969482422,255.35000610351562,245.85000610351562,249.64999389648438,224.24951171875,18050638
2016-10-14,251.0,253.5500030517578,249.10000610351562,252.10000610351562,226.4502716064453,12133951
2016-10-17,253.75,256.45001220703125,252.0,253.1999969482422,227.43832397460938,16865537
2016-10-18,254.89999389648438,257.70001220703125,253.8000030517578,256.8999938964844,230.7618865966797,20218355
2016-10-19,258.0,258.0,254.85000610351562,255.39999389648438,229.4145050048828,9546481
2016-10-20,255.6999969482422,260.8999938964844,255.3000030517578,260.20001220703125,233.72613525390625,14179531
2016-10-21,259.75,259.75,256.1000061035156,258.5,232.19908142089844,8833390
2016-10-24,259.29998779296875,264.8999938964844,259.29998779296875,262.95001220703125,236.1963653564453,14483254
2016-10-25,264.0,264.54998779296875,260.75,261.45001220703125,234.84896850585938,9079178
2016-10-26,260.3999938964844,264.8500061035156,256.79998779296875,258.75,232.4236602783203,15020687
2016-10-27,258.0,258.1000061035156,254.3000030517578,255.39999389648438,229.4145050048828,10938008
2016-10-28,255.89999389648438,258.79998779296875,254.0,258.0,231.7499542236328,11430184
2016-11-01,257.0,260.8999938964844,256.5,258.95001220703125,232.60333251953125,10000632
2016-11-02,254.10000610351562,256.0,250.5500030517578,251.0500030517578,225.507080078125,13716294
2016-11-03,251.14999389648438,252.8000030517578,244.85000610351562,245.64999389648438,220.65650939941406,12902390
2016-11-04,246.25,247.39999389648438,240.3000030517578,242.85000610351562,218.1414031982422,12657669
2016-11-07,248.0,253.89999389648438,245.5,252.6999969482422,226.98919677734375,11224419
2016-11-08,253.6999969482422,254.10000610351562,248.64999389648438,252.64999389648438,226.9442901611328,9367228
2016-11-09,235.0,261.04998779296875,235.0,260.0,233.54647827148438,31761606
2016-11-10,267.0,284.20001220703125,265.25,281.29998779296875,252.67930603027344,50227559
2016-11-11,278.75,288.79998779296875,270.5,273.0,245.2238311767578,57937113
2016-11-15,275.1499938964844,283.45001220703125,270.70001220703125,278.20001220703125,249.8947296142578,48658808
2016-11-16,284.0,284.79998779296875,276.1499938964844,277.20001220703125,248.9965057373047,27532708
2016-11-17,278.0,282.20001220703125,275.6000061035156,277.45001220703125,249.2210693359375,19500760
2016-11-18,278.1499938964844,280.0,274.8500061035156,275.79998779296875,247.73890686035156,13389671
2016-11-21,277.1499938964844,277.6000061035156,255.85000610351562,257.3500061035156,231.1660919189453,26002028
2016-11-22,260.79998779296875,262.6499938964844,251.14999389648438,257.3500061035156,231.1660919189453,25631435
2016-11-23,259.79998779296875,260.3500061035156,254.75,258.6499938964844,232.33383178710938,16190033
2016-11-24,257.79998779296875,263.0,254.5500030517578,261.75,235.11842346191406,28927720
2016-11-25,263.5,264.5,258.3500061035156,260.95001220703125,234.3998260498047,19303589
2016-11-28,253.4499969482422,257.75,248.0,253.5500030517578,227.7527313232422,22315183
2016-11-29,254.25,256.5,252.0,252.6999969482422,226.98919677734375,12656706
2016-11-30,254.0,260.1499938964844,252.6999969482422,258.3500061035156,232.06434631347656,16501691
2016-12-01,259.6499938964844,261.0,254.64999389648438,255.64999389648438,229.63905334472656,12986151
2016-12-02,253.9499969482422,261.3999938964844,253.0,254.10000610351562,228.24676513671875,21139754
2016-12-05,254.39999389648438,257.79998779296875,253.1999969482422,256.8999938964844,230.7618865966797,8406973
2016-12-06,258.5,260.1499938964844,256.3500061035156,259.1000061035156,232.73806762695312,10048459
2016-12-07,260.3500061035156,262.75,251.64999389648438,255.60000610351562,229.59413146972656,22193202
2016-12-08,258.45001220703125,260.5,258.04998779296875,259.8999938964844,233.4566650390625,9047721
2016-12-09,260.79998779296875,267.20001220703125,258.79998779296875,266.6499938964844,239.5198974609375,16004173
2016-12-12,268.8999938964844,269.3500061035156,262.29998779296875,263.6499938964844,236.8251190185547,14296268
2016-12-13,264.8999938964844,266.75,261.54998779296875,266.1499938964844,239.0707550048828,9084137
2016-12-14,266.0,266.25,262.29998779296875,262.8999938964844,236.15142822265625,8672531
2016-12-15,259.8999938964844,267.5,259.0,265.3999938964844,238.39706420898438,12274497
2016-12-16,266.3500061035156,266.3500061035156,263.04998779296875,264.75,237.8131866455078,11017555
2016-12-19,263.3500061035156,264.5,260.8500061035156,261.3500061035156,234.75912475585938,8371299
2016-12-20,261.8500061035156,262.8999938964844,253.25,254.5500030517578,228.6510009765625,12765309
2016-12-21,256.1000061035156,258.0,254.10000610351562,255.35000610351562,229.36961364746094,8778450
2016-12-22,254.25,254.25,248.35000610351562,249.8000030517578,224.38426208496094,12981595
2016-12-23,249.75,251.8000030517578,247.8000030517578,249.14999389648438,223.8004150390625,10557157
2016-12-26,248.0,248.3000030517578,243.60000610351562,244.1999969482422,219.35403442382812,8592983
2016-12-27,244.60000610351562,249.9499969482422,243.10000610351562,248.75,223.4410858154297,8756536
2016-12-28,249.25,252.5,247.14999389648438,247.75,222.54286193847656,11747088
2016-12-29,247.64999389648438,248.85000610351562,245.5,247.64999389648438,222.45301818847656,10658616
2016-12-30,247.75,252.3000030517578,247.25,250.1999969482422,224.74354553222656,10538497
2017-01-02,252.5,253.64999389648438,242.60000610351562,243.60000610351562,218.81509399414062,25988990
2017-01-03,244.0,246.39999389648438,241.10000610351562,244.89999389648438,219.98281860351562,15963085
2017-01-04,245.8000030517578,246.39999389648438,242.1999969482422,242.89999389648438,218.18629455566406,11225978
2017-01-05,245.0,245.89999389648438,243.6999969482422,245.35000610351562,220.38705444335938,11970913
2017-01-06,246.0,249.0,245.5,245.89999389648438,220.88107299804688,12354302
2017-01-09,246.39999389648438,248.35000610351562,246.0,247.0500030517578,221.9140625,8329253
2017-01-10,247.6999969482422,249.0,246.39999389648438,248.3000030517578,223.03689575195312,9352013
2017-01-11,249.64999389648438,253.1999969482422,249.0,252.14999389648438,226.4951629638672,13415303
2017-01-12,252.89999389648438,254.4499969482422,250.5500030517578,251.25,225.6867218017578,11282323
2017-01-13,252.0,252.60000610351562,249.10000610351562,250.89999389648438,225.37232971191406,9333736
2017-01-16,251.0500030517578,256.3999938964844,250.6999969482422,255.75,229.7288818359375,13234727
2017-01-17,257.45001220703125,258.6499938964844,254.39999389648438,256.0,229.9534454345703,9480201
2017-01-18,257.1000061035156,259.29998779296875,256.6000061035156,258.3500061035156,232.06434631347656,8048897
2017-01-19,257.20001220703125,262.0,256.5,258.3999938964844,232.10926818847656,13029151
2017-01-20,258.5,260.5,250.3000030517578,251.0500030517578,225.507080078125,15341756
2017-01-23,251.0,255.1999969482422,250.10000610351562,254.14999389648438,228.29168701171875,9339939
2017-01-24,255.10000610351562,257.0,254.0,254.89999389648438,228.96534729003906,13540202
2017-01-25,255.5500030517578,261.0,254.1999969482422,259.20001220703125,232.827880859375,16343545
2017-01-27,260.29998779296875,268.20001220703125,259.5,266.45001220703125,239.34024047851562,18039379
2017-01-30,265.8500061035156,267.8999938964844,263.3999938964844,263.95001220703125,237.09458923339844,11884795
2017-01-31,261.1499938964844,263.8500061035156,259.6499938964844,260.3500061035156,233.8608856201172,8899165
2017-02-01,262.0,271.8999938964844,261.6000061035156,270.70001220703125,243.1578369140625,27253142
2017-02-02,271.8500061035156,275.0,268.70001220703125,273.29998779296875,245.4932861328125,20139955
2017-02-03,273.0,278.54998779296875,272.0,277.54998779296875,249.31088256835938,15366890
2017-02-06,280.0,282.5,276.0,277.04998779296875,248.86172485351562,14725291
2017-02-07,277.8500061035156,280.0,276.29998779296875,277.8999938964844,249.625244140625,10981984
2017-02-08,278.1000061035156,279.25,272.6000061035156,277.20001220703125,248.9965057373047,13622088
2017-02-09,278.79998779296875,280.29998779296875,270.8500061035156,275.8500061035156,247.78379821777344,16080181
2017-02-10,278.75,282.79998779296875,275.0,276.3500061035156,248.23292541503906,37580487
2017-02-13,277.79998779296875,278.25,270.20001220703125,271.6499938964844,244.0111541748047,19853043
2017-02-14,272.0,273.0,268.1000061035156,270.20001220703125,242.7086944580078,13306738
2017-02-15,270.95001220703125,272.5,267.04998779296875,268.95001220703125,241.58587646484375,12201568
2017-02-16,277.0,277.0,269.6499938964844,270.5,242.9781951904297,21794688
2017-02-17,271.1499938964844,273.6499938964844,267.70001220703125,269.3500061035156,241.9451446533203,17830528
2017-02-20,269.8999938964844,271.54998779296875,268.0,269.6499938964844,242.21461486816406,9229363
2017-02-21,270.0,271.5,268.6499938964844,270.70001220703125,243.1578369140625,7754157
2017-02-22,271.8999938964844,274.70001220703125,269.5,272.29998779296875,244.59503173828125,12617613
2017-02-23,271.70001220703125,273.0,269.6000061035156,270.45001220703125,242.93324279785156,13146194
2017-02-27,270.79998779296875,271.45001220703125,267.6000061035156,268.25,240.9570770263672,9645350
2017-02-28,268.8999938964844,271.25,268.0,269.20001220703125,241.8104248046875,7941592
2017-03-01,270.0,273.29998779296875,269.79998779296875,271.75,244.10096740722656,7656892
2017-03-02,273.0,274.70001220703125,266.5,267.29998779296875,240.1037139892578,14220808
2017-03-03,266.25,268.8999938964844,264.25,265.04998779296875,238.0826416015625,10120034
2017-03-06,266.6000061035156,270.3500061035156,266.3500061035156,269.8500061035156,242.39430236816406,9515073
2017-03-07,270.79998779296875,270.8999938964844,266.3999938964844,267.79998779296875,240.55284118652344,11599142
2017-03-08,267.79998779296875,270.29998779296875,266.0,269.8999938964844,242.43919372558594,9122987
2017-03-09,269.0,273.8999938964844,268.3999938964844,273.25,245.44834899902344,15594429
2017-03-10,274.5,275.54998779296875,269.5,272.04998779296875,244.37045288085938,9557026
2017-03-14,278.3999938964844,278.3999938964844,273.79998779296875,274.6499938964844,246.7059326171875,15734886
2017-03-15,272.6499938964844,280.5,272.6499938964844,277.3500061035156,249.1312255859375,20055974
2017-03-16,278.0,280.20001220703125,276.04998779296875,279.29998779296875,250.8828125,18005184
2017-03-17,279.45001220703125,279.5,273.5,274.1499938964844,246.25677490234375,14265642
2017-03-20,274.75,274.75,271.79998779296875,273.8999938964844,246.03224182128906,9678185
2017-03-21,274.3999938964844,277.04998779296875,270.1499938964844,272.3500061035156,244.6399383544922,11898233
2017-03-22,270.29998779296875,271.0,266.79998779296875,267.5,240.28338623046875,9887203
2017-03-23,269.0,269.3999938964844,266.70001220703125,268.5,241.18165588378906,7998170
2017-03-24,269.5,278.95001220703125,268.6499938964844,276.5,248.36770629882812,20133467
2017-03-27,276.0,280.79998779296875,275.20001220703125,279.45001220703125,251.017578125,15966114
2017-03-28,280.6499938964844,282.8999938964844,278.5,282.1000061035156,253.3978729248047,18673371
2017-03-29,283.1499938964844,289.8999938964844,283.1499938964844,288.45001220703125,259.1018371582031,31008407
2017-03-30,289.0,293.75,288.8500061035156,291.04998779296875,261.437255859375,19683170
2017-03-31,292.0,295.0,288.5,293.3999938964844,263.5481872558594,20185269
2017-04-03,294.79998779296875,295.70001220703125,292.20001220703125,293.1499938964844,263.32366943359375,10509610
2017-04-05,293.29998779296875,298.75,289.6499938964844,297.3500061035156,267.0963134765625,21936647
2017-04-06,295.45001220703125,297.54998779296875,291.45001220703125,292.8500061035156,263.05419921875,18413111
2017-04-07,291.70001220703125,294.79998779296875,287.6499938964844,289.45001220703125,260.0001525878906,10765502
2017-04-10,289.79998779296875,290.3500061035156,286.54998779296875,289.3500061035156,259.9102783203125,10307875
2017-04-11,289.29998779296875,295.1499938964844,288.79998779296875,294.5,264.5362854003906,11682024
2017-04-12,294.0,295.45001220703125,289.1000061035156,290.1499938964844,260.6288757324219,13251421
2017-04-13,290.25,293.1000061035156,290.0,291.54998779296875,261.8864440917969,9944020
2017-04-17,291.1000061035156,292.75,288.5,289.8999938964844,260.4043273925781,8146800
2017-04-18,291.04998779296875,296.8999938964844,288.3999938964844,290.29998779296875,260.76361083984375,13457050
2017-04-19,291.54998779296875,291.75,282.8999938964844,284.04998779296875,255.1495361328125,18149995
2017-04-20,283.8999938964844,286.8999938964844,282.20001220703125,284.79998779296875,255.8232421875,14514929
2017-04-21,287.0,287.0,279.25,282.20001220703125,253.48777770996094,12042308
2017-04-24,283.25,287.8500061035156,280.8999938964844,286.04998779296875,256.94598388671875,10077853
2017-04-25,287.5,288.79998779296875,285.0,286.04998779296875,256.94598388671875,11531902
2017-04-26,287.1000061035156,289.5,283.3500061035156,286.45001220703125,257.30535888671875,13836891
2017-04-27,286.45001220703125,287.95001220703125,281.04998779296875,282.04998779296875,253.35301208496094,22622372
2017-04-28,283.0,290.75,282.5,289.75,260.26959228515625,14152004
2017-05-02,290.25,292.5,287.1000061035156,288.29998779296875,258.9670715332031,9754789
2017-05-03,289.3999938964844,293.20001220703125,285.79998779296875,289.79998779296875,260.3144836425781,13950914
2017-05-04,294.0,300.0,293.1000061035156,299.04998779296875,268.6233215332031,24534923
2017-05-05,301.0,304.8999938964844,292.1499938964844,296.0,265.8836669921875,34756331
2017-05-08,296.1000061035156,300.75,293.8999938964844,299.3999938964844,268.9377136230469,11560550
2017-05-09,300.8999938964844,300.8999938964844,295.25,296.5,266.3327941894531,7843574
2017-05-10,297.0,298.1499938964844,293.0,294.45001220703125,264.491455078125,8699405
2017-05-11,295.8999938964844,299.3999938964844,294.45001220703125,298.1000061035156,267.77001953125,11934889
2017-05-12,300.0,302.6000061035156,296.0,297.8999938964844,267.59033203125,13376269
2017-05-15,298.3999938964844,302.0,297.5,301.3999938964844,270.7342529296875,10383539
2017-05-16,302.0,308.3999938964844,299.3500061035156,307.5,276.213623046875,17533439
2017-05-17,308.0,308.79998779296875,305.5,307.6499938964844,276.3483581542969,14120513
2017-05-18,304.8500061035156,307.8999938964844,302.0,302.95001220703125,272.12652587890625,15471393
2017-05-19,304.45001220703125,315.29998779296875,302.0,308.0,276.6627502441406,55250969
2017-05-22,308.95001220703125,309.3999938964844,293.20001220703125,294.29998779296875,264.35662841796875,35771221
2017-05-23,295.0,295.8999938964844,287.25,288.8500061035156,259.4611511230469,19846852
2017-05-24,290.04998779296875,290.45001220703125,281.6499938964844,283.1499938964844,254.3411102294922,16435958
2017-05-25,284.1499938964844,291.3500061035156,283.54998779296875,290.1000061035156,260.583984375,15018467
2017-05-26,290.5,291.0,285.29998779296875,288.45001220703125,261.4450378417969,12304394
2017-05-29,288.8999938964844,290.8500061035156,283.29998779296875,284.0,257.41162109375,10619968
2017-05-30,283.3999938964844,289.75,281.04998779296875,288.8500061035156,261.8075866699219,9643418
2017-05-31,289.0,291.5,287.20001220703125,288.29998779296875,261.3090515136719,10697171
2017-06-01,287.95001220703125,291.3999938964844,284.6000061035156,287.45001220703125,260.5386657714844,12186700
2017-06-02,289.8999938964844,290.5,286.3500061035156,287.04998779296875,260.17608642578125,12004368
2017-06-05,288.04998779296875,289.75,286.75,287.25,260.3573913574219,7917410
2017-06-06,292.0,292.95001220703125,286.6000061035156,287.29998779296875,260.4027099609375,12346121
2017-06-07,288.20001220703125,291.5,287.20001220703125,290.54998779296875,263.34844970703125,10864355
2017-06-08,292.0,292.0,287.75,288.6000061035156,261.58099365234375,8370299
2017-06-09,288.29998779296875,289.3999938964844,285.79998779296875,288.54998779296875,261.53564453125,10804887
2017-06-12,286.75,287.0,284.29998779296875,284.95001220703125,258.272705078125,10326846
2017-06-13,285.3999938964844,287.0,283.0,283.8500061035156,257.27569580078125,9171049
2017-06-14,285.8999938964844,286.29998779296875,282.6000061035156,284.20001220703125,257.59295654296875,11566255
2017-06-15,283.8500061035156,285.79998779296875,281.3500061035156,284.0,257.41162109375,11925641
2017-06-16,284.70001220703125,286.6499938964844,283.25,285.95001220703125,259.1791076660156,19246907
2017-06-19,286.6000061035156,289.8500061035156,285.29998779296875,288.8500061035156,261.8075866699219,14848661
2017-06-20,287.6000061035156,291.0,285.6000061035156,290.1000061035156,262.9405822753906,14927701
2017-06-21,288.25,292.45001220703125,288.25,290.8999938964844,263.6656799316406,10537576
2017-06-22,291.25,295.8999938964844,291.04998779296875,294.5,266.9286193847656,26110402
2017-06-23,294.75,295.54998779296875,287.79998779296875,288.95001220703125,261.89825439453125,20648597
2017-06-27,289.25,289.45001220703125,276.79998779296875,279.6499938964844,253.4689178466797,25523129
2017-06-28,277.6000061035156,278.45001220703125,273.75,276.3999938964844,250.52316284179688,17241351
2017-06-29,277.1499938964844,279.29998779296875,271.6499938964844,272.45001220703125,246.9429931640625,30457363
2017-06-30,272.0,274.75,269.70001220703125,273.6499938964844,248.03060913085938,12235472
2017-07-03,274.1000061035156,275.5,272.54998779296875,274.8500061035156,249.11825561523438,8951033
2017-07-04,275.0,276.45001220703125,272.04998779296875,273.0,247.44151306152344,7856082
2017-07-05,273.8999938964844,275.6000061035156,272.3500061035156,274.8999938964844,249.16357421875,10048734
2017-07-06,275.04998779296875,282.70001220703125,274.6000061035156,281.0,254.69248962402344,16115817
2017-07-07,280.6000061035156,282.3999938964844,279.20001220703125,280.1000061035156,253.8767547607422,5914038
2017-07-10,284.1000061035156,287.0,283.20001220703125,285.54998779296875,258.8164978027344,2095795
2017-07-11,287.5,289.70001220703125,283.0,283.54998779296875,257.0037536621094,12400820
2017-07-12,284.70001220703125,288.3999938964844,283.20001220703125,287.6499938964844,260.71990966796875,7524835
2017-07-13,288.8999938964844,290.0,286.54998779296875,288.75,261.7169494628906,8434324
2017-07-14,288.79998779296875,293.6000061035156,287.25,291.6000061035156,264.3001403808594,13750192
2017-07-17,292.79998779296875,294.1000061035156,289.6499938964844,293.0,265.569091796875,10549310
2017-07-18,291.8500061035156,296.3999938964844,290.0,291.0,263.7563171386719,11913832
2017-07-19,291.5,294.0,291.3999938964844,293.29998779296875,265.8409423828125,9006728
2017-07-20,293.0,294.25,290.04998779296875,290.95001220703125,263.71099853515625,6256500
2017-07-21,291.04998779296875,292.20001220703125,288.25,290.6499938964844,263.4390563964844,7266604
2017-07-24,290.79998779296875,296.29998779296875,290.70001220703125,294.54998779296875,266.9739685058594,11195781
2017-07-25,296.0,297.29998779296875,294.6499938964844,296.1000061035156,268.37884521484375,10846999
2017-07-26,296.25,299.6499938964844,295.25,295.79998779296875,268.1069030761719,12527914
2017-07-27,297.0,299.8500061035156,296.20001220703125,298.3500061035156,270.418212890625,22286060
2017-07-28,297.0,300.75,295.6000061035156,299.1000061035156,271.0979919433594,15766196
2017-07-31,299.3999938964844,313.8500061035156,298.0,312.5,283.2434387207031,41547584
2017-08-01,314.0,314.79998779296875,307.95001220703125,309.0,280.0711364746094,14888804
2017-08-02,310.0,311.79998779296875,305.29998779296875,307.70001220703125,278.892822265625,17005571
2017-08-03,307.0,307.3999938964844,299.1000061035156,300.54998779296875,272.4122314453125,14459919
2017-08-04,300.29998779296875,306.29998779296875,297.6000061035156,305.25,276.6722106933594,9615344
2017-08-07,305.79998779296875,311.79998779296875,305.1499938964844,311.20001220703125,282.065185546875,11420767
2017-08-08,311.0,311.79998779296875,301.20001220703125,303.6499938964844,275.2219543457031,13578680
2017-08-09,302.75,307.45001220703125,300.1000061035156,302.29998779296875,273.9983825683594,15852734
2017-08-10,301.20001220703125,302.3999938964844,292.0,296.70001220703125,268.92266845703125,14519518
2017-08-11,294.5,303.0,277.45001220703125,280.1499938964844,253.92210388183594,67652562
2017-08-14,281.45001220703125,282.3999938964844,276.5,278.20001220703125,252.1546630859375,23773509
2017-08-16,279.04998779296875,283.8999938964844,274.20001220703125,283.1000061035156,256.59588623046875,21074533
2017-08-17,283.79998779296875,284.70001220703125,280.0,280.8500061035156,254.55654907226562,12134114
2017-08-18,278.0,279.6499938964844,276.0,278.70001220703125,252.60787963867188,12653217
2017-08-21,279.0,280.6499938964844,273.3500061035156,274.6499938964844,248.93701171875,9247153
2017-08-22,276.0,277.0,271.20001220703125,273.8999938964844,248.25723266601562,11814388
2017-08-23,274.75,279.70001220703125,274.20001220703125,279.0,252.87974548339844,11317821
2017-08-24,279.70001220703125,281.45001220703125,277.5,280.29998779296875,254.05801391601562,14138226
2017-08-28,282.1000061035156,282.1000061035156,279.0,279.3500061035156,253.197021484375,10505317
2017-08-29,278.45001220703125,280.8500061035156,276.04998779296875,277.0,251.06700134277344,10335964
2017-08-30,278.0,279.25,276.0,276.6000061035156,250.70445251464844,7648702
2017-08-31,276.8500061035156,279.5,274.20001220703125,277.75,251.74679565429688,14222467
2017-09-01,277.6499938964844,280.3999938964844,276.6000061035156,277.8500061035156,251.83743286132812,8255209
2017-09-04,278.95001220703125,279.6000061035156,276.3999938964844,277.75,251.74679565429688,7168751
2017-09-05,278.1000061035156,279.5,275.95001220703125,276.54998779296875,250.6591033935547,9565430
2017-09-06,275.95001220703125,276.6499938964844,273.6499938964844,274.25,248.57447814941406,7306781
2017-09-07,275.3999938964844,276.8999938964844,273.1000061035156,274.20001220703125,248.5291290283203,16102724
2017-09-08,274.8999938964844,275.3999938964844,271.1000061035156,271.79998779296875,246.3538360595703,7077895
2017-09-11,272.6000061035156,273.5,269.54998779296875,270.95001220703125,245.5834197998047,14489224
2017-09-12,272.0,275.6499938964844,270.5,273.45001220703125,247.84933471679688,8375133
2017-09-13,274.95001220703125,276.6000061035156,272.5,273.3999938964844,247.8040313720703,10150073
2017-09-14,273.3999938964844,275.6000061035156,272.29998779296875,274.20001220703125,248.5291290283203,8015217
2017-09-15,270.75,274.5,269.8999938964844,271.5,246.08192443847656,18404860
2017-09-18,273.0,274.0,269.45001220703125,270.3999938964844,245.08489990234375,17538678
2017-09-19,270.45001220703125,270.79998779296875,266.45001220703125,267.79998779296875,242.72830200195312,14331316
2017-09-20,268.1499938964844,272.04998779296875,267.45001220703125,270.04998779296875,244.7676239013672,12355806
2017-09-21,269.75,271.3999938964844,267.3500061035156,268.5,243.36277770996094,8509419
2017-09-22,267.25,267.3999938964844,261.1000061035156,261.8500061035156,237.3353729248047,12860892
2017-09-25,261.5,261.79998779296875,254.39999389648438,258.75,234.52557373046875,13937050
2017-09-26,258.5,259.6499938964844,256.0,258.25,234.07240295410156,11728345
2017-09-27,259.8999938964844,259.8999938964844,249.5,250.39999389648438,226.95730590820312,17080769
2017-09-28,250.25,253.5500030517578,249.5,252.5500030517578,228.90602111816406,17776419
2017-09-29,254.6999969482422,255.5,253.0500030517578,253.85000610351562,230.08432006835938,10073641
2017-10-03,256.3999938964844,256.3999938964844,250.60000610351562,251.3000030517578,227.77305603027344,10547836
2017-10-04,251.64999389648438,254.64999389648438,251.35000610351562,253.1999969482422,229.49517822265625,14063896
2017-10-05,253.6999969482422,254.10000610351562,249.1999969482422,251.60000610351562,228.04498291015625,13476692
2017-10-06,252.14999389648438,257.8999938964844,252.10000610351562,256.75,232.7128448486328,11932139
2017-10-09,256.79998779296875,258.6000061035156,254.25,256.8500061035156,232.803466796875,8009211
2017-10-10,256.8500061035156,258.20001220703125,255.6999969482422,256.95001220703125,232.89410400390625,9742878
2017-10-11,257.1499938964844,258.45001220703125,250.4499969482422,251.75,228.18093872070312,14192548
2017-10-12,252.0,252.9499969482422,248.5,251.1999969482422,227.68240356445312,13404759
2017-10-13,251.10000610351562,255.35000610351562,250.1999969482422,252.10000610351562,228.49818420410156,15697555
2017-10-16,254.60000610351562,254.6999969482422,250.10000610351562,252.0500030517578,228.4528350830078,12171830
2017-10-17,252.0500030517578,254.6999969482422,250.64999389648438,251.14999389648438,227.6370849609375,13505216
2017-10-18,246.0,247.8000030517578,242.5500030517578,243.75,220.9298858642578,20677891
2017-10-19,243.8000030517578,245.25,241.14999389648438,242.75,220.0235137939453,3458869
2017-10-23,244.0,247.0,242.3000030517578,245.9499969482422,222.92393493652344,8901335
2017-10-24,246.0,255.3000030517578,245.9499969482422,254.4499969482422,230.62815856933594,17197805
2017-10-25,279.8500061035156,328.04998779296875,279.8500061035156,324.8999938964844,294.4825439453125,262677081
2017-10-26,330.0,351.29998779296875,317.5,320.5,290.4945068359375,112804243
2017-10-27,320.25,323.6000061035156,310.1000061035156,311.04998779296875,281.9292297363281,27580765
2017-10-30,312.0,322.3500061035156,310.6000061035156,312.0,282.7902526855469,28530254
2017-10-31,313.0,313.8500061035156,304.29998779296875,305.79998779296875,277.1706848144531,16455750
2017-11-01,309.3999938964844,321.45001220703125,309.3999938964844,319.8500061035156,289.9053649902344,34907283
2017-11-02,320.0,323.1499938964844,313.54998779296875,314.3500061035156,284.9202575683594,23110527
2017-11-03,315.45001220703125,327.5,312.6000061035156,325.0,294.57318115234375,26898400
2017-11-06,323.6000061035156,330.0,321.45001220703125,329.0,298.19873046875,17143407
2017-11-07,328.95001220703125,331.70001220703125,315.5,317.20001220703125,287.5034484863281,21883541
2017-11-08,318.0,319.29998779296875,306.6499938964844,309.54998779296875,280.5696716308594,20242447
2017-11-09,313.1499938964844,318.0,308.20001220703125,313.70001220703125,284.33111572265625,21846178
2017-11-10,315.0,338.5,309.5,333.54998779296875,302.32269287109375,82984969
2017-11-13,336.75,344.79998779296875,329.75,331.04998779296875,300.0567626953125,38777555
2017-11-14,330.3500061035156,334.70001220703125,327.5,329.1000061035156,298.2893371582031,25647162
2017-11-15,328.0,331.1499938964844,322.25,324.95001220703125,294.52789306640625,17389606
2017-11-16,327.3999938964844,334.20001220703125,323.6499938964844,333.3999938964844,302.1867980957031,22506014
2017-11-17,345.0,346.70001220703125,336.0,337.5,305.9029541015625,26518142
2017-11-20,337.1000061035156,337.1499938964844,331.25,333.0,301.82421875,13507662
2017-11-21,335.0,335.3999938964844,330.0,330.6499938964844,299.6942443847656,14189920
2017-11-22,330.8500061035156,339.6499938964844,327.0,335.29998779296875,303.9089050292969,22861716
2017-11-23,335.5,336.6499938964844,331.6499938964844,334.95001220703125,303.5916748046875,13338423
2017-11-24,336.0,337.0,331.5,332.3999938964844,301.2803955078125,11716981
2017-11-27,329.8999938964844,337.0,328.04998779296875,335.6499938964844,304.22613525390625,13114683
2017-11-28,336.0,336.70001220703125,331.20001220703125,332.0,300.9178771972656,16054996
2017-11-29,332.3500061035156,334.8500061035156,327.20001220703125,328.8999938964844,298.1080322265625,11264624
2017-11-30,325.79998779296875,326.5,318.5,320.3500061035156,290.3585510253906,27276288
2017-12-01,321.5,322.29998779296875,311.25,312.75,283.47003173828125,16425620
2017-12-04,314.70001220703125,315.95001220703125,311.1499938964844,313.6000061035156,284.240478515625,13887727
2017-12-05,312.5,320.70001220703125,308.79998779296875,319.1000061035156,289.2255859375,15130931
2017-12-06,316.70001220703125,317.3999938964844,311.5,312.3999938964844,283.15277099609375,18658202
2017-12-07,312.5,317.75,312.45001220703125,316.3999938964844,286.7783508300781,12278558
2017-12-08,316.6000061035156,318.8500061035156,312.1000061035156,313.1000061035156,283.7872619628906,16418832
2017-12-11,315.95001220703125,319.29998779296875,315.1000061035156,318.3999938964844,288.5910949707031,14014369
2017-12-12,317.75,320.5,314.6499938964844,318.45001220703125,288.63641357421875,17658856
2017-12-13,316.1499938964844,318.95001220703125,311.1499938964844,313.29998779296875,283.96856689453125,17540585
2017-12-14,314.29998779296875,315.3999938964844,309.5,314.0,284.60302734375,13894451
2017-12-15,318.3999938964844,319.3500061035156,311.5,312.25,283.016845703125,16050711
2017-12-18,308.0,323.5,300.3999938964844,318.8999938964844,289.0442810058594,32119915
2017-12-19,319.45001220703125,322.25,318.3999938964844,319.79998779296875,289.8599853515625,14741481
2017-12-20,319.0,319.0,316.5,317.5,287.7753601074219,9895770
2017-12-21,316.6000061035156,318.20001220703125,315.3999938964844,316.75,287.0956115722656,9916409
2017-12-22,317.1000061035156,323.8500061035156,316.5,319.8500061035156,289.9053649902344,13821639
2017-12-26,318.6000061035156,319.95001220703125,316.29998779296875,317.1499938964844,287.4580993652344,9329690
2017-12-27,316.5,320.29998779296875,313.04998779296875,314.8500061035156,285.37347412109375,14276027
2017-12-28,315.29998779296875,316.5,307.6499938964844,308.3999938964844,279.52728271484375,20353152
2017-12-29,310.0,312.0,309.04998779296875,309.8999938964844,280.8868408203125,11939569
2018-01-01,310.6000061035156,312.75,306.29998779296875,307.1000061035156,278.3489990234375,12182400
2018-01-02,309.0,309.0,301.3500061035156,303.25,274.85943603515625,14797364
2018-01-03,305.29998779296875,306.45001220703125,302.1499938964844,302.8500061035156,274.49688720703125,13857373
2018-01-04,304.5,310.20001220703125,303.1499938964844,308.5,279.617919921875,24517099
2018-01-05,311.3999938964844,311.3999938964844,305.6000061035156,306.3500061035156,277.66925048828125,14580575
2018-01-08,307.20001220703125,309.5,305.0,305.79998779296875,277.1706848144531,13557197
2018-01-09,307.5,309.5,303.29998779296875,304.29998779296875,275.8111267089844,15574755
2018-01-10,304.6499938964844,305.8500061035156,300.0,301.1000061035156,272.9107360839844,13064599
2018-01-11,300.8999938964844,303.0,300.0,302.20001220703125,273.90771484375,12298455
2018-01-12,304.6499938964844,304.6499938964844,300.54998779296875,302.25,273.9530334472656,17594228
2018-01-15,303.95001220703125,305.25,301.54998779296875,302.6000061035156,274.27032470703125,18189668
2018-01-16,302.3999938964844,303.3500061035156,295.29998779296875,296.1499938964844,268.4241638183594,18040940
2018-01-17,296.0,308.3999938964844,292.6000061035156,307.1000061035156,278.3489990234375,26277307
2018-01-18,315.0,317.79998779296875,300.5,303.25,274.85943603515625,40000111
2018-01-19,303.95001220703125,310.0,302.5,309.25,280.2977294921875,18461642
2018-01-22,308.3500061035156,308.75,304.04998779296875,306.5,277.8052062988281,12622645
2018-01-23,306.3999938964844,320.54998779296875,306.3500061035156,318.1000061035156,288.31915283203125,35252217
2018-01-24,317.70001220703125,331.6000061035156,316.20001220703125,329.8999938964844,299.01446533203125,38070520
2018-01-25,332.75,332.75,311.8500061035156,313.1499938964844,283.8326110839844,42466150
2018-01-29,313.1499938964844,316.8999938964844,311.0,312.1000061035156,282.8808898925781,23600898
2018-01-30,312.04998779296875,318.8500061035156,311.0,313.54998779296875,284.19512939453125,25810404
2018-01-31,313.0,316.6000061035156,307.8500061035156,313.25,283.9232482910156,16409938
2018-02-01,316.8999938964844,317.3999938964844,305.0,306.04998779296875,277.3973388671875,19515991
2018-02-02,302.8999938964844,305.75,295.5,297.3500061035156,269.5118103027344,23274673
2018-02-05,292.6499938964844,300.3999938964844,290.0,298.04998779296875,270.1462707519531,18940578
2018-02-06,285.0,297.29998779296875,282.8999938964844,291.75,264.43609619140625,30577218
2018-02-07,296.6000061035156,297.8999938964844,290.0,292.79998779296875,265.38775634765625,21463818
2018-02-08,292.8999938964844,303.29998779296875,292.54998779296875,301.3999938964844,273.1826477050781,18932796
2018-02-09,297.0,300.6000061035156,295.0,296.3999938964844,268.65069580078125,15750824
2018-02-12,288.25,292.3999938964844,285.1499938964844,288.75,261.7169494628906,50839665
2018-02-14,288.70001220703125,288.70001220703125,275.0,276.20001220703125,250.34188842773438,45641149
2018-02-15,274.79998779296875,282.29998779296875,274.25,278.70001220703125,252.60787963867188,26058237
2018-02-16,280.5,281.20001220703125,270.04998779296875,271.6499938964844,246.21786499023438,30338112
2018-02-19,271.5,272.0,256.6499938964844,268.5,243.36277770996094,43847791
2018-02-20,269.0,274.20001220703125,264.79998779296875,269.6499938964844,244.40509033203125,33458021
2018-02-21,272.20001220703125,274.1000061035156,267.3999938964844,273.29998779296875,247.71340942382812,23714454
2018-02-22,270.3999938964844,273.6000061035156,269.45001220703125,272.6000061035156,247.07894897460938,25584062
2018-02-23,273.45001220703125,277.20001220703125,272.5,276.04998779296875,250.20590209960938,15482147
2018-02-26,280.0,280.0,273.8500061035156,274.45001220703125,248.75575256347656,15306032
2018-02-27,273.0,275.8999938964844,265.95001220703125,267.6000061035156,242.5470428466797,20824909
2018-02-28,264.25,269.70001220703125,260.79998779296875,268.0,242.90957641601562,26810799
2018-03-01,266.29998779296875,270.0,261.25,262.1499938964844,237.60728454589844,22859175
2018-03-05,260.45001220703125,265.0,258.75,263.5,238.83090209960938,18484565
2018-03-06,265.8500061035156,266.0,255.0,256.54998779296875,232.5315399169922,20778164
2018-03-07,255.0500030517578,255.35000610351562,246.0500030517578,246.64999389648438,223.55841064453125,31262500
2018-03-08,247.0,257.95001220703125,244.3000030517578,256.79998779296875,232.7581329345703,33133336
2018-03-09,257.0,257.3999938964844,251.64999389648438,253.25,229.54049682617188,21536191
2018-03-12,254.10000610351562,255.25,247.25,252.85000610351562,229.17796325683594,25332474
2018-03-13,251.3000030517578,262.3999938964844,249.60000610351562,254.6999969482422,230.85475158691406,37647221
2018-03-14,252.5,257.8500061035156,250.0,257.04998779296875,232.98472595214844,25471485
2018-03-15,257.0,258.79998779296875,252.5500030517578,253.6999969482422,229.94837951660156,18339890
2018-03-16,250.64999389648438,255.6999969482422,250.10000610351562,252.3000030517578,228.67942810058594,25728297
2018-03-19,252.89999389648438,253.60000610351562,246.10000610351562,247.9499969482422,224.7366943359375,18167594
2018-03-20,246.85000610351562,252.25,245.35000610351562,249.10000610351562,225.77902221679688,20556571
2018-03-21,251.75,254.3000030517578,247.10000610351562,248.0,224.78199768066406,19533972
2018-03-22,247.0,247.35000610351562,240.64999389648438,241.5500030517578,218.93585205078125,26828240
2018-03-23,237.8000030517578,239.64999389648438,232.35000610351562,234.8000030517578,212.81781005859375,27150262
2018-03-26,234.75,247.85000610351562,234.25,246.5,223.4224395751953,30373940
2018-03-27,250.0,255.5,248.0,254.35000610351562,230.5375213623047,31205051
2018-03-28,252.0,256.20001220703125,248.6999969482422,249.89999389648438,226.50411987304688,36673566
2018-04-02,251.8000030517578,252.0,244.89999389648438,246.14999389648438,223.10520935058594,14993188
2018-04-03,249.5500030517578,252.8000030517578,248.25,250.5,227.04794311523438,19883309
2018-04-04,251.6999969482422,253.0,245.5,247.3000030517578,224.1475372314453,18824449
2018-04-05,252.60000610351562,261.8999938964844,250.0,259.29998779296875,235.0240936279297,22880821
2018-04-06,259.6499938964844,261.45001220703125,254.85000610351562,259.70001220703125,235.3866729736328,24868860
2018-04-09,260.6499938964844,262.75,257.6000061035156,260.6499938964844,236.24769592285156,20208874
2018-04-10,261.1000061035156,265.0,258.5,263.29998779296875,238.64959716796875,21201141
2018-04-11,263.0,263.0,256.29998779296875,257.04998779296875,232.98472595214844,14885838
2018-04-12,257.5,257.5,252.25,253.8000030517578,230.03900146484375,18660913
2018-04-13,254.0,255.9499969482422,249.6999969482422,250.9499969482422,227.455810546875,25654020
2018-04-16,249.35000610351562,251.3000030517578,247.10000610351562,249.0,225.68838500976562,16408377
2018-04-17,251.39999389648438,252.5,246.60000610351562,248.14999389648438,224.91795349121094,15922452
2018-04-18,249.5,249.89999389648438,245.3000030517578,246.4499969482422,223.37713623046875,16142387
2018-04-19,247.10000610351562,248.4499969482422,245.1999969482422,246.14999389648438,223.10520935058594,13166927
2018-04-20,245.85000610351562,245.85000610351562,239.5,241.1999969482422,218.61862182617188,15546939
2018-04-23,241.89999389648438,244.85000610351562,239.3000030517578,242.4499969482422,219.75160217285156,12111837
2018-04-24,242.0,243.39999389648438,239.60000610351562,240.60000610351562,218.07481384277344,9486349
2018-04-25,239.6999969482422,240.75,236.75,237.1999969482422,214.9931182861328,13124853
2018-04-26,238.39999389648438,238.8000030517578,232.5,233.1999969482422,211.3675994873047,24495144
2018-04-27,233.25,245.8000030517578,233.25,242.60000610351562,219.88755798339844,31401889
2018-04-30,244.8000030517578,249.6999969482422,244.5,246.39999389648438,223.33181762695312,17263193
2018-05-02,245.89999389648438,246.3000030517578,239.75,241.0,218.43736267089844,12887066
2018-05-03,240.9499969482422,243.39999389648438,238.75,241.89999389648438,219.25308227539062,12939642
2018-05-04,243.5,243.89999389648438,240.35000610351562,241.9499969482422,219.2983856201172,12777310
2018-05-07,242.4499969482422,248.1999969482422,242.0500030517578,246.5,223.4224395751953,15122614
2018-05-08,248.0,252.60000610351562,244.60000610351562,250.0500030517578,226.64007568359375,23293920
2018-05-09,249.8000030517578,249.8000030517578,246.3000030517578,248.0,224.78199768066406,11429823
2018-05-10,248.25,250.1999969482422,246.3000030517578,247.9499969482422,224.7366943359375,13160967
2018-05-11,247.60000610351562,251.60000610351562,246.0500030517578,250.35000610351562,226.91200256347656,11958589
2018-05-14,249.9499969482422,255.8000030517578,248.14999389648438,253.60000610351562,229.8577423095703,18673849
2018-05-15,253.0,257.45001220703125,245.89999389648438,248.0,224.78199768066406,18026861
2018-05-16,245.5,248.6999969482422,240.60000610351562,243.10000610351562,220.3407745361328,17222004
2018-05-17,244.1999969482422,246.0,241.14999389648438,242.6999969482422,219.9781951904297,11721064
2018-05-18,243.0,244.0,237.85000610351562,238.85000610351562,216.4886474609375,11873041
2018-05-21,243.5500030517578,245.75,240.3000030517578,244.4499969482422,221.56434631347656,18780730
2018-05-22,243.64999389648438,259.70001220703125,241.0,253.89999389648438,230.12965393066406,68713602
2018-05-23,254.64999389648438,269.75,254.3000030517578,263.20001220703125,238.55899047851562,71202072
2018-05-24,263.8500061035156,269.70001220703125,260.6499938964844,268.5,243.36277770996094,34679642
2018-05-25,267.79998779296875,268.3999938964844,262.54998779296875,266.95001220703125,241.95790100097656,22317308
2018-05-28,267.3999938964844,274.20001220703125,266.04998779296875,272.04998779296875,246.58041381835938,18959368
2018-05-29,270.5,270.95001220703125,262.79998779296875,264.29998779296875,239.55596923828125,16107543
2018-05-30,260.5,268.0,259.95001220703125,267.1499938964844,242.13914489746094,19320209
2018-05-31,266.8500061035156,274.79998779296875,263.1499938964844,269.54998779296875,244.31443786621094,31935892
2018-06-01,269.25,269.79998779296875,264.6000061035156,266.70001220703125,241.73130798339844,16574717
2018-06-04,268.0,268.3500061035156,261.29998779296875,263.0,238.37770080566406,12933824
2018-06-05,260.8999938964844,265.25,260.8999938964844,263.54998779296875,238.87619018554688,14102731
2018-06-06,263.0,271.3999938964844,262.20001220703125,270.1499938964844,244.85830688476562,18315171
2018-06-07,271.04998779296875,272.8999938964844,268.3999938964844,269.6499938964844,244.40509033203125,18773700
2018-06-08,268.95001220703125,273.8999938964844,267.0,273.0,247.44151306152344,14096549
2018-06-11,273.29998779296875,278.3999938964844,273.1499938964844,274.0,248.34786987304688,18219428
2018-06-12,274.0,284.3999938964844,274.0,282.8500061035156,256.36932373046875,31358021
2018-06-13,284.0,289.6499938964844,283.6499938964844,287.70001220703125,260.7652587890625,26748300
2018-06-14,286.54998779296875,286.54998779296875,281.29998779296875,282.6000061035156,256.1427001953125,18513730
2018-06-15,282.75,283.45001220703125,276.6000061035156,277.45001220703125,251.4748992919922,16949917
2018-06-18,278.0,279.75,275.45001220703125,276.8500061035156,250.93104553222656,13542420
2018-06-19,276.0,276.70001220703125,269.75,272.6000061035156,247.07894897460938,20726975
2018-06-20,273.20001220703125,274.75,271.1000061035156,273.29998779296875,247.71340942382812,14002946
2018-06-21,274.75,274.75,268.1000061035156,268.6499938964844,243.49876403808594,12954943
2018-06-22,269.0,273.70001220703125,265.75,273.04998779296875,247.48678588867188,20784133
2018-06-25,271.8500061035156,273.1499938964844,267.20001220703125,268.45001220703125,243.31747436523438,10934401
2018-06-26,267.25,271.20001220703125,265.3999938964844,267.3999938964844,242.36575317382812,16867009
2018-06-27,267.3500061035156,267.3500061035156,261.0,261.70001220703125,237.1994171142578,16277655
2018-06-28,260.3999938964844,262.0,255.6999969482422,257.0,232.93942260742188,21349738
2018-06-29,258.25,263.45001220703125,258.20001220703125,259.3500061035156,235.06944274902344,16244724
2018-07-02,258.95001220703125,261.75,254.0,258.8500061035156,234.61622619628906,21896701
2018-07-03,259.6000061035156,260.8999938964844,256.3999938964844,257.5,233.39260864257812,16099030
2018-07-04,255.75,258.3500061035156,254.5,257.45001220703125,233.34727478027344,14206935
2018-07-05,257.8999938964844,258.70001220703125,255.14999389648438,256.45001220703125,232.44093322753906,11215032
2018-07-06,256.1000061035156,260.79998779296875,255.5500030517578,257.20001220703125,233.12071228027344,16174019
2018-07-09,258.20001220703125,262.3999938964844,257.95001220703125,261.54998779296875,237.06344604492188,13220744
2018-07-10,263.8500061035156,265.75,262.3999938964844,263.75,239.0574951171875,11487165
2018-07-11,262.6499938964844,262.6499938964844,257.8999938964844,259.1000061035156,234.84283447265625,12857179
2018-07-12,261.3999938964844,264.5,261.1499938964844,262.75,238.15109252929688,10642215
2018-07-13,262.1000061035156,262.3999938964844,256.79998779296875,257.75,233.61920166015625,11976239
2018-07-16,257.0,257.5,251.0,251.60000610351562,228.04498291015625,8965623
2018-07-17,250.6999969482422,259.8500061035156,250.4499969482422,259.04998779296875,234.79750061035156,16067598
2018-07-18,260.1000061035156,262.5,256.1499938964844,259.54998779296875,235.2506866455078,17641125
2018-07-19,259.3999938964844,263.5,256.20001220703125,260.20001220703125,235.83984375,9958284
2018-07-20,259.8999938964844,263.0,258.54998779296875,261.5,237.01812744140625,6120163
2018-07-23,262.0,267.5,260.6000061035156,266.3500061035156,241.4140625,17013119
2018-07-24,267.20001220703125,269.20001220703125,265.54998779296875,266.8500061035156,241.86727905273438,9320281
2018-07-25,268.0,272.8500061035156,265.6499938964844,271.8500061035156,246.39913940429688,13099277
2018-07-26,275.1000061035156,289.3999938964844,274.20001220703125,287.70001220703125,260.7652587890625,53496546
2018-07-27,289.5,297.0,285.1000061035156,286.75,259.9041748046875,32175436
2018-07-30,289.20001220703125,299.54998779296875,289.20001220703125,297.3999938964844,269.55712890625,40949610
2018-07-31,297.0,302.3999938964844,291.79998779296875,293.5,266.02227783203125,36510328
2018-08-01,294.5,298.0,288.3500061035156,295.1000061035156,267.47247314453125,33885474
2018-08-02,293.0,296.3999938964844,290.54998779296875,293.8999938964844,266.3847961425781,15665209
2018-08-03,294.6000061035156,299.95001220703125,294.5,299.25,271.23394775390625,18254462
2018-08-06,300.6000061035156,311.3500061035156,300.6000061035156,308.5,279.617919921875,31576923
2018-08-07,309.8500061035156,311.70001220703125,303.04998779296875,304.04998779296875,275.58453369140625,23928622
2018-08-08,304.04998779296875,310.8999938964844,303.04998779296875,308.70001220703125,279.7991943359375,20498279
2018-08-09,312.95001220703125,319.8500061035156,310.1499938964844,317.3999938964844,287.6846923828125,46464355
2018-08-10,317.6499938964844,326.3999938964844,300.5,304.45001220703125,275.9471130371094,111510771
2018-08-13,296.0,302.79998779296875,291.1000061035156,294.1499938964844,266.6114196777344,58127432
2018-08-14,296.70001220703125,298.95001220703125,293.3500061035156,294.8999938964844,267.2911682128906,25294933
2018-08-16,293.5,298.3999938964844,290.25,292.70001220703125,265.2971496582031,31083900
2018-08-17,295.0,302.70001220703125,294.04998779296875,302.1000061035156,273.8171081542969,21931134
2018-08-20,304.1000061035156,308.70001220703125,303.6000061035156,307.6499938964844,278.8475341796875,20240462
2018-08-21,308.29998779296875,308.8500061035156,303.3500061035156,307.0,278.25836181640625,14139592
2018-08-23,306.95001220703125,306.95001220703125,298.29998779296875,302.45001220703125,274.1343688964844,22721004
2018-08-24,300.6000061035156,305.70001220703125,299.0,300.45001220703125,272.3216247558594,18869585
2018-08-27,304.0,310.3500061035156,303.29998779296875,308.0,279.16473388671875,28111768
2018-08-28,308.04998779296875,310.25,303.3999938964844,305.3500061035156,276.7628173828125,16890236
2018-08-29,306.79998779296875,312.0,305.75,309.70001220703125,280.70562744140625,24320824
2018-08-30,309.29998779296875,310.5,306.0,308.6000061035156,279.7085876464844,19935935
2018-08-31,307.8999938964844,310.6499938964844,304.54998779296875,309.6000061035156,280.6149597167969,18100140
2018-09-03,312.5,312.5,304.79998779296875,306.3500061035156,277.66925048828125,14708076
2018-09-04,306.79998779296875,307.45001220703125,295.45001220703125,296.3999938964844,268.65069580078125,42859084
2018-09-05,296.5,298.8500061035156,290.3999938964844,296.54998779296875,268.78668212890625,22922686
2018-09-06,298.0,299.8500061035156,294.5,296.45001220703125,268.696044921875,18001336
2018-09-07,295.8999938964844,295.8999938964844,289.45001220703125,291.6499938964844,264.3454895019531,23716678
2018-09-10,290.6499938964844,293.25,283.79998779296875,284.8500061035156,258.1820983886719,23354395
2018-09-11,287.3500061035156,291.45001220703125,281.6499938964844,282.6000061035156,256.1427001953125,28361400
2018-09-12,284.0,286.70001220703125,280.0,285.29998779296875,258.5899658203125,22717796
2018-09-14,290.1000061035156,291.79998779296875,288.70001220703125,290.6499938964844,263.4390563964844,15149585
2018-09-17,288.5,288.5,284.1000061035156,285.29998779296875,258.5899658203125,16089996
2018-09-18,285.0,286.8999938964844,272.3999938964844,273.79998779296875,248.16659545898438,33901000
2018-09-19,275.3999938964844,282.8500061035156,270.5,271.5,246.08192443847656,40759431
2018-09-21,274.20001220703125,279.45001220703125,253.39999389648438,270.6000061035156,245.26617431640625,39308482
2018-09-24,272.70001220703125,273.0,262.6000061035156,264.3500061035156,239.60130310058594,24633374
2018-09-25,264.0,272.95001220703125,260.79998779296875,270.8999938964844,245.53810119628906,28948831
2018-09-26,274.0,274.0,262.75,263.8500061035156,239.1481170654297,23951904
2018-09-27,264.5,268.6000061035156,263.75,265.3500061035156,240.50767517089844,24829383
2018-09-28,266.3999938964844,273.5,262.5,265.5,240.64364624023438,33803139
2018-10-01,265.5,275.20001220703125,264.1000061035156,273.8500061035156,248.21192932128906,17711738
2018-10-03,273.3500061035156,278.70001220703125,270.6000061035156,271.70001220703125,246.26321411132812,19714943
2018-10-04,267.95001220703125,272.70001220703125,265.70001220703125,271.3500061035156,245.94595336914062,17754204
2018-10-05,271.0,271.0,256.0,258.3500061035156,234.16302490234375,36628643
2018-10-08,259.75,268.5,258.3500061035156,265.75,240.8702392578125,21100804
2018-10-09,268.0,268.1499938964844,260.0,262.95001220703125,238.33241271972656,16010883
2018-10-10,261.6000061035156,280.45001220703125,261.20001220703125,278.6499938964844,252.56253051757812,31772330
2018-10-11,268.0,271.5,260.6000061035156,262.1499938964844,237.60728454589844,46291120
2018-10-12,266.0,267.8999938964844,261.5,263.75,239.0574951171875,42967696
2018-10-15,264.3999938964844,265.70001220703125,261.1000061035156,263.20001220703125,238.55899047851562,21965859
2018-10-16,264.6000061035156,270.8500061035156,263.3500061035156,270.29998779296875,244.99423217773438,33597068
2018-10-17,273.75,275.0,260.0,261.1499938964844,236.70089721679688,21631573
2018-10-19,259.70001220703125,264.20001220703125,258.1000061035156,261.1000061035156,236.6555938720703,28474307
2018-10-22,266.0,266.0,259.45001220703125,260.3500061035156,235.97581481933594,19933462
2018-10-23,258.0,259.0,255.0,255.64999389648438,231.71578979492188,20206307
2018-10-24,260.25,261.79998779296875,252.8000030517578,255.6999969482422,231.76112365722656,25636533
2018-10-25,254.5,255.0,248.39999389648438,249.5500030517578,226.1868896484375,33066232
2018-10-26,252.0,252.5,247.39999389648438,248.10000610351562,224.87265014648438,20543437
2018-10-29,250.0,269.25,248.39999389648438,267.8999938964844,242.81893920898438,37768359
2018-10-30,267.5,279.1000061035156,266.0,273.1499938964844,247.5774383544922,33401683
2018-10-31,275.0,282.75,268.6000061035156,281.3999938964844,255.05502319335938,28137370
2018-11-01,283.0,289.0,278.8500061035156,285.8999938964844,259.1337890625,29144808
2018-11-02,287.8999938964844,292.79998779296875,283.20001220703125,285.3500061035156,258.6352844238281,27760214
2018-11-05,286.45001220703125,300.0,283.5,294.95001220703125,267.3365173339844,44619891
2018-11-06,296.1000061035156,298.29998779296875,283.8999938964844,286.45001220703125,259.6322937011719,40688243
2018-11-07,288.8999938964844,288.8999938964844,285.95001220703125,286.54998779296875,259.722900390625,3312160
2018-11-09,287.0,287.5,282.45001220703125,283.25,256.73187255859375,19201007
2018-11-12,283.70001220703125,283.70001220703125,276.8500061035156,277.95001220703125,251.92811584472656,24044907
2018-11-13,276.29998779296875,279.70001220703125,273.3500061035156,278.04998779296875,252.01869201660156,25633628
2018-11-14,280.3999938964844,287.70001220703125,278.0,283.6000061035156,257.0491027832031,52674807
2018-11-15,283.8500061035156,287.04998779296875,281.1499938964844,285.3999938964844,258.6805725097656,18445463
2018-11-16,285.8999938964844,291.79998779296875,282.6000061035156,290.8999938964844,263.6656799316406,24805910
2018-11-19,293.5,293.5,286.04998779296875,288.1499938964844,261.1731262207031,13799970
2018-11-20,285.8999938964844,288.54998779296875,282.5,283.45001220703125,256.91314697265625,12900924
2018-11-21,283.45001220703125,289.54998779296875,283.04998779296875,287.04998779296875,260.17608642578125,16167419
2018-11-22,285.95001220703125,287.04998779296875,281.6000061035156,282.70001220703125,256.2333679199219,12066797
2018-11-26,284.1000061035156,287.25,279.6000061035156,286.3999938964844,259.5869445800781,16846820
2018-11-27,284.6000061035156,290.5,284.04998779296875,289.3999938964844,262.3061218261719,21242956
2018-11-28,289.3999938964844,292.45001220703125,283.0,284.54998779296875,257.91015625,19837609
2018-11-29,289.29998779296875,289.6499938964844,284.25,286.3999938964844,259.5869445800781,27919104
2018-11-30,288.79998779296875,290.8999938964844,283.20001220703125,284.6499938964844,258.00079345703125,17583510
2018-12-03,286.70001220703125,287.8999938964844,283.25,286.79998779296875,259.9494934082031,15772176
2018-12-04,287.95001220703125,287.95001220703125,281.8999938964844,282.54998779296875,256.0973815917969,11897307
2018-12-05,282.45001220703125,283.20001220703125,277.04998779296875,280.1499938964844,253.92210388183594,14893748
2018-12-06,278.0,279.25,275.1000061035156,275.6499938964844,249.84336853027344,11083451
2018-12-07,277.0,277.3500061035156,272.1000061035156,275.3999938964844,249.6167755126953,10165275
2018-12-10,271.0,276.3999938964844,270.1499938964844,274.20001220703125,248.5291290283203,11947887
2018-12-11,268.3500061035156,283.25,268.3500061035156,281.25,254.91909790039062,30927239
2018-12-12,283.75,285.8500061035156,282.20001220703125,285.25,258.5446472167969,21765939
2018-12-13,290.0,294.0,285.75,289.0,261.94354248046875,24097152
2018-12-14,288.5,290.79998779296875,287.04998779296875,289.20001220703125,262.12481689453125,12156361
2018-12-17,289.29998779296875,291.45001220703125,287.29998779296875,289.5,262.3967590332031,12728014
2018-12-18,287.8500061035156,294.0,287.0,292.75,265.34246826171875,13606582
2018-12-19,294.70001220703125,302.0,294.70001220703125,300.70001220703125,272.5481872558594,26124125
2018-12-20,298.3500061035156,301.6499938964844,293.1499938964844,294.04998779296875,266.520751953125,19222232
2018-12-21,293.6499938964844,296.5,290.79998779296875,291.8999938964844,264.572021484375,15777301
2018-12-24,293.5,295.0,290.1499938964844,293.04998779296875,265.6144104003906,12048877
2018-12-26,292.8500061035156,295.0,287.1499938964844,294.1499938964844,266.6114196777344,12684324
2018-12-27,296.70001220703125,297.6000061035156,291.5,292.1499938964844,264.7986145019531,15304564
2018-12-28,293.6000061035156,297.1000061035156,293.54998779296875,294.79998779296875,267.2005615234375,12876558
2018-12-31,297.20001220703125,298.25,295.5,295.8999938964844,268.19757080078125,9526067
2019-01-01,297.5,300.70001220703125,293.8500061035156,299.6000061035156,271.5511779785156,11837127
2019-01-02,299.1000061035156,302.5,293.1000061035156,293.8999938964844,266.3847961425781,25559853
2019-01-03,295.0,295.54998779296875,290.1000061035156,291.1000061035156,263.8469543457031,17548347
2019-01-04,292.1000061035156,299.0,291.5,297.6499938964844,269.7837219238281,19514041
2019-01-07,301.04998779296875,301.5,295.20001220703125,296.29998779296875,268.5600891113281,14579399
2019-01-08,295.79998779296875,306.0,294.75,305.29998779296875,276.717529296875,22949961
2019-01-09,306.0,307.1000061035156,300.75,305.29998779296875,276.717529296875,21109911
2019-01-10,305.1000061035156,307.5,303.5,305.54998779296875,276.944091796875,16295468
2019-01-11,305.3999938964844,306.20001220703125,300.95001220703125,302.75,274.4062194824219,12702551
2019-01-14,301.0,303.6000061035156,299.54998779296875,300.3999938964844,272.27630615234375,10372933
2019-01-15,302.0,303.6000061035156,301.1000061035156,301.6499938964844,273.4092102050781,9444374
2019-01-16,303.0,306.6499938964844,302.1000061035156,303.1499938964844,274.768798828125,12111480
2019-01-17,303.8999938964844,304.3500061035156,295.6000061035156,297.3999938964844,269.55712890625,15974634
2019-01-18,298.75,299.8500061035156,294.25,294.95001220703125,267.3365173339844,9082501
2019-01-21,295.8999938964844,296.75,291.45001220703125,292.45001220703125,265.070556640625,10188647
2019-01-22,293.0,293.0,288.20001220703125,290.25,263.0765075683594,11297989
2019-01-23,290.45001220703125,292.95001220703125,285.5,286.6499938964844,259.81353759765625,10304608
2019-01-24,286.6499938964844,289.8999938964844,285.5,288.04998779296875,261.0824890136719,11532528
2019-01-25,289.6000061035156,291.0,283.20001220703125,285.3999938964844,258.6805725097656,11121223
2019-01-28,285.6499938964844,286.6000061035156,277.29998779296875,281.6000061035156,255.23634338378906,18905470
2019-01-29,281.0,286.0,276.54998779296875,280.6000061035156,254.32994079589844,17435611
2019-01-30,281.20001220703125,289.3999938964844,280.25,287.45001220703125,260.5386657714844,18908654
2019-01-31,290.0,294.79998779296875,288.0,293.6499938964844,266.158203125,25546487
2019-02-01,296.8999938964844,302.70001220703125,282.0,284.3999938964844,257.77423095703125,60015958
2019-02-04,282.3999938964844,285.20001220703125,277.8500061035156,283.95001220703125,257.3663635253906,20642919
2019-02-05,284.20001220703125,287.0,283.0,284.6499938964844,258.00079345703125,13291133
2019-02-06,285.8500061035156,289.75,283.5,289.04998779296875,261.9888610839844,12149759
2019-02-07,289.3999938964844,294.0,286.6000061035156,287.3999938964844,260.4933776855469,19733315
2019-02-08,285.6000061035156,288.0,282.20001220703125,286.0,259.22442626953125,19781908
2019-02-11,285.95001220703125,285.95001220703125,280.0,280.5,254.2393035888672,15420017
2019-02-12,280.6499938964844,282.20001220703125,274.6499938964844,275.3999938964844,249.6167755126953,15326106
2019-02-14,268.0,268.3500061035156,263.6499938964844,267.1000061035156,242.09385681152344,26372671
2019-02-15,268.8500061035156,268.8500061035156,261.29998779296875,262.95001220703125,238.33241271972656,23366091
2019-02-18,264.3999938964844,265.5,258.79998779296875,259.95001220703125,235.61325073242188,14781744
2019-02-19,260.8999938964844,267.5,260.29998779296875,262.8999938964844,238.2870635986328,19064306
2019-02-20,264.5,268.29998779296875,264.29998779296875,267.70001220703125,242.63766479492188,15514595
2019-02-21,270.29998779296875,271.0,267.29998779296875,268.0,242.90957641601562,13760702
2019-02-22,267.8999938964844,271.8999938964844,267.6000061035156,270.95001220703125,245.5834197998047,12536918
2019-02-25,271.29998779296875,271.3999938964844,267.8999938964844,270.1499938964844,244.85830688476562,20793897
2019-02-26,266.79998779296875,268.20001220703125,263.25,266.3500061035156,241.4140625,15274303
2019-02-27,268.0,272.70001220703125,266.54998779296875,267.6499938964844,242.5923614501953,20571652
2019-02-28,267.70001220703125,270.79998779296875,267.6499938964844,269.04998779296875,243.86129760742188,31636468
2019-03-01,270.54998779296875,274.6000061035156,270.1000061035156,272.95001220703125,247.39617919921875,20024726
2019-03-05,271.70001220703125,277.8500061035156,271.20001220703125,276.45001220703125,250.56851196289062,21533972
2019-03-06,277.29998779296875,282.54998779296875,276.45001220703125,278.1000061035156,252.0640106201172,22161376
2019-03-07,279.45001220703125,282.5,277.6499938964844,281.75,255.372314453125,14899105
2019-03-08,281.8500061035156,284.25,279.6000061035156,281.20001220703125,254.87376403808594,19943319
2019-03-11,285.29998779296875,289.0,283.5,287.3500061035156,260.4480285644531,22931245
2019-03-12,289.20001220703125,289.8999938964844,285.75,286.8999938964844,260.0401611328125,20828136
2019-03-13,288.1000061035156,294.3999938964844,284.70001220703125,293.1499938964844,265.7050476074219,23725641
2019-03-14,294.5,294.70001220703125,290.75,291.8999938964844,264.572021484375,16164017
2019-03-15,292.6000061035156,301.29998779296875,292.5,298.3999938964844,270.4635009765625,37928480
2019-03-18,298.8999938964844,300.8999938964844,294.6499938964844,298.95001220703125,270.9620361328125,23782967
2019-03-19,300.1499938964844,306.6000061035156,299.1499938964844,303.04998779296875,274.67816162109375,27218691
2019-03-20,302.79998779296875,304.6499938964844,300.04998779296875,303.79998779296875,275.3579406738281,18820555
2019-03-22,304.29998779296875,306.3999938964844,296.95001220703125,298.04998779296875,270.1462707519531,17865957
2019-03-25,294.0,295.45001220703125,292.20001220703125,294.0,266.4754638671875,16895511
2019-03-26,294.75,305.0,294.75,303.5,275.0860290527344,18303791
2019-03-27,305.25,310.8500061035156,304.3500061035156,308.79998779296875,279.88983154296875,35956450
2019-03-28,310.1000061035156,339.6499938964844,309.04998779296875,319.0,289.1349182128906,63244736
2019-04-01,321.79998779296875,327.6499938964844,321.04998779296875,322.75,292.5338439941406,22372357
2019-04-02,323.6499938964844,331.0,322.1000061035156,329.0,298.19873046875,27897583
2019-04-03,331.0,332.45001220703125,319.5,320.5,290.4945068359375,30552104
2019-04-04,321.5,325.75,318.29998779296875,321.79998779296875,291.67279052734375,27832294
2019-04-05,323.70001220703125,323.70001220703125,315.0,317.04998779296875,287.36749267578125,23117232
2019-04-08,318.25,319.25,311.1000061035156,312.79998779296875,283.5153503417969,17394139
2019-04-09,313.95001220703125,315.70001220703125,308.1000061035156,314.75,285.2828063964844,25556039
2019-04-10,314.8500061035156,317.04998779296875,310.0,310.8999938964844,281.793212890625,19237974
2019-04-11,311.0,315.3999938964844,308.70001220703125,314.8999938964844,285.4187927246094,14897935
2019-04-12,314.6000061035156,316.3999938964844,311.20001220703125,315.25,285.7359924316406,14751964
2019-04-15,315.5,318.70001220703125,313.75,315.6000061035156,286.0532531738281,13864791
2019-04-16,316.6000061035156,319.3999938964844,314.70001220703125,315.75,286.1891784667969,14940726
2019-04-18,315.79998779296875,315.79998779296875,308.04998779296875,310.79998779296875,281.7026062011719,15691168
2019-04-22,308.79998779296875,312.29998779296875,306.3500061035156,310.04998779296875,281.0228271484375,15665440
2019-04-23,310.04998779296875,313.75,304.6000061035156,305.25,276.6722106933594,17324274
2019-04-24,305.8500061035156,311.95001220703125,303.6000061035156,310.75,281.6573181152344,15228591
2019-04-25,311.0,312.0,305.3999938964844,306.20001220703125,277.5332946777344,30842477
2019-04-26,306.8999938964844,313.5,306.6000061035156,312.5,283.2434387207031,14987906
2019-04-30,312.0,312.0,305.0,309.95001220703125,280.93218994140625,18178758
2019-05-02,308.04998779296875,311.3999938964844,305.6499938964844,308.1499938964844,279.30072021484375,16640100
2019-05-03,309.0,311.79998779296875,308.79998779296875,310.0,280.9775085449219,12452689
2019-05-06,306.79998779296875,310.29998779296875,305.8999938964844,308.75,279.84454345703125,10639216
2019-05-07,310.70001220703125,313.3999938964844,303.75,305.45001220703125,276.853515625,15219845
2019-05-08,303.95001220703125,305.29998779296875,296.75,298.25,270.32757568359375,22103678
2019-05-09,297.6000061035156,301.0,296.1000061035156,299.29998779296875,271.2792663574219,12654440
2019-05-10,301.79998779296875,310.75,292.45001220703125,308.04998779296875,279.2100524902344,60739833
2019-05-13,310.0,314.20001220703125,305.29998779296875,306.8999938964844,278.167724609375,40101505
2019-05-14,307.8500061035156,316.75,305.1000061035156,314.6499938964844,285.1921691894531,30521436
2019-05-15,316.20001220703125,317.8999938964844,311.0,312.1000061035156,282.8808898925781,27932459
2019-05-16,312.5,317.1000061035156,309.54998779296875,315.75,286.1891784667969,18147559
2019-05-17,315.6499938964844,321.95001220703125,313.45001220703125,319.25,289.3614807128906,25838962
2019-05-20,332.0,345.79998779296875,331.0,344.70001220703125,312.42889404296875,53207071
2019-05-21,345.8999938964844,347.54998779296875,336.25,337.54998779296875,305.9482421875,33457162
2019-05-22,338.8999938964844,342.6000061035156,333.54998779296875,341.1000061035156,309.1658935546875,32002499
2019-05-23,353.0,364.0,339.20001220703125,342.20001220703125,310.1629333496094,74413322
2019-05-24,344.95001220703125,357.0,343.5,355.3500061035156,322.081787109375,35703403
2019-05-27,355.04998779296875,362.5,354.0,361.70001220703125,327.8373107910156,31374994
2019-05-28,360.95001220703125,361.70001220703125,356.6499938964844,360.04998779296875,326.34173583984375,23501608
2019-05-29,358.0,359.0,347.1499938964844,348.6499938964844,316.0090637207031,28370210
2019-05-30,349.75,355.0,347.5,353.54998779296875,320.4503173828125,25712604
2019-05-31,354.3500061035156,357.8999938964844,344.6499938964844,352.5,319.4986267089844,32588069
2019-06-03,352.3500061035156,356.45001220703125,349.6499938964844,355.45001220703125,322.1724548339844,18380919
2019-06-04,354.0,357.20001220703125,351.3999938964844,352.3999938964844,319.4079895019531,18130636
2019-06-06,349.0,349.6000061035156,335.8999938964844,336.8999938964844,305.3591003417969,41941144
2019-06-07,337.0,342.75,336.0,342.04998779296875,310.0269775390625,29739710
2019-06-10,346.0,347.29998779296875,340.1499938964844,344.29998779296875,312.0662841796875,20500542
2019-06-11,345.04998779296875,348.29998779296875,342.8500061035156,347.1000061035156,314.60418701171875,16281297
2019-06-12,346.95001220703125,346.95001220703125,342.29998779296875,344.0,311.7944030761719,11564970
2019-06-13,343.0,347.45001220703125,339.79998779296875,346.5,314.0603332519531,15509948
2019-06-14,345.5,346.3500061035156,342.54998779296875,343.79998779296875,311.6131286621094,10347594
2019-06-17,343.75,343.75,336.95001220703125,337.8500061035156,306.2201843261719,13779496
2019-06-18,335.5,344.0,333.79998779296875,340.04998779296875,308.2142028808594,21957480
2019-06-19,343.1000061035156,345.20001220703125,335.5,338.8500061035156,307.12652587890625,16416903
2019-06-20,341.0,346.25,335.6000061035156,345.1499938964844,312.83673095703125,20626861
2019-06-21,344.79998779296875,350.70001220703125,343.1499938964844,349.3999938964844,316.6888427734375,24749090
2019-06-24,350.0,354.75,349.6499938964844,353.20001220703125,320.1330871582031,17919504
2019-06-25,352.70001220703125,357.0,351.25,356.54998779296875,323.16943359375,15922634
2019-06-26,355.75,359.0,354.29998779296875,358.1499938964844,324.6196594238281,15835579
2019-06-27,358.1000061035156,363.0,357.25,362.1499938964844,328.2452087402344,29658120
2019-06-28,362.20001220703125,365.0,358.70001220703125,361.25,327.4294128417969,22708464
2019-07-01,362.79998779296875,363.0,358.5,361.54998779296875,327.7012939453125,12348793
2019-07-02,362.1499938964844,365.0,360.3500061035156,364.5,330.37518310546875,14482172
2019-07-03,365.25,366.70001220703125,363.0,366.1499938964844,331.87066650390625,12626285
2019-07-04,367.25,370.8999938964844,366.20001220703125,367.3999938964844,333.003662109375,19252646
2019-07-05,369.45001220703125,373.6000061035156,366.0,370.6499938964844,335.94940185546875,30019347
2019-07-08,368.0,368.45001220703125,353.5,355.29998779296875,322.03643798828125,27247892
2019-07-09,353.5,360.0,352.5,359.5,325.84326171875,16579914
2019-07-10,360.54998779296875,361.5,351.29998779296875,354.20001220703125,321.0394592285156,18681819
2019-07-11,358.5,364.0,357.0,363.20001220703125,329.1968994140625,20048321
2019-07-12,363.0,366.54998779296875,361.5,363.6000061035156,329.5594177246094,14661748
2019-07-15,364.1000061035156,365.0,357.6000061035156,360.04998779296875,326.34173583984375,15665939
2019-07-16,358.5,366.0,357.6499938964844,364.3500061035156,330.2392578125,16251836
2019-07-17,364.04998779296875,373.54998779296875,363.04998779296875,372.3999938964844,337.5355529785156,17545177
2019-07-18,371.95001220703125,373.79998779296875,362.54998779296875,363.6499938964844,329.604736328125,21691056
2019-07-19,365.1000061035156,366.04998779296875,355.1499938964844,356.0,322.67095947265625,22213173
2019-07-22,356.0,359.54998779296875,348.70001220703125,350.8500061035156,318.0031433105469,19682038
2019-07-23,351.20001220703125,353.0,341.0,342.20001220703125,310.1629333496094,27956145
2019-07-24,341.8500061035156,344.70001220703125,336.25,339.6000061035156,307.8063049316406,20823143
2019-07-25,341.70001220703125,343.20001220703125,337.3999938964844,341.29998779296875,309.3471374511719,19857643
2019-07-26,340.79998779296875,346.1499938964844,340.5,342.6000061035156,310.5254821777344,16139052
2019-07-29,343.95001220703125,346.54998779296875,336.79998779296875,343.79998779296875,311.6131286621094,17060483
2019-07-30,344.3999938964844,346.70001220703125,325.8500061035156,327.54998779296875,296.88446044921875,24437235
2019-07-31,325.1000061035156,333.20001220703125,323.8999938964844,332.20001220703125,301.09912109375,22741445
2019-08-01,330.79998779296875,331.5,311.3500061035156,317.1499938964844,287.4580993652344,40853304
2019-08-02,315.54998779296875,322.25,307.04998779296875,308.45001220703125,279.5726318359375,64472348
2019-08-05,298.45001220703125,302.8500061035156,291.70001220703125,300.25,272.1403503417969,48815899
2019-08-06,298.79998779296875,304.25,297.25,301.3999938964844,273.1826477050781,30442970
2019-08-07,302.3999938964844,302.45001220703125,288.79998779296875,289.8999938964844,262.7593078613281,30820114
2019-08-08,290.0,295.5,285.6000061035156,294.3500061035156,266.79266357421875,32929233
2019-08-09,296.29998779296875,298.0,290.04998779296875,291.3500061035156,264.0735168457031,23377581
2019-08-13,290.8999938964844,291.54998779296875,282.5,283.3500061035156,256.822509765625,24231272
2019-08-14,285.04998779296875,291.25,284.5,289.75,262.6233215332031,18523649
2019-08-16,287.95001220703125,292.79998779296875,284.29998779296875,290.8999938964844,263.6656799316406,20047399
2019-08-19,292.0,292.3999938964844,286.0,286.8500061035156,259.9948425292969,19831459
2019-08-20,287.29998779296875,287.3999938964844,280.6499938964844,283.70001220703125,257.1397705078125,23204417
2019-08-21,285.5,285.6000061035156,276.29998779296875,277.3999938964844,251.4295654296875,28226325
2019-08-22,278.29998779296875,278.29998779296875,267.29998779296875,268.54998779296875,243.4080810546875,27728925
2019-08-23,267.1000061035156,275.25,262.70001220703125,271.1000061035156,245.71937561035156,35212444
2019-08-26,288.0,288.0,270.0,280.20001220703125,253.96743774414062,64066440
2019-08-27,284.0,288.0,282.6000061035156,285.70001220703125,258.95245361328125,45164811
2019-08-28,286.6499938964844,286.6499938964844,282.20001220703125,284.8999938964844,258.2274169921875,18979998
2019-08-29,283.20001220703125,284.29998779296875,273.29998779296875,274.5,248.8010711669922,27083514
2019-08-30,275.95001220703125,277.95001220703125,266.8500061035156,273.8500061035156,248.21192932128906,45702652
2019-09-03,272.0,272.0,266.95001220703125,268.3999938964844,243.27212524414062,21241863
2019-09-04,269.70001220703125,275.8500061035156,267.25,275.1000061035156,249.34487915039062,27309675
2019-09-05,275.0,276.3500061035156,271.04998779296875,273.29998779296875,247.71340942382812,25085139
2019-09-06,275.04998779296875,277.0,272.1000061035156,273.95001220703125,248.30255126953125,16675146
2019-09-09,273.95001220703125,278.70001220703125,271.0,278.0,251.97340393066406,18616889
2019-09-11,278.5,285.8500061035156,278.5,285.25,258.5446472167969,20999669
2019-09-12,286.75,288.79998779296875,284.1499938964844,287.04998779296875,260.17608642578125,21964832
2019-09-13,285.0,292.5,282.0,291.70001220703125,264.3907775878906,27303181
2019-09-16,288.20001220703125,290.45001220703125,283.79998779296875,284.70001220703125,258.046142578125,18267680
2019-09-17,285.0,286.45001220703125,273.0,273.95001220703125,248.30255126953125,21533362
2019-09-18,277.20001220703125,282.95001220703125,274.3999938964844,280.3999938964844,254.14865112304688,25478758
2019-09-19,279.95001220703125,279.95001220703125,273.04998779296875,274.04998779296875,248.39317321777344,23387797
2019-09-20,274.5,307.6499938964844,268.3999938964844,301.70001220703125,273.45458984375,84481749
2019-09-23,307.54998779296875,316.0,300.3999938964844,313.75,284.3764343261719,54178171
2019-09-24,313.1499938964844,315.1499938964844,300.79998779296875,302.6000061035156,274.27032470703125,40096711
2019-09-25,297.0,297.5,278.70001220703125,280.25,254.01272583007812,73063465
2019-09-26,281.5,289.8999938964844,277.0,281.8500061035156,255.46295166015625,79005946
2019-09-27,282.70001220703125,286.04998779296875,280.0,281.20001220703125,254.87376403808594,37851718
2019-09-30,281.3999938964844,281.8500061035156,270.1499938964844,270.79998779296875,245.44744873046875,41094131
2019-10-01,272.75,275.5,245.5500030517578,255.9499969482422,231.9877166748047,79350077
2019-10-03,254.0,260.70001220703125,250.10000610351562,254.14999389648438,230.3562469482422,56207921
2019-10-04,258.5,260.5,248.5500030517578,249.9499969482422,226.54942321777344,60029186
2019-10-07,251.5,253.39999389648438,246.85000610351562,249.10000610351562,225.77902221679688,39160623
2019-10-09,250.10000610351562,262.0,244.35000610351562,260.95001220703125,236.51962280273438,60328507
2019-10-10,258.0,258.0,252.60000610351562,254.14999389648438,230.3562469482422,37577511
2019-10-11,256.20001220703125,261.3999938964844,251.5,254.5500030517578,230.7187957763672,43272106
2019-10-14,256.95001220703125,259.3999938964844,254.0,255.4499969482422,231.53453063964844,28265136
2019-10-15,256.45001220703125,259.8999938964844,254.8000030517578,258.45001220703125,234.253662109375,23444973
2019-10-16,259.29998779296875,261.95001220703125,255.0,256.04998779296875,232.07835388183594,30892295
2019-10-17,256.3999938964844,266.0,255.60000610351562,265.45001220703125,240.5983123779297,37061013
2019-10-18,264.3999938964844,271.3500061035156,263.20001220703125,269.6499938964844,244.40509033203125,33203721
2019-10-22,270.3999938964844,275.0,268.5,270.5,245.17556762695312,27574295
2019-10-23,270.75,277.79998779296875,268.6499938964844,275.45001220703125,249.66209411621094,31789622
2019-10-24,276.0,277.6499938964844,248.64999389648438,262.5,237.92449951171875,63943183
2019-10-25,265.79998779296875,284.1499938964844,263.54998779296875,281.54998779296875,255.19102478027344,105518180
2019-10-27,284.95001220703125,284.95001220703125,280.25,281.79998779296875,255.41757202148438,12183625
2019-10-29,283.1499938964844,285.0,278.54998779296875,280.6499938964844,254.37525939941406,51033578
2019-10-30,283.0,291.0,279.25,289.8999938964844,262.7593078613281,51469048
2019-10-31,293.3500061035156,317.79998779296875,292.75,312.3999938964844,283.15277099609375,128449327
2019-11-01,312.3999938964844,315.0,308.6000061035156,313.54998779296875,284.19512939453125,44894016
2019-11-04,316.0,319.0,312.3500061035156,314.29998779296875,284.87493896484375,31535656
2019-11-05,313.8999938964844,322.0,312.79998779296875,319.20001220703125,289.3161926269531,50080853
2019-11-06,318.95001220703125,318.95001220703125,314.0,317.54998779296875,287.8206481933594,32157080
2019-11-07,318.25,323.29998779296875,316.79998779296875,318.1499938964844,288.36444091796875,33926772
2019-11-08,316.20001220703125,321.0,314.5,316.0,286.4158020019531,25423362
2019-11-11,314.70001220703125,319.6499938964844,313.1000061035156,318.25,288.4551086425781,20491942
2019-11-13,316.04998779296875,318.6000061035156,305.6499938964844,306.79998779296875,278.0770568847656,32675829
2019-11-14,306.95001220703125,309.5,299.70001220703125,306.0,277.3520202636719,43617772
2019-11-15,312.0,323.70001220703125,310.04998779296875,321.8999938964844,291.7634582519531,95199897
2019-11-18,324.0,329.8500061035156,323.75,325.1000061035156,294.6638488769531,39009263
2019-11-19,325.79998779296875,331.79998779296875,322.1000061035156,330.3999938964844,299.4676208496094,41372145
2019-11-20,332.0,332.5,325.1000061035156,328.79998779296875,298.0174255371094,29972583
2019-11-21,329.25,332.8500061035156,326.54998779296875,331.3500061035156,300.3287353515625,34116162
2019-11-22,331.45001220703125,333.79998779296875,328.25,329.29998779296875,298.47064208984375,28974967
2019-11-25,329.0,337.5,328.3500061035156,336.1000061035156,304.6340026855469,27561300
2019-11-26,338.0,340.0,332.6000061035156,335.5,304.0901794433594,36464072
2019-11-27,335.95001220703125,345.54998779296875,334.04998779296875,343.54998779296875,311.3865051269531,33971305
2019-11-28,346.8500061035156,351.0,344.5,349.29998779296875,316.59820556640625,42538227
2019-11-29,348.8500061035156,348.8500061035156,340.6000061035156,341.8500061035156,309.8456726074219,23081823
2019-12-02,343.8999938964844,344.3500061035156,336.20001220703125,338.5,306.809326171875,20648850
2019-12-03,341.0,342.95001220703125,333.3500061035156,336.25,304.7699890136719,26482178
2019-12-04,334.1000061035156,342.95001220703125,331.8500061035156,341.8500061035156,309.8456726074219,26789483
2019-12-05,343.0,344.6000061035156,335.1499938964844,336.20001220703125,304.72467041015625,30429507
2019-12-06,336.70001220703125,337.6499938964844,318.0,320.0,290.0412902832031,47027528
2019-12-09,318.95001220703125,327.6499938964844,314.75,316.70001220703125,287.0502624511719,52435239
2019-12-10,317.20001220703125,322.6499938964844,312.25,313.3999938964844,284.0592041015625,52155809
2019-12-11,311.20001220703125,315.75,308.0,312.79998779296875,283.5153503417969,52557951
2019-12-12,314.0,322.95001220703125,313.54998779296875,321.8500061035156,291.7181091308594,37804216
2019-12-13,325.20001220703125,333.45001220703125,325.0,332.54998779296875,301.41632080078125,40955226
2019-12-16,335.95001220703125,337.25,330.79998779296875,331.8500061035156,300.7818908691406,35027613
2019-12-17,333.25,335.75,330.6499938964844,332.8999938964844,301.7336120605469,26734601
2019-12-18,335.0,335.54998779296875,325.79998779296875,326.95001220703125,296.3406677246094,26449075
2019-12-19,327.3500061035156,329.6000061035156,324.5,328.1499938964844,297.4282531738281,27516289
2019-12-20,330.3500061035156,339.5,330.3500061035156,337.8500061035156,306.2201843261719,51839714
2019-12-23,335.70001220703125,338.8500061035156,330.3500061035156,332.3999938964844,301.2803955078125,30150335
2019-12-24,333.20001220703125,334.20001220703125,329.20001220703125,331.45001220703125,300.4193420410156,21747782
2019-12-26,333.0,333.45001220703125,328.1000061035156,329.8500061035156,298.9691467285156,24616942
2019-12-27,333.3999938964844,338.3500061035156,333.0,337.25,305.67633056640625,33477173
2019-12-30,337.75,337.8500061035156,332.5,334.3999938964844,303.0931396484375,22775554
2019-12-31,334.3999938964844,336.3500061035156,332.54998779296875,333.75,302.5039978027344,23801635
2020-01-01,334.70001220703125,335.95001220703125,332.1499938964844,334.45001220703125,303.1384582519531,17379320
2020-01-02,334.5,339.8500061035156,333.3500061035156,339.29998779296875,307.53436279296875,20324236
2020-01-03,337.95001220703125,337.95001220703125,332.0,333.70001220703125,302.45867919921875,21853208
2020-01-06,331.70001220703125,331.70001220703125,317.70001220703125,319.0,289.1349182128906,35645325
2020-01-07,324.45001220703125,327.0,315.3999938964844,318.3999938964844,288.5910949707031,50966826
2020-01-08,312.1000061035156,321.5,311.0,319.79998779296875,289.8599853515625,44527485
2020-01-09,326.8999938964844,331.3999938964844,325.0,330.20001220703125,299.286376953125,40348407
2020-01-10,331.0,337.95001220703125,328.1000061035156,332.25,301.1444396972656,42377838
2020-01-13,334.0,335.45001220703125,329.04998779296875,330.75,299.7848815917969,23615129
2020-01-14,329.79998779296875,331.70001220703125,326.5,328.0,297.2923278808594,26296117
2020-01-15,329.0,329.20001220703125,322.3500061035156,324.25,293.8934020996094,32625740
2020-01-16,324.0,326.8999938964844,322.3500061035156,323.29998779296875,293.0323181152344,26653623
2020-01-17,313.0,323.5,310.1000061035156,318.0,288.2285461425781,58396326
2020-01-20,321.0,321.45001220703125,313.3999938964844,314.0,284.60302734375,30682902
2020-01-21,313.79998779296875,316.95001220703125,312.0,313.70001220703125,284.33111572265625,30591772
2020-01-22,317.0,317.0,313.70001220703125,316.1499938964844,286.5517578125,24994911
2020-01-23,316.0,324.79998779296875,314.1499938964844,323.20001220703125,292.94171142578125,33293610
2020-01-24,323.5,327.29998779296875,321.1499938964844,324.04998779296875,293.7121276855469,22706879
2020-01-27,320.8999938964844,322.0,315.79998779296875,316.20001220703125,286.5970764160156,23309355
2020-01-28,317.95001220703125,320.0,311.04998779296875,315.1000061035156,285.60003662109375,26488426
2020-01-29,317.8500061035156,319.70001220703125,315.54998779296875,316.45001220703125,286.82366943359375,23914114
2020-01-30,316.75,316.75,305.6499938964844,310.70001220703125,281.6119689941406,35802330
2020-01-31,313.70001220703125,321.70001220703125,308.6000061035156,318.45001220703125,288.63641357421875,92656638
2020-02-03,303.0,306.8500061035156,295.3500061035156,298.1000061035156,270.19158935546875,56060158
2020-02-04,302.8999938964844,307.54998779296875,297.1000061035156,306.25,277.57861328125,51141567
2020-02-05,306.8999938964844,313.6499938964844,304.6000061035156,311.0,281.8838806152344,35014841
2020-02-06,311.20001220703125,323.5,310.1000061035156,321.95001220703125,291.8088073730469,57757656
2020-02-07,321.5,325.0,318.3999938964844,320.54998779296875,290.5398254394531,37126803
2020-02-10,319.79998779296875,322.79998779296875,316.5,318.5,288.6817321777344,24816396
2020-02-11,321.04998779296875,325.79998779296875,321.04998779296875,324.3500061035156,293.9840393066406,30188757
2020-02-12,329.8999938964844,329.8999938964844,319.25,320.20001220703125,290.2225646972656,38930849
2020-02-13,322.0,330.95001220703125,322.0,327.45001220703125,296.7938537597656,62516057
2020-02-14,328.1000061035156,331.8999938964844,318.54998779296875,319.3999938964844,289.4974670410156,48205947
2020-02-17,320.95001220703125,321.1499938964844,311.6499938964844,314.20001220703125,284.7843322753906,36950692
2020-02-18,315.3999938964844,319.20001220703125,309.3999938964844,317.54998779296875,287.8206481933594,38588583
2020-02-19,322.29998779296875,324.0,317.25,320.3500061035156,290.3585510253906,39846727
2020-02-20,319.3500061035156,329.20001220703125,318.75,327.6499938964844,296.9751281738281,40150409
2020-02-24,325.75,331.29998779296875,321.8500061035156,322.95001220703125,292.7151184082031,45273936
2020-02-25,325.8999938964844,328.1499938964844,322.20001220703125,326.79998779296875,296.20465087890625,39050709
2020-02-26,324.8500061035156,330.79998779296875,324.20001220703125,328.20001220703125,297.4736328125,43915281
2020-02-27,328.0,330.0,318.0,321.95001220703125,291.8088073730469,47010040
2020-02-28,312.0,314.6499938964844,301.1000061035156,303.0,274.6328430175781,59705346
2020-03-02,311.0,312.0,284.04998779296875,287.3999938964844,260.4933776855469,66711413
2020-03-03,293.0,294.3999938964844,285.29998779296875,289.8500061035156,262.7139587402344,61949382
2020-03-04,291.79998779296875,293.0,275.1000061035156,285.29998779296875,258.5899658203125,73675736
2020-03-05,290.8999938964844,298.3999938964844,270.0,288.5,261.4903869628906,149245973
2020-03-06,268.0,274.3999938964844,253.9499969482422,270.5,245.17556762695312,106043172
2020-03-09,260.04998779296875,262.75,251.14999389648438,253.4499969482422,229.72177124023438,101286241
2020-03-11,253.0,258.5,243.10000610351562,245.10000610351562,222.1535186767578,90845604
2020-03-12,231.89999389648438,231.89999389648438,208.60000610351562,212.60000610351562,192.69619750976562,99767083
2020-03-13,200.0,248.8000030517578,184.64999389648438,242.0,219.34375,155701316
2020-03-16,227.89999389648438,231.39999389648438,220.60000610351562,223.35000610351562,202.4397735595703,75583409
2020-03-17,227.1999969482422,229.89999389648438,212.0500030517578,215.14999389648438,195.00746154785156,65403057
2020-03-18,221.0,223.14999389648438,200.10000610351562,215.1999969482422,195.0527801513672,101356399
2020-03-19,202.9499969482422,219.75,198.14999389648438,203.64999389648438,184.58409118652344,93533467
2020-03-20,205.5500030517578,215.6999969482422,200.0,209.85000610351562,190.20364379882812,77391650
2020-03-23,190.0,199.5,180.25,181.60000610351562,164.59844970703125,61750037
2020-03-24,190.9499969482422,191.9499969482422,173.5500030517578,183.1999969482422,166.04864501953125,67491360
2020-03-25,178.0,195.25,176.4499969482422,189.89999389648438,172.1213836669922,71567553
2020-03-26,191.5500030517578,201.0,185.10000610351562,192.75,174.70457458496094,107260359
2020-03-27,202.0,211.89999389648438,195.0,195.9499969482422,177.60498046875,114740377
2020-03-30,190.0,195.0,186.25,186.89999389648438,169.40223693847656,60081554
2020-03-31,192.0,198.5,188.0500030517578,196.85000610351562,178.4207305908203,59543412
2020-04-01,194.0,194.5,185.25,186.5500030517578,169.0850372314453,52954239
2020-04-03,187.5500030517578,188.1999969482422,175.0,175.5,159.0695343017578,64448494
2020-04-07,184.39999389648438,187.3000030517578,177.60000610351562,186.39999389648438,168.9490509033203,72130500
2020-04-08,182.89999389648438,194.39999389648438,180.4499969482422,183.0,165.8673553466797,80435759
2020-04-09,188.0,190.0,183.60000610351562,187.75,170.1726837158203,62416005
2020-04-13,186.8000030517578,188.6999969482422,183.10000610351562,183.5,166.320556640625,51847146
2020-04-15,187.0,191.9499969482422,180.14999389648438,182.35000610351562,165.27821350097656,72190004
2020-04-16,182.0,189.89999389648438,180.25,188.5,170.85244750976562,61165773
2020-04-17,196.0,198.0,186.3000030517578,193.25,175.15777587890625,89851063
2020-04-20,194.0,197.35000610351562,190.0500030517578,192.5,174.47796630859375,81958510
2020-04-21,188.0,188.1999969482422,183.0,184.75,167.4535369873047,53042420
2020-04-22,185.5,189.5,181.35000610351562,188.6999969482422,171.03372192382812,61503413
2020-04-23,187.75,189.89999389648438,185.14999389648438,186.6999969482422,169.22096252441406,50955312
2020-04-24,184.0,184.0,179.0,179.75,162.921630859375,65137305
2020-04-27,183.5,183.5,180.5,180.89999389648438,163.96397399902344,42996571
2020-04-28,182.0,185.35000610351562,181.1999969482422,184.3000030517578,167.045654296875,49590230
2020-04-29,185.0,191.8000030517578,183.5,190.10000610351562,172.30267333984375,57470466
2020-04-30,193.5,195.89999389648438,189.6999969482422,190.5,172.66522216796875,63063889
2020-05-04,182.4499969482422,183.5,178.0,178.85000610351562,162.1059112548828,58118177
2020-05-05,181.0,181.25,168.8000030517578,170.39999389648438,154.44699096679688,91050439
2020-05-06,171.14999389648438,173.3000030517578,166.5500030517578,171.10000610351562,155.0814666748047,73156432
2020-05-07,170.85000610351562,172.5500030517578,168.8000030517578,170.75,154.76422119140625,42942399
2020-05-08,172.4499969482422,173.8000030517578,166.10000610351562,166.64999389648438,151.04806518554688,55932236
2020-05-11,167.9499969482422,168.89999389648438,165.0,165.4499969482422,149.96041870117188,54591827
2020-05-12,164.1999969482422,168.5,160.85000610351562,166.89999389648438,151.274658203125,70752542
2020-05-13,178.5500030517578,178.5500030517578,170.5,174.10000610351562,157.80059814453125,81720683
2020-05-14,170.9499969482422,171.75,167.5,167.9499969482422,152.2263641357422,48136531
2020-05-15,167.9499969482422,168.25,164.6999969482422,166.39999389648438,150.8214874267578,35495540
2020-05-18,166.39999389648438,166.39999389648438,155.0,155.3000030517578,140.76068115234375,77349435
2020-05-19,157.5,157.85000610351562,152.39999389648438,152.8000030517578,138.49473571777344,71522334
2020-05-20,153.0,155.25,151.14999389648438,153.39999389648438,139.0385284423828,66168767
2020-05-21,153.64999389648438,156.14999389648438,151.5,151.9499969482422,137.7243194580078,61147471
2020-05-22,152.0,155.60000610351562,149.4499969482422,150.85000610351562,136.727294921875,87064198
2020-05-26,152.39999389648438,153.1999969482422,150.1999969482422,151.39999389648438,137.22579956054688,48275988
2020-05-27,151.9499969482422,160.8000030517578,150.8000030517578,158.60000610351562,143.75172424316406,88195120
2020-05-28,159.4499969482422,162.39999389648438,156.6999969482422,158.1999969482422,143.38917541503906,76968678
2020-05-29,156.10000610351562,161.89999389648438,155.1999969482422,161.3000030517578,146.19894409179688,58363280
2020-06-01,164.0,171.39999389648438,163.35000610351562,170.0500030517578,154.1297607421875,92740893
2020-06-02,169.89999389648438,171.3000030517578,167.1999969482422,170.25,154.31101989746094,70419104
2020-06-03,172.5,179.89999389648438,172.0,174.89999389648438,158.5256805419922,113168889
2020-06-04,174.89999389648438,177.64999389648438,171.5,174.0500030517578,157.75527954101562,83494674
2020-06-05,176.5500030517578,189.8000030517578,176.0,187.8000030517578,170.21800231933594,201321234
2020-06-08,197.0,197.5,185.8000030517578,186.8000030517578,169.31161499023438,151741826
2020-06-09,187.6999969482422,191.0,183.35000610351562,184.4499969482422,167.18162536621094,96654191
2020-06-10,184.5500030517578,189.0,183.8000030517578,187.6999969482422,170.12734985351562,67333317
2020-06-11,188.0,190.39999389648438,176.35000610351562,177.14999389648438,160.56504821777344,91726802
2020-06-12,170.0,180.0,169.8000030517578,179.14999389648438,162.3778076171875,92758901
2020-06-15,177.85000610351562,177.85000610351562,172.0,173.6999969482422,157.43804931640625,63613412
2020-06-16,178.0,178.9499969482422,169.39999389648438,172.89999389648438,156.71295166015625,63925976
2020-06-17,171.0,176.1999969482422,169.25,172.9499969482422,156.7582550048828,73866905
2020-06-18,172.39999389648438,180.64999389648438,171.10000610351562,179.64999389648438,162.8310089111328,58261857
2020-06-19,180.3000030517578,184.9499969482422,179.5,184.5,167.22694396972656,76895151
2020-06-22,185.0,191.75,184.25,187.6999969482422,170.12734985351562,80023958
2020-06-23,189.60000610351562,193.10000610351562,187.85000610351562,192.4499969482422,174.43264770507812,65487085
2020-06-24,194.8000030517578,194.89999389648438,183.89999389648438,184.60000610351562,167.3175811767578,74668987
2020-06-25,182.1999969482422,186.8000030517578,180.39999389648438,185.25,167.90672302246094,73620385
2020-06-26,188.0,188.60000610351562,183.8000030517578,184.60000610351562,167.3175811767578,49176958
2020-06-29,183.0,183.10000610351562,178.5,179.25,162.46844482421875,50966428
2020-06-30,181.10000610351562,182.89999389648438,177.25,178.4499969482422,161.74331665039062,43613239
2020-07-01,179.4499969482422,185.39999389648438,178.60000610351562,184.8000030517578,167.4988555908203,54012853
2020-07-02,185.64999389648438,188.0,184.0,185.4499969482422,168.08798217773438,52127276
2020-07-03,186.64999389648438,186.85000610351562,183.39999389648438,184.6999969482422,167.40821838378906,38048810
2020-07-06,186.60000610351562,189.85000610351562,186.14999389648438,188.0500030517578,170.44459533691406,43773740
2020-07-07,187.0,189.1999969482422,184.0500030517578,188.60000610351562,170.94309997558594,55124494
2020-07-08,188.89999389648438,197.4499969482422,188.39999389648438,191.89999389648438,173.9341278076172,143063102
2020-07-09,192.8000030517578,201.0,192.5500030517578,199.10000610351562,180.46006774902344,89539723
2020-07-10,198.0,202.5,194.8000030517578,195.60000610351562,177.2877655029297,111406477
2020-07-13,198.8000030517578,199.8000030517578,191.60000610351562,192.6999969482422,174.6592559814453,61949761
2020-07-14,192.3000030517578,192.3000030517578,184.60000610351562,186.0500030517578,168.63182067871094,62239932
2020-07-15,187.9499969482422,189.9499969482422,183.0,183.8000030517578,166.59246826171875,58527305
2020-07-16,185.0,186.9499969482422,181.64999389648438,186.25,168.8131103515625,46546803
2020-07-17,186.8000030517578,189.5,185.0,188.1999969482422,170.58053588867188,47035238
2020-07-20,190.0,193.25,188.75,190.75,172.89178466796875,45672856
2020-07-21,192.4499969482422,196.1999969482422,191.5,194.39999389648438,176.20008850097656,59281860
2020-07-22,195.6999969482422,196.75,190.10000610351562,192.0,174.02476501464844,62276152
2020-07-23,192.39999389648438,199.10000610351562,191.14999389648438,198.25,179.6896514892578,70801412
2020-07-24,195.6999969482422,196.3000030517578,190.64999389648438,191.9499969482422,173.97946166992188,65265493
2020-07-27,193.0,193.1999969482422,186.5,187.14999389648438,169.6288299560547,50697767
2020-07-28,188.0,190.5,185.75,189.4499969482422,171.71351623535156,51488617
2020-07-29,187.60000610351562,195.25,187.0,191.1999969482422,173.2996826171875,73763368
2020-07-30,192.5,193.5,186.0500030517578,186.5500030517578,169.0850372314453,48472816
2020-07-31,188.0,194.85000610351562,186.6999969482422,191.4499969482422,173.52626037597656,145892485
2020-08-03,192.0,194.60000610351562,190.0500030517578,192.25,174.25137329101562,72454278
2020-08-04,193.35000610351562,193.8000030517578,190.5,191.60000610351562,173.6622314453125,43866676
2020-08-05,192.75,196.85000610351562,191.0,191.4499969482422,173.52626037597656,68888892
2020-08-06,192.3000030517578,194.5,190.25,190.9499969482422,173.0730743408203,59740172
2020-08-07,191.4499969482422,192.10000610351562,189.5500030517578,190.64999389648438,172.80117797851562,44822338
2020-08-10,191.85000610351562,195.5,191.6999969482422,193.8000030517578,175.65628051757812,48784530
2020-08-11,195.0,196.8000030517578,193.75,195.0500030517578,176.78924560546875,43890305
2020-08-12,196.0,204.25,194.60000610351562,203.3000030517578,184.26687622070312,157818228
2020-08-13,205.5,207.3000030517578,200.75,201.89999389648438,182.99790954589844,70443118
2020-08-14,203.0,204.0,194.60000610351562,196.5,178.1034698486328,56169088
2020-08-17,198.4499969482422,198.64999389648438,191.5,193.10000610351562,175.02178955078125,54787889
2020-08-18,193.8000030517578,195.75,191.6999969482422,195.10000610351562,176.83456420898438,46294169
2020-08-19,196.39999389648438,200.3000030517578,195.89999389648438,197.0500030517578,178.60198974609375,59296062
2020-08-20,194.0,196.35000610351562,193.25,194.75,176.51731872558594,37504602
2020-08-21,199.0,201.5,197.64999389648438,198.39999389648438,179.82562255859375,68041871
2020-08-24,200.0,202.8000030517578,198.60000610351562,201.4499969482422,182.5900421142578,53850253
2020-08-25,204.0,208.4499969482422,202.6999969482422,207.9499969482422,188.4815216064453,105394375
2020-08-26,208.5,210.35000610351562,206.14999389648438,209.85000610351562,190.20364379882812,66749637
2020-08-27,210.5,216.5,210.5,215.64999389648438,195.46063232421875,80997993
2020-08-28,217.0,225.89999389648438,216.8000030517578,224.85000610351562,203.79934692382812,95974037
2020-08-31,231.5500030517578,231.5500030517578,210.35000610351562,212.0,192.15234375,119986476
2020-09-01,213.10000610351562,218.89999389648438,211.1999969482422,218.10000610351562,197.6812744140625,75048313
2020-09-02,218.25,219.0,212.3000030517578,216.25,196.00448608398438,47608088
2020-09-03,217.5,218.25,212.3000030517578,213.14999389648438,193.1947021484375,38594129
2020-09-04,210.0,212.3000030517578,205.89999389648438,206.60000610351562,187.25790405273438,54435758
2020-09-07,207.5,209.64999389648438,205.39999389648438,207.89999389648438,188.4362030029297,35687359
2020-09-08,207.89999389648438,208.5,202.89999389648438,204.0500030517578,184.94664001464844,34146789
2020-09-09,201.10000610351562,201.39999389648438,192.5,194.85000610351562,176.60797119140625,72715826
2020-09-10,197.6999969482422,201.4499969482422,195.1999969482422,198.14999389648438,179.59901428222656,67789617
2020-09-11,198.5500030517578,203.85000610351562,197.0,202.6999969482422,183.72303771972656,48487971
2020-09-14,205.89999389648438,206.1999969482422,197.35000610351562,198.5,179.916259765625,63605531
2020-09-15,199.89999389648438,201.0,197.10000610351562,200.14999389648438,181.4117431640625,51761038
2020-09-16,199.85000610351562,200.0500030517578,196.25,198.1999969482422,179.64431762695312,52404964
2020-09-17,197.0,198.0,195.0,195.4499969482422,177.1517791748047,41223296
2020-09-18,196.0,197.1999969482422,189.6999969482422,192.60000610351562,174.56861877441406,55286316
2020-09-21,193.0500030517578,193.5,184.25,185.8000030517578,168.4052276611328,57611375
2020-09-22,186.14999389648438,188.3000030517578,181.14999389648438,186.1999969482422,168.7677764892578,51210889
2020-09-23,188.14999389648438,188.9499969482422,181.0,183.8000030517578,166.59246826171875,44320497
2020-09-24,181.10000610351562,181.8000030517578,175.5,176.35000610351562,159.83995056152344,46114798
2020-09-25,179.0,182.75,176.14999389648438,182.1999969482422,165.14227294921875,46550127
2020-09-28,184.0,188.14999389648438,183.35000610351562,187.25,169.719482421875,41921548
2020-09-29,188.5,188.9499969482422,183.25,185.0500030517578,167.7254638671875,35688726
2020-09-30,185.0500030517578,186.8000030517578,182.39999389648438,185.39999389648438,168.04266357421875,37641083
2020-10-01,187.0,191.1999969482422,186.89999389648438,190.3000030517578,172.4839324951172,43588724
2020-10-05,192.0,193.8000030517578,187.0500030517578,188.75,171.07904052734375,41694686
2020-10-06,191.10000610351562,192.10000610351562,188.3000030517578,191.60000610351562,173.6622314453125,31098726
2020-10-07,192.5500030517578,193.14999389648438,189.10000610351562,190.6999969482422,172.84646606445312,34578053
2020-10-08,191.35000610351562,195.8000030517578,190.5500030517578,191.5,173.5715789794922,43351606
2020-10-09,192.0,198.8000030517578,190.5500030517578,198.3000030517578,179.73495483398438,64907230
2020-10-12,199.6999969482422,205.9499969482422,197.25,198.6999969482422,180.09750366210938,69122798
2020-10-13,198.64999389648438,200.0,195.10000610351562,195.6999969482422,177.3783721923828,34948525
2020-10-14,194.0500030517578,200.89999389648438,193.0500030517578,200.0500030517578,181.3211212158203,40548275
2020-10-15,201.0,202.5,192.0,192.85000610351562,174.7952117919922,49184123
2020-10-16,194.0,196.75,191.60000610351562,195.9499969482422,177.60498046875,36893126
2020-10-19,196.1999969482422,204.60000610351562,196.0500030517578,204.0,184.90133666992188,60220779
2020-10-20,201.0,204.35000610351562,200.6999969482422,203.0500030517578,184.040283203125,39316753
2020-10-21,204.6999969482422,207.3000030517578,198.85000610351562,203.75,184.6747283935547,54515523
2020-10-22,201.89999389648438,204.60000610351562,201.10000610351562,203.3000030517578,184.26687622070312,33721637
2020-10-23,204.0,205.60000610351562,201.5500030517578,202.8000030517578,183.81369018554688,32707020
2020-10-26,202.6999969482422,204.0,195.60000610351562,196.6999969482422,178.28475952148438,45470123
2020-10-27,197.25,197.5500030517578,192.25,194.64999389648438,176.4266815185547,37794381
2020-10-28,195.0,195.0,189.0500030517578,190.4499969482422,172.61990356445312,46458319
2020-10-29,189.35000610351562,190.6999969482422,185.89999389648438,188.6999969482422,171.03372192382812,44822673
2020-10-30,189.35000610351562,192.0,186.14999389648438,189.25,171.5322265625,41519686
2020-11-02,192.1999969482422,197.25,190.0500030517578,196.0500030517578,177.69561767578125,52600119
2020-11-03,198.0,205.8000030517578,197.60000610351562,204.75,185.5811004638672,69890201
2020-11-04,203.5,209.0,198.0500030517578,207.0,187.6204376220703,117577856
2020-11-05,216.0,221.0,214.75,218.64999389648438,198.17977905273438,138023646
2020-11-06,219.0,221.85000610351562,217.0500030517578,219.1999969482422,198.67828369140625,73147085
2020-11-09,222.5,222.64999389648438,217.0500030517578,219.5,198.9501953125,60359458
2020-11-10,223.10000610351562,235.0,223.0,231.6999969482422,210.00804138183594,135294550
2020-11-11,232.75,239.35000610351562,227.75,234.1999969482422,212.2739715576172,107094861
2020-11-12,233.1999969482422,233.35000610351562,225.64999389648438,226.8000030517578,205.5667724609375,58859905
2020-11-13,225.0,230.64999389648438,220.10000610351562,229.4499969482422,207.96865844726562,70676525
2020-11-14,232.0,232.89999389648438,227.75,229.64999389648438,208.14996337890625,7753219
2020-11-17,231.85000610351562,241.60000610351562,231.0,240.1999969482422,217.71226501464844,80501583
2020-11-18,239.39999389648438,253.0,237.89999389648438,252.0,228.40753173828125,104514060
2020-11-19,248.0,251.8000030517578,239.0,239.75,217.3043670654297,82284278
2020-11-20,241.5,245.39999389648438,233.9499969482422,242.75,220.0235137939453,84411129
2020-11-23,243.5,246.14999389648438,238.10000610351562,238.6999969482422,216.35267639160156,57538324
2020-11-24,240.5,245.0,239.5,243.85000610351562,221.0205535888672,47636611
2020-11-25,245.4499969482422,249.89999389648438,241.60000610351562,243.0,220.25009155273438,74767232
2020-11-26,244.0,246.25,240.14999389648438,245.4499969482422,222.4707489013672,64248318
2020-11-27,245.4499969482422,246.25,242.0500030517578,244.25,221.38308715820312,54355703
2020-12-01,245.0,248.9499969482422,244.25,248.0500030517578,224.82733154296875,37003272
2020-12-02,248.35000610351562,250.85000610351562,244.10000610351562,246.9499969482422,223.83030700683594,56723083
2020-12-03,249.3000030517578,259.0,248.0,256.29998779296875,232.304931640625,79266442
2020-12-04,257.0,264.3500061035156,253.5500030517578,263.5,238.83090209960938,79252024
2020-12-07,263.79998779296875,271.45001220703125,263.0,269.6000061035156,244.35980224609375,76053084
2020-12-08,270.95001220703125,273.70001220703125,265.25,271.8999938964844,246.44447326660156,65617502
2020-12-09,272.1000061035156,274.8999938964844,269.20001220703125,270.3500061035156,245.03956604003906,48495641
2020-12-10,269.0,271.0,265.54998779296875,269.54998779296875,244.31443786621094,38676657
2020-12-11,270.04998779296875,276.25,270.04998779296875,272.45001220703125,246.9429931640625,50255223
2020-12-14,274.0,276.1499938964844,272.3500061035156,274.20001220703125,248.5291290283203,31946501
2020-12-15,274.04998779296875,274.04998779296875,268.1499938964844,270.6499938964844,245.3114776611328,34890948
2020-12-16,272.79998779296875,273.6499938964844,268.5,269.3999938964844,244.1785125732422,24844177
2020-12-17,270.0,272.1499938964844,266.70001220703125,267.70001220703125,242.63766479492188,25904699
2020-12-18,267.70001220703125,271.95001220703125,265.0,271.45001220703125,246.03660583496094,29816205
2020-12-21,268.45001220703125,269.0,251.0500030517578,254.6999969482422,230.85475158691406,55160758
2020-12-22,254.8000030517578,258.70001220703125,248.25,257.45001220703125,233.34727478027344,51189571
2020-12-23,256.95001220703125,263.8999938964844,255.60000610351562,263.0,238.37770080566406,29056404
2020-12-24,265.0,268.8500061035156,264.6499938964844,266.8500061035156,241.86727905273438,28585509
2020-12-28,268.75,276.0,268.0,275.20001220703125,249.43553161621094,36870242
2020-12-29,276.29998779296875,279.8999938964844,274.70001220703125,277.8999938964844,251.8827362060547,45032526
2020-12-30,278.0,278.70001220703125,272.5,276.8999938964844,250.97634887695312,30971894
2020-12-31,275.0,277.25,272.6000061035156,274.95001220703125,249.2089385986328,29467966
2021-01-01,274.8999938964844,280.0,274.3999938964844,279.3999938964844,253.2423095703125,24531791
2021-01-04,281.8500061035156,283.8999938964844,277.75,281.04998779296875,254.73780822753906,31450608
2021-01-05,278.04998779296875,282.45001220703125,277.0,281.75,255.372314453125,27393072
2021-01-06,283.0,289.1499938964844,281.3999938964844,285.04998779296875,258.3633728027344,40765708
2021-01-07,289.0,291.79998779296875,287.0,287.70001220703125,260.7652587890625,30546600
2021-01-08,290.1000061035156,291.3999938964844,285.20001220703125,286.0,259.22442626953125,32543357
2021-01-11,288.0,288.20001220703125,279.6000061035156,282.5,256.05206298828125,29703173
2021-01-12,280.0,293.8500061035156,277.8999938964844,292.5,265.1158752441406,44307145
2021-01-13,296.0,308.0,294.5,306.79998779296875,278.0770568847656,78042133
2021-01-14,306.70001220703125,309.25,303.79998779296875,307.25,278.4849548339844,40123498
2021-01-15,306.79998779296875,310.8999938964844,301.29998779296875,303.8500061035156,275.4032897949219,35307601
2021-01-18,303.5,308.6499938964844,292.20001220703125,294.45001220703125,266.88336181640625,54969750
2021-01-19,297.6499938964844,302.5,296.3999938964844,298.6000061035156,270.6447448730469,35803901
2021-01-20,298.79998779296875,304.70001220703125,296.8500061035156,302.54998779296875,274.2249450683594,33759304
2021-01-21,304.0,305.1499938964844,291.5,294.8500061035156,267.2458801269531,29995203
2021-01-22,295.5,298.0,282.3999938964844,283.70001220703125,257.1397705078125,44440810
2021-01-25,284.5,288.0,277.04998779296875,280.95001220703125,254.647216796875,34034630
2021-01-27,280.20001220703125,284.8500061035156,272.70001220703125,275.6499938964844,249.84336853027344,39211107
2021-01-28,271.8999938964844,283.3500061035156,269.5,282.3500061035156,255.9161376953125,48717297
2021-01-29,285.6000061035156,290.6499938964844,279.1000061035156,282.1000061035156,255.6894989013672,42300984
2021-02-01,285.1000061035156,313.8999938964844,282.75,310.70001220703125,281.6119689941406,103414068
2021-02-02,315.0,337.3999938964844,315.0,333.1000061035156,301.9148864746094,121434166
2021-02-03,333.75,339.8999938964844,325.79998779296875,335.95001220703125,304.498046875,66420168
2021-02-04,334.3999938964844,358.0,331.1000061035156,355.1000061035156,321.8551940917969,145203439
2021-02-05,387.0,408.3500061035156,385.1499938964844,393.1000061035156,356.2975769042969,214955688
2021-02-08,398.0,407.79998779296875,394.75,397.04998779296875,359.8778076171875,79389205
2021-02-09,396.75,403.5,389.0,394.79998779296875,357.8384704589844,63869990
2021-02-10,394.04998779296875,397.8999938964844,388.0,392.25,355.52716064453125,54163507
2021-02-11,391.79998779296875,396.95001220703125,388.25,390.1499938964844,353.623779296875,36392708
2021-02-12,391.0,399.3500061035156,385.54998779296875,393.1499938964844,356.3429260253906,53589755
2021-02-15,397.5,409.45001220703125,395.70001220703125,406.95001220703125,368.8509521484375,56608937
2021-02-16,412.0,415.75,400.29998779296875,402.3500061035156,364.6816101074219,80365431
2021-02-17,403.0,414.8500061035156,400.1499938964844,411.75,373.20159912109375,74161370
2021-02-18,425.04998779296875,427.70001220703125,413.70001220703125,415.20001220703125,376.3285827636719,67154539
2021-02-19,415.0,415.0,395.0,399.54998779296875,362.1437072753906,66155518
2021-02-22,400.6000061035156,401.0,385.6499938964844,389.5,353.0346374511719,52535049
2021-02-23,392.0,399.70001220703125,389.0,395.6000061035156,358.5635681152344,45462768
2021-02-24,397.0,410.5,395.20001220703125,406.25,368.21649169921875,39632090
2021-02-25,411.0,414.8999938964844,406.54998779296875,407.25,369.12286376953125,46988836
2021-02-26,399.5,401.0,387.0,390.1499938964844,353.623779296875,64450414
2021-03-01,395.1000061035156,397.70001220703125,391.0,394.95001220703125,357.9744567871094,29677890
2021-03-02,395.0,399.54998779296875,390.54998779296875,394.20001220703125,357.29461669921875,30534337
2021-03-03,396.5,408.8999938964844,396.0,405.04998779296875,367.1288146972656,46268223
2021-03-04,398.70001220703125,403.5,394.45001220703125,395.6499938964844,358.6088562011719,43603653
2021-03-05,395.0,395.0,378.1000061035156,383.6499938964844,347.7323303222656,72179228
2021-03-08,388.45001220703125,393.3999938964844,386.04998779296875,389.6000061035156,353.1253356933594,39147858
2021-03-09,393.45001220703125,394.8999938964844,382.25,387.6000061035156,351.31256103515625,28054083
2021-03-10,391.1000061035156,393.0,385.70001220703125,387.70001220703125,351.4031677246094,22677399
2021-03-12,391.70001220703125,393.20001220703125,377.5,381.1000061035156,345.42108154296875,35336355
2021-03-15,382.5,386.0,369.3500061035156,383.8999938964844,347.95892333984375,42722585
2021-03-16,385.6000061035156,387.8500061035156,376.1000061035156,378.54998779296875,343.1097412109375,38196452
2021-03-17,378.20001220703125,379.6499938964844,366.04998779296875,368.1499938964844,333.6834411621094,33143064
2021-03-18,371.5,375.0,361.1000061035156,367.1000061035156,332.7317199707031,39405038
2021-03-19,363.95001220703125,372.8999938964844,357.25,371.1499938964844,336.4025573730469,60309145
2021-03-22,372.0,372.79998779296875,363.5,367.0,332.64111328125,28461974
2021-03-23,368.70001220703125,377.95001220703125,367.04998779296875,372.70001220703125,337.8074951171875,41032380
2021-03-24,368.5,369.04998779296875,358.6499938964844,359.8500061035156,326.1604919433594,42318999
2021-03-25,360.0,360.8500061035156,345.20001220703125,355.20001220703125,321.9458312988281,57495003
2021-03-26,360.0,362.0,354.54998779296875,357.20001220703125,323.7586364746094,40718848
2021-03-30,360.1000061035156,364.29998779296875,356.29998779296875,360.79998779296875,327.02154541015625,39405124
2021-03-31,360.29998779296875,367.8500061035156,357.95001220703125,364.29998779296875,330.19390869140625,38651025
2021-04-01,367.70001220703125,371.8999938964844,363.1000061035156,370.6499938964844,335.94940185546875,31883453
2021-04-05,367.5,369.20001220703125,349.04998779296875,353.54998779296875,320.4503173828125,51743981
2021-04-06,355.70001220703125,357.0,349.29998779296875,350.54998779296875,317.73114013671875,44147709
2021-04-07,351.25,363.20001220703125,347.6000061035156,358.54998779296875,324.98223876953125,48023602
2021-04-08,361.0,363.29998779296875,354.29998779296875,355.6000061035156,322.308349609375,33370259
2021-04-09,354.3999938964844,364.5,351.20001220703125,353.0,319.9518127441406,46473100
2021-04-12,344.0,344.0,322.54998779296875,328.8500061035156,298.062744140625,75501713
2021-04-13,332.0,342.25,330.5,341.0,309.07525634765625,49773360
2021-04-15,342.1000061035156,347.54998779296875,336.1000061035156,342.70001220703125,310.61614990234375,52992349
2021-04-16,343.0,345.5,338.6499938964844,339.8999938964844,308.0782165527344,37766793
2021-04-19,327.1499938964844,332.04998779296875,321.29998779296875,331.1499938964844,300.1474304199219,53304377
2021-04-20,335.1000061035156,339.8999938964844,326.70001220703125,329.5,298.65191650390625,41296147
2021-04-22,326.0,337.6499938964844,323.29998779296875,336.6499938964844,305.13250732421875,49105833
2021-04-23,331.6499938964844,339.8999938964844,331.6499938964844,336.45001220703125,304.9512634277344,44223940
2021-04-26,339.25,347.45001220703125,339.25,344.29998779296875,312.0662841796875,49234985
2021-04-27,344.0,354.95001220703125,342.3999938964844,353.04998779296875,319.9971618652344,46003023
2021-04-28,357.0,364.29998779296875,356.04998779296875,363.3999938964844,329.3781433105469,56696255
2021-04-29,365.0,369.95001220703125,355.5,359.3999938964844,325.7526550292969,63692926
2021-04-30,353.45001220703125,362.5,350.45001220703125,353.5,320.405029296875,53832840
2021-05-03,349.6000061035156,352.5,341.3999938964844,350.6000061035156,317.7764892578125,43691860
2021-05-04,355.0,362.8999938964844,350.20001220703125,351.5,318.59222412109375,57749307
2021-05-05,356.5,357.45001220703125,348.0,355.3999938964844,322.1270751953125,40872501
2021-05-06,358.0,359.3500061035156,350.54998779296875,355.54998779296875,322.2630615234375,36294427
2021-05-07,357.5,362.0,353.0,358.25,324.7102966308594,38357618
2021-05-10,360.5,367.0,358.79998779296875,361.70001220703125,327.8373107910156,41739324
2021-05-11,356.8500061035156,366.3999938964844,354.75,364.6499938964844,330.5111389160156,41892770
2021-05-12,362.79998779296875,373.5,361.8999938964844,367.70001220703125,333.27557373046875,53436590
2021-05-14,370.0,372.5,359.54998779296875,360.45001220703125,326.7043151855469,51722170
2021-05-17,364.3999938964844,385.20001220703125,363.6499938964844,383.1000061035156,347.23382568359375,106555796
2021-05-18,390.0,392.54998779296875,380.04998779296875,382.25,346.46337890625,70917710
2021-05-19,382.0,389.5,381.20001220703125,384.3999938964844,348.412109375,48189573
2021-05-20,387.0,387.79998779296875,382.0,384.54998779296875,348.5480651855469,42898608
2021-05-21,390.0,404.3999938964844,378.0,401.20001220703125,363.6393127441406,192810772
2021-05-24,417.0,419.20001220703125,405.29998779296875,412.04998779296875,373.4735107421875,142964052
2021-05-25,415.1000061035156,415.5,408.5,412.3500061035156,373.74542236328125,56048127
2021-05-26,413.79998779296875,418.75,410.79998779296875,413.54998779296875,374.8330383300781,52357719
2021-05-27,413.70001220703125,429.1000061035156,412.0,425.20001220703125,385.39239501953125,73392997
2021-05-28,430.5,433.6499938964844,420.04998779296875,422.04998779296875,382.53729248046875,65137568
2021-05-31,421.0,426.0,418.0,424.3500061035156,384.6219482421875,38291043
2021-06-01,426.04998779296875,435.3500061035156,425.6000061035156,432.54998779296875,392.0542297363281,59299647
2021-06-02,430.79998779296875,437.95001220703125,429.1499938964844,437.25,396.31427001953125,38657806
2021-06-03,437.0,441.95001220703125,433.5,439.6499938964844,402.16864013671875,38909199
2021-06-04,437.5,441.8999938964844,431.75,433.6000061035156,396.6343994140625,36898769
2021-06-07,435.1000061035156,437.3999938964844,430.79998779296875,432.25,395.3995056152344,20201197
2021-06-08,432.25,432.5,424.0,427.20001220703125,390.780029296875,31113823
2021-06-09,427.5,432.29998779296875,418.20001220703125,421.45001220703125,385.5202331542969,27784834
2021-06-10,424.8999938964844,433.29998779296875,422.3999938964844,432.25,395.3995056152344,27397712
2021-06-11,434.8500061035156,435.5,425.25,429.6000061035156,392.97540283203125,26831924
2021-06-14,427.0,432.45001220703125,416.70001220703125,430.3500061035156,393.6614685058594,30106015
2021-06-15,429.20001220703125,432.79998779296875,428.0,429.5,392.8839111328125,16413658
2021-06-16,428.0,432.75,425.0,425.95001220703125,389.6365966796875,19701175
2021-06-17,421.0,425.95001220703125,416.6000061035156,420.25,384.42254638671875,23048331
2021-06-18,423.8999938964844,423.8999938964844,402.6499938964844,412.8999938964844,377.6991271972656,45748727
2021-06-21,406.3500061035156,421.0,400.5,419.75,383.96514892578125,33128978
2021-06-22,423.0,425.45001220703125,417.29998779296875,418.6499938964844,382.95892333984375,28442965
2021-06-23,421.1000061035156,424.75,415.0,418.8500061035156,383.141845703125,27564829
2021-06-24,420.3500061035156,422.75,416.29998779296875,417.20001220703125,381.6325378417969,19214547
2021-06-25,421.0,431.0,419.04998779296875,428.79998779296875,392.2436218261719,29886797
2021-06-28,430.70001220703125,433.1499938964844,424.54998779296875,426.75,390.3683776855469,29370660
2021-06-29,427.5,428.95001220703125,420.54998779296875,421.5,385.5659484863281,22275961
2021-06-30,423.0,424.8999938964844,418.29998779296875,419.20001220703125,383.4620056152344,18337773
2021-07-01,420.29998779296875,423.70001220703125,417.1499938964844,420.3999938964844,384.5597229003906,16161469
2021-07-02,420.29998779296875,425.3999938964844,419.0,424.3999938964844,388.21868896484375,16423811
2021-07-05,426.5,434.5,424.25,432.6499938964844,395.7654113769531,16483761
2021-07-06,431.70001220703125,436.5,428.20001220703125,429.75,393.1125793457031,20195278
2021-07-07,429.3500061035156,434.0,427.54998779296875,432.8500061035156,395.9483337402344,14473774
2021-07-08,432.79998779296875,435.3999938964844,422.1000061035156,424.45001220703125,388.26446533203125,21433043
2021-07-09,425.0,427.5,421.04998779296875,423.75,387.6241455078125,16844494
2021-07-12,426.5,430.25,424.6000061035156,427.45001220703125,391.00872802734375,12886781
2021-07-13,430.0,431.79998779296875,428.29998779296875,429.1000061035156,392.51806640625,12831125
2021-07-14,429.0,432.29998779296875,426.3999938964844,431.04998779296875,394.3017883300781,12767351
2021-07-15,432.70001220703125,432.95001220703125,429.6499938964844,431.70001220703125,394.8963928222656,11030732
2021-07-16,432.0,432.5,427.45001220703125,430.0,393.34130859375,8713863
2021-07-19,423.3999938964844,429.45001220703125,418.8500061035156,427.8999938964844,391.4203186035156,14426686
2021-07-20,427.0,427.0,418.8999938964844,420.8999938964844,385.01708984375,14623321
2021-07-22,425.54998779296875,426.70001220703125,420.8999938964844,422.04998779296875,386.0690612792969,11799761
2021-07-23,422.8999938964844,429.95001220703125,419.5,428.8999938964844,392.3351135253906,17704661
2021-07-26,427.79998779296875,427.79998779296875,422.29998779296875,423.29998779296875,387.21246337890625,14037519
2021-07-27,424.1499938964844,433.25,424.0,429.95001220703125,393.2955627441406,24119619
2021-07-28,430.0,430.5,421.04998779296875,425.5,389.2249450683594,17636515
2021-07-29,426.0,443.6000061035156,425.5,441.54998779296875,403.9066162109375,35263606
2021-07-30,441.5,444.3999938964844,430.70001220703125,431.79998779296875,394.98785400390625,35196813
2021-08-02,434.75,436.70001220703125,431.79998779296875,434.8999938964844,397.8235778808594,16926025
2021-08-03,434.95001220703125,447.8999938964844,433.6000061035156,446.5,408.43463134765625,40922962
2021-08-04,448.6499938964844,467.45001220703125,441.5,456.95001220703125,417.9937744140625,129761158
2021-08-05,461.0,462.5,438.3999938964844,441.8500061035156,404.1810302734375,58595639
2021-08-06,443.70001220703125,447.0,434.0,435.6499938964844,398.5096435546875,38236066
2021-08-09,437.8999938964844,441.79998779296875,431.0,433.3999938964844,396.45147705078125,22196404
2021-08-10,434.3999938964844,436.3999938964844,421.70001220703125,426.45001220703125,390.0939636230469,27794251
2021-08-11,429.79998779296875,432.8999938964844,423.1499938964844,428.04998779296875,391.55755615234375,23827946
2021-08-12,430.0,430.45001220703125,425.0,427.1499938964844,390.7342529296875,16847144
2021-08-13,427.6000061035156,432.25,425.0,431.20001220703125,394.4389953613281,20908992
2021-08-16,430.0,434.0,424.0,424.8500061035156,388.63037109375,17608693
2021-08-17,424.8500061035156,425.8500061035156,415.25,421.5,385.5659484863281,22957877
2021-08-18,422.1499938964844,424.3500061035156,418.0,419.70001220703125,383.9194030761719,17668574
2021-08-20,415.0,417.3500061035156,405.1499938964844,406.70001220703125,372.0277404785156,25541790
2021-08-23,411.1000061035156,413.0,401.25,409.5,374.5889892578125,26559937
2021-08-24,409.5,418.75,408.20001220703125,417.6000061035156,381.99847412109375,19012313
2021-08-25,419.0,421.29998779296875,414.29998779296875,416.25,380.7635192871094,16410980
2021-08-26,414.5,415.79998779296875,410.0,410.75,375.7324523925781,15897679
2021-08-27,410.3500061035156,414.3500061035156,407.5,412.45001220703125,377.2875061035156,15090541
2021-08-30,414.3999938964844,423.29998779296875,413.5,422.70001220703125,386.6636657714844,20308691
2021-08-31,423.8500061035156,427.0,418.70001220703125,426.04998779296875,389.72802734375,26262421
2021-09-01,427.5,432.54998779296875,425.1499938964844,429.8999938964844,393.24981689453125,18776721
2021-09-02,431.3999938964844,433.5,427.75,429.75,393.1125793457031,14372717
2021-09-03,431.25,434.29998779296875,428.20001220703125,431.3999938964844,394.6219177246094,14233624
2021-09-06,432.0,433.8500061035156,430.04998779296875,431.04998779296875,394.3017883300781,10694099
2021-09-07,431.04998779296875,431.70001220703125,425.1000061035156,429.1000061035156,392.51806640625,14928735
2021-09-08,429.0,435.3999938964844,427.3500061035156,431.3500061035156,394.57623291015625,22817464
2021-09-09,430.25,433.79998779296875,430.0,432.29998779296875,395.44525146484375,9662128
2021-09-13,430.1000061035156,433.79998779296875,428.79998779296875,432.8500061035156,395.9483337402344,9567921
2021-09-14,435.0,436.75,432.25,433.0,396.0855712890625,9981562
2021-09-15,433.0,445.0,431.45001220703125,443.8500061035156,406.01055908203125,22181568
2021-09-16,444.8500061035156,466.1000061035156,442.75,463.70001220703125,424.1683044433594,42637448
2021-09-17,468.0,471.8999938964844,450.3500061035156,454.1000061035156,415.38671875,41529478
2021-09-20,449.3999938964844,453.5,435.6499938964844,437.45001220703125,400.15618896484375,18376916
2021-09-21,440.1499938964844,441.3500061035156,432.6499938964844,438.79998779296875,401.3910827636719,17279588
2021-09-22,438.8999938964844,442.79998779296875,436.1000061035156,438.8500061035156,401.43682861328125,14321143
2021-09-23,442.3999938964844,451.1499938964844,442.04998779296875,449.79998779296875,411.4532775878906,20516770
2021-09-24,451.1000061035156,451.8999938964844,440.0,440.75,403.1748352050781,10731274
2021-09-27,444.8999938964844,450.54998779296875,442.25,446.6000061035156,408.5260925292969,11746892
2021-09-28,449.20001220703125,455.79998779296875,439.6000061035156,444.8999938964844,406.9710693359375,19241170
2021-09-29,441.8500061035156,462.29998779296875,439.1000061035156,460.0,420.7837219238281,38635938
2021-09-30,459.95001220703125,464.8999938964844,451.3999938964844,453.0,414.3804931640625,26530369
2021-10-01,448.5,455.54998779296875,443.79998779296875,451.6499938964844,413.14556884765625,14777309
2021-10-04,453.79998779296875,464.3999938964844,451.6000061035156,463.1499938964844,423.6651611328125,16246765
2021-10-05,462.0,469.0,458.70001220703125,464.70001220703125,425.08306884765625,16487568
2021-10-06,465.0,471.0,453.6499938964844,457.20001220703125,418.2224426269531,19056690
2021-10-07,462.1000061035156,464.0,457.1000061035156,457.8999938964844,418.86273193359375,9984651
2021-10-08,461.8999938964844,464.0,454.25,458.0,418.9541931152344,16521128
2021-10-11,460.0,474.95001220703125,458.6499938964844,469.25,429.2451477050781,20686981
2021-10-12,470.0,484.3999938964844,468.1000061035156,483.0,441.8229064941406,33763609
2021-10-13,486.1499938964844,486.1499938964844,478.0,481.70001220703125,440.6337585449219,17638983
2021-10-14,482.0,493.8999938964844,482.0,490.6000061035156,448.77496337890625,23431826
2021-10-18,494.0,501.0,491.70001220703125,497.95001220703125,455.4984130859375,20084248
2021-10-19,500.3500061035156,504.20001220703125,483.25,488.20001220703125,446.57958984375,20645100
2021-10-20,488.79998779296875,507.5,483.1000061035156,499.8999938964844,457.2821350097656,34080545
2021-10-21,504.8999938964844,506.5,491.75,502.95001220703125,460.0721435546875,20808243
2021-10-22,504.6000061035156,508.70001220703125,500.0,502.95001220703125,460.0721435546875,24080485
2021-10-25,506.5,515.4500122070312,497.8500061035156,506.5,463.3194885253906,35619415
2021-10-26,507.6000061035156,518.2000122070312,507.6000061035156,512.5499877929688,468.85369873046875,21107457
2021-10-27,513.7000122070312,526.8499755859375,512.75,519.1500244140625,474.8910217285156,29463032
2021-10-28,519.5999755859375,520.5499877929688,497.6000061035156,501.3500061035156,458.6085205078125,28140401
2021-10-29,501.5,512.6500244140625,488.3999938964844,502.1499938964844,459.3403625488281,31355893
2021-11-01,508.5,516.9500122070312,501.0,515.7000122070312,471.73516845703125,20679604
2021-11-02,514.7999877929688,525.0,512.0499877929688,521.7000122070312,477.2236633300781,26797820
2021-11-03,524.0,542.2999877929688,515.2000122070312,527.6500244140625,482.6664123535156,80775924
2021-11-04,531.5,535.9000244140625,528.0499877929688,530.4500122070312,485.2276916503906,9796046
2021-11-08,534.4500122070312,534.4500122070312,516.4500122070312,523.25,478.6414489746094,36802110
2021-11-09,526.25,532.0,522.2000122070312,529.1500244140625,484.0385437011719,25451967
2021-11-10,525.5499877929688,528.5,521.5,524.4000244140625,479.6934509277344,15805538
2021-11-11,522.8499755859375,522.8499755859375,507.1000061035156,509.6000061035156,466.15521240234375,23086898
2021-11-12,512.0,513.0,502.70001220703125,511.3500061035156,467.7559814453125,19836221
2021-11-15,512.4000244140625,515.9000244140625,505.5,506.54998779296875,463.36517333984375,13328183
2021-11-16,507.3999938964844,507.3999938964844,493.5,495.1000061035156,452.891357421875,19553216
2021-11-17,493.8500061035156,505.3999938964844,491.0,498.1499938964844,455.68133544921875,20488483
2021-11-18,499.1000061035156,506.20001220703125,492.29998779296875,503.79998779296875,460.8496398925781,22471070
2021-11-22,506.0,506.0,477.5,486.3999938964844,444.9330749511719,28800269
2021-11-23,485.25,495.3999938964844,480.0,493.04998779296875,451.01611328125,20000371
2021-11-24,495.79998779296875,500.0,489.04998779296875,493.1499938964844,451.10760498046875,13963769
2021-11-25,490.0,495.45001220703125,486.29998779296875,490.54998779296875,448.7292785644531,12894211
2021-11-26,486.25,487.8999938964844,467.1000061035156,470.5,430.38861083984375,26305817
2021-11-29,470.0,477.75,454.29998779296875,465.1000061035156,425.4489440917969,22407465
2021-11-30,468.0,477.25,458.0,460.54998779296875,421.2868347167969,23026652
2021-12-01,464.45001220703125,477.25,464.0,475.29998779296875,434.77935791015625,17156956
2021-12-02,474.5,478.1499938964844,470.95001220703125,477.0,436.33447265625,12962679
2021-12-03,475.75,481.5,470.04998779296875,473.1499938964844,432.8126525878906,16653993
2021-12-06,473.1499938964844,477.0,463.79998779296875,465.29998779296875,425.63189697265625,14353300
2021-12-07,469.20001220703125,479.70001220703125,469.20001220703125,476.70001220703125,436.05999755859375,13644942
2021-12-08,480.8999938964844,492.3999938964844,480.25,491.54998779296875,449.64398193359375,20397660
2021-12-09,492.29998779296875,493.5,486.1000061035156,488.6499938964844,446.9912109375,12560970
2021-12-10,488.5,495.95001220703125,484.3999938964844,494.70001220703125,452.5254211425781,13261408
2021-12-13,497.75,500.45001220703125,486.3500061035156,487.79998779296875,446.2137145996094,14047645
2021-12-14,486.0,490.3500061035156,481.79998779296875,488.54998779296875,446.8997497558594,11642447
2021-12-15,490.0,491.0,483.5,484.79998779296875,443.46942138671875,8639835
2021-12-16,488.3500061035156,490.54998779296875,478.25,481.1499938964844,440.130615234375,11107781
2021-12-17,480.04998779296875,481.3999938964844,466.5,467.79998779296875,427.9187316894531,12648603
2021-12-20,459.0,464.0,443.0,449.20001220703125,410.90447998046875,22336114
2021-12-21,457.04998779296875,458.25,444.5,446.0,407.9772644042969,16617447
2021-12-22,450.0,457.29998779296875,449.0,455.8500061035156,416.987548828125,13102553
2021-12-23,461.0,465.0,457.75,461.79998779296875,422.4302673339844,14471377
2021-12-24,462.6000061035156,463.6000061035156,452.20001220703125,456.95001220703125,417.9937744140625,13221159
2021-12-27,453.70001220703125,460.5,450.54998779296875,458.04998779296875,418.9999694824219,8856482
2021-12-28,461.20001220703125,462.8999938964844,459.04998779296875,461.20001220703125,421.8814697265625,8832210
2021-12-29,461.0,462.1499938964844,451.3999938964844,454.3999938964844,415.6611328125,11757303
2021-12-30,452.75,454.8999938964844,448.5,451.70001220703125,413.19134521484375,28879190
2021-12-31,454.25,461.3999938964844,453.1000061035156,460.45001220703125,421.1954040527344,10005842
2022-01-03,462.0,472.0,460.1000061035156,470.79998779296875,430.6629943847656,13124509
2022-01-04,472.5,484.70001220703125,471.04998779296875,483.5,442.2802734375,23296671
2022-01-05,481.8999938964844,495.0,479.1499938964844,492.3999938964844,450.4215393066406,24694169
2022-01-06,487.70001220703125,494.3999938964844,485.3999938964844,491.70001220703125,449.7812194824219,18190843
2022-01-07,493.45001220703125,501.95001220703125,489.45001220703125,491.25,449.3695983886719,22746330
2022-01-10,493.3500061035156,504.95001220703125,492.5,503.6499938964844,460.71246337890625,15832274
2022-01-11,503.0,507.79998779296875,499.25,505.95001220703125,462.8163757324219,16107950
2022-01-12,509.8999938964844,513.5,508.5,510.25,466.749755859375,14489616
2022-01-13,510.0,512.8499755859375,507.0,511.3500061035156,467.7559814453125,10450974
2022-01-14,509.0,510.3500061035156,505.1499938964844,508.3500061035156,465.01177978515625,8724574
2022-01-17,508.0,518.9000244140625,507.54998779296875,514.0,470.1800842285156,17422211
2022-01-18,514.0,517.4500122070312,505.0,506.79998779296875,463.5938720703125,12592506
2022-01-19,505.0,517.6500244140625,500.29998779296875,515.7999877929688,471.8265686035156,16079457
2022-01-20,516.0,519.1500244140625,508.0,511.3999938964844,467.80169677734375,17724642
2022-01-21,505.29998779296875,507.5,498.0,502.70001220703125,459.84344482421875,16947941
2022-01-24,502.3999938964844,506.79998779296875,488.0,494.1499938964844,452.0223388671875,20233933
2022-01-25,490.0,517.5,489.0,514.6500244140625,470.774658203125,21791739
2022-01-27,503.54998779296875,530.8499755859375,503.20001220703125,528.9500122070312,483.8555603027344,35409230
2022-01-28,534.0,536.4000244140625,521.4000244140625,523.4500122070312,478.82440185546875,24715250
2022-01-31,529.0,540.9000244140625,527.0499877929688,538.2999877929688,492.4084167480469,28674232
2022-02-01,543.9500122070312,543.9500122070312,520.0,532.2999877929688,486.919921875,32245356
2022-02-02,536.6500244140625,544.25,531.3499755859375,539.7999877929688,493.7804870605469,21661864
2022-02-03,537.1500244140625,544.7000122070312,537.1500244140625,540.0999755859375,494.054931640625,22717677
2022-02-04,542.1500244140625,546.4000244140625,527.2999877929688,530.2999877929688,485.0904541015625,25332894
2022-02-07,531.9000244140625,549.0,525.25,533.25,487.78900146484375,52289545
2022-02-08,535.5,537.6500244140625,519.0,531.3499755859375,486.0509338378906,26567546
2022-02-09,534.9500122070312,536.5,527.75,535.25,489.6184997558594,14856155
2022-02-10,537.0999755859375,543.9500122070312,534.4000244140625,540.5499877929688,494.4665832519531,18659370
2022-02-11,536.25,537.7000122070312,527.0999755859375,529.5999755859375,484.4501037597656,14607095
2022-02-14,515.0,515.5999755859375,499.70001220703125,501.3999938964844,458.654296875,26153332
2022-02-15,502.0,526.8499755859375,497.1000061035156,524.7999877929688,480.0593566894531,23842951
2022-02-16,526.5,528.0,514.0,516.7000122070312,472.64990234375,19773807
2022-02-17,520.0,520.0,511.1499938964844,512.9500122070312,469.2196350097656,16408356
2022-02-18,510.1000061035156,520.9000244140625,510.1000061035156,515.2999877929688,471.36920166015625,15111223
2022-02-21,511.54998779296875,517.5,504.6499938964844,511.8500061035156,468.21337890625,16866932
2022-02-22,500.8999938964844,505.29998779296875,495.5,498.3999938964844,455.9100341796875,27108772
2022-02-23,503.0,505.3500061035156,497.25,498.70001220703125,456.1844482421875,13899433
2022-02-24,480.0,487.95001220703125,468.0,472.6499938964844,432.3552551269531,32356037
2022-02-25,480.0,491.8999938964844,479.29998779296875,482.95001220703125,441.7771911621094,21792287
2022-02-28,476.8999938964844,485.29998779296875,473.1000061035156,483.20001220703125,442.005859375,18069367
2022-03-02,478.0,479.79998779296875,467.0,474.25,433.8188781738281,22003848
2022-03-03,480.0,483.3999938964844,464.6000061035156,467.3999938964844,427.5528259277344,20358590
2022-03-04,460.29998779296875,470.8999938964844,457.6499938964844,461.95001220703125,422.5675048828125,20684268
2022-03-07,447.5,453.95001220703125,433.45001220703125,440.29998779296875,402.76318359375,33720472
2022-03-08,438.0,442.1000061035156,425.0,440.29998779296875,402.76318359375,42510207
2022-03-09,442.0,454.29998779296875,438.54998779296875,451.70001220703125,413.19134521484375,32331325
2022-03-10,469.8999938964844,476.6499938964844,461.6499938964844,468.70001220703125,428.7420349121094,34553299
2022-03-11,466.3999938964844,474.79998779296875,462.0,470.3500061035156,430.2513427734375,22091309
2022-03-14,471.0,486.0,470.54998779296875,485.1499938964844,443.78961181640625,27750689
2022-03-15,489.0,490.5,480.6499938964844,485.8500061035156,444.4299621582031,27204899
2022-03-16,493.0,494.29998779296875,489.3999938964844,492.75,450.74169921875,16211288
2022-03-17,499.0,503.5,498.29998779296875,501.8999938964844,459.11163330078125,22947673
2022-03-21,502.0,502.0,489.0,490.6000061035156,448.77496337890625,19064060
2022-03-22,490.6000061035156,495.79998779296875,477.25,493.70001220703125,451.6107177734375,26157969
2022-03-23,498.5,502.3999938964844,489.20001220703125,490.6499938964844,448.8207092285156,15800195
2022-03-24,485.0,494.79998779296875,483.5,487.1000061035156,445.5733947753906,18174877
2022-03-25,491.75,493.29998779296875,486.6000061035156,490.70001220703125,448.8664855957031,11541196
2022-03-28,490.95001220703125,498.6000061035156,481.95001220703125,497.5,455.08673095703125,16738684
2022-03-29,500.0,501.3999938964844,491.70001220703125,495.0,452.79986572265625,14301429
2022-03-30,499.29998779296875,500.3999938964844,492.29998779296875,494.29998779296875,452.1595458984375,16461225
2022-03-31,494.29998779296875,497.54998779296875,492.20001220703125,493.54998779296875,451.4734802246094,10240982
2022-04-01,491.0,509.75,491.0,508.20001220703125,464.87457275390625,18527226
2022-04-04,509.29998779296875,514.9000244140625,506.0,512.4000244140625,468.71649169921875,16257176
2022-04-05,514.4000244140625,516.4000244140625,507.70001220703125,509.3999938964844,465.97222900390625,13602384
2022-04-06,507.0,515.2000122070312,506.0,513.9500122070312,470.1343688964844,13738275
2022-04-07,510.04998779296875,519.9000244140625,510.04998779296875,514.9500122070312,471.04913330078125,19620958
2022-04-08,519.5,519.5,512.3499755859375,516.0999755859375,472.1010437011719,13572638
2022-04-11,513.5,522.0,513.2000122070312,514.9000244140625,471.00335693359375,12370288
2022-04-12,512.75,516.7000122070312,504.3500061035156,512.8499755859375,469.1280822753906,14460680
2022-04-13,514.2999877929688,520.9000244140625,513.75,517.7000122070312,473.56463623046875,15440525
2022-04-18,512.0,515.0,504.0,509.5,466.0636901855469,14492183
2022-04-19,513.25,520.9500122070312,505.1000061035156,511.79998779296875,468.1676330566406,20362934
2022-04-20,512.0,513.7000122070312,507.0,509.29998779296875,465.8807678222656,11881305
2022-04-21,513.4000244140625,518.0,512.2000122070312,516.2999877929688,472.2839660644531,10035638
2022-04-22,512.9000244140625,513.5,499.0,500.6000061035156,457.9224548339844,16760456
2022-04-25,495.0,499.20001220703125,490.04998779296875,494.75,452.5711669921875,14057444
2022-04-26,499.0,507.8999938964844,498.45001220703125,505.5,462.4047546386719,12137213
2022-04-27,500.0,502.79998779296875,491.8500061035156,497.25,454.8580627441406,12367342
2022-04-28,499.1499938964844,510.0,496.5,507.5,464.23419189453125,12154792
2022-04-29,508.1000061035156,512.5,494.0,496.29998779296875,453.9890441894531,12894773
2022-05-02,492.6499938964844,495.0,481.29998779296875,491.0,449.140869140625,18590895
2022-05-04,492.0,496.45001220703125,477.5,479.6499938964844,438.7585144042969,14645323
2022-05-05,485.0,494.0,478.6499938964844,480.0,439.07867431640625,14130385
2022-05-06,471.0,486.1000061035156,471.0,483.95001220703125,442.6919250488281,16710020
2022-05-09,477.1000061035156,483.70001220703125,473.79998779296875,475.8999938964844,435.32818603515625,13544947
2022-05-10,477.0,482.54998779296875,473.5,475.20001220703125,434.6878662109375,10884328
2022-05-11,475.25,479.0,463.6499938964844,476.54998779296875,435.9228210449219,14771351
2022-05-12,473.0,473.0,456.3500061035156,462.6499938964844,423.2077941894531,18947096
2022-05-13,469.45001220703125,477.0,439.75,444.6499938964844,406.7424011230469,61403008
2022-05-16,445.0,461.5,438.8500061035156,455.0,416.2099914550781,27940958
2022-05-17,458.29998779296875,469.6499938964844,456.1499938964844,467.29998779296875,427.46136474609375,16880698
2022-05-18,467.8999938964844,468.6000061035156,457.1000061035156,458.0,418.9541931152344,15644497
2022-05-19,449.04998779296875,450.0,444.45001220703125,447.5,409.3493957519531,14201420
2022-05-20,454.8500061035156,464.0,454.1499938964844,462.3999938964844,422.97906494140625,13596860
2022-05-23,463.1000061035156,471.3999938964844,459.5,460.8999938964844,421.6069641113281,13499415
2022-05-24,462.3999938964844,466.79998779296875,460.20001220703125,462.04998779296875,422.658935546875,17175179
2022-05-25,461.0,464.45001220703125,452.04998779296875,454.1000061035156,421.8692932128906,12728644
2022-05-26,456.8500061035156,470.1000061035156,452.5,468.8999938964844,435.61883544921875,17055257
2022-05-27,471.3999938964844,475.0,467.5,468.95001220703125,435.665283203125,10977001
2022-05-30,473.0,476.8999938964844,471.1000061035156,474.6000061035156,440.9142761230469,9365470
2022-05-31,474.0,476.3999938964844,465.0,468.1000061035156,434.8756103515625,15441579
2022-06-01,468.0,472.0,464.70001220703125,468.29998779296875,435.0613708496094,9424008
2022-06-02,466.8999938964844,472.3500061035156,466.1499938964844,469.8500061035156,436.50140380859375,9370989
2022-06-03,473.25,475.5,463.5,464.5,431.5311279296875,11306291
2022-06-06,464.20001220703125,465.6000061035156,456.5,463.70001220703125,430.78790283203125,10661432
2022-06-07,461.8500061035156,465.95001220703125,460.5,463.3999938964844,430.50921630859375,7672515
2022-06-08,466.6000061035156,475.54998779296875,463.20001220703125,471.29998779296875,437.8485107421875,17168871
2022-06-09,468.95001220703125,470.8999938964844,462.45001220703125,466.95001220703125,433.8072204589844,12635601
2022-06-10,462.0,464.1499938964844,458.6000061035156,461.8500061035156,429.0692138671875,8621104
2022-06-13,454.0,454.04998779296875,442.1000061035156,445.8500061035156,414.204833984375,13426836
2022-06-14,445.0,449.25,443.3500061035156,448.1000061035156,416.2951354980469,11351101
2022-06-15,448.95001220703125,455.45001220703125,448.6000061035156,451.3500061035156,419.314453125,9920926
2022-06-16,455.1499938964844,457.75,440.1499938964844,441.6000061035156,410.25653076171875,10780703
2022-06-17,440.0,447.54998779296875,437.25,441.0,409.6990966796875,14326050
2022-06-20,441.5,443.45001220703125,430.70001220703125,434.70001220703125,403.8462219238281,12368534
2022-06-21,439.5,454.95001220703125,437.6000061035156,450.75,418.7570495605469,13801891
2022-06-22,448.75,451.20001220703125,444.6499938964844,447.6499938964844,415.8771057128906,11066447
2022-06-23,449.0,456.45001220703125,446.0,451.3999938964844,419.3609313964844,12229833
2022-06-24,455.79998779296875,460.3500061035156,453.20001220703125,454.25,422.0086669921875,10833364
2022-06-27,459.95001220703125,464.8500061035156,458.04998779296875,461.20001220703125,428.46539306640625,9509175
2022-06-28,458.8999938964844,465.75,458.0,464.25,431.29888916015625,13261290
2022-06-29,460.0,462.70001220703125,458.0,459.1000061035156,426.514404296875,11800876
2022-06-30,459.0,469.29998779296875,458.6000061035156,465.8999938964844,432.8317565917969,16926328
2022-07-01,463.3500061035156,468.79998779296875,460.54998779296875,466.8500061035156,433.7143249511719,9405495
2022-07-04,466.8500061035156,474.1499938964844,466.8500061035156,473.45001220703125,439.8459167480469,9186358
2022-07-05,475.1499938964844,480.0,471.0,472.1499938964844,438.6381530761719,12003244
2022-07-06,475.1499938964844,481.0,473.8999938964844,479.95001220703125,445.8845520019531,12059857
2022-07-07,484.0,488.25,481.6000061035156,486.75,452.2018737792969,11497832
2022-07-08,489.0,489.8999938964844,485.1499938964844,488.54998779296875,453.8741149902344,9057231
2022-07-11,485.0,491.29998779296875,485.0,488.20001220703125,453.5489501953125,7704792
2022-07-12,485.0,491.3500061035156,483.1000061035156,484.95001220703125,450.5296630859375,7364457
2022-07-13,487.75,492.45001220703125,484.54998779296875,486.5,451.9696350097656,8208853
2022-07-14,486.6000061035156,488.8999938964844,476.79998779296875,479.3500061035156,445.3271179199219,9385630
2022-07-15,482.54998779296875,484.3999938964844,474.70001220703125,479.1000061035156,445.0948791503906,6945602
2022-07-18,484.54998779296875,491.5,482.1000061035156,490.29998779296875,455.4999084472656,9934786
2022-07-19,488.0,498.54998779296875,488.0,497.95001220703125,462.6069641113281,11724183
2022-07-20,501.0,510.6000061035156,500.3999938964844,508.6000061035156,472.5010681152344,19280117
2022-07-21,509.79998779296875,513.4000244140625,506.75,512.0499877929688,475.7061462402344,13814893
2022-07-22,513.4500122070312,520.2000122070312,511.20001220703125,513.7000122070312,477.23907470703125,14699129
2022-07-25,513.4000244140625,519.0,509.1499938964844,517.7999877929688,481.04803466796875,10229778
2022-07-26,517.7000122070312,520.7999877929688,513.0999755859375,514.2000122070312,477.70361328125,8862656
2022-07-27,515.2999877929688,529.9500122070312,512.25,528.2000122070312,490.70989990234375,15101546
2022-07-28,533.2000122070312,537.5,529.5499877929688,532.4500122070312,494.65826416015625,12160734
2022-07-29,535.0499877929688,537.0,526.75,528.3499755859375,490.8492126464844,11921058
2022-08-01,529.0499877929688,535.0,526.4000244140625,533.75,495.8659362792969,8295631
2022-08-02,531.9000244140625,544.9000244140625,531.0999755859375,542.0999755859375,503.6233215332031,16845027
2022-08-03,541.9000244140625,546.4000244140625,534.6500244140625,540.8499755859375,502.4620056152344,24262125
2022-08-04,543.6500244140625,544.0,524.2000122070312,533.25,495.4015197753906,18072293
2022-08-05,535.5499877929688,542.9000244140625,529.0,531.0499877929688,493.35760498046875,21110734
2022-08-08,524.0,524.0,513.8499755859375,520.4000244140625,483.4635314941406,32566317
2022-08-10,521.5499877929688,523.5,513.4000244140625,514.7000122070312,478.1680908203125,16904151
2022-08-11,520.0,526.0,517.2000122070312,524.75,487.5047607421875,13862195
2022-08-12,525.7000122070312,531.7999877929688,525.1500244140625,530.7000122070312,493.032470703125,12154012
2022-08-16,533.2999877929688,533.8499755859375,525.0,525.9500122070312,488.61956787109375,10721167
2022-08-17,528.8499755859375,530.5499877929688,524.3499755859375,528.1500244140625,490.6634521484375,12054183
2022-08-18,526.8499755859375,534.7999877929688,526.2000122070312,532.3499755859375,494.5653381347656,9013662
2022-08-19,532.0,533.6500244140625,518.5,520.3499755859375,483.4169921875,11087222
2022-08-22,519.0,519.9000244140625,510.0,511.29998779296875,475.0093688964844,9676954
2022-08-23,508.25,524.0,508.25,521.9000244140625,484.8570556640625,8597965
2022-08-24,519.0,523.0,512.2999877929688,519.2999877929688,482.4415588378906,11930650
2022-08-25,521.9500122070312,528.2999877929688,518.5,520.4000244140625,483.4635314941406,15473450
2022-08-26,523.7999877929688,529.5,522.2000122070312,523.7999877929688,486.6221618652344,12855886
2022-08-29,511.29998779296875,517.0,508.75,514.8499755859375,478.3074035644531,9421339
2022-08-30,518.2000122070312,532.5,517.9500122070312,531.25,493.5434265136719,14835308
2022-09-01,522.25,540.9000244140625,522.25,533.2999877929688,495.4478759765625,16670228
2022-09-02,537.0,537.8499755859375,531.25,536.7000122070312,498.6065979003906,10017930
2022-09-05,537.0,540.7999877929688,536.2999877929688,538.9000244140625,500.650390625,7819994
2022-09-06,538.0,542.7000122070312,534.0999755859375,537.7999877929688,499.6285400390625,8657868
2022-09-07,534.4000244140625,537.4500122070312,531.5499877929688,532.8499755859375,495.0298156738281,8445359
2022-09-08,536.0,546.2999877929688,535.5,544.6500244140625,505.9922790527344,12240707
2022-09-09,549.6500244140625,557.0,548.0,553.3499755859375,514.0748291015625,18587927
2022-09-12,554.9000244140625,558.5999755859375,551.25,554.9000244140625,515.5148315429688,9677415
2022-09-13,560.0,560.0,553.75,558.0,518.3948364257812,16707275
2022-09-14,550.0,574.8499755859375,549.25,571.75,531.1688232421875,21632641
2022-09-15,572.5499877929688,578.5,567.9000244140625,572.1500244140625,531.5404663085938,12749947
2022-09-16,569.0999755859375,574.0,560.2999877929688,561.7999877929688,521.925048828125,14739280
2022-09-19,560.7000122070312,574.4000244140625,559.5499877929688,572.25,531.6333618164062,11194003
2022-09-20,577.9500122070312,577.9500122070312,572.8499755859375,574.0499877929688,533.3056030273438,8484017
2022-09-21,575.0,577.2999877929688,565.4000244140625,569.7000122070312,529.2643432617188,9392526
2022-09-22,566.75,574.0,562.0,567.2999877929688,527.0347290039062,11869435
2022-09-23,564.7999877929688,568.0,549.5,550.5999755859375,511.5199279785156,12563239
2022-09-26,545.7999877929688,549.0,533.0,543.2999877929688,504.73809814453125,16158750
2022-09-27,544.5499877929688,550.9000244140625,533.2000122070312,536.5,498.42083740234375,11066799
2022-09-28,532.9000244140625,539.7999877929688,520.3499755859375,524.8499755859375,487.5976257324219,12233485
2022-09-29,529.0,535.7000122070312,519.5499877929688,521.75,484.71771240234375,17310168
2022-09-30,524.0,536.9000244140625,516.1500244140625,530.5999755859375,492.93951416015625,17466950
2022-10-03,527.5999755859375,531.6500244140625,518.5,519.75,482.8596496582031,9351162
2022-10-04,533.0,535.7999877929688,527.7999877929688,532.7000122070312,494.8905029296875,8745887
2022-10-06,534.5999755859375,541.7999877929688,534.5999755859375,537.2999877929688,499.16400146484375,9507322
2022-10-07,535.5,535.5999755859375,526.5499877929688,530.2000122070312,492.56793212890625,11065307
2022-10-10,525.7000122070312,533.9000244140625,522.2000122070312,530.75,493.07891845703125,9649292
2022-10-11,530.75,533.7000122070312,525.5,527.4000244140625,489.96673583984375,10825440
2022-10-12,530.0,535.0,526.0,533.7999877929688,495.91241455078125,8522604
2022-10-13,533.0,533.7999877929688,520.2000122070312,521.4500122070312,484.43902587890625,12972765
2022-10-14,530.2000122070312,534.8499755859375,526.0,527.2000122070312,489.7808837890625,8545479
2022-10-17,526.4000244140625,544.7000122070312,524.2000122070312,543.6500244140625,505.0633239746094,13485349
2022-10-18,547.0999755859375,563.5,546.75,562.4500122070312,522.5289916992188,20440781
2022-10-19,563.0,563.4500122070312,551.5499877929688,553.4000244140625,514.1212768554688,9540583
2022-10-20,552.0,556.7999877929688,545.2999877929688,555.4000244140625,515.9793701171875,11225588
2022-10-21,557.25,565.7999877929688,557.25,560.8499755859375,521.0424194335938,11767639
2022-10-24,567.0,572.5,565.9000244140625,570.5,530.007568359375,3692065
2022-10-25,572.5,586.2000122070312,568.0,578.5499877929688,537.4861450195312,19899324
2022-10-27,583.9500122070312,585.0,577.5999755859375,579.6500244140625,538.5081787109375,13613533
2022-10-28,579.9500122070312,582.6500244140625,567.0,570.75,530.23974609375,10043644
2022-10-31,574.9500122070312,577.4500122070312,568.4000244140625,573.7999877929688,533.0733642578125,9894639
2022-11-01,576.3499755859375,585.75,574.5999755859375,576.9000244140625,535.9533081054688,12069579
2022-11-02,575.9000244140625,578.9500122070312,569.9000244140625,573.8499755859375,533.1197509765625,10241440
2022-11-03,569.0,587.9500122070312,568.0,584.9000244140625,543.385498046875,17557998
2022-11-04,586.0,596.9500122070312,580.4000244140625,593.9500122070312,551.793212890625,25759031
2022-11-07,613.0,622.7000122070312,607.7000122070312,614.1500244140625,570.5594482421875,44265903
2022-11-09,621.0,621.0,610.5499877929688,615.5499877929688,571.8599853515625,18939854
2022-11-10,613.0999755859375,615.0999755859375,602.2000122070312,605.75,562.7556762695312,11618405
2022-11-11,617.25,619.5499877929688,598.5,601.2999877929688,558.6214599609375,15525267
2022-11-14,603.9500122070312,603.9500122070312,591.6500244140625,592.5499877929688,550.4924926757812,12957268
2022-11-15,594.2999877929688,602.0999755859375,592.6500244140625,600.8499755859375,558.203369140625,10286417
2022-11-16,599.9500122070312,603.5,596.0,599.75,557.181396484375,11555749
2022-11-17,599.0999755859375,602.75,596.1500244140625,599.0499877929688,556.5311279296875,8167131
2022-11-18,601.0,605.75,597.1500244140625,602.7000122070312,559.9220581054688,12933675
2022-11-21,602.0999755859375,602.0999755859375,595.3499755859375,598.0999755859375,555.6485595703125,7412419
2022-11-22,598.1500244140625,600.7000122070312,596.1500244140625,599.0999755859375,556.5775756835938,8048595
2022-11-23,601.5499877929688,609.5999755859375,601.0,607.6500244140625,564.5208129882812,12435924
2022-11-24,609.75,611.2999877929688,605.7999877929688,609.3499755859375,566.1000366210938,8960032
2022-11-25,610.5499877929688,613.7000122070312,606.25,607.4000244140625,564.2885131835938,9994513
2022-11-28,605.5999755859375,610.9000244140625,602.3499755859375,608.5999755859375,565.4032592773438,7934274
2022-11-29,607.0999755859375,611.7999877929688,607.0999755859375,608.5499877929688,565.3568725585938,6942919
2022-11-30,608.5,611.4000244140625,598.4000244140625,602.4500122070312,559.6898193359375,15606230
2022-12-01,607.8499755859375,609.7999877929688,601.5499877929688,608.0999755859375,564.9388427734375,14209313
2022-12-02,607.5,609.5999755859375,604.25,607.5499877929688,564.4279174804688,7533838
2022-12-05,608.5,618.0,607.5499877929688,617.2999877929688,573.4857788085938,11585602
2022-12-06,614.75,619.7999877929688,607.7999877929688,608.9500122070312,565.728515625,12996244
2022-12-07,610.8499755859375,612.9000244140625,604.5,607.0499877929688,563.96337890625,7613892
2022-12-08,609.75,613.7999877929688,607.1500244140625,611.6500244140625,568.2368774414062,10020015
2022-12-09,614.4000244140625,618.0,609.0999755859375,616.5,572.7426147460938,11202267
2022-12-12,614.7999877929688,618.7000122070312,611.0,613.0499877929688,569.5374145507812,9285187
2022-12-13,613.5,617.4000244140625,612.5,616.75,572.9749145507812,7455415
2022-12-14,618.5,626.75,617.5,625.5,581.103759765625,14010673
2022-12-15,625.5499877929688,629.5499877929688,614.2999877929688,615.9500122070312,572.231689453125,10622271
2022-12-16,612.0,615.5999755859375,602.0999755859375,603.3499755859375,560.5259399414062,9435071
2022-12-19,604.0,609.5,603.0,604.4500122070312,561.5479125976562,8322012
2022-12-20,603.0,606.5,599.5499877929688,604.4500122070312,561.5479125976562,6753785
2022-12-21,605.9000244140625,609.1500244140625,589.5999755859375,593.4000244140625,551.2822265625,9217253
2022-12-22,597.0,599.0,587.5499877929688,593.4000244140625,551.2822265625,8740149
2022-12-23,590.0,590.7000122070312,571.5,574.0,533.2591552734375,13047046
2022-12-26,574.0,601.7000122070312,570.7000122070312,597.0999755859375,554.719482421875,13201587
2022-12-27,600.4000244140625,603.0999755859375,593.2999877929688,601.9000244140625,559.1788940429688,9638618
2022-12-28,600.9000244140625,607.0,598.5499877929688,601.0499877929688,558.38916015625,7988631
2022-12-29,600.0,618.0,597.1500244140625,611.7999877929688,568.376220703125,20130392
2022-12-30,615.25,620.5499877929688,611.3499755859375,613.7000122070312,570.1412963867188,13052895
2023-01-02,614.9500122070312,619.2000122070312,611.2000122070312,612.2000122070312,568.7478637695312,6726084
2023-01-03,614.5,616.5999755859375,610.0,612.4000244140625,568.9336547851562,6818062
2023-01-04,611.8499755859375,614.9500122070312,604.0,605.2000122070312,562.2446899414062,7011191
2023-01-05,607.0,611.5999755859375,601.9500122070312,605.0999755859375,562.1516723632812,8241475
2023-01-06,607.4000244140625,607.4500122070312,597.0,600.6500244140625,558.017578125,7972036
2023-01-09,605.0,609.0,600.0999755859375,607.7000122070312,564.5672607421875,8878905
2023-01-10,608.4500122070312,609.0,590.5999755859375,595.1500244140625,552.9080200195312,10622660
2023-01-11,596.4500122070312,599.5,592.25,596.7000122070312,554.3479614257812,7419630
2023-01-12,597.9000244140625,597.9000244140625,590.0999755859375,594.9000244140625,552.6757202148438,8183715
2023-01-13,597.9000244140625,602.9000244140625,593.6500244140625,600.0999755859375,557.5066528320312,7877610
2023-01-16,603.0,606.0999755859375,600.5999755859375,603.0,560.2007446289062,5483191
2023-01-17,603.0,606.0,586.0499877929688,592.9500122070312,550.8641967773438,13461999
2023-01-18,595.9000244140625,597.1500244140625,587.5999755859375,591.4500122070312,549.4706420898438,11538075
2023-01-19,591.0,591.75,587.5499877929688,589.8499755859375,547.984130859375,7475688
2023-01-20,593.7999877929688,596.5999755859375,590.7999877929688,592.2000122070312,550.1673583984375,6750607
2023-01-23,598.5,601.75,592.9500122070312,600.4500122070312,557.831787109375,6604469
2023-01-24,603.5,604.5999755859375,593.0499877929688,594.3499755859375,552.1647338867188,7609623
2023-01-25,595.8499755859375,595.8499755859375,567.4000244140625,568.7000122070312,528.3353881835938,25686294
2023-01-27,568.0,568.5499877929688,532.25,539.9500122070312,501.62591552734375,40163464
2023-01-30,536.0,554.3499755859375,525.2000122070312,538.2000122070312,500.0001525878906,40797825
2023-01-31,545.0,557.0,537.8499755859375,553.5,514.2141723632812,21911943
2023-02-01,561.4000244140625,565.0,499.3500061035156,527.3499755859375,489.9201965332031,38218810
2023-02-02,520.2000122070312,532.6500244140625,502.5,528.0999755859375,490.616943359375,39287056
2023-02-03,536.0,545.9500122070312,519.1500244140625,544.2000122070312,505.5742492675781,32317232
2023-02-06,558.7999877929688,558.7999877929688,536.5499877929688,545.4000244140625,506.6890869140625,25338586
2023-02-07,548.0,551.4000244140625,541.0499877929688,547.0999755859375,508.2684326171875,16195947
2023-02-08,550.0,554.5,545.5,549.75,510.7303161621094,15502847
2023-02-09,552.0,552.0,542.7999877929688,550.7999877929688,511.7057800292969,15061047
2023-02-10,546.5,557.25,546.5,553.0499877929688,513.7960815429688,13824475
2023-02-13,554.0,556.9000244140625,533.2999877929688,537.5,499.3498229980469,18488732
2023-02-14,539.9500122070312,544.5999755859375,530.75,540.8499755859375,502.4620056152344,18559909
2023-02-15,540.0,544.6500244140625,536.7999877929688,542.25,503.7626953125,12796579
2023-02-16,546.8499755859375,546.8499755859375,538.5,540.0999755859375,501.76519775390625,12767016
2023-02-17,538.5,539.6500244140625,527.75,531.0,493.3111267089844,14192008
2023-02-20,532.0,533.9500122070312,522.1500244140625,525.1500244140625,487.8763732910156,12570032
2023-02-21,527.0999755859375,528.9500122070312,522.4000244140625,523.4500122070312,486.2970275878906,10223218
2023-02-22,520.75,521.9000244140625,512.5,516.3499755859375,479.7009582519531,14763050
2023-02-23,516.9500122070312,524.0,511.3500061035156,521.0,484.0208740234375,15535085
2023-02-24,524.2000122070312,527.5,517.5999755859375,521.0499877929688,484.0673522949219,12253035
2023-02-27,521.0999755859375,529.7999877929688,519.0,527.7000122070312,490.2453918457031,11048799
2023-02-28,527.25,528.4500122070312,521.0499877929688,522.7999877929688,485.69317626953125,15768010
2023-03-01,523.25,537.4000244140625,523.0999755859375,536.7000122070312,498.6065979003906,13510198
2023-03-02,535.9500122070312,539.9000244140625,532.5,533.75,495.8659362792969,10376913
2023-03-03,542.0,564.2999877929688,541.75,561.2000122070312,521.3676147460938,27656538
2023-03-06,564.9000244140625,567.9000244140625,559.0,561.7000122070312,521.8321533203125,16162268
2023-03-08,560.0,565.5,556.4500122070312,564.7999877929688,524.7120971679688,12637578
2023-03-09,564.75,565.75,558.0,558.9000244140625,519.23095703125,8993423
2023-03-10,553.0999755859375,554.9500122070312,545.0,547.3499755859375,508.5006408691406,11522371
2023-03-13,547.0,553.1500244140625,528.4500122070312,530.0,492.3821105957031,14373729
2023-03-14,527.6500244140625,532.7999877929688,520.0,525.4000244140625,488.1086730957031,14750800
2023-03-15,529.7999877929688,532.0,515.5499877929688,517.5499877929688,480.8157958984375,11282329
2023-03-16,518.4000244140625,529.3499755859375,514.2999877929688,524.5,487.27252197265625,20040008
2023-03-17,528.6500244140625,531.5999755859375,520.0999755859375,529.7999877929688,492.1962890625,18787379
2023-03-20,526.5999755859375,526.5999755859375,515.0,519.2000122070312,482.34869384765625,14275315
2023-03-21,522.0,523.4500122070312,516.4500122070312,521.8499755859375,484.81060791015625,29485180
2023-03-22,522.2000122070312,527.0,520.0999755859375,521.5499877929688,484.53192138671875,11619538
2023-03-23,519.4000244140625,521.0,511.5,512.75,476.3564758300781,22097792
2023-03-24,514.5,514.9500122070312,503.45001220703125,505.3500061035156,469.4817199707031,14416984
2023-03-27,507.0,514.1500244140625,501.54998779296875,510.1499938964844,473.9410095214844,15674218
2023-03-28,511.45001220703125,511.75,503.8500061035156,508.1000061035156,472.0365295410156,15833599
2023-03-29,509.0,518.0,506.29998779296875,516.5,479.8403015136719,24203789
2023-03-31,520.6500244140625,524.9000244140625,519.3499755859375,523.75,486.5757141113281,17356345
2023-04-03,524.75,528.5,522.0999755859375,526.75,489.36279296875,14210949
2023-04-05,527.0,527.5999755859375,519.0499877929688,523.0,485.8789367675781,13574801
2023-04-06,524.0,533.7000122070312,521.6500244140625,527.6500244140625,490.1989440917969,25125879
2023-04-10,529.25,530.4000244140625,524.4000244140625,526.2999877929688,488.9447326660156,17335453
2023-04-11,530.8499755859375,535.7000122070312,527.1500244140625,532.0999755859375,494.3330383300781,26414406
2023-04-12,533.2000122070312,534.0,526.0,528.2000122070312,490.70989990234375,21292441
2023-04-13,529.2999877929688,534.25,527.1500244140625,532.9500122070312,495.122802734375,28597560
2023-04-17,528.0,545.0,528.0,544.0,505.3884582519531,32476990
2023-04-18,545.3499755859375,548.5,540.5,545.8499755859375,507.1070556640625,22283456
2023-04-19,544.0,547.5,538.25,540.2999877929688,501.9510498046875,21156372
2023-04-20,541.2000122070312,545.4500122070312,536.6500244140625,544.7999877929688,506.13165283203125,25588577
2023-04-21,545.0,546.4000244140625,539.7000122070312,543.1500244140625,504.5987854003906,22599418
2023-04-24,543.7999877929688,555.5499877929688,543.5,554.5999755859375,515.236083984375,23335611
2023-04-25,555.0,567.9000244140625,555.0,561.7999877929688,521.925048828125,38142390
2023-04-26,562.0,567.0,556.4500122070312,566.3499755859375,526.152099609375,23143882
2023-04-27,565.0,567.4000244140625,561.0999755859375,564.75,524.6657104492188,17845169
2023-04-28,567.7999877929688,580.4500122070312,565.5,578.2999877929688,537.25390625,16183423
2023-05-02,580.0,580.8499755859375,573.1500244140625,575.2999877929688,534.4668579101562,13667511
2023-05-03,570.6500244140625,575.0,569.0,570.5,530.007568359375,9699527
2023-05-04,570.2000122070312,580.7999877929688,568.5,580.0,538.833251953125,12533761
2023-05-05,580.2000122070312,588.25,575.0499877929688,576.5,535.5817260742188,18163461
2023-05-08,577.6500244140625,587.5999755859375,577.3499755859375,583.5999755859375,542.1776733398438,12990869
2023-05-09,585.0,586.4500122070312,572.0999755859375,573.5,532.7946166992188,18959065
2023-05-10,575.0,575.0,563.25,572.2000122070312,531.5868530273438,18561315
2023-05-11,572.2000122070312,580.0,572.0,573.4500122070312,532.7481689453125,16016715
2023-05-12,574.7000122070312,580.75,571.5499877929688,578.1500244140625,537.1146240234375,11319335
2023-05-15,578.75,584.0,574.6500244140625,581.9000244140625,540.5984497070312,11410243
2023-05-16,584.0,590.4000244140625,582.0,586.2999877929688,544.6860961914062,22178229
2023-05-17,586.0,590.5,579.5,586.2999877929688,544.6860961914062,23739774
2023-05-18,590.2999877929688,593.9000244140625,571.4000244140625,574.2000122070312,533.4449462890625,45656620
2023-05-19,579.0,586.25,569.9000244140625,575.1500244140625,534.3275146484375,42293962
2023-05-22,577.5,580.2999877929688,573.4500122070312,577.1500244140625,536.1856079101562,21484049
2023-05-23,578.9000244140625,583.7000122070312,576.7999877929688,581.5999755859375,540.3197021484375,16120548
2023-05-24,579.7999877929688,585.25,578.25,582.7000122070312,541.3416137695312,17616658
2023-05-25,582.0,582.9000244140625,577.0,581.25,539.9945678710938,16479436
2023-05-26,581.25,587.75,580.5499877929688,586.0,544.4074096679688,9788076
2023-05-29,590.0,596.4000244140625,588.0499877929688,595.0,552.7686157226562,18432231
2023-05-30,595.0,595.5,591.5,592.7999877929688,550.7247314453125,15031640
2023-05-31,583.7999877929688,584.7999877929688,577.5,579.8499755859375,549.1620483398438,28797643
2023-06-01,581.7999877929688,586.4000244140625,581.0,582.75,551.9086303710938,17820226
2023-06-02,584.7000122070312,588.9000244140625,583.0,587.2000122070312,556.1231079101562,11323908
2023-06-05,588.5,589.7999877929688,586.0,587.2000122070312,556.1231079101562,12920507
2023-06-06,588.0,588.9000244140625,583.0,585.3499755859375,554.3710327148438,11199940
2023-06-07,588.0,590.5999755859375,586.0,589.2000122070312,558.0172729492188,11113781
2023-06-08,589.9500122070312,593.9500122070312,586.3499755859375,588.5,557.3543701171875,15971917
2023-06-09,588.0,589.0999755859375,576.75,578.7000122070312,548.072998046875,18870272
2023-06-12,580.0,581.5,577.7000122070312,578.6500244140625,548.025634765625,8786066
2023-06-13,579.4500122070312,581.4000244140625,574.25,576.4000244140625,545.8947143554688,12612098
2023-06-14,577.0,578.5499877929688,575.25,576.5499877929688,546.0366821289062,8948696
2023-06-15,576.0,576.7000122070312,565.25,566.5,536.5186157226562,17934877
2023-06-16,568.75,574.7000122070312,567.0499877929688,571.25,541.0172119140625,12660226
2023-06-19,571.25,572.75,565.9000244140625,568.8499755859375,538.7442626953125,17903691
2023-06-20,568.8499755859375,569.4500122070312,562.5499877929688,567.4000244140625,537.3710327148438,14549152
2023-06-21,567.4000244140625,569.5,565.6500244140625,566.3499755859375,536.3765258789062,14946871
2023-06-22,566.3499755859375,569.0,561.0499877929688,562.9500122070312,533.1565551757812,14979063
2023-06-23,562.0,562.0999755859375,553.7999877929688,554.5999755859375,525.2484130859375,12215712
2023-06-26,556.0,558.5,554.5,557.0499877929688,527.5687255859375,8360264
2023-06-27,558.25,567.9500122070312,555.6500244140625,566.0999755859375,536.1397705078125,10694768
2023-06-28,572.25,574.0,568.5499877929688,569.7999877929688,539.64404296875,18028934
2023-06-30,574.0,574.0,570.2000122070312,572.8499755859375,542.5325927734375,8718232
2023-07-03,574.5,586.3499755859375,573.9000244140625,585.4500122070312,554.4657592773438,15421985
2023-07-04,588.2000122070312,595.9500122070312,582.25,589.25,558.0645751953125,24799250
2023-07-05,589.7999877929688,593.7000122070312,588.2000122070312,590.5999755859375,559.3431396484375,13598114
2023-07-06,590.4000244140625,593.5,589.0999755859375,592.5,561.142578125,11323509
2023-07-07,590.0,595.5,585.5,593.5999755859375,562.184326171875,11707209
2023-07-10,594.6500244140625,599.7999877929688,590.25,592.5999755859375,561.2373046875,11417363
2023-07-11,595.0,595.9500122070312,587.3499755859375,588.5499877929688,557.4016723632812,13221177
2023-07-12,589.0,594.5,588.2000122070312,589.25,558.0645751953125,16029716
2023-07-13,594.9000244140625,598.0,583.3499755859375,585.6500244140625,554.6552124023438,20024503
2023-07-14,586.75,591.2999877929688,580.7000122070312,584.4000244140625,553.4713134765625,12190152
2023-07-17,587.0,602.8499755859375,584.2000122070312,601.0999755859375,569.2874755859375,19378986
2023-07-18,603.0499877929688,604.0499877929688,588.75,592.3499755859375,561.0005493164062,25757209
2023-07-19,594.6500244140625,602.4000244140625,592.0,601.4500122070312,569.6189575195312,17556585
2023-07-20,601.4000244140625,610.7999877929688,598.75,610.0499877929688,577.7637939453125,34038351
2023-07-21,610.0,619.5,609.0,615.0999755859375,582.5465087890625,21040281
2023-07-24,615.0499877929688,621.9000244140625,614.2999877929688,617.6500244140625,584.9616088867188,11756364
2023-07-25,621.7999877929688,621.7999877929688,604.2000122070312,609.5999755859375,577.3375854492188,18503305
2023-07-26,612.0,616.3499755859375,609.1500244140625,615.1500244140625,582.5939331054688,9999125
2023-07-27,616.4000244140625,621.25,613.0999755859375,616.5499877929688,583.9197998046875,17444742
2023-07-28,616.4000244140625,619.9000244140625,613.5999755859375,616.0499877929688,583.4462890625,11930586
2023-07-31,616.6500244140625,621.0,614.5,620.2000122070312,587.3766479492188,8605483
2023-08-01,620.2000122070312,620.8499755859375,610.5999755859375,611.8499755859375,579.468505859375,13493453
2023-08-02,609.8499755859375,610.5,594.0999755859375,598.4500122070312,566.7777099609375,14977497
2023-08-03,598.7000122070312,600.8499755859375,585.0,590.5,559.2484741210938,27774877
2023-08-04,594.7999877929688,598.7000122070312,571.4000244140625,573.2999877929688,542.958740234375,52725616
2023-08-07,577.0,577.0,566.6500244140625,567.9000244140625,537.8446044921875,32736325
2023-08-08,571.0,574.25,568.4500122070312,573.0999755859375,542.769287109375,25038671
2023-08-09,575.0,575.0,568.3499755859375,573.75,543.3849487304688,15769111
2023-08-10,573.75,577.5999755859375,570.0999755859375,573.6500244140625,543.290283203125,27325801
2023-08-11,575.4500122070312,579.0,572.0,574.1500244140625,543.7638549804688,18221179
2023-08-14,572.9500122070312,573.0,558.5999755859375,560.7999877929688,531.1202392578125,28084093
2023-08-16,558.7999877929688,566.4000244140625,554.0,565.3499755859375,535.4295043945312,15725767
2023-08-17,565.75,573.1500244140625,564.0,572.1500244140625,541.86962890625,27910162
2023-08-18,570.0,575.25,567.4000244140625,572.9500122070312,542.6273193359375,18253227
2023-08-21,572.9500122070312,575.5499877929688,570.75,571.7000122070312,541.4434204101562,9380810
2023-08-22,572.5,574.4500122070312,567.5,568.5,538.412841796875,14073413
2023-08-23,571.0,577.9500122070312,566.0,576.9000244140625,546.3682861328125,18579297
2023-08-24,578.1500244140625,582.0,575.5499877929688,576.9500122070312,546.4155883789062,24131644
2023-08-25,573.7999877929688,575.2999877929688,567.2000122070312,569.9500122070312,539.7860717773438,12271885
2023-08-28,572.7999877929688,574.7999877929688,569.2000122070312,572.8499755859375,542.5325927734375,9711932
2023-08-29,573.6500244140625,576.2999877929688,571.8499755859375,574.8499755859375,544.4266967773438,13144855
2023-08-30,576.7000122070312,577.7000122070312,566.0999755859375,567.4000244140625,537.3710327148438,15281416
2023-08-31,569.2999877929688,570.2999877929688,559.4000244140625,561.3499755859375,531.6411743164062,27898476
2023-09-01,562.7000122070312,571.2000122070312,562.0999755859375,569.5499877929688,539.4072265625,18121168
2023-09-04,572.0,576.3499755859375,568.4500122070312,575.5499877929688,545.0896606445312,12108655
2023-09-05,575.5999755859375,578.25,571.3499755859375,573.0,542.6746215820312,14444729
2023-09-06,574.25,574.25,568.0,570.5,540.3069458007812,20609936
2023-09-07,568.0,581.0,568.0,579.0499877929688,548.4044189453125,12390597
2023-09-08,581.0,588.5,579.7000122070312,583.4500122070312,552.5715942382812,14032068
2023-09-11,587.0,592.2999877929688,585.3499755859375,591.7000122070312,560.385009765625,10946134
2023-09-12,593.6500244140625,594.25,584.6500244140625,588.3499755859375,557.2122192382812,16093060
2023-09-13,588.4000244140625,598.0,583.4500122070312,596.4500122070312,564.8836059570312,19377172
2023-09-14,598.4500122070312,603.7000122070312,595.2000122070312,597.2999877929688,565.6885986328125,13178911
2023-09-15,599.3499755859375,600.7000122070312,595.2000122070312,598.7999877929688,567.1091918945312,11756389
2023-09-18,598.7999877929688,608.4000244140625,597.0499877929688,603.9500122070312,571.9866333007812,19305055
2023-09-20,600.8499755859375,606.7999877929688,599.4000244140625,601.0999755859375,569.2874755859375,21314600
2023-09-21,600.0,606.5999755859375,584.6500244140625,588.1500244140625,557.0228881835938,23453425
2023-09-22,593.5,602.0,591.4000244140625,598.1500244140625,566.4935913085938,18784139
2023-09-25,601.5,601.5,590.4500122070312,594.0499877929688,562.6105346679688,9712784
2023-09-26,594.0,595.0,591.25,594.4000244140625,562.9420776367188,8327427
2023-09-27,593.4500122070312,594.2999877929688,588.2000122070312,589.75,558.5381469726562,9865347
2023-09-28,591.25,595.2000122070312,588.8499755859375,589.9500122070312,558.7275390625,21960816
2023-09-29,592.8499755859375,600.0,591.2999877929688,598.5499877929688,566.8723754882812,12189735
2023-10-03,596.5999755859375,604.9000244140625,589.5999755859375,602.9500122070312,571.03955078125,15322196
2023-10-04,600.0,600.4500122070312,584.4500122070312,586.25,555.223388671875,24914612
2023-10-05,590.0,594.3499755859375,587.0999755859375,592.1500244140625,560.8111572265625,13248028
2023-10-06,593.4000244140625,598.9500122070312,592.2000122070312,594.25,562.7999877929688,8216780
2023-10-09,588.0,589.0,581.5499877929688,585.0999755859375,554.1342163085938,9189597
2023-10-10,587.0,595.0,585.75,591.6500244140625,560.337646484375,10373508
2023-10-11,596.9000244140625,597.0,587.5999755859375,588.3499755859375,557.2122192382812,14220119
2023-10-12,590.7999877929688,593.0,585.0,586.0499877929688,555.0339965820312,11983797
2023-10-13,577.75,581.2999877929688,574.7999877929688,576.1500244140625,545.6578979492188,19064577
2023-10-16,576.0,578.75,571.5,575.6500244140625,545.1843872070312,11290293
2023-10-17,577.7000122070312,579.9500122070312,575.2999877929688,576.4500122070312,545.9420166015625,10765224
2023-10-18,577.75,579.25,569.3499755859375,572.6500244140625,542.3432006835938,11777454
2023-10-19,569.7999877929688,574.0,567.0,571.2000122070312,540.9698486328125,11441499
2023-10-20,569.9000244140625,570.0,562.0999755859375,563.0999755859375,533.2985229492188,11110988
2023-10-23,563.0999755859375,566.0,551.0,552.9500122070312,523.685791015625,11875035
2023-10-25,558.5999755859375,560.7999877929688,553.5999755859375,556.2000122070312,526.7637329101562,12134624
2023-10-26,551.4500122070312,552.9000244140625,543.2000122070312,547.0,518.0506591796875,19424825
2023-10-27,550.0,562.5,550.0,561.1500244140625,531.4517822265625,10415296
2023-10-30,563.0,566.7000122070312,556.5,565.2000122070312,535.2874755859375,8593704
2023-10-31,567.0,569.5,563.1500244140625,565.5499877929688,535.6188354492188,13039696
2023-11-01,566.25,569.6500244140625,563.8499755859375,566.4000244140625,536.4239501953125,13575575
2023-11-02,571.0999755859375,575.4500122070312,567.5999755859375,572.0999755859375,541.8222045898438,11148516
2023-11-03,576.0,579.5,573.4500122070312,578.1500244140625,547.5521240234375,11371371
2023-11-06,582.0,582.5,573.25,574.3499755859375,543.9531860351562,16499138
2023-11-07,574.7999877929688,581.2000122070312,572.5999755859375,579.75,549.0673828125,17923281
2023-11-08,581.9000244140625,582.5999755859375,579.0,580.2999877929688,549.5882568359375,15434808
2023-11-09,581.0,581.8499755859375,576.5,578.3499755859375,547.741455078125,12434363
2023-11-10,577.7999877929688,581.0,575.4000244140625,579.5,548.8306274414062,6773038
2023-11-13,581.0,582.5,575.2000122070312,581.3499755859375,550.5827026367188,11282362
2023-11-15,587.25,588.0,582.5999755859375,584.7000122070312,553.75537109375,11397676
2023-11-16,584.7000122070312,588.0,582.9000244140625,584.6500244140625,553.7080688476562,8622660
2023-11-17,574.5,574.5,562.0999755859375,563.0499877929688,533.251220703125,37173221
2023-11-20,564.0,566.7999877929688,560.5999755859375,563.75,533.9141845703125,12714585
2023-11-21,566.0,566.6500244140625,561.0,561.5,531.783203125,14280013
2023-11-22,562.9500122070312,564.5,555.1500244140625,558.9500122070312,529.3682250976562,14909071
2023-11-23,561.75,563.5,558.2999877929688,559.9500122070312,530.3153076171875,6376210
2023-11-24,561.9500122070312,562.4500122070312,559.25,560.3499755859375,530.6941528320312,6529851
2023-11-28,563.5999755859375,565.2000122070312,561.0999755859375,564.4500122070312,534.5772094726562,8153314
2023-11-29,568.0,569.0,565.0999755859375,568.5999755859375,538.5075073242188,10299034
2023-11-30,569.75,570.2000122070312,563.6500244140625,564.75,534.861328125,19758998
2023-12-01,567.0,574.2000122070312,566.5499877929688,571.75,541.4907836914062,10614230
2023-12-04,588.0,596.0,584.5499877929688,594.7000122070312,563.2261962890625,26077882
2023-12-05,595.0499877929688,611.2999877929688,595.0499877929688,608.25,576.0590209960938,36430152
2023-12-06,614.0,614.0,604.5499877929688,608.4500122070312,576.2484741210938,21439069
2023-12-07,610.0,612.5499877929688,605.0,611.7000122070312,579.3265380859375,10725706
2023-12-08,610.0,616.7999877929688,605.3499755859375,614.1500244140625,581.6468505859375,17722136
2023-12-11,615.0,619.9000244140625,613.0999755859375,614.25,581.7415161132812,11706255
2023-12-12,617.0,617.9500122070312,610.7999877929688,612.4000244140625,579.9894409179688,14494836
2023-12-13,614.4500122070312,620.5,611.6500244140625,619.8499755859375,587.0451049804688,13977914
2023-12-14,626.0,627.75,622.4000244140625,623.6500244140625,590.64404296875,15813797
2023-12-15,628.0,650.0,619.8499755859375,648.25,613.942138671875,29813572
2023-12-18,646.6500244140625,655.6500244140625,642.4000244140625,648.5,614.1788940429688,16221796
2023-12-19,648.5,659.5999755859375,640.25,655.4000244140625,620.7137451171875,19964008
2023-12-20,658.7000122070312,660.4000244140625,633.9500122070312,636.4500122070312,602.7666015625,22542056
2023-12-21,632.1500244140625,648.9500122070312,627.5,643.75,609.6802978515625,19915516
2023-12-22,644.75,649.4000244140625,635.1500244140625,636.75,603.0507202148438,14998068
2023-12-26,638.8499755859375,641.2999877929688,635.6500244140625,638.0499877929688,604.2819213867188,10153089
2023-12-27,640.75,649.4500122070312,639.0,648.5499877929688,614.2262573242188,14417646
2023-12-28,650.25,653.2999877929688,646.5,651.4000244140625,616.9254150390625,16982092
2023-12-29,645.5,649.5999755859375,639.5499877929688,642.0499877929688,608.0701904296875,13221898
2024-01-01,642.2000122070312,646.9000244140625,638.0,641.3499755859375,607.4072265625,8295548
2024-01-02,641.3499755859375,648.0,633.8499755859375,639.4500122070312,605.60791015625,15164482
2024-01-03,639.3499755859375,648.0,635.7999877929688,643.4500122070312,609.3961791992188,14571772
2024-01-04,642.5,646.4000244140625,638.6500244140625,642.75,608.733154296875,13883388
2024-01-05,645.0,651.75,637.75,641.9500122070312,607.9755249023438,15984585
2024-01-08,640.0,645.0,625.0499877929688,627.0,593.8167114257812,14739531
2024-01-09,632.0,634.3499755859375,624.5,625.4000244140625,592.3014526367188,13400235
2024-01-10,624.7999877929688,625.2999877929688,618.2000122070312,621.75,588.8445434570312,12742464
2024-01-11,626.0,627.1500244140625,618.5,620.2000122070312,587.3766479492188,15533860
2024-01-12,623.7999877929688,636.5,621.0999755859375,633.5999755859375,600.0674438476562,16620797
2024-01-15,638.9000244140625,645.5,636.0999755859375,640.0999755859375,606.2234497070312,16844018
2024-01-16,640.0,644.9000244140625,633.4500122070312,636.9000244140625,603.1928100585938,15025543
2024-01-17,624.0,636.7999877929688,623.0,626.0,592.8696899414062,30016308
2024-01-18,625.7999877929688,633.4500122070312,619.0499877929688,628.2999877929688,595.0479125976562,14695436
2024-01-19,633.0,635.5,624.7000122070312,627.75,594.5270385742188,11675202
2024-01-23,627.0,634.9000244140625,600.6500244140625,605.0999755859375,573.0757446289062,30954343
2024-01-24,609.9500122070312,622.3499755859375,603.0999755859375,618.2999877929688,585.5771484375,19221835
2024-01-25,618.5,623.7999877929688,606.25,612.75,580.3208618164062,22684904
2024-01-29,619.0,629.5,615.5999755859375,622.9500122070312,589.9810791015625,19572140
2024-01-30,625.4500122070312,633.5,624.2000122070312,626.75,593.5799560546875,16966577
2024-01-31,626.4000244140625,643.2000122070312,622.0,640.5,606.6022338867188,23270745
2024-02-01,642.75,652.9500122070312,633.25,647.6500244140625,613.3739013671875,26587707
2024-02-02,652.0,660.5499877929688,646.7000122070312,649.6500244140625,615.26806640625,27471811
2024-02-05,647.0999755859375,654.7999877929688,638.75,642.9500122070312,608.922607421875,28339525
2024-02-06,644.4500122070312,655.0,637.7000122070312,650.25,615.8362426757812,14079390
2024-02-07,655.0499877929688,677.9500122070312,655.0,675.25,639.5131225585938,41696232
2024-02-08,680.4000244140625,718.9000244140625,678.5,699.5499877929688,662.527099609375,74222434
2024-02-09,703.6500244140625,728.3499755859375,694.2000122070312,725.25,686.8670043945312,43235061
2024-02-12,726.0,726.0,704.5,707.9000244140625,670.4352416992188,22873137
2024-02-13,708.5499877929688,718.0,702.1500244140625,713.4500122070312,675.6915283203125,23351472
2024-02-14,705.5499877929688,748.5,705.5499877929688,743.4000244140625,704.0564575195312,36782182
2024-02-15,747.7000122070312,764.0,741.6500244140625,761.7000122070312,721.387939453125,33941282
2024-02-16,763.4500122070312,774.5999755859375,753.3499755859375,754.7000122070312,714.7583618164062,27365121
2024-02-19,758.7000122070312,765.0,750.0,759.25,719.0675048828125,13979584
2024-02-20,759.0499877929688,763.5,754.0,760.0999755859375,719.87255859375,12528399
2024-02-21,760.6500244140625,777.5,759.5999755859375,771.5,730.6693115234375,21465311
2024-02-22,773.0,773.0,757.0,765.9000244140625,725.3656616210938,18799244
2024-02-23,765.9000244140625,770.5,755.0,759.0499877929688,718.8781127929688,14143636
2024-02-26,755.0,766.3499755859375,752.7000122070312,758.9000244140625,718.736083984375,11355186
2024-02-27,758.9000244140625,762.3499755859375,742.2000122070312,749.8499755859375,710.1649780273438,13969393
2024-02-28,749.8499755859375,756.75,741.0,742.5,703.2040405273438,11263318
2024-02-29,743.9000244140625,753.9000244140625,737.1500244140625,748.0999755859375,708.5076904296875,19217113
2024-03-01,752.0,772.0,751.9500122070312,769.1500244140625,728.443603515625,17348526
2024-03-04,774.4000244140625,777.0,769.0,772.0499877929688,731.1900634765625,9789141
2024-03-05,769.5,786.9500122070312,769.0999755859375,783.9500122070312,742.4603881835938,18088847
2024-03-06,783.6500244140625,790.2999877929688,772.9000244140625,783.9000244140625,742.4130249023438,26710525
2024-03-07,790.0,793.4000244140625,783.0,788.0499877929688,746.3433837890625,15497868
2024-03-11,790.0,792.7999877929688,770.5499877929688,773.7000122070312,732.7528076171875,16778340
2024-03-12,770.0,777.75,757.3499755859375,759.7000122070312,719.4937744140625,21529705
2024-03-13,758.6500244140625,763.7000122070312,743.0,747.25,707.70263671875,27950252
2024-03-14,749.9000244140625,750.7999877929688,734.0499877929688,741.0499877929688,701.8307495117188,19730882
2024-03-15,739.25,746.5499877929688,723.0,731.9000244140625,693.1650390625,29792241
2024-03-18,727.0999755859375,737.9000244140625,722.0999755859375,730.9500122070312,692.2653198242188,18145126
2024-03-19,730.0,734.3499755859375,721.1500244140625,723.7999877929688,685.4937133789062,15205043
2024-03-20,725.1500244140625,738.9500122070312,719.7999877929688,736.25,697.2847900390625,25405455
2024-03-21,742.0,750.5999755859375,740.5499877929688,744.2999877929688,704.9087524414062,15161161
2024-03-22,743.8499755859375,748.7999877929688,741.4000244140625,746.7000122070312,707.1817626953125,15535921
2024-03-26,743.0499877929688,747.8499755859375,738.5,740.0499877929688,700.8836669921875,14678342
2024-03-27,743.0,745.8499755859375,730.2000122070312,733.2999877929688,694.4909057617188,30088789
2024-03-28,737.75,759.5499877929688,736.9000244140625,752.3499755859375,712.53271484375,21705116
2024-04-01,759.0499877929688,761.5,752.0999755859375,758.2999877929688,718.1677856445312,9949971
2024-04-02,758.2000122070312,768.75,753.3499755859375,766.4000244140625,725.8391723632812,15713063
2024-04-03,764.9000244140625,772.5999755859375,760.1500244140625,771.0499877929688,730.2430419921875,19136981
2024-04-04,775.0,775.2999877929688,758.0999755859375,759.2999877929688,719.1149291992188,15889530
2024-04-05,757.9500122070312,767.7000122070312,752.5999755859375,764.75,724.2764892578125,9939620
2024-04-08,766.0499877929688,770.0,761.7999877929688,768.2999877929688,727.6385498046875,9797174
2024-04-09,768.4500122070312,772.4500122070312,761.0999755859375,764.2000122070312,723.7555541992188,7465892
2024-04-10,766.5,780.7000122070312,763.6500244140625,779.0499877929688,737.8196411132812,14530669
2024-04-12,777.25,779.5,764.7999877929688,766.2999877929688,725.7444458007812,14408722
2024-04-15,759.7999877929688,763.2999877929688,748.75,757.5,717.4102172851562,11356572
2024-04-16,751.25,754.9000244140625,744.4000244140625,751.7000122070312,711.9171752929688,13338991
2024-04-18,752.0499877929688,759.9500122070312,742.0,744.7999877929688,705.3822631835938,14589648
2024-04-19,734.5,752.0,732.0499877929688,750.4500122070312,710.7332763671875,10886554
2024-04-22,754.1500244140625,769.0,750.4500122070312,766.0999755859375,725.5549926757812,17452186
2024-04-23,770.3499755859375,777.7000122070312,765.5499877929688,773.0,732.0899047851562,12292429
2024-04-24,778.5,778.5,770.2000122070312,773.0999755859375,732.1845703125,7842615
2024-04-25,770.6500244140625,814.4000244140625,769.6500244140625,812.7000122070312,769.6888427734375,36732974
2024-04-26,815.9000244140625,816.9000244140625,798.9000244140625,801.2999877929688,758.89208984375,14964358
2024-04-29,807.0,831.25,798.7000122070312,826.5,782.7584838867188,27302732
2024-04-30,826.5,834.8499755859375,819.9000244140625,826.25,782.5216674804688,27449073
2024-05-02,826.9000244140625,833.9000244140625,825.0,830.0499877929688,786.1205444335938,19943724
2024-05-03,834.7999877929688,836.2000122070312,820.0,831.4500122070312,787.446533203125,22667634
2024-05-06,835.0,836.0,803.0,807.7999877929688,765.048095703125,35283557
2024-05-07,812.0,814.6500244140625,793.2000122070312,801.9000244140625,759.4603881835938,16725013
2024-05-08,802.5999755859375,822.0,799.5,810.7999877929688,767.8893432617188,27908322
2024-05-09,811.9000244140625,839.6500244140625,803.5499877929688,819.7999877929688,776.4129638671875,49290254
2024-05-10,827.0,832.0499877929688,815.5999755859375,817.3499755859375,774.0927124023438,20543142
2024-05-13,819.8499755859375,819.8499755859375,798.5999755859375,808.7999877929688,765.9951782226562,15398505
2024-05-14,813.0,822.4000244140625,807.9000244140625,818.2000122070312,774.897705078125,10912462
2024-05-15,821.0,825.2999877929688,818.0499877929688,820.2999877929688,776.8865356445312,9755062
2024-05-16,825.2999877929688,826.1500244140625,797.3499755859375,811.9500122070312,768.9784545898438,20536990
2024-05-17,814.5,822.4500122070312,811.2000122070312,817.8499755859375,774.5662231445312,12492509
2024-05-21,821.0,836.2999877929688,819.5999755859375,830.6500244140625,786.6888427734375,14037801
2024-05-22,826.5499877929688,826.6500244140625,813.5499877929688,818.75,788.422119140625,19239277
2024-05-23,824.7000122070312,835.5,822.0,832.0999755859375,801.277587890625,17497488
2024-05-24,830.0,841.25,827.0,828.5999755859375,797.9072265625,12252075
2024-05-27,832.5999755859375,839.4000244140625,823.0,833.7000122070312,802.818359375,12295193
2024-05-28,835.7000122070312,840.7000122070312,823.2999877929688,831.1500244140625,800.3628540039062,13818893
2024-05-29,828.4000244140625,834.4500122070312,819.2999877929688,822.6500244140625,792.1776733398438,14518232
2024-05-30,821.4000244140625,836.0,819.2999877929688,825.8499755859375,795.2590942382812,17818705
2024-05-31,830.7000122070312,835.0,817.0999755859375,830.3499755859375,799.5924072265625,22267336
2024-06-03,863.5499877929688,912.0,856.75,905.6500244140625,872.1032104492188,64269020
2024-06-04,897.0,897.0,731.9500122070312,775.2000122070312,746.4852905273438,122381193
2024-06-05,790.75,795.0,744.0499877929688,789.75,760.4962768554688,74256082
2024-06-06,800.0,833.3499755859375,796.0,816.9500122070312,786.6887817382812,40555649
2024-06-07,819.9000244140625,831.5,810.5,829.9500122070312,799.207275390625,25061284
2024-06-10,834.1500244140625,845.4500122070312,829.2000122070312,831.7999877929688,800.9887084960938,16725508
2024-06-11,836.0,839.5999755859375,829.0499877929688,835.5499877929688,804.5997924804688,14754408
2024-06-12,837.0,845.5499877929688,833.0,839.0999755859375,808.0182495117188,15071442
2024-06-13,845.0,845.9000244140625,836.0999755859375,843.9000244140625,812.6405639648438,12523972
2024-06-14,845.0,849.9000244140625,835.0999755859375,839.2000122070312,808.1146240234375,12903496
2024-06-18,841.5499877929688,851.5,840.25,844.9000244140625,813.603515625,14929083
2024-06-19,846.7999877929688,860.5999755859375,841.0,852.5999755859375,821.0181884765625,32925140
2024-06-20,853.0,853.0999755859375,842.3499755859375,843.75,812.4960327148438,13985352
2024-06-21,844.9000244140625,848.0499877929688,828.5999755859375,836.2999877929688,805.322021484375,18990090
2024-06-24,831.5,836.0,821.0499877929688,832.7000122070312,801.8554077148438,12715254
2024-06-25,837.0,845.8499755859375,834.2999877929688,842.25,811.0516357421875,20917530
2024-06-26,839.8499755859375,848.7999877929688,836.0,845.3499755859375,814.0367431640625,16281760
2024-06-27,843.9000244140625,847.4000244140625,838.25,844.0,812.73681640625,20378887
2024-06-28,846.9000244140625,864.0,844.0,848.9500122070312,817.5034790039062,23636388
2024-07-01,849.3499755859375,850.5,839.9500122070312,841.9500122070312,810.7627563476562,10967797
2024-07-02,844.0,846.2999877929688,823.1500244140625,826.1500244140625,795.5480346679688,21142840
2024-07-03,829.0,843.8499755859375,825.0,839.9500122070312,808.8368530273438,23598009
2024-07-04,843.0,844.9000244140625,834.2999877929688,839.2999877929688,808.2108764648438,13372587
2024-07-05,838.0,861.25,837.0,859.75,827.9033813476562,24873722
2024-07-08,859.75,865.0,853.5,856.25,824.5330200195312,10359800
2024-07-09,859.9000244140625,869.9500122070312,856.0,861.2999877929688,829.3959350585938,13585081
2024-07-10,860.0999755859375,860.25,843.5,849.0,817.5515747070312,17343236
2024-07-11,854.4000244140625,858.2999877929688,849.75,856.7000122070312,824.9664306640625,8501366
2024-07-12,856.7000122070312,863.0,855.2999877929688,859.7000122070312,827.855224609375,11446064
2024-07-15,859.7000122070312,887.3499755859375,859.7000122070312,881.3499755859375,848.7033081054688,25392820
2024-07-16,882.2999877929688,888.0999755859375,874.2999877929688,880.7000122070312,848.0773315429688,11893692
2024-07-18,880.6500244140625,894.9000244140625,877.5,893.5499877929688,860.451416015625,19435183
2024-07-19,895.0,899.0,883.2999877929688,889.3499755859375,856.4069213867188,14562742
2024-07-22,881.4500122070312,895.0,868.0,876.7999877929688,844.3218383789062,14614111
2024-07-23,883.0,884.5,849.0999755859375,863.9000244140625,831.8997192382812,18279212
2024-07-24,864.2000122070312,868.0,847.2000122070312,852.0,820.4404907226562,19624845
2024-07-25,847.5,850.75,841.2000122070312,848.5,817.070068359375,9522375
2024-07-26,844.6500244140625,864.25,844.0,862.4500122070312,830.50341796875,12081506
2024-07-29,866.0499877929688,889.0999755859375,863.2000122070312,871.5999755859375,839.3143920898438,26582781
2024-07-30,874.7000122070312,880.5499877929688,869.0,872.7999877929688,840.469970703125,13528447
2024-07-31,873.8499755859375,874.9500122070312,868.0,872.4000244140625,840.0848388671875,11636874
2024-08-01,877.7999877929688,881.4000244140625,859.4500122070312,862.6500244140625,830.696044921875,11787203
2024-08-02,856.7000122070312,858.2999877929688,846.1500244140625,847.8499755859375,816.4441528320312,12609331
2024-08-05,830.0,831.3499755859375,800.0,811.6500244140625,781.5850830078125,27676951
2024-08-06,822.6500244140625,826.5499877929688,795.6500244140625,797.7000122070312,768.15185546875,17900930
2024-08-07,809.0,810.7000122070312,800.5499877929688,808.6500244140625,778.6962890625,17692355
2024-08-08,812.0,817.7999877929688,802.7999877929688,808.0499877929688,778.1184692382812,14769069
2024-08-09,816.0,829.9500122070312,809.5499877929688,824.2999877929688,793.7665405273438,15320885
2024-08-12,820.5999755859375,823.0,811.2000122070312,812.5999755859375,782.4998779296875,16120449
2024-08-13,813.5,820.0,795.0499877929688,797.5499877929688,768.0073852539062,17585172
2024-08-14,800.9500122070312,809.1500244140625,800.4000244140625,803.0,773.2555541992188,11788665
2024-08-16,803.0,814.9000244140625,803.0,812.0999755859375,782.0184326171875,11427335
2024-08-19,815.0,825.4000244140625,812.5999755859375,813.7000122070312,783.5592041015625,10151482
2024-08-20,817.9500122070312,823.0,813.3499755859375,820.2999877929688,789.9146728515625,10347493
2024-08-21,820.2999877929688,821.0,811.2000122070312,815.5499877929688,785.3406372070312,14607257
2024-08-22,819.0,823.9000244140625,817.0999755859375,820.2999877929688,789.9146728515625,7832917
2024-08-23,821.5,822.0,814.5,815.3499755859375,785.1480102539062,5537747
2024-08-26,818.0,823.4500122070312,813.7999877929688,815.0499877929688,784.859130859375,8523795
2024-08-27,817.7999877929688,819.4500122070312,811.0499877929688,815.9000244140625,785.677734375,12833290
2024-08-28,814.75,817.2000122070312,806.5,809.4000244140625,779.41845703125,10371300
2024-08-29,809.5499877929688,816.0,806.9500122070312,814.5,784.3295288085938,18247268
2024-08-30,817.1500244140625,820.7000122070312,814.3499755859375,815.5999755859375,785.3887939453125,8911426
2024-09-02,817.2999877929688,825.4000244140625,813.0499877929688,822.1500244140625,791.6961669921875,11813750
2024-09-03,822.1500244140625,825.9500122070312,816.4000244140625,824.7999877929688,794.2479858398438,10548350
2024-09-04,815.4500122070312,818.6500244140625,813.6500244140625,816.5,786.2554321289062,10789570
2024-09-05,818.3499755859375,822.1500244140625,814.4000244140625,818.75,788.422119140625,8395074
2024-09-06,811.5,812.9000244140625,777.0,782.5,753.514892578125,40220096
2024-09-09,785.0,788.2000122070312,771.0,784.25,755.2000732421875,21322103
2024-09-10,788.0,788.7999877929688,777.5,782.6500244140625,753.6593017578125,12824701
2024-09-11,780.0499877929688,788.0,765.4000244140625,768.5999755859375,740.1296997070312,20060665
2024-09-12,775.0,789.9000244140625,772.75,787.75,758.5704345703125,17578964
2024-09-13,791.0,795.0,785.0999755859375,790.8499755859375,761.5555419921875,12950936
2024-09-16,790.8499755859375,795.0,784.4000244140625,785.5499877929688,756.451904296875,9553736
2024-09-17,785.5999755859375,787.5,780.5499877929688,782.9000244140625,753.9000854492188,10665630
2024-09-18,783.7999877929688,794.75,782.0,792.75,763.3851928710938,18324412
2024-09-19,795.0499877929688,801.3499755859375,784.0499877929688,789.9500122070312,760.6889038085938,10645478
2024-09-20,794.8499755859375,794.8499755859375,779.5,781.7000122070312,752.7445068359375,21372244
2024-09-23,786.0,805.0,784.5,801.8499755859375,772.1480712890625,17309545
2024-09-24,799.25,804.25,796.5,798.25,768.6814575195312,15180653
2024-09-25,797.9000244140625,798.0,788.7000122070312,793.0999755859375,763.7222290039062,18465571
2024-09-26,796.0,803.0,791.5999755859375,801.8499755859375,772.1480712890625,23198842
2024-09-27,801.8499755859375,808.0,798.4500122070312,802.6500244140625,772.91845703125,15193681
2024-09-30,801.9000244140625,802.5999755859375,786.4500122070312,787.9000244140625,758.71484375,15484573
2024-10-01,788.0,800.3499755859375,788.0,796.9500122070312,767.4296264648438,13280535
2024-10-03,789.9000244140625,804.0,784.2999877929688,794.0999755859375,764.6851806640625,15944135
2024-10-04,792.0,809.8499755859375,785.25,796.6500244140625,767.1407470703125,20097454
2024-10-07,800.0,804.0,765.4000244140625,770.6500244140625,742.1038208007812,24267990
2024-10-08,772.25,784.4000244140625,772.25,781.4500122070312,752.5037841796875,8560960
2024-10-09,786.7000122070312,804.3499755859375,782.0499877929688,797.4000244140625,767.8629760742188,18758697
2024-10-10,799.0,804.4500122070312,795.0,797.0999755859375,767.5740356445312,10241015
2024-10-11,797.2000122070312,802.7000122070312,793.0,799.75,770.1259155273438,14322720
2024-10-14,802.0,809.25,800.7999877929688,805.1500244140625,775.3258666992188,8967564
2024-10-15,805.5,807.5,801.5999755859375,804.6500244140625,774.8444213867188,6252104
2024-10-16,802.7999877929688,809.0,802.0499877929688,805.4500122070312,775.61474609375,6494240
2024-10-17,809.5,819.5,806.0,811.0499877929688,781.0072631835938,18580553
2024-10-18,811.0999755859375,822.5999755859375,802.9000244140625,820.4000244140625,790.010986328125,11704698
2024-10-21,824.7000122070312,826.4500122070312,809.0,813.9500122070312,783.7999267578125,10359618
2024-10-22,814.0,816.8499755859375,787.5,790.4000244140625,761.1222534179688,16645356
2024-10-23,790.0,792.5999755859375,779.7999877929688,786.0,756.8851928710938,13866198
2024-10-24,786.0499877929688,797.0,784.6500244140625,794.5499877929688,765.1185302734375,5607500
2024-10-25,798.0,800.75,772.0,780.9500122070312,752.0222778320312,9717125
2024-10-28,783.7999877929688,803.9500122070312,783.5499877929688,792.0499877929688,762.7111206054688,13757251
2024-10-29,796.0,834.8499755859375,790.5,832.7000122070312,801.8554077148438,28274791
2024-10-30,828.0,833.0,821.0499877929688,822.4500122070312,791.9850463867188,15977682
2024-10-31,820.0,828.0,813.5499877929688,820.2000122070312,789.8184204101562,13402324
2024-11-01,822.4000244140625,825.5999755859375,818.9000244140625,821.2000122070312,790.7813720703125,1637141
2024-11-04,822.7000122070312,837.5,807.0999755859375,829.8499755859375,799.1109619140625,14498161
2024-11-05,829.8499755859375,851.4000244140625,826.25,849.2000122070312,817.7442016601562,26254561
2024-11-06,849.2000122070312,861.4000244140625,846.2000122070312,854.7999877929688,823.13671875,15002433
2024-11-07,861.0,862.4000244140625,846.7000122070312,859.5999755859375,827.7589111328125,15283847
2024-11-08,859.5999755859375,863.5,834.2000122070312,843.1500244140625,811.9182739257812,26139105
2024-11-11,846.0,854.0,842.0,847.6500244140625,816.2516479492188,12621337
2024-11-12,852.5,853.4000244140625,824.2999877929688,826.7000122070312,796.0775756835938,11350729
2024-11-13,823.3499755859375,831.75,804.6500244140625,808.6500244140625,778.6962890625,13756706
2024-11-14,808.6500244140625,818.0,801.0499877929688,804.25,774.459228515625,9461484
2024-11-18,811.0,816.7000122070312,799.25,814.2999877929688,784.136962890625,9322451
2024-11-19,819.0,820.2999877929688,800.0999755859375,803.0,773.2555541992188,13677029
2024-11-21,798.5,798.5,761.5499877929688,780.75,751.8296508789062,29486577
2024-11-22,786.0,819.9500122070312,784.0499877929688,816.0499877929688,785.8220825195312,20665405
2024-11-25,827.0,849.5999755859375,825.6500244140625,844.4500122070312,813.1701049804688,23434605
2024-11-26,844.0,846.7000122070312,835.5499877929688,839.4000244140625,808.3071899414062,8893744
2024-11-27,838.5,842.5,832.0999755859375,834.0999755859375,803.2034912109375,8375108
2024-11-28,834.0999755859375,845.7999877929688,830.5,838.8499755859375,807.7775268554688,13505677
2024-11-29,841.0999755859375,844.0499877929688,831.5499877929688,838.9500122070312,807.8739013671875,10822949
2024-12-02,838.9500122070312,842.0,832.7000122070312,836.4000244140625,805.4183959960938,6651119
2024-12-03,838.0,856.5999755859375,836.9000244140625,853.9500122070312,822.3182373046875,12186182
2024-12-04,853.9500122070312,864.0,850.2999877929688,859.7000122070312,827.855224609375,10749716
2024-12-05,860.0,871.4500122070312,855.5999755859375,865.4500122070312,833.3922729492188,14716036
2024-12-06,865.25,875.4500122070312,857.0,863.6500244140625,831.6589965820312,14520568
2024-12-09,859.0,866.8499755859375,856.9500122070312,858.0499877929688,826.266357421875,9630346
2024-12-10,861.7999877929688,868.9500122070312,858.0499877929688,867.5,835.3663330078125,7379849
2024-12-11,867.5,869.8499755859375,860.9500122070312,861.5999755859375,829.684814453125,7006973
2024-12-12,861.5,864.2999877929688,851.1500244140625,853.7000122070312,822.0775146484375,8845103
2024-12-13,852.5999755859375,862.9000244140625,835.0,861.5499877929688,829.63671875,9379370
2024-12-16,859.7999877929688,866.4000244140625,857.7999877929688,860.9500122070312,829.0589599609375,6432713
2024-12-17,858.5499877929688,862.5999755859375,847.0499877929688,850.5499877929688,819.044189453125,8791216
2024-12-18,851.0,852.0,837.0,838.1500244140625,807.103515625,8295338
2024-12-19,824.5999755859375,838.0,820.2000122070312,832.7999877929688,801.95166015625,9453398
2024-12-20,834.9000244140625,836.0,810.0,812.0,781.922119140625,10244198
2024-12-23,817.2999877929688,824.0,812.2000122070312,821.1500244140625,790.7332763671875,4933200
2024-12-24,824.25,826.2000122070312,809.2000122070312,812.0499877929688,781.9702758789062,10602771
2024-12-26,813.0,822.8499755859375,808.0,812.4500122070312,782.35546875,8318714
2024-12-27,816.2999877929688,818.2999877929688,797.2000122070312,799.6500244140625,770.0296630859375,10649800
2024-12-30,802.0,807.9500122070312,785.0,788.2999877929688,759.1000366210938,21515438
2024-12-31,786.9500122070312,799.2000122070312,786.0,794.9500122070312,765.5037231445312,9086044
2025-01-01,795.5499877929688,798.6500244140625,789.5,793.2000122070312,763.8185424804688,7273098
2025-01-02,795.0,802.4000244140625,787.0,801.2000122070312,771.522216796875,11398319
2025-01-03,801.2000122070312,809.5,792.1500244140625,793.4000244140625,764.0111694335938,13336514
2025-01-06,797.4000244140625,797.5999755859375,773.1500244140625,776.4000244140625,747.6408081054688,11419367
2025-01-07,779.8499755859375,783.8499755859375,774.8499755859375,778.75,749.9037475585938,9669152
2025-01-08,780.9000244140625,783.9500122070312,760.0999755859375,771.1500244140625,742.5853271484375,15641490
2025-01-09,771.1500244140625,771.3499755859375,726.25,760.4500122070312,732.2816162109375,15351029
2025-01-10,760.3499755859375,763.4000244140625,742.0499877929688,743.25,715.71875,11779296
2025-01-13,741.5,743.9500122070312,722.5,729.5,702.4780883789062,10414733
2025-01-14,732.9500122070312,757.0,732.9500122070312,748.1500244140625,720.437255859375,11960975
2025-01-15,753.1500244140625,758.9000244140625,750.0,753.7000122070312,725.7816772460938,7792299
2025-01-16,760.4000244140625,776.7000122070312,760.4000244140625,766.2999877929688,737.9149169921875,11816079
2025-01-17,766.2999877929688,767.9500122070312,759.4000244140625,764.0999755859375,735.79638671875,5766573
2025-01-20,769.0,785.0,767.8499755859375,779.25,750.38525390625,9198929
2025-01-21,784.7999877929688,784.9000244140625,756.0499877929688,759.0499877929688,730.9334716796875,13751780
2025-01-22,762.0,763.0,738.0,753.4500122070312,725.5409545898438,9908339
2025-01-23,750.0,755.6500244140625,743.0999755859375,745.9000244140625,718.2706298828125,10986405
2025-01-24,749.9000244140625,753.7000122070312,739.0,744.1500244140625,716.58544921875,10579213
2025-01-27,740.0,755.3499755859375,735.9000244140625,749.2000122070312,721.4483642578125,11433353
2025-01-28,757.0,759.75,745.4000244140625,752.4000244140625,724.5298461914062,14140860
2025-01-29,753.0,760.7999877929688,749.7999877929688,758.4500122070312,730.355712890625,9251973
2025-01-30,758.5499877929688,765.0,754.75,762.5999755859375,734.3519897460938,11085824
2025-01-31,764.9000244140625,777.5499877929688,759.5,772.9000244140625,744.2705078125,10083763
2025-02-01,774.7999877929688,778.75,752.1500244140625,766.0,737.6260375976562,9363077
2025-02-03,762.7999877929688,762.7999877929688,753.1500244140625,760.9500122070312,732.7631225585938,7862190
2025-02-04,767.0,781.25,765.6500244140625,779.2000122070312,750.3370971679688,12020807
2025-02-05,780.0,782.0,765.0,766.0499877929688,737.6741943359375,13419162
2025-02-06,769.0,770.8499755859375,750.0499877929688,752.25,724.3853759765625,32745391
2025-02-07,759.7999877929688,759.9000244140625,731.75,737.2000122070312,709.8928833007812,37240692
2025-02-10,740.0,743.9000244140625,733.4000244140625,736.7999877929688,709.5076904296875,12667049
2025-02-11,737.4500122070312,740.1500244140625,726.5499877929688,731.0999755859375,704.0187377929688,13017060
2025-02-12,733.1500244140625,738.7000122070312,717.1500244140625,733.1500244140625,705.992919921875,12697743
2025-02-13,734.4000244140625,737.5,726.1500244140625,727.6500244140625,700.6965942382812,12370571
2025-02-14,730.9500122070312,732.9000244140625,716.2000122070312,722.1500244140625,695.400390625,10417539
2025-02-17,719.0499877929688,728.75,711.5499877929688,727.7000122070312,700.7447509765625,9093600
2025-02-18,727.7000122070312,728.25,717.3499755859375,725.7999877929688,698.9151000976562,8562003
2025-02-19,722.0499877929688,734.8499755859375,722.0499877929688,727.2999877929688,700.3595581054688,6766606
2025-02-20,724.9000244140625,731.5,723.3499755859375,729.7000122070312,702.6707153320312,7423268
2025-02-21,727.2999877929688,731.7000122070312,720.0,722.0,695.255859375,6571602
2025-02-24,710.5,719.75,710.5,716.4000244140625,689.8633422851562,6912148
2025-02-25,718.9500122070312,718.9500122070312,710.0,710.9000244140625,684.5670776367188,8599635
2025-02-27,716.0,717.7000122070312,701.0999755859375,703.9000244140625,677.8263549804688,12033139
2025-02-28,700.9000244140625,701.3499755859375,682.5999755859375,688.7999877929688,663.28564453125,15780609
2025-03-03,690.1500244140625,697.4000244140625,680.0,695.2999877929688,669.544921875,10598479
2025-03-04,693.0,718.4500122070312,692.0999755859375,716.0499877929688,689.5262451171875,14386214
2025-03-05,717.5499877929688,731.2999877929688,717.0,730.3499755859375,703.2965698242188,10409805
2025-03-06,736.0,736.75,727.0,732.0499877929688,704.93359375,10928847
2025-03-07,732.0499877929688,734.8499755859375,728.0,732.75,705.6077270507812,7246729
2025-03-10,732.75,738.5,726.5999755859375,728.9000244140625,701.9003295898438,7400109
2025-03-11,724.9000244140625,734.0499877929688,722.7000122070312,729.8499755859375,702.8150634765625,5538789
2025-03-12,730.5999755859375,737.0,719.0499877929688,723.0499877929688,696.2670288085938,5547762
2025-03-13,725.9000244140625,731.4500122070312,724.5,727.8499755859375,700.88916015625,5908337
2025-03-17,728.9000244140625,731.25,722.2999877929688,723.1500244140625,696.3633422851562,5149563
2025-03-18,723.1500244140625,723.1500244140625,723.1500244140625,723.1500244140625,696.3633422851562,0
2025-03-19,739.5999755859375,749.2999877929688,739.0999755859375,745.0999755859375,717.5001831054688,7604850
2025-03-20,748.0,752.7000122070312,744.2000122070312,749.5499877929688,721.7853393554688,6963197
2025-03-21,749.9500122070312,755.5999755859375,747.0,753.2000122070312,725.3001708984375,9577327
2025-03-24,758.0,782.9500122070312,755.0999755859375,780.7999877929688,751.8778076171875,12095064
2025-03-25,783.9000244140625,786.0,769.2000122070312,772.8499755859375,744.2222900390625,15190143
2025-03-26,772.0,776.0499877929688,761.4500122070312,764.0,735.7001342773438,7711852
2025-03-27,763.7999877929688,775.7999877929688,760.5,772.2999877929688,743.6926879882812,15648616
2025-03-28,772.0999755859375,778.5999755859375,767.0,771.5,742.92236328125,7628185
2025-04-01,766.7999877929688,782.75,763.2000122070312,771.7000122070312,743.1149291992188,7011125
2025-04-02,772.2999877929688,777.0,764.2999877929688,775.9500122070312,747.20751953125,5458436
2025-04-03,770.0,784.7000122070312,769.9500122070312,779.2000122070312,750.3370971679688,7956680
2025-04-04,779.0999755859375,782.9000244140625,765.0,767.4500122070312,739.0223999023438,8231194
2025-04-07,730.0,753.7000122070312,730.0,746.9000244140625,719.2335815429688,14923235
2025-04-08,760.0,774.0,758.1500244140625,768.5999755859375,740.1296997070312,12911288
2025-04-09,767.0,767.9500122070312,741.0,742.2000122070312,714.7076416015625,11319387
2025-04-11,759.0,759.7000122070312,746.0,753.8499755859375,725.9260864257812,9360327
2025-04-15,770.0,770.7000122070312,757.0999755859375,763.5,735.2186279296875,7859090
2025-04-16,763.5,774.75,760.5,771.75,743.1630859375,12536694
2025-04-17,772.0,801.0,767.1500244140625,797.4500122070312,767.9111328125,27034818
2025-04-21,803.0,824.3499755859375,801.4000244140625,816.7000122070312,786.447998046875,16398507
2025-04-22,821.1500244140625,835.5,814.0,822.4000244140625,791.9369506835938,25117557
2025-04-23,826.0,831.0,810.0999755859375,813.4500122070312,783.3184204101562,12104382
2025-04-24,812.75,819.0,811.1500244140625,813.4000244140625,783.2703247070312,12713521
2025-04-25,815.0,819.0,787.0,798.6500244140625,769.0667114257812,13131038
2025-04-28,798.6500244140625,822.7999877929688,797.4000244140625,817.3499755859375,787.073974609375,11317611
2025-04-29,820.0,829.0,809.0,812.5499877929688,782.4517211914062,11283059
2025-04-30,811.5,811.5,784.5,788.6500244140625,759.4371337890625,25635764
2025-05-02,790.3499755859375,803.4000244140625,789.0,796.7000122070312,767.1888427734375,14720184
2025-05-05,782.0,799.0,782.0,790.0,760.737060546875,23986447
2025-05-06,793.9500122070312,799.1500244140625,771.0999755859375,774.0999755859375,745.4259643554688,18869468
2025-05-07,765.2999877929688,782.4000244140625,764.5499877929688,776.0999755859375,747.3518676757812,15586266
2025-05-08,779.0,786.5,764.0,769.0,740.5149536132812,14491673
2025-05-09,756.5,781.7000122070312,755.5,779.25,750.38525390625,13578216
2025-05-12,799.0,803.9000244140625,793.0,801.6500244140625,771.9555053710938,15096824
2025-05-13,798.5999755859375,807.6500244140625,797.2000122070312,801.75,772.0518188476562,13909596
2025-05-14,805.75,807.5,796.2999877929688,800.7000122070312,771.0407104492188,9281719
2025-05-15,804.4500122070312,809.4500122070312,794.5,807.75,777.82958984375,17058854
2025-05-16,804.0,804.0,791.0,792.0999755859375,778.0751342773438,14733924
2025-05-19,792.0999755859375,801.4000244140625,792.0999755859375,795.0,780.9237670898438,10666184
2025-05-20,798.1500244140625,799.4000244140625,783.7999877929688,785.6500244140625,771.7393798828125,11324667
2025-05-21,787.0,791.0,779.0999755859375,787.0999755859375,773.1636352539062,8206040
2025-05-22,788.0,788.2000122070312,780.2999877929688,785.25,771.346435546875,7355826
2025-05-23,787.9000244140625,794.9500122070312,786.2000122070312,790.5,776.5034790039062,5534158
2025-05-26,792.0,797.5499877929688,789.2000122070312,794.4000244140625,780.33447265625,4965466
2025-05-27,794.4000244140625,801.3499755859375,790.0499877929688,793.7000122070312,779.6468505859375,11995043
2025-05-28,794.5,798.9000244140625,792.6500244140625,796.5499877929688,782.4463500976562,6873519
2025-05-29,799.0,800.4000244140625,791.3499755859375,797.3499755859375,783.232177734375,14034127
2025-05-30,798.0,814.5,792.5999755859375,812.2999877929688,797.91748046875,22037314
2025-06-02,812.8499755859375,822.5499877929688,809.2000122070312,813.6500244140625,799.2435913085938,26891575
2025-06-03,816.2000122070312,818.4000244140625,805.1500244140625,809.7999877929688,795.4617309570312,14247597
2025-06-04,817.0,817.0,805.25,806.5,792.2201538085938,9607927
2025-06-05,808.7000122070312,811.7000122070312,802.8499755859375,806.0,791.72900390625,13595507
2025-06-06,806.6500244140625,816.4500122070312,803.0999755859375,813.0499877929688,798.6541748046875,17163935
2025-06-09,817.4000244140625,824.5,815.7000122070312,820.0499877929688,805.5302734375,12793040
2025-06-10,821.0,822.0499877929688,814.5999755859375,817.0499877929688,802.5833740234375,6560513
2025-06-11,817.0,820.5999755859375,813.0499877929688,815.0499877929688,800.6187744140625,7197825
2025-06-12,816.0,816.5,801.2000122070312,805.9500122070312,791.679931640625,13448521
2025-06-13,786.25,796.2999877929688,786.25,792.3499755859375,778.3206787109375,11377117
2025-06-16,792.5,795.4000244140625,786.1500244140625,792.5,778.4680786132812,8085001
2025-06-17,794.0,798.8499755859375,790.5499877929688,792.2999877929688,778.2716064453125,7753156
2025-06-18,792.5,795.5,788.3499755859375,791.9000244140625,777.8787231445312,5710169
2025-06-19,792.3499755859375,793.25,781.7000122070312,785.0999755859375,771.1990356445312,11824333
2025-06-20,787.5,799.4500122070312,786.0999755859375,796.1500244140625,782.053466796875,11367669
2025-06-23,790.0,794.9500122070312,788.5,790.2000122070312,776.2088012695312,5549253
2025-06-24,799.0,806.6500244140625,793.6500244140625,795.4000244140625,781.3167114257812,11402190
2025-06-25,799.5,803.7999877929688,796.0999755859375,800.0499877929688,785.8843383789062,6528324
2025-06-26,802.0,803.3499755859375,791.4000244140625,797.0499877929688,782.9375,24704402
2025-06-27,805.0,809.4500122070312,802.6500244140625,805.4000244140625,791.1396484375,19375990
2025-06-30,809.0,821.0,807.0499877929688,820.3499755859375,805.824951171875,19652607
2025-07-01,820.0,824.9000244140625,813.25,820.2999877929688,805.7758178710938,11456405
2025-07-02,821.0,824.0499877929688,809.0,812.9000244140625,798.5068969726562,6661200
2025-07-03,813.5,814.5,805.7999877929688,807.0999755859375,792.8095092773438,7020403
2025-07-04,808.75,813.8499755859375,804.0999755859375,811.8499755859375,797.4754028320312,4319538
2025-07-07,811.2000122070312,812.6500244140625,805.1500244140625,806.8499755859375,792.56396484375,4461783
2025-07-08,807.9000244140625,813.5499877929688,805.3499755859375,812.6500244140625,798.2612915039062,5935770
2025-07-09,810.0,812.4500122070312,809.0,810.9500122070312,796.5913696289062,4099112
2025-07-10,811.2999877929688,815.5,806.9000244140625,808.0,793.693603515625,12178137
2025-07-11,807.5499877929688,812.5499877929688,804.5499877929688,808.6500244140625,794.3321533203125,6202372
2025-07-14,809.7999877929688,815.5,808.0,808.8499755859375,794.528564453125,6938635
2025-07-15,811.0,821.0,810.5,816.4500122070312,801.9940185546875,9297645
2025-07-16,816.0,834.2000122070312,815.2999877929688,831.7000122070312,816.9739990234375,16458920
2025-07-17,838.4000244140625,842.5,826.3499755859375,829.0,814.32177734375,23073718
2025-07-18,832.0,832.6500244140625,820.25,823.3499755859375,808.7717895507812,15387801
2025-07-21,823.0,827.3499755859375,817.9500122070312,824.2000122070312,809.6068115234375,8852594
2025-07-22,827.5,828.0499877929688,814.0,815.0,800.5697021484375,7851163
2025-07-23,812.5,825.2000122070312,811.5,820.6500244140625,806.1196899414062,15470390
2025-07-24,820.0,821.9500122070312,810.6500244140625,815.7000122070312,801.25732421875,10118309
2025-07-25,815.0,819.2000122070312,805.5,806.5499877929688,792.269287109375,6734439
2025-07-28,806.5499877929688,808.9500122070312,796.0,797.1500244140625,783.0357666015625,7734158
2025-07-29,796.2000122070312,800.0,793.0999755859375,799.2000122070312,785.0494384765625,7833759
2025-07-30,798.9500122070312,803.4000244140625,796.2000122070312,801.6500244140625,787.4560546875,8743723
2025-07-31,795.0999755859375,803.7999877929688,792.5499877929688,796.5499877929688,782.4463500976562,11359112
2025-08-01,795.7000122070312,801.0,792.0,794.0,779.9415283203125,15468391
2025-08-04,794.5,797.2000122070312,786.5499877929688,795.7000122070312,781.6113891601562,8820724
2025-08-05,798.0,804.0499877929688,796.2999877929688,800.5999755859375,786.4246215820312,7381537
2025-08-06,800.9500122070312,810.2000122070312,799.0,805.1500244140625,790.8941040039062,7409396
2025-08-07,801.0999755859375,806.6500244140625,793.4000244140625,805.1500244140625,790.8941040039062,7091392
2025-08-08,805.0,807.7999877929688,790.0,804.2999877929688,790.0591430664062,15708181
2025-08-11,808.0,825.0,808.0,823.4500122070312,808.8700561523438,15236297
2025-08-12,824.9500122070312,825.5,820.0,820.5999755859375,806.0704956054688,7986728
2025-08-13,822.6500244140625,824.9500122070312,820.6500244140625,821.8499755859375,807.29833984375,4447508
2025-08-14,822.0,828.0,819.0999755859375,826.5499877929688,811.9151611328125,7087573
2025-08-18,836.0,838.0,825.1500244140625,827.6500244140625,812.9957275390625,6138124
2025-08-19,827.5,831.0,825.7999877929688,830.4000244140625,815.697021484375,5076681
2025-08-20,828.7000122070312,831.9000244140625,827.4000244140625,828.9500122070312,814.272705078125,4493888
2025-08-21,828.9500122070312,833.25,824.0499877929688,825.7000122070312,811.0802612304688,4402511
2025-08-22,824.0,826.0,815.7000122070312,816.25,801.7975463867188,5097647
2025-08-25,817.4500122070312,820.5,814.2000122070312,816.4500122070312,801.9940185546875,5672898
2025-08-26,814.8499755859375,815.8499755859375,806.75,807.8499755859375,793.5462646484375,6997817
2025-08-28,807.25,811.0,800.6500244140625,801.9500122070312,787.750732421875,7898436
2025-08-29,800.7000122070312,806.7000122070312,798.5,802.5,788.291015625,6861440
2025-09-01,803.0999755859375,808.2999877929688,802.6500244140625,806.0499877929688,791.7781372070312,5619805
2025-09-02,806.2999877929688,810.5,802.6500244140625,803.9000244140625,789.666259765625,5075460
2025-09-03,804.2999877929688,813.2999877929688,803.0,812.1500244140625,797.7701416015625,4261589
2025-09-04,814.6500244140625,816.75,808.0,809.4000244140625,795.06884765625,4471950
2025-09-05,811.5,812.5,803.6500244140625,806.5999755859375,792.318359375,5194842
2025-09-08,808.0,813.8499755859375,806.7999877929688,808.7999877929688,794.4794311523438,4614227
2025-09-09,812.0,812.3499755859375,805.5999755859375,808.8499755859375,794.528564453125,4567272
2025-09-10,812.0,824.5999755859375,810.4000244140625,818.2000122070312,803.7130126953125,7285853
2025-09-11,819.0999755859375,825.7000122070312,819.0,823.6500244140625,809.0665283203125,7425055
2025-09-12,824.0999755859375,825.7999877929688,819.7999877929688,823.5499877929688,808.96826171875,5078018
2025-09-15,823.5499877929688,827.7999877929688,821.0999755859375,824.75,810.1470336914062,3852494
2025-09-16,825.0999755859375,833.0,821.6500244140625,831.5499877929688,816.82666015625,9467531
2025-09-17,834.2999877929688,858.1500244140625,831.0,857.1500244140625,841.973388671875,17243938
2025-09-18,858.6500244140625,860.7999877929688,851.0999755859375,854.3499755859375,839.222900390625,10400847
2025-09-19,852.0,864.4500122070312,849.2999877929688,862.3499755859375,847.081298828125,15206426
2025-09-22,862.0,868.2000122070312,854.0,855.25,840.1069946289062,6594034
2025-09-23,854.5999755859375,874.25,851.2000122070312,870.5999755859375,855.1851806640625,14357863
2025-09-24,876.0,880.5,864.4500122070312,866.2000122070312,850.8631591796875,12840160
2025-09-25,866.5499877929688,870.1500244140625,859.9500122070312,861.1500244140625,845.902587890625,8678821
2025-09-26,862.0,864.3499755859375,853.0,856.9500122070312,841.7769165039062,6959545
2025-09-29,858.0499877929688,873.5,856.0,870.75,855.3325805664062,22641712
2025-09-30,869.9500122070312,877.5999755859375,867.5999755859375,872.4500122070312,857.0025024414062,12831593
2025-10-01,872.2999877929688,876.4500122070312,862.7999877929688,864.0999755859375,848.80029296875,10832384
2025-10-03,865.1500244140625,873.0,863.7999877929688,867.2999877929688,851.9436645507812,8019442
2025-10-06,868.0,875.2999877929688,862.7999877929688,874.0499877929688,858.5741577148438,7820352
2025-10-07,874.1500244140625,877.0,863.0,864.7000122070312,849.3897094726562,9242580
2025-10-08,866.7999877929688,867.7999877929688,857.25,858.25,843.0538940429688,7156112
2025-10-09,861.5999755859375,865.7999877929688,858.0999755859375,862.0999755859375,846.835693359375,7020501
2025-10-10,862.0999755859375,883.75,861.2999877929688,880.6500244140625,865.0573120117188,13713015
2025-10-13,879.0,888.0999755859375,876.0,882.9500122070312,867.3165893554688,11923143
2025-10-14,883.0,884.1500244140625,872.0999755859375,876.9500122070312,861.4227905273438,7681973
2025-10-15,878.0999755859375,887.5,877.0499877929688,886.0999755859375,870.4107666015625,8269225
2025-10-16,888.2999877929688,891.8499755859375,882.4500122070312,886.9500122070312,871.2457275390625,8493686
2025-10-17,887.5,894.75,883.0,889.1500244140625,873.4067993164062,8511854
2025-10-20,894.5999755859375,913.6500244140625,891.0499877929688,907.5,891.431884765625,13546463
2025-10-21,908.0,910.0,906.4000244140625,907.8499755859375,891.775634765625,1783576
2025-10-23,912.0,918.0,904.7999877929688,911.5499877929688,895.41015625,13382769
2025-10-24,910.9500122070312,914.0999755859375,900.9500122070312,904.5,888.4849853515625,5313227
2025-10-27,906.9500122070312,928.0,906.0,922.75,906.411865234375,9150761
2025-10-28,927.0999755859375,935.8499755859375,917.7000122070312,930.25,913.779052734375,22066289
2025-10-29,933.9000244140625,942.0499877929688,930.25,939.75,923.11083984375,12314222
2025-10-30,939.4500122070312,944.9000244140625,933.0499877929688,934.3499755859375,917.8064575195312,13044473
2025-10-31,934.9000244140625,946.7000122070312,930.25,937.0,920.4095458984375,12078252
2025-11-03,938.75,953.4000244140625,937.5,949.7000122070312,932.8847045898438,11744735
2025-11-04,951.0,959.2999877929688,941.5,957.5999755859375,940.644775390625,19154518
2025-11-06,969.6500244140625,971.4000244140625,955.2999877929688,960.75,943.739013671875,23088096
2025-11-07,958.75,964.8499755859375,944.0,955.8499755859375,938.92578125,13371323
2025-11-10,956.0,963.2000122070312,949.0999755859375,951.1500244140625,934.3090209960938,7343249
2025-11-11,953.5999755859375,954.9500122070312,945.0499877929688,953.2999877929688,936.4209594726562,8648917
2025-11-12,957.7000122070312,961.5499877929688,951.4000244140625,957.1500244140625,940.2028198242188,7043323
2025-11-13,954.25,963.9500122070312,952.4500122070312,954.0,937.1085815429688,8894441
2025-11-14,952.9500122070312,969.0499877929688,952.0,967.8499755859375,950.7133178710938,11032927
2025-11-17,971.0,976.0,968.5,973.3499755859375,956.1159057617188,7415026
2025-11-18,975.5999755859375,976.7000122070312,968.8499755859375,972.4500122070312,955.2318725585938,6594686
2025-11-19,972.4500122070312,984.4500122070312,968.7999877929688,982.75,965.3494873046875,8291226
2025-11-20,986.0,986.5999755859375,979.3499755859375,981.5499877929688,964.1707153320312,6440857
2025-11-21,979.7000122070312,980.5999755859375,971.0499877929688,972.5999755859375,955.3792114257812,5377241
2025-11-24,975.5499877929688,977.7000122070312,968.0499877929688,970.5999755859375,953.4146118164062,9901946
2025-11-25,975.5499877929688,988.9500122070312,971.3499755859375,983.5999755859375,966.1844482421875,9140201
2025-11-26,986.5999755859375,999.0,982.1500244140625,983.9000244140625,966.4791870117188,13943490
2025-11-27,986.7000122070312,988.5499877929688,968.9000244140625,972.8499755859375,955.624755859375,11909168
2025-11-28,976.7999877929688,983.0,973.0499877929688,979.0,961.6658935546875,8117842
2025-12-01,985.4500122070312,991.2000122070312,969.8499755859375,973.0999755859375,955.870361328125,8808306
2025-12-02,976.0,980.4500122070312,964.9000244140625,967.2999877929688,950.1730346679688,13444314
2025-12-03,970.4500122070312,972.5499877929688,947.5499877929688,951.0499877929688,934.2107543945312,14051968
2025-12-04,951.0499877929688,952.5499877929688,944.4500122070312,948.0999755859375,931.31298828125,13622724
2025-12-05,948.8499755859375,973.2999877929688,946.7000122070312,971.5,954.2987060546875,17347847
2025-12-08,970.8499755859375,972.5,951.7000122070312,956.4000244140625,939.466064453125,15386438
2025-12-09,954.7999877929688,964.0,950.4500122070312,959.3499755859375,942.3638305664062,9580294
2025-12-10,960.0999755859375,963.9500122070312,955.25,959.75,942.7567749023438,6989178
2025-12-11,962.0999755859375,966.5,958.4500122070312,963.25,946.1947631835938,5979035
2025-12-12,966.0,967.0,958.0,963.1500244140625,946.0965576171875,5681930
2025-12-15,957.25,968.8499755859375,957.25,967.25,950.1239624023438,4416952
2025-12-16,966.0499877929688,969.0,958.0499877929688,961.1500244140625,944.1319580078125,4764786
2025-12-17,965.5499877929688,978.5,964.2999877929688,975.8499755859375,958.5716552734375,8013382
2025-12-18,977.9000244140625,981.4500122070312,973.5,977.5499877929688,960.2415771484375,4926879
2025-12-19,979.9500122070312,982.0,977.0499877929688,980.2999877929688,962.94287109375,5376584
2025-12-22,981.0999755859375,983.0,972.5499877929688,974.2999877929688,957.0491333007812,5959037
2025-12-23,976.2999877929688,977.5499877929688,970.7000122070312,971.9000244140625,954.691650390625,5123287
2025-12-24,973.2000122070312,977.2999877929688,967.5,968.9500122070312,951.7938842773438,4105643
2025-12-26,968.9500122070312,971.0,964.75,966.2999877929688,949.1907348632812,3286321
2025-12-29,966.9000244140625,968.9000244140625,961.4500122070312,965.0499877929688,947.962890625,5267233
2025-12-30,963.0,976.2000122070312,959.5,973.4500122070312,956.2141723632812,15030644
2025-12-31,975.25,985.6500244140625,973.5,982.2000122070312,964.8092651367188,5807630
2026-01-01,983.2000122070312,987.6500244140625,980.3499755859375,984.75,967.3140869140625,4328348
2026-01-02,984.5,1009.5,983.9500122070312,998.9500122070312,981.2626953125,7357435
2026-01-05,1000.0,1015.5,1000.0,1005.5499877929688,987.7457885742188,11259060
2026-01-06,1007.9500122070312,1024.0,1004.9500122070312,1018.9000244140625,1000.8594360351562,9575742
2026-01-07,1022.7000122070312,1022.7000122070312,1004.0,1007.1500244140625,989.3175048828125,7896720
2026-01-08,1006.5999755859375,1011.5999755859375,995.8499755859375,998.0,980.3294677734375,6854268
2026-01-09,996.0,1008.0,994.0,1000.5,982.7852172851562,7809460
2026-01-12,1008.0,1017.25,996.0,1015.1500244140625,997.1758422851562,7617922
2026-01-13,1022.7999877929688,1029.5,1016.0,1028.449951171875,1010.2402954101562,11016895
2026-01-14,1030.0,1030.4000244140625,1020.5,1028.3499755859375,1010.14208984375,7370514
2026-01-15,1028.3499755859375,1028.3499755859375,1028.3499755859375,1028.3499755859375,1010.14208984375,0
2026-01-16,1032.0,1047.449951171875,1028.4000244140625,1042.300048828125,1023.8451538085938,11051580
2026-01-19,1035.0,1043.5999755859375,1034.0,1038.4000244140625,1020.0142211914062,5460164
2026-01-20,1039.75,1052.0,1033.050048828125,1036.4000244140625,1018.0496215820312,8905718
2026-01-21,1032.0,1040.5999755859375,1022.0,1028.6500244140625,1010.4368286132812,7408949
2026-01-22,1035.0,1055.5,1034.050048828125,1048.3499755859375,1029.7879638671875,12001641
2026-01-23,1051.9000244140625,1053.0,1025.5999755859375,1029.5,1011.271728515625,10917698
2026-01-27,1034.0999755859375,1055.0,1030.25,1053.1500244140625,1034.5030517578125,14420630
2026-01-28,1059.4000244140625,1065.5999755859375,1044.1500244140625,1063.5,1044.6697998046875,12171257
2026-01-29,1063.0,1075.0,1060.300048828125,1066.199951171875,1047.3218994140625,14800724
2026-01-30,1064.0,1082.5,1060.4000244140625,1077.1500244140625,1058.078125,9480769
2026-02-02,1019.9000244140625,1031.300048828125,990.0,1028.699951171875,1010.4859008789062,14434549
2026-02-03,1087.0,1089.800048828125,1040.300048828125,1064.199951171875,1045.3572998046875,16129381
2026-02-04,1064.199951171875,1073.9000244140625,1056.300048828125,1068.199951171875,1049.2864990234375,7312276
2026-02-05,1068.199951171875,1081.0,1067.5,1073.5,1054.49267578125,9551567
2026-02-06,1070.0,1073.5999755859375,1051.0,1066.4000244140625,1047.5184326171875,7041557
2026-02-09,1120.0,1150.0,1100.5,1146.0,1125.708984375,40852966
2026-02-10,1151.0,1154.0,1138.0999755859375,1144.0999755859375,1123.8426513671875,17280036
2026-02-11,1144.699951171875,1187.5,1142.800048828125,1182.9000244140625,1161.9556884765625,29491859
2026-02-12,1183.0,1203.699951171875,1174.800048828125,1192.4000244140625,1171.2874755859375,33214985
2026-02-13,1189.0,1201.0,1184.5,1198.5999755859375,1177.377685546875,18141390
2026-02-16,1194.0,1212.300048828125,1185.300048828125,1208.0999755859375,1186.70947265625,14972739
2026-02-17,1206.0999755859375,1225.5,1204.0999755859375,1213.4000244140625,1191.9156494140625,20107196
2026-02-18,1218.800048828125,1224.0999755859375,1214.0,1218.9000244140625,1197.3182373046875,10417264
2026-02-19,1222.9000244140625,1224.9000244140625,1199.199951171875,1205.699951171875,1184.3519287109375,9630899
2026-02-20,1206.199951171875,1218.0,1201.800048828125,1216.0999755859375,1194.5677490234375,9958162
2026-02-23,1222.0,1231.0999755859375,1217.0999755859375,1227.800048828125,1206.0606689453125,9733835
2026-02-24,1232.0,1234.699951171875,1219.699951171875,1223.300048828125,1201.640380859375,15788449
2026-02-25,1228.0999755859375,1228.0999755859375,1197.5,1200.0999755859375,1178.85107421875,19581100
2026-02-26,1201.0,1215.4000244140625,1188.9000244140625,1209.5,1188.084716796875,16196052
2026-02-27,1207.0,1211.800048828125,1198.5999755859375,1201.699951171875,1180.4227294921875,10700355
2026-03-02,1185.0,1197.300048828125,1179.4000244140625,1189.9000244140625,1168.831787109375,16270835
2026-03-04,1172.0999755859375,1182.699951171875,1157.5999755859375,1174.5,1153.704345703125,13855065
2026-03-05,1181.0,1183.199951171875,1150.5999755859375,1169.5,1148.79296875,22100665
2026-03-06,1168.5,1169.300048828125,1138.0,1143.0,1122.7620849609375,20333328
2026-03-09,1115.0,1115.0,1064.300048828125,1098.5,1079.050048828125,24631198
2026-03-10,1111.0999755859375,1119.9000244140625,1104.5,1112.199951171875,1092.5074462890625,17491459
2026-03-11,1113.4000244140625,1115.9000244140625,1088.0,1091.0999755859375,1071.781005859375,8364878
2026-03-12,1075.0999755859375,1098.0,1070.5,1085.199951171875,1065.9854736328125,14614140
2026-03-13,1077.5,1081.300048828125,1042.300048828125,1047.0,1028.4619140625,15978675
2026-03-16,1048.699951171875,1073.0,1036.0999755859375,1066.699951171875,1047.8131103515625,15322269
2026-03-17,1073.9000244140625,1073.9000244140625,1047.0,1064.699951171875,1045.8485107421875,16427877
2026-03-18,1067.5,1075.4000244140625,1061.300048828125,1069.800048828125,1050.8582763671875,10749915
2026-03-19,1049.5,1059.699951171875,1041.0,1048.9000244140625,1030.3282470703125,13431191
2026-03-20,1058.4000244140625,1085.0,1054.0,1058.0,1039.26708984375,17748625
2026-03-23,1039.0,1045.5999755859375,1014.2000122070312,1031.9000244140625,1013.6292724609375,16039603
2026-03-24,1055.199951171875,1059.0,1020.0,1030.800048828125,1012.5487670898438,30416734
2026-03-25,1043.0,1065.5,1043.0,1060.5999755859375,1041.821044921875,16205333
2026-03-27,1051.300048828125,1055.300048828125,1013.0,1019.5,1001.4487915039062,20445349
2026-03-30,1005.0,1009.4000244140625,975.7999877929688,979.4000244140625,962.058837890625,21438137
2026-04-01,1008.0,1031.0,998.4500122070312,1017.7999877929688,999.7789306640625,17424479
2026-04-02,1000.0,1026.0,977.9000244140625,1018.4000244140625,1000.3683471679688,20777629
2026-04-06,1020.0,1035.699951171875,1005.0499877929688,1032.75,1014.4642333984375,23576634
2026-04-07,1025.0,1033.699951171875,1012.0,1030.4000244140625,1012.1558227539062,15021291
2026-04-08,1074.0,1077.800048828125,1059.449951171875,1061.449951171875,1042.656005859375,28533742
2026-04-09,1060.0999755859375,1064.3499755859375,1038.300048828125,1040.949951171875,1022.5189819335938,24772948
2026-04-10,1049.0,1069.449951171875,1046.1500244140625,1066.699951171875,1047.8131103515625,17861336
2026-04-13,1042.0,1067.25,1030.0,1063.550048828125,1044.7188720703125,17763348
2026-04-15,1076.0,1088.0,1068.199951171875,1071.5,1052.528076171875,16195810
2026-04-16,1078.0,1084.1500244140625,1062.0,1067.1500244140625,1048.255126953125,20313165
2026-04-17,1067.0,1082.1500244140625,1060.0,1080.25,1061.1231689453125,16823879
2026-04-20,1080.300048828125,1120.949951171875,1075.8499755859375,1107.8499755859375,1088.2344970703125,31179584
2026-04-21,1113.4000244140625,1114.75,1105.949951171875,1111.8499755859375,1092.1636962890625,16963734
2026-04-22,1110.0,1117.8499755859375,1100.0999755859375,1103.300048828125,1083.76513671875,12412659
2026-04-23,1095.0,1101.9000244140625,1082.199951171875,1094.25,1074.875244140625,13669001
2026-04-24,1091.3499755859375,1106.0,1090.050048828125,1101.0999755859375,1081.60400390625,13774745
2026-04-27,1110.949951171875,1114.800048828125,1103.4000244140625,1111.8499755859375,1092.1636962890625,11624385
2026-04-28,1102.300048828125,1110.5,1089.1500244140625,1091.300048828125,1071.9775390625,10727835
2026-04-29,1094.0,1105.0,1084.25,1086.9000244140625,1067.655517578125,10611104
2026-04-30,1075.0,1077.699951171875,1063.0,1068.449951171875,1049.5321044921875,14269539
2026-05-01,1068.449951171875,1068.449951171875,1068.449951171875,1068.449951171875,1049.5321044921875,0
2026-05-04,1063.5999755859375,1089.0999755859375,1063.5999755859375,1068.4000244140625,1049.4830322265625,11693211
2026-05-05,1060.5999755859375,1068.5,1049.4000244140625,1059.9000244140625,1041.133544921875,12194631
2026-05-06,1072.0,1101.0999755859375,1061.199951171875,1096.0,1076.5943603515625,14384779
2026-05-07,1106.0,1108.0,1086.0999755859375,1092.0,1072.6651611328125,16105163
2026-05-08,1090.0,1095.0,1010.9000244140625,1019.2999877929688,1001.2523193359375,48065909
2026-05-11,1007.0,1007.0,971.0999755859375,973.5999755859375,956.3615112304688,46927396
2026-05-12,976.9000244140625,981.4000244140625,962.4000244140625,974.5999755859375,957.3438110351562,25787092
2026-05-13,978.0,981.2000122070312,961.2000122070312,970.0999755859375,952.9234619140625,17584580
2026-05-14,973.5,987.0,963.5999755859375,979.9000244140625,962.5499877929688,16487142
2026-05-15,971.2000122070312,972.5,957.0,963.2000122070312,963.2000122070312,26972493
2026-05-18,952.0,954.9000244140625,933.9000244140625,939.4000244140625,939.4000244140625,16554877
2026-05-19,942.0,956.5999755859375,939.5,948.7999877929688,948.7999877929688,17280869
2026-05-20,941.0999755859375,955.0,935.0,950.9000244140625,950.9000244140625,11928460
2026-05-21,957.0,960.9000244140625,946.5,950.9000244140625,950.9000244140625,11756520
2026-05-22,950.9000244140625,958.5999755859375,947.7000122070312,949.2000122070312,949.2000122070312,7807192
2026-05-25,959.9000244140625,972.5,957.5,969.5999755859375,969.5999755859375,10934747
2026-05-26,969.9000244140625,978.7999877929688,962.0999755859375,968.5,968.5,16269800
2026-05-27,969.7999877929688,975.9000244140625,966.5999755859375,967.7999877929688,967.7999877929688,8111259
2026-05-28,967.7999877929688,967.7999877929688,967.7999877929688,967.7999877929688,967.7999877929688,0
2026-05-29,967.7999877929688,973.7000122070312,960.2999877929688,964.4000244140625,964.4000244140625,22292535
2026-06-01,966.25,970.25,950.0999755859375,954.0999755859375,954.0999755859375,11118975
2026-06-02,950.9500122070312,961.2999877929688,939.9000244140625,956.6500244140625,956.6500244140625,15911760
2026-06-03,953.75,974.0,937.2000122070312,970.4500122070312,970.4500122070312,27947005
2026-06-04,969.9000244140625,985.7999877929688,961.0999755859375,979.25,979.25,18875883
2026-06-05,980.0,992.5999755859375,970.5999755859375,977.7000122070312,977.7000122070312,20955539
2026-06-08,966.0,988.6500244140625,965.1500244140625,981.9500122070312,981.9500122070312,12895416
2026-06-09,985.0,1009.0,983.0,1002.7000122070312,1002.7000122070312,22142480
2026-06-10,1002.7000122070312,1012.4000244140625,999.5,1003.25,1003.25,19122317
2026-06-11,998.0999755859375,1009.4000244140625,993.0,1000.7000122070312,1000.7000122070312,13773978
2026-06-12,1018.0,1018.7000122070312,1004.3499755859375,1017.1500244140625,1017.1500244140625,11081119
2026-06-15,1034.0,1034.0,1018.5,1020.8499755859375,1020.8499755859375,12463437
2026-06-16,1023.7999877929688,1026.550048828125,1007.4000244140625,1015.2999877929688,1015.2999877929688,9693677
2026-06-17,1017.0,1028.0999755859375,1013.4500122070312,1026.5,1026.5,8190062
2026-06-18,1027.9000244140625,1045.699951171875,1024.449951171875,1042.699951171875,1042.699951171875,11048009
2026-06-19,1042.0,1042.0,1029.300048828125,1035.0999755859375,1035.0999755859375,9099878
2026-06-22,1038.0,1043.0,1033.5999755859375,1040.75,1040.75,6209440
2026-06-23,1041.0,1045.5,1022.3499755859375,1024.199951171875,1024.199951171875,10411004
2026-06-24,1024.0,1044.5,1020.5,1034.5999755859375,1034.5999755859375,11724076
2026-06-25,1040.0,1055.4000244140625,1038.550048828125,1045.4000244140625,1045.4000244140625,16002360
2026-06-26,1045.4000244140625,1045.4000244140625,1045.4000244140625,1045.4000244140625,1045.4000244140625,0
2026-06-29,1044.449951171875,1046.4000244140625,1030.8499755859375,1036.0999755859375,1036.0999755859375,16818246
2026-06-30,1040.0,1044.0,1025.050048828125,1026.9000244140625,1026.9000244140625,11161643
2026-07-01,1031.0,1049.9000244140625,1025.5,1047.4000244140625,1047.4000244140625,6295315
2026-07-02,1050.9000244140625,1059.800048828125,1045.0,1051.5999755859375,1051.5999755859375,14682790
2026-07-03,1055.0,1057.0,1034.5,1040.0,1040.0,10441493
2026-07-06,1041.9000244140625,1048.4000244140625,1036.5,1037.699951171875,1037.699951171875,8761017
2026-07-07,1039.300048828125,1049.5999755859375,1035.5,1038.0999755859375,1038.0999755859375,11053574
2026-07-08,1029.5999755859375,1038.300048828125,1011.7000122070312,1016.9000244140625,1016.9000244140625,14141694
2026-07-09,1019.7999877929688,1031.699951171875,1019.2999877929688,1022.0999755859375,1022.0999755859375,7661699
2026-07-10,1029.5,1047.800048828125,1023.5,1036.0,1036.0,8792150
2026-07-13,1023.5,1042.9000244140625,1022.0999755859375,1037.0,1037.0,8381510
2026-07-14,1033.300048828125,1033.699951171875,1011.4000244140625,1015.4000244140625,1015.4000244140625,11562326
2026-07-15,1015.5,1036.0,1013.7000122070312,1030.0999755859375,1030.0999755859375,14275394
2026-07-16,1030.0999755859375,1036.0,1027.300048828125,1031.199951171875,1031.199951171875,7708316
2026-07-17,1030.5999755859375,1048.0,1028.300048828125,1044.300048828125,1044.300048828125,8452780
2026-07-20,1041.5999755859375,1065.0,1038.300048828125,1060.0,1060.0,16540411
2026-07-21,1056.199951171875,1067.0,1042.800048828125,1044.4000244140625,1044.4000244140625,10514887
2026-07-22,1044.4000244140625,1044.4000244140625,1019.2000122070312,1025.0,1025.0,11227214
2026-07-23,1022.0,1023.0999755859375,1006.5,1012.5999755859375,1012.5999755859375,8910230
2026-07-24,1006.0,1017.7999877929688,1000.7999877929688,1015.0,1015.0,13797053
2026-07-27,1020.2999877929688,1023.7000122070312,1015.9000244140625,1020.5999755859375,1020.5999755859375,6093002
2026-07-28,1018.0,1022.0,1008.2999877929688,1013.2000122070312,1013.2000122070312,9873370
2026-07-29,1020.0,1020.2000122070312,1012.0,1013.7000122070312,1013.7000122070312,4792964
2026-07-30,1013.5,1028.300048828125,1007.5999755859375,1025.300048828125,1025.300048828125,6847458
2026-07-31,1028.0999755859375,1034.300048828125,1023.5,1027.4000244140625,1027.4000244140625,10921417
2026-08-03,1035.0,1051.5,1031.5999755859375,1045.0,1045.0,10507450
2026-08-04,1047.5999755859375,1047.5999755859375,1030.9000244140625,1042.699951171875,1042.699951171875,8544184
2026-08-05,1043.0,1055.0,1040.300048828125,1055.0,1055.0,8707119
2026-08-06,1052.5,1088.0999755859375,1052.5,1085.0,1085.0,13822265
2026-08-07,1080.0999755859375,1124.5,1075.699951171875,1097.199951171875,1097.199951171875,29410622
2026-08-10,1108.0,1113.300048828125,1068.5999755859375,1071.0,1071.0,16623448
2026-08-11,1071.0,1071.0,1060.4000244140625,1066.0,1066.0,9456913
2026-08-12,1066.0,1085.5,1066.0,1082.0,1082.0,17673922
2026-08-13,1083.0,1086.800048828125,1073.0,1083.0,1083.0,9502483
2026-08-14,1082.0,1082.0,1065.0999755859375,1067.699951171875,1067.699951171875,6273501
2026-08-17,1064.199951171875,1068.800048828125,1052.4000244140625,1061.199951171875,1061.199951171875,7039473
2026-08-18,1059.5999755859375,1067.699951171875,1053.0,1053.0,1053.0,5583771
2026-08-19,1053.199951171875,1054.800048828125,1041.4000244140625,1048.5999755859375,1048.5999755859375,7182636
2026-08-20,1052.9000244140625,1052.9000244140625,1045.699951171875,1048.0,1048.0,5879949
2026-08-21,1052.699951171875,1054.699951171875,1040.0999755859375,1048.699951171875,1048.699951171875,6534213
2026-08-24,1047.9000244140625,1047.9000244140625,1032.0999755859375,1039.5,1039.5,8868193
2026-08-25,1036.0,1048.0,1031.300048828125,1048.0,1048.0,9982723
2026-08-26,1051.4000244140625,1062.300048828125,1051.199951171875,1052.0,1052.0,5858099
2026-08-27,1052.0,1054.4000244140625,1042.9000244140625,1042.9000244140625,1042.9000244140625,4788716
2026-08-28,1046.0,1051.199951171875,1040.5,1047.5,1047.5,4969272
2026-08-31,1041.199951171875,1060.0,1034.5,1060.0,1060.0,5138732
2026-09-01,1051.300048828125,1051.300048828125,1027.0999755859375,1034.5,1034.5,7605132
2026-09-02,1026.0,1035.300048828125,1017.2999877929688,1020.9000244140625,1020.9000244140625,13843678
2026-09-03,1028.9000244140625,1036.0,1021.0999755859375,1023.4000244140625,1023.4000244140625,7371804
2026-09-04,1026.0,1029.199951171875,1016.0999755859375,1016.0999755859375,1016.0999755859375,6724566
2026-09-07,1020.7999877929688,1021.7000122070312,1000.5999755859375,1005.9000244140625,1005.9000244140625,10220001
2026-09-08,1004.9000244140625,1011.2000122070312,1002.0999755859375,1008.0,1008.0,7084768
2026-09-09,999.0,1012.2000122070312,992.4000244140625,1000.5,1000.5,7091386
2026-09-10,1002.0,1011.9000244140625,1001.0,1009.7000122070312,1009.7000122070312,5504031
2026-09-11,1000.0,1001.9000244140625,993.0,995.7000122070312,995.7000122070312,7771109
2026-09-14,995.7000122070312,995.7000122070312,995.7000122070312,995.7000122070312,995.7000122070312,0
2026-09-15,994.0,999.7999877929688,968.0,968.0,968.0,10004115
2026-09-16,976.0,991.4000244140625,973.2000122070312,991.4000244140625,991.4000244140625,8609956
2026-09-17,991.2000122070312,1000.9000244140625,985.2000122070312,988.7000122070312,988.7000122070312,8624398
2026-09-18,992.0,996.2000122070312,985.0999755859375,996.2000122070312,996.2000122070312,5699456
2026-09-21,993.5999755859375,997.5,989.0999755859375,996.0,996.0,3590054
2026-09-22,999.0999755859375,1000.0999755859375,981.2999877929688,987.0,987.0,6126235
