Date,Open,High,Low,Close,Adj Close,Volume
2002-08-12,38.724998474121094,40.0,38.724998474121094,39.70000076293945,25.343915939331055,212976
2002-08-13,39.75,40.38750076293945,38.875,39.162498474121094,25.00077247619629,153576
2002-08-14,39.25,39.25,35.724998474121094,36.462501525878906,23.277149200439453,822776
2002-08-15,36.462501525878906,36.462501525878906,36.462501525878906,36.462501525878906,23.277149200439453,0
2002-08-16,36.275001525878906,38.0,35.75,36.375,23.221290588378906,811856
2002-08-19,36.67499923706055,36.67499923706055,35.13750076293945,35.474998474121094,22.646739959716797,205880
2002-08-20,35.724998474121094,38.724998474121094,35.48749923706055,36.462501525878906,23.277149200439453,3773624
2002-08-21,38.474998474121094,39.20000076293945,36.525001525878906,38.25,24.41826820373535,3011064
2002-08-22,39.51250076293945,41.57500076293945,39.3125,39.900001525878906,25.47159194946289,6732480
2002-08-23,40.25,43.625,39.76250076293945,42.29999923706055,27.003711700439453,4841672
2002-08-26,42.974998474121094,43.25,41.8125,42.150001525878906,26.90796661376953,2576912
2002-08-27,42.5,44.25,40.75,41.099998474121094,26.237651824951172,3694224
2002-08-28,40.974998474121094,41.599998474121094,40.287498474121094,41.13750076293945,26.26160430908203,1674960
2002-08-29,40.88750076293945,41.875,40.75,41.13750076293945,26.26160430908203,1236544
2002-08-30,41.26250076293945,45.125,41.25,44.04999923706055,28.120882034301758,3762384
2002-09-02,44.75,45.974998474121094,44.04999923706055,44.5,28.408185958862305,2389568
2002-09-03,44.75,44.9375,42.0,42.412498474121094,27.075544357299805,986784
2002-09-04,41.875,43.75,41.38750076293945,43.337501525878906,27.666044235229492,1449856
2002-09-05,44.662498474121094,44.86249923706055,42.5,43.07500076293945,27.498470306396484,1061360
2002-09-06,43.25,43.25,41.01250076293945,41.474998474121094,26.477054595947266,907472
2002-09-09,39.5,42.6875,39.5,40.9375,26.133920669555664,880848
2002-09-10,40.9375,40.9375,40.9375,40.9375,26.133920669555664,0
2002-09-11,41.162498474121094,42.70000076293945,41.162498474121094,41.974998474121094,26.796241760253906,635936
2002-09-12,42.48749923706055,43.224998474121094,41.900001525878906,42.1875,26.93190574645996,781968
2002-09-13,40.712501525878906,42.224998474121094,40.63750076293945,40.98749923706055,26.165836334228516,338264
2002-09-16,41.375,41.599998474121094,39.875,40.1875,25.655126571655273,288592
2002-09-17,40.912498474121094,41.625,40.775001525878906,41.36249923706055,26.405229568481445,462952
2002-09-18,41.125,41.25,39.75,40.087501525878906,25.591299057006836,315432
2002-09-19,39.75,41.07500076293945,39.25,39.75,25.375844955444336,490848
2002-09-20,38.32500076293945,39.67499923706055,38.162498474121094,39.099998474121094,24.960887908935547,501072
2002-09-23,39.375,39.474998474121094,38.275001525878906,38.4375,24.537954330444336,248504
2002-09-24,38.29999923706055,38.29999923706055,36.724998474121094,37.13750076293945,23.708059310913086,267912
2002-09-25,36.275001525878906,37.75,36.0,37.42499923706055,23.89158821105957,379544
2002-09-26,38.20000076293945,38.61249923706055,37.75,38.01250076293945,24.26664161682129,178136
2002-09-27,37.88750076293945,39.0,37.88750076293945,38.474998474121094,24.561891555786133,206288
2002-09-30,37.88750076293945,38.474998474121094,36.275001525878906,37.07500076293945,23.668148040771484,202232
2002-10-01,37.25,37.75,36.125,36.76250076293945,23.468658447265625,240192
2002-10-02,36.76250076293945,36.76250076293945,36.76250076293945,36.76250076293945,23.468658447265625,0
2002-10-03,37.25,39.75,37.25,37.75,24.099075317382812,673264
2002-10-04,38.25,38.36249923706055,37.125,37.51250076293945,23.94744873046875,258296
2002-10-07,37.76250076293945,38.0,37.025001525878906,37.349998474121094,23.843708038330078,110976
2002-10-08,37.462501525878906,38.724998474121094,37.25,38.36249923706055,24.49008560180664,227352
2002-10-09,38.5,39.11249923706055,37.0625,37.38750076293945,23.867658615112305,277040
2002-10-10,38.5,38.5,36.63750076293945,37.42499923706055,23.89158821105957,173224
2002-10-11,38.474998474121094,38.9375,38.11249923706055,38.212501525878906,24.39432716369629,192536
2002-10-14,38.92499923706055,39.0,37.57500076293945,37.9375,24.21876335144043,152744
2002-10-15,37.9375,37.9375,37.9375,37.9375,24.21876335144043,0
2002-10-16,42.775001525878906,42.775001525878906,37.775001525878906,38.01250076293945,24.26664161682129,247760
2002-10-17,38.25,38.25,37.525001525878906,38.01250076293945,24.26664161682129,144512
2002-10-18,38.75,39.92499923706055,38.287498474121094,38.8125,24.777366638183594,512312
2002-10-21,39.724998474121094,40.73749923706055,39.25,39.412498474121094,25.160381317138672,646296
2002-10-22,39.75,39.75,37.75,37.98749923706055,24.250682830810547,229384
2002-10-23,38.25,38.70000076293945,37.525001525878906,37.8125,24.138965606689453,153320
2002-10-24,38.224998474121094,38.349998474121094,36.900001525878906,37.150001525878906,23.71603775024414,168744
2002-10-25,36.5,37.087501525878906,36.275001525878906,36.38750076293945,23.229272842407227,172296
2002-10-28,36.125,36.5,35.54999923706055,35.849998474121094,22.886133193969727,134504
2002-10-29,35.75,36.45000076293945,35.54999923706055,36.162498474121094,23.08563232421875,143024
2002-10-30,36.5,37.4375,36.25,36.775001525878906,23.476640701293945,164320
2002-10-31,37.0,37.5,36.79999923706055,37.349998474121094,23.843708038330078,118928
2002-11-01,37.525001525878906,38.150001525878906,36.76250076293945,36.962501525878906,23.59632682800293,108792
2002-11-04,37.5,37.5,36.95000076293945,37.23749923706055,23.77189064025879,56560
2002-11-05,36.88750076293945,37.32500076293945,36.599998474121094,36.837501525878906,23.516550064086914,70288
2002-11-06,36.837501525878906,36.837501525878906,36.837501525878906,36.837501525878906,23.516550064086914,0
2002-11-07,37.5,39.5,37.5,37.974998474121094,24.242704391479492,204880
2002-11-08,37.25,37.73749923706055,37.025001525878906,37.3125,23.81976890563965,77664
2002-11-11,37.5,37.5,36.67499923706055,36.75,23.46068000793457,66568
2002-11-12,36.5,37.5,36.5,36.9375,23.580373764038086,106864
2002-11-13,37.125,37.224998474121094,36.42499923706055,36.625,23.380874633789062,106264
2002-11-14,37.20000076293945,37.900001525878906,36.63750076293945,37.125,23.7000789642334,211856
2002-11-15,37.95000076293945,38.162498474121094,37.5,37.92499923706055,24.210796356201172,154144
2002-11-18,38.25,38.73749923706055,37.837501525878906,38.3125,24.45815658569336,217672
2002-11-19,38.3125,38.3125,38.3125,38.3125,24.45815658569336,0
2002-11-20,38.25,39.875,38.25,39.57500076293945,25.264122009277344,406128
2002-11-21,40.3125,44.724998474121094,40.3125,43.0,27.450597763061523,2664024
2002-11-22,41.38750076293945,45.17499923706055,41.38750076293945,42.337501525878906,27.027660369873047,1184016
2002-11-25,42.75,43.20000076293945,41.75,42.26250076293945,26.979782104492188,428920
2002-11-26,42.625,43.45000076293945,41.775001525878906,42.01250076293945,26.8201961517334,367496
2002-11-27,42.75,42.75,40.88750076293945,41.125,26.253623962402344,301128
2002-11-28,41.525001525878906,43.724998474121094,41.51250076293945,42.79999923706055,27.32292938232422,447680
2002-11-29,42.79999923706055,42.79999923706055,42.79999923706055,42.79999923706055,27.32292938232422,0
2002-12-02,44.875,49.0,44.474998474121094,47.38750076293945,30.251514434814453,1388680
2002-12-03,48.5,52.42499923706055,46.775001525878906,50.099998474121094,31.98314094543457,4082608
2002-12-04,49.224998474121094,51.1875,47.76250076293945,48.42499923706055,30.913843154907227,2594928
2002-12-05,48.125,51.11249923706055,48.125,49.650001525878906,31.69586753845215,1720264
2002-12-06,50.5,51.67499923706055,49.63750076293945,50.95000076293945,32.5257682800293,1139968
2002-12-09,50.75,51.724998474121094,48.025001525878906,48.5,30.961715698242188,975768
2002-12-10,47.625,50.5,47.275001525878906,49.61249923706055,31.671913146972656,837808
2002-12-11,51.0,53.98749923706055,50.75,51.95000076293945,33.16415786743164,3286400
2002-12-12,52.0,54.0,52.0,52.375,33.43545913696289,2568024
2002-12-13,53.0,53.67499923706055,52.275001525878906,52.587501525878906,33.571136474609375,1112288
2002-12-16,53.25,53.67499923706055,50.025001525878906,50.32500076293945,32.12676239013672,1231456
2002-12-17,51.275001525878906,51.275001525878906,48.900001525878906,49.400001525878906,31.536285400390625,855656
2002-12-18,49.95000076293945,50.724998474121094,48.599998474121094,48.9375,31.241003036499023,618096
2002-12-19,49.92499923706055,54.375,49.375,53.07500076293945,33.882320404052734,3770256
2002-12-20,53.75,54.95000076293945,52.5,53.51250076293945,34.16162872314453,2952072
2002-12-23,53.75,53.76250076293945,51.25,51.61249923706055,32.94868850708008,1277744
2002-12-24,51.75,54.0,51.5625,53.73749923706055,34.30526351928711,1729840
2002-12-25,53.73749923706055,53.73749923706055,53.73749923706055,53.73749923706055,34.30526351928711,0
2002-12-26,54.150001525878906,55.95000076293945,53.25,55.26250076293945,35.2787971496582,2894448
2002-12-27,55.650001525878906,55.875,53.787498474121094,54.01250076293945,34.48080825805664,956984
2002-12-30,54.0,57.724998474121094,52.76250076293945,57.150001525878906,36.48377227783203,4253744
2002-12-31,57.525001525878906,61.087501525878906,56.0,60.11249923706055,38.37497329711914,9998480
2003-01-01,59.98749923706055,61.974998474121094,59.98749923706055,61.087501525878906,38.99739074707031,6027072
2003-01-02,61.525001525878906,62.92499923706055,57.912498474121094,58.29999923706055,37.2178840637207,5325328
2003-01-03,60.0,61.04999923706055,58.5,59.01250076293945,37.672760009765625,4198040
2003-01-06,59.92499923706055,60.1875,56.875,57.26250076293945,36.555572509765625,4121520
2003-01-07,58.0,58.5,56.0625,56.599998474121094,36.13264083862305,2650800
2003-01-08,57.349998474121094,59.150001525878906,56.92499923706055,58.625,37.42536926269531,2648456
2003-01-09,59.0,60.150001525878906,58.45000076293945,59.20000076293945,37.792449951171875,2630400
2003-01-10,60.0,60.0,55.26250076293945,55.57500076293945,35.478294372558594,1702816
2003-01-13,56.224998474121094,56.75,54.25,56.13750076293945,35.8373908996582,2421496
2003-01-14,56.724998474121094,58.625,56.5,56.88750076293945,36.31618118286133,2239360
2003-01-15,57.349998474121094,58.625,57.025001525878906,58.025001525878906,37.04234313964844,2759760
2003-01-16,58.462501525878906,60.20000076293945,57.525001525878906,58.849998474121094,37.569000244140625,2842656
2003-01-17,58.125,59.0,57.275001525878906,57.525001525878906,36.72315216064453,1284144
2003-01-20,57.25,57.474998474121094,55.275001525878906,55.6875,35.550113677978516,928872
2003-01-21,55.76250076293945,56.5625,54.0,54.23749923706055,34.62445831298828,1147240
2003-01-22,54.70000076293945,55.75,54.07500076293945,54.474998474121094,34.776084899902344,1081352
2003-01-23,53.75,54.474998474121094,51.775001525878906,52.474998474121094,33.49930191040039,1001872
2003-01-24,52.625,53.474998474121094,49.88750076293945,50.599998474121094,32.302337646484375,1436848
2003-01-27,48.0,49.974998474121094,46.275001525878906,47.07500076293945,30.05203628540039,916832
2003-01-28,48.13750076293945,50.75,46.25,50.36249923706055,32.15071105957031,2043224
2003-01-29,50.525001525878906,51.25,48.54999923706055,48.9375,31.241003036499023,1370440
2003-01-30,48.775001525878906,51.099998474121094,48.775001525878906,49.6875,31.71979331970215,1203464
2003-01-31,48.75,50.11249923706055,48.17499923706055,48.48749923706055,30.9537353515625,1083040
2003-02-03,48.8125,52.474998474121094,48.625,52.1875,33.315765380859375,1566808
2003-02-04,52.25,53.474998474121094,50.01250076293945,50.54999923706055,32.270408630371094,1311144
2003-02-05,49.75,50.5,48.837501525878906,49.61249923706055,31.671913146972656,845080
2003-02-06,49.6875,50.900001525878906,49.125,50.61249923706055,32.31031799316406,946624
2003-02-07,50.13750076293945,51.912498474121094,49.5625,50.125,31.99909019470215,1023440
2003-02-10,49.5,50.224998474121094,48.29999923706055,48.462501525878906,30.93777847290039,449688
2003-02-11,48.5,49.73749923706055,47.75,48.025001525878906,30.658479690551758,701960
2003-02-12,48.525001525878906,48.75,47.025001525878906,47.38750076293945,30.251514434814453,459064
2003-02-13,47.38750076293945,47.38750076293945,47.38750076293945,47.38750076293945,30.251514434814453,0
2003-02-14,45.63750076293945,47.849998474121094,44.5625,44.98749923706055,28.719396591186523,790336
2003-02-17,46.25,48.0,45.787498474121094,47.849998474121094,30.546764373779297,795272
2003-02-18,48.599998474121094,49.0,47.32500076293945,47.5625,30.363222122192383,819688
2003-02-19,48.25,48.462501525878906,47.412498474121094,47.587501525878906,30.37918472290039,455960
2003-02-20,46.400001525878906,47.73749923706055,45.82500076293945,47.4375,30.283422470092773,542944
2003-02-21,47.5,47.95000076293945,46.42499923706055,46.61249923706055,29.756771087646484,494544
2003-02-24,47.73749923706055,47.73749923706055,46.5,46.900001525878906,29.9403018951416,326488
2003-02-25,45.38750076293945,47.0,45.38750076293945,45.79999923706055,29.238073348999023,264440
2003-02-26,46.275001525878906,46.95000076293945,44.650001525878906,45.0,28.727367401123047,422312
2003-02-27,44.75,46.45000076293945,44.70000076293945,45.6875,29.166255950927734,280480
2003-02-28,47.38750076293945,48.5,46.04999923706055,48.04999923706055,30.674449920654297,694688
2003-03-03,46.275001525878906,48.98749923706055,46.275001525878906,47.525001525878906,30.33928108215332,500896
2003-03-04,47.0,47.0,46.0,46.337501525878906,29.581214904785156,255760
2003-03-05,45.82500076293945,47.0,44.9375,46.525001525878906,29.700897216796875,471552
2003-03-06,46.900001525878906,46.900001525878906,45.0,45.26250076293945,28.894941329956055,265080
2003-03-07,45.974998474121094,45.974998474121094,43.8125,44.0,28.0889949798584,518664
2003-03-10,43.837501525878906,44.25,40.375,41.025001525878906,26.189783096313477,346400
2003-03-11,40.0,43.45000076293945,39.57500076293945,42.01250076293945,26.8201961517334,497168
2003-03-12,43.17499923706055,43.17499923706055,41.20000076293945,41.38750076293945,26.421205520629883,481872
2003-03-13,42.212501525878906,42.724998474121094,41.0,41.92499923706055,26.764320373535156,390112
2003-03-14,41.92499923706055,41.92499923706055,41.92499923706055,41.92499923706055,26.764320373535156,0
2003-03-17,40.775001525878906,43.0,40.275001525878906,41.79999923706055,26.684532165527344,373856
2003-03-18,41.79999923706055,41.79999923706055,41.79999923706055,41.79999923706055,26.684532165527344,0
2003-03-19,42.875,43.25,41.3125,41.712501525878906,26.6286678314209,374256
2003-03-20,41.875,43.0,41.0,42.724998474121094,27.275033950805664,537616
2003-03-21,42.724998474121094,42.724998474121094,42.724998474121094,42.724998474121094,27.275033950805664,0
2003-03-24,43.375,43.75,41.25,41.587501525878906,26.548866271972656,328920
2003-03-25,42.474998474121094,42.474998474121094,40.125,40.98749923706055,26.165836334228516,351496
2003-03-26,42.25,42.25,40.125,40.79999923706055,26.046152114868164,260264
2003-03-27,40.474998474121094,41.0,40.0,40.412498474121094,25.798768997192383,241056
2003-03-28,41.5,41.5,40.0,40.17499923706055,25.647159576416016,218000
2003-03-31,32.474998474121094,39.712501525878906,32.474998474121094,38.38750076293945,24.50603485107422,230712
2003-04-02,38.38750076293945,38.38750076293945,38.38750076293945,38.38750076293945,24.50603485107422,0
2003-04-03,38.38750076293945,38.38750076293945,38.38750076293945,38.38750076293945,24.50603485107422,0
2003-04-04,38.38750076293945,38.38750076293945,38.38750076293945,38.38750076293945,24.50603485107422,0
2003-04-07,38.38750076293945,38.38750076293945,38.38750076293945,38.38750076293945,24.50603485107422,0
2003-04-08,38.38750076293945,38.38750076293945,38.38750076293945,38.38750076293945,24.50603485107422,0
2003-04-09,38.38750076293945,38.38750076293945,38.38750076293945,38.38750076293945,24.50603485107422,0
2003-04-10,38.38750076293945,38.38750076293945,38.38750076293945,38.38750076293945,24.50603485107422,0
2003-04-11,38.38750076293945,38.38750076293945,38.38750076293945,38.38750076293945,24.50603485107422,0
2003-04-14,38.38750076293945,38.38750076293945,38.38750076293945,38.38750076293945,24.50603485107422,0
2003-04-15,38.38750076293945,38.38750076293945,38.38750076293945,38.38750076293945,24.50603485107422,0
2003-04-16,38.38750076293945,38.38750076293945,38.38750076293945,38.38750076293945,24.50603485107422,0
2003-04-17,38.38750076293945,38.38750076293945,38.38750076293945,38.38750076293945,24.50603485107422,0
2003-04-18,38.38750076293945,38.38750076293945,38.38750076293945,38.38750076293945,24.50603485107422,0
2003-04-21,38.38750076293945,38.38750076293945,38.38750076293945,38.38750076293945,24.50603485107422,0
2003-04-22,38.38750076293945,38.38750076293945,38.38750076293945,38.38750076293945,24.50603485107422,0
2003-04-23,38.38750076293945,38.38750076293945,38.38750076293945,38.38750076293945,24.50603485107422,0
2003-04-24,38.38750076293945,38.38750076293945,38.38750076293945,38.38750076293945,24.50603485107422,0
2003-04-25,38.38750076293945,38.38750076293945,38.38750076293945,38.38750076293945,24.50603485107422,0
2003-04-28,38.38750076293945,38.38750076293945,38.38750076293945,38.38750076293945,24.50603485107422,0
2003-04-29,38.38750076293945,38.38750076293945,38.38750076293945,38.38750076293945,24.50603485107422,0
2003-04-30,38.38750076293945,38.38750076293945,38.38750076293945,38.38750076293945,24.50603485107422,0
2003-05-01,38.38750076293945,38.38750076293945,38.38750076293945,38.38750076293945,24.50603485107422,0
2003-05-02,38.38750076293945,38.38750076293945,38.38750076293945,38.38750076293945,24.50603485107422,0
2003-05-05,38.38750076293945,38.38750076293945,38.38750076293945,38.38750076293945,24.50603485107422,0
2003-05-06,38.38750076293945,38.38750076293945,38.38750076293945,38.38750076293945,24.50603485107422,0
2003-05-07,38.38750076293945,38.38750076293945,38.38750076293945,38.38750076293945,24.50603485107422,0
2003-05-08,38.38750076293945,38.38750076293945,38.38750076293945,38.38750076293945,24.50603485107422,0
2003-05-09,38.38750076293945,38.38750076293945,38.38750076293945,38.38750076293945,24.50603485107422,0
2003-05-12,38.38750076293945,38.38750076293945,38.38750076293945,38.38750076293945,24.50603485107422,0
2003-05-13,38.38750076293945,38.38750076293945,38.38750076293945,38.38750076293945,24.50603485107422,0
2003-05-14,38.38750076293945,38.38750076293945,38.38750076293945,38.38750076293945,24.50603485107422,0
2003-05-15,38.38750076293945,38.38750076293945,38.38750076293945,38.38750076293945,24.50603485107422,0
2003-05-16,38.38750076293945,38.38750076293945,38.38750076293945,38.38750076293945,24.50603485107422,0
2003-05-19,38.38750076293945,38.38750076293945,38.38750076293945,38.38750076293945,24.50603485107422,0
2003-05-20,38.38750076293945,38.38750076293945,38.38750076293945,38.38750076293945,24.50603485107422,0
2003-05-21,38.38750076293945,38.38750076293945,38.38750076293945,38.38750076293945,24.50603485107422,0
2003-05-22,38.38750076293945,38.38750076293945,38.38750076293945,38.38750076293945,24.50603485107422,0
2003-05-23,38.38750076293945,38.38750076293945,38.38750076293945,38.38750076293945,24.50603485107422,0
2003-05-26,38.38750076293945,38.38750076293945,38.38750076293945,38.38750076293945,24.50603485107422,0
2003-05-27,38.38750076293945,38.38750076293945,38.38750076293945,38.38750076293945,24.50603485107422,0
2003-05-28,38.38750076293945,38.38750076293945,38.38750076293945,38.38750076293945,24.50603485107422,0
2003-05-29,38.38750076293945,38.38750076293945,38.38750076293945,38.38750076293945,24.50603485107422,0
2003-05-30,38.38750076293945,38.38750076293945,38.38750076293945,38.38750076293945,24.50603485107422,0
2003-06-02,38.38750076293945,38.38750076293945,38.38750076293945,38.38750076293945,24.50603485107422,0
2003-06-03,38.38750076293945,38.38750076293945,38.38750076293945,38.38750076293945,24.50603485107422,0
2003-06-04,38.38750076293945,38.38750076293945,38.38750076293945,38.38750076293945,24.50603485107422,0
2003-06-05,38.38750076293945,38.38750076293945,38.38750076293945,38.38750076293945,24.50603485107422,0
2003-06-06,38.38750076293945,38.38750076293945,38.38750076293945,38.38750076293945,24.50603485107422,0
2003-06-09,38.38750076293945,38.38750076293945,38.38750076293945,38.38750076293945,24.50603485107422,0
2003-06-10,38.38750076293945,38.38750076293945,38.38750076293945,38.38750076293945,24.50603485107422,0
2003-06-11,38.38750076293945,38.38750076293945,38.38750076293945,38.38750076293945,24.50603485107422,0
2003-06-12,38.38750076293945,38.38750076293945,38.38750076293945,38.38750076293945,24.50603485107422,0
2003-06-13,38.38750076293945,38.38750076293945,38.38750076293945,38.38750076293945,24.50603485107422,0
2003-06-16,38.38750076293945,38.38750076293945,38.38750076293945,38.38750076293945,24.50603485107422,0
2003-06-17,38.38750076293945,38.38750076293945,38.38750076293945,38.38750076293945,24.50603485107422,0
2003-06-18,38.38750076293945,38.38750076293945,38.38750076293945,38.38750076293945,24.50603485107422,0
2003-06-19,38.38750076293945,38.38750076293945,38.38750076293945,38.38750076293945,24.50603485107422,0
2003-06-20,38.38750076293945,38.38750076293945,38.38750076293945,38.38750076293945,24.50603485107422,0
2003-06-23,38.38750076293945,38.38750076293945,38.38750076293945,38.38750076293945,24.50603485107422,0
2003-06-24,38.38750076293945,38.38750076293945,38.38750076293945,38.38750076293945,24.50603485107422,0
2003-06-25,38.38750076293945,38.38750076293945,38.38750076293945,38.38750076293945,24.50603485107422,0
2003-06-26,38.38750076293945,38.38750076293945,38.38750076293945,38.38750076293945,24.50603485107422,0
2003-06-27,38.38750076293945,38.38750076293945,38.38750076293945,38.38750076293945,24.50603485107422,0
2003-06-30,38.38750076293945,38.38750076293945,38.38750076293945,38.38750076293945,24.50603485107422,0
2003-07-01,38.38750076293945,38.38750076293945,38.38750076293945,38.38750076293945,24.50603485107422,0
2003-07-02,38.38750076293945,38.38750076293945,38.38750076293945,38.38750076293945,24.50603485107422,0
2003-07-03,38.38750076293945,38.38750076293945,38.38750076293945,38.38750076293945,24.50603485107422,0
2003-07-04,38.38750076293945,38.38750076293945,38.38750076293945,38.38750076293945,24.50603485107422,0
2003-07-07,38.38750076293945,38.38750076293945,38.38750076293945,38.38750076293945,24.50603485107422,0
2003-07-08,38.38750076293945,38.38750076293945,38.38750076293945,38.38750076293945,24.50603485107422,0
2003-07-09,38.38750076293945,38.38750076293945,38.38750076293945,38.38750076293945,24.50603485107422,0
2003-07-10,38.38750076293945,38.38750076293945,38.38750076293945,38.38750076293945,24.50603485107422,0
2003-07-11,38.38750076293945,38.38750076293945,38.38750076293945,38.38750076293945,24.50603485107422,0
2003-07-14,38.38750076293945,38.38750076293945,38.38750076293945,38.38750076293945,24.50603485107422,0
2003-07-15,38.38750076293945,38.38750076293945,38.38750076293945,38.38750076293945,24.50603485107422,0
2003-07-16,38.38750076293945,38.38750076293945,38.38750076293945,38.38750076293945,24.50603485107422,0
2003-07-17,38.38750076293945,38.38750076293945,38.38750076293945,38.38750076293945,24.50603485107422,0
2003-07-18,38.38750076293945,38.38750076293945,38.38750076293945,38.38750076293945,24.50603485107422,0
2003-07-21,38.38750076293945,38.38750076293945,38.38750076293945,38.38750076293945,24.50603485107422,0
2003-07-22,38.38750076293945,38.38750076293945,38.38750076293945,38.38750076293945,24.50603485107422,0
2003-07-23,38.38750076293945,38.38750076293945,38.38750076293945,38.38750076293945,24.50603485107422,0
2003-07-24,38.38750076293945,38.38750076293945,38.38750076293945,38.38750076293945,24.50603485107422,0
2003-07-25,38.38750076293945,38.38750076293945,38.38750076293945,38.38750076293945,24.50603485107422,0
2003-07-28,38.38750076293945,38.38750076293945,38.38750076293945,38.38750076293945,24.50603485107422,0
2003-07-29,38.38750076293945,38.38750076293945,38.38750076293945,38.38750076293945,24.50603485107422,0
2003-07-30,38.38750076293945,38.38750076293945,38.38750076293945,38.38750076293945,24.50603485107422,0
2003-07-31,38.38750076293945,38.38750076293945,38.38750076293945,38.38750076293945,24.50603485107422,0
2003-08-01,38.38750076293945,38.38750076293945,38.38750076293945,38.38750076293945,24.50603485107422,0
2003-08-04,38.38750076293945,38.38750076293945,38.38750076293945,38.38750076293945,24.50603485107422,0
2003-08-05,38.38750076293945,38.38750076293945,38.38750076293945,38.38750076293945,24.50603485107422,0
2003-08-06,38.38750076293945,38.38750076293945,38.38750076293945,38.38750076293945,24.50603485107422,0
2003-08-07,38.38750076293945,38.38750076293945,38.38750076293945,38.38750076293945,24.50603485107422,0
2003-08-08,38.38750076293945,38.38750076293945,38.38750076293945,38.38750076293945,24.50603485107422,0
2003-08-11,38.38750076293945,38.38750076293945,38.38750076293945,38.38750076293945,24.50603485107422,0
2003-08-12,38.38750076293945,38.38750076293945,38.38750076293945,38.38750076293945,24.50603485107422,0
2003-08-13,38.38750076293945,38.38750076293945,38.38750076293945,38.38750076293945,24.50603485107422,0
2003-08-14,38.38750076293945,38.38750076293945,38.38750076293945,38.38750076293945,24.50603485107422,0
2003-08-15,38.38750076293945,38.38750076293945,38.38750076293945,38.38750076293945,24.50603485107422,0
2003-08-18,38.38750076293945,38.38750076293945,38.38750076293945,38.38750076293945,24.50603485107422,0
2003-08-19,38.38750076293945,38.38750076293945,38.38750076293945,38.38750076293945,24.50603485107422,0
2003-08-20,38.38750076293945,38.38750076293945,38.38750076293945,38.38750076293945,24.50603485107422,0
2003-08-21,38.38750076293945,38.38750076293945,38.38750076293945,38.38750076293945,24.50603485107422,0
2003-08-22,38.38750076293945,38.38750076293945,38.38750076293945,38.38750076293945,24.50603485107422,0
2003-08-25,38.38750076293945,38.38750076293945,38.38750076293945,38.38750076293945,24.50603485107422,0
2003-08-26,38.38750076293945,38.38750076293945,38.38750076293945,38.38750076293945,24.50603485107422,0
2003-08-27,38.38750076293945,38.38750076293945,38.38750076293945,38.38750076293945,24.50603485107422,0
2003-08-28,38.38750076293945,38.38750076293945,38.38750076293945,38.38750076293945,24.50603485107422,0
2003-08-29,38.38750076293945,38.38750076293945,38.38750076293945,38.38750076293945,24.50603485107422,0
2003-09-01,38.38750076293945,38.38750076293945,38.38750076293945,38.38750076293945,24.50603485107422,0
2003-09-02,38.38750076293945,38.38750076293945,38.38750076293945,38.38750076293945,24.50603485107422,0
2003-09-03,38.38750076293945,38.38750076293945,38.38750076293945,38.38750076293945,24.50603485107422,0
2003-09-04,38.38750076293945,38.38750076293945,38.38750076293945,38.38750076293945,24.50603485107422,0
2003-09-05,38.38750076293945,38.38750076293945,38.38750076293945,38.38750076293945,24.50603485107422,0
2003-09-08,38.38750076293945,38.38750076293945,38.38750076293945,38.38750076293945,24.50603485107422,0
2003-09-09,38.38750076293945,38.38750076293945,38.38750076293945,38.38750076293945,24.50603485107422,0
2003-09-10,38.38750076293945,38.38750076293945,38.38750076293945,38.38750076293945,24.50603485107422,0
2003-09-11,38.38750076293945,38.38750076293945,38.38750076293945,38.38750076293945,24.50603485107422,0
2003-09-12,38.38750076293945,38.38750076293945,38.38750076293945,38.38750076293945,24.50603485107422,0
2003-09-15,38.38750076293945,38.38750076293945,38.38750076293945,38.38750076293945,24.50603485107422,0
2003-09-16,38.38750076293945,38.38750076293945,38.38750076293945,38.38750076293945,24.50603485107422,0
2003-09-17,38.38750076293945,38.38750076293945,38.38750076293945,38.38750076293945,24.50603485107422,0
2003-09-18,38.38750076293945,38.38750076293945,38.38750076293945,38.38750076293945,24.50603485107422,0
2003-09-19,38.38750076293945,38.38750076293945,38.38750076293945,38.38750076293945,24.50603485107422,0
2003-09-22,38.38750076293945,38.38750076293945,38.38750076293945,38.38750076293945,24.50603485107422,0
2003-09-23,38.38750076293945,38.38750076293945,38.38750076293945,38.38750076293945,24.50603485107422,0
2003-09-24,38.38750076293945,38.38750076293945,38.38750076293945,38.38750076293945,24.50603485107422,0
2003-09-25,38.38750076293945,38.38750076293945,38.38750076293945,38.38750076293945,24.50603485107422,0
2003-09-26,38.38750076293945,38.38750076293945,38.38750076293945,38.38750076293945,24.50603485107422,0
2003-09-29,38.38750076293945,38.38750076293945,38.38750076293945,38.38750076293945,24.50603485107422,0
2003-09-30,38.38750076293945,38.38750076293945,38.38750076293945,38.38750076293945,24.50603485107422,0
2003-10-01,38.38750076293945,38.38750076293945,38.38750076293945,38.38750076293945,24.50603485107422,0
2003-10-02,38.38750076293945,38.38750076293945,38.38750076293945,38.38750076293945,24.50603485107422,0
2003-10-03,38.38750076293945,38.38750076293945,38.38750076293945,38.38750076293945,24.50603485107422,0
2003-10-06,38.38750076293945,38.38750076293945,38.38750076293945,38.38750076293945,24.50603485107422,0
2003-10-07,38.38750076293945,38.38750076293945,38.38750076293945,38.38750076293945,24.50603485107422,0
2003-10-08,38.38750076293945,38.38750076293945,38.38750076293945,38.38750076293945,24.50603485107422,0
2003-10-09,38.38750076293945,38.38750076293945,38.38750076293945,38.38750076293945,24.50603485107422,0
2003-10-10,38.38750076293945,38.38750076293945,38.38750076293945,38.38750076293945,24.50603485107422,0
2003-10-13,38.38750076293945,38.38750076293945,38.38750076293945,38.38750076293945,24.50603485107422,0
2003-10-14,38.38750076293945,38.38750076293945,38.38750076293945,38.38750076293945,24.50603485107422,0
2003-10-15,38.38750076293945,38.38750076293945,38.38750076293945,38.38750076293945,24.50603485107422,0
2003-10-16,38.38750076293945,38.38750076293945,38.38750076293945,38.38750076293945,24.50603485107422,0
2003-10-17,38.38750076293945,38.38750076293945,38.38750076293945,38.38750076293945,24.50603485107422,0
2003-10-20,38.38750076293945,38.38750076293945,38.38750076293945,38.38750076293945,24.50603485107422,0
2003-10-21,38.38750076293945,38.38750076293945,38.38750076293945,38.38750076293945,24.50603485107422,0
2003-10-22,38.38750076293945,38.38750076293945,38.38750076293945,38.38750076293945,24.50603485107422,0
2003-10-23,38.38750076293945,38.38750076293945,38.38750076293945,38.38750076293945,24.50603485107422,0
2003-10-24,38.38750076293945,38.38750076293945,38.38750076293945,38.38750076293945,24.50603485107422,0
2003-10-27,38.38750076293945,38.38750076293945,38.38750076293945,38.38750076293945,24.50603485107422,0
2003-10-28,38.38750076293945,38.38750076293945,38.38750076293945,38.38750076293945,24.50603485107422,0
2003-10-29,38.38750076293945,38.38750076293945,38.38750076293945,38.38750076293945,24.50603485107422,0
2003-10-30,38.38750076293945,38.38750076293945,38.38750076293945,38.38750076293945,24.50603485107422,0
2003-10-31,38.38750076293945,38.38750076293945,38.38750076293945,38.38750076293945,24.50603485107422,0
2003-11-03,38.38750076293945,38.38750076293945,38.38750076293945,38.38750076293945,24.50603485107422,0
2003-11-04,38.38750076293945,38.38750076293945,38.38750076293945,38.38750076293945,24.50603485107422,0
2003-11-05,38.38750076293945,38.38750076293945,38.38750076293945,38.38750076293945,24.50603485107422,0
2003-11-06,38.38750076293945,38.38750076293945,38.38750076293945,38.38750076293945,24.50603485107422,0
2003-11-07,38.38750076293945,38.38750076293945,38.38750076293945,38.38750076293945,24.50603485107422,0
2003-11-10,38.38750076293945,38.38750076293945,38.38750076293945,38.38750076293945,24.50603485107422,0
2003-11-11,38.38750076293945,38.38750076293945,38.38750076293945,38.38750076293945,24.50603485107422,0
2003-11-12,38.38750076293945,38.38750076293945,38.38750076293945,38.38750076293945,24.50603485107422,0
2003-11-13,38.38750076293945,38.38750076293945,38.38750076293945,38.38750076293945,24.50603485107422,0
2003-11-14,38.38750076293945,38.38750076293945,38.38750076293945,38.38750076293945,24.50603485107422,0
2003-11-17,38.38750076293945,38.38750076293945,38.38750076293945,38.38750076293945,24.50603485107422,0
2003-11-18,38.38750076293945,38.38750076293945,38.38750076293945,38.38750076293945,24.50603485107422,0
2003-11-19,38.38750076293945,38.38750076293945,38.38750076293945,38.38750076293945,24.50603485107422,0
2003-11-20,38.38750076293945,38.38750076293945,38.38750076293945,38.38750076293945,24.50603485107422,0
2003-11-21,38.38750076293945,38.38750076293945,38.38750076293945,38.38750076293945,24.50603485107422,0
2003-11-24,38.38750076293945,38.38750076293945,38.38750076293945,38.38750076293945,24.50603485107422,0
2003-11-25,38.38750076293945,38.38750076293945,38.38750076293945,38.38750076293945,24.50603485107422,0
2003-11-26,38.38750076293945,38.38750076293945,38.38750076293945,38.38750076293945,24.50603485107422,0
2003-11-27,38.38750076293945,38.38750076293945,38.38750076293945,38.38750076293945,24.50603485107422,0
2003-11-28,38.38750076293945,38.38750076293945,38.38750076293945,38.38750076293945,24.50603485107422,0
2003-12-01,38.38750076293945,38.38750076293945,38.38750076293945,38.38750076293945,24.50603485107422,0
2003-12-02,38.38750076293945,38.38750076293945,38.38750076293945,38.38750076293945,24.50603485107422,0
2003-12-03,38.38750076293945,38.38750076293945,38.38750076293945,38.38750076293945,24.50603485107422,0
2003-12-04,38.38750076293945,38.38750076293945,38.38750076293945,38.38750076293945,24.50603485107422,0
2003-12-05,38.38750076293945,38.38750076293945,38.38750076293945,38.38750076293945,24.50603485107422,0
2003-12-08,38.38750076293945,38.38750076293945,38.38750076293945,38.38750076293945,24.50603485107422,0
2003-12-09,38.38750076293945,38.38750076293945,38.38750076293945,38.38750076293945,24.50603485107422,0
2003-12-10,38.38750076293945,38.38750076293945,38.38750076293945,38.38750076293945,24.50603485107422,0
2003-12-11,38.38750076293945,38.38750076293945,38.38750076293945,38.38750076293945,24.50603485107422,0
2003-12-12,38.38750076293945,38.38750076293945,38.38750076293945,38.38750076293945,24.50603485107422,0
2003-12-15,38.38750076293945,38.38750076293945,38.38750076293945,38.38750076293945,24.50603485107422,0
2003-12-16,38.38750076293945,38.38750076293945,38.38750076293945,38.38750076293945,24.50603485107422,0
2003-12-17,38.38750076293945,38.38750076293945,38.38750076293945,38.38750076293945,24.50603485107422,0
2003-12-18,38.38750076293945,38.38750076293945,38.38750076293945,38.38750076293945,24.50603485107422,0
2003-12-19,38.38750076293945,38.38750076293945,38.38750076293945,38.38750076293945,24.50603485107422,0
2003-12-22,38.38750076293945,38.38750076293945,38.38750076293945,38.38750076293945,24.50603485107422,0
2003-12-23,38.38750076293945,38.38750076293945,38.38750076293945,38.38750076293945,24.50603485107422,0
2003-12-24,38.38750076293945,38.38750076293945,38.38750076293945,38.38750076293945,24.50603485107422,0
2003-12-25,38.38750076293945,38.38750076293945,38.38750076293945,38.38750076293945,24.50603485107422,0
2003-12-26,38.38750076293945,38.38750076293945,38.38750076293945,38.38750076293945,24.50603485107422,0
2003-12-29,38.38750076293945,38.38750076293945,38.38750076293945,38.38750076293945,24.50603485107422,0
2003-12-30,38.38750076293945,38.38750076293945,38.38750076293945,38.38750076293945,24.50603485107422,0
2003-12-31,38.38750076293945,38.38750076293945,38.38750076293945,38.38750076293945,24.50603485107422,0
2004-01-01,38.38750076293945,38.38750076293945,38.38750076293945,38.38750076293945,24.50603485107422,0
2004-01-02,38.38750076293945,38.38750076293945,38.38750076293945,38.38750076293945,24.50603485107422,0
2004-01-05,38.38750076293945,38.38750076293945,38.38750076293945,38.38750076293945,24.50603485107422,0
2004-01-06,38.38750076293945,38.38750076293945,38.38750076293945,38.38750076293945,24.50603485107422,0
2004-01-07,38.38750076293945,38.38750076293945,38.38750076293945,38.38750076293945,24.50603485107422,0
2004-01-08,38.38750076293945,38.38750076293945,38.38750076293945,38.38750076293945,24.50603485107422,0
2004-01-09,38.38750076293945,38.38750076293945,38.38750076293945,38.38750076293945,24.50603485107422,0
2004-01-12,38.38750076293945,38.38750076293945,38.38750076293945,38.38750076293945,24.50603485107422,0
2004-01-13,38.38750076293945,38.38750076293945,38.38750076293945,38.38750076293945,24.50603485107422,0
2004-01-14,38.38750076293945,38.38750076293945,38.38750076293945,38.38750076293945,24.50603485107422,0
2004-01-15,38.38750076293945,38.38750076293945,38.38750076293945,38.38750076293945,24.50603485107422,0
2004-01-16,38.38750076293945,38.38750076293945,38.38750076293945,38.38750076293945,24.50603485107422,0
2004-01-19,38.38750076293945,38.38750076293945,38.38750076293945,38.38750076293945,24.50603485107422,0
2004-01-20,38.38750076293945,38.38750076293945,38.38750076293945,38.38750076293945,24.50603485107422,0
2004-01-21,38.38750076293945,38.38750076293945,38.38750076293945,38.38750076293945,24.50603485107422,0
2004-01-22,38.38750076293945,38.38750076293945,38.38750076293945,38.38750076293945,24.50603485107422,0
2004-01-23,38.38750076293945,38.38750076293945,38.38750076293945,38.38750076293945,24.50603485107422,0
2004-01-26,38.38750076293945,38.38750076293945,38.38750076293945,38.38750076293945,24.50603485107422,0
2004-01-27,38.38750076293945,38.38750076293945,38.38750076293945,38.38750076293945,24.50603485107422,0
2004-01-28,38.38750076293945,38.38750076293945,38.38750076293945,38.38750076293945,24.50603485107422,0
2004-01-29,38.38750076293945,38.38750076293945,38.38750076293945,38.38750076293945,24.50603485107422,0
2004-01-30,38.38750076293945,38.38750076293945,38.38750076293945,38.38750076293945,24.50603485107422,0
2004-02-02,38.38750076293945,38.38750076293945,38.38750076293945,38.38750076293945,24.50603485107422,0
2004-02-03,38.38750076293945,38.38750076293945,38.38750076293945,38.38750076293945,24.50603485107422,0
2004-02-04,38.38750076293945,38.38750076293945,38.38750076293945,38.38750076293945,24.50603485107422,0
2004-02-05,38.38750076293945,38.38750076293945,38.38750076293945,38.38750076293945,24.50603485107422,0
2004-02-06,38.38750076293945,38.38750076293945,38.38750076293945,38.38750076293945,24.50603485107422,0
2004-02-09,38.38750076293945,38.38750076293945,38.38750076293945,38.38750076293945,24.50603485107422,0
2004-02-10,38.38750076293945,38.38750076293945,38.38750076293945,38.38750076293945,24.50603485107422,0
2004-02-11,38.38750076293945,38.38750076293945,38.38750076293945,38.38750076293945,24.50603485107422,0
2004-02-12,38.38750076293945,38.38750076293945,38.38750076293945,38.38750076293945,24.50603485107422,0
2004-02-13,38.38750076293945,38.38750076293945,38.38750076293945,38.38750076293945,24.50603485107422,0
2004-02-16,38.38750076293945,38.38750076293945,38.38750076293945,38.38750076293945,24.50603485107422,0
2004-02-17,38.38750076293945,38.38750076293945,38.38750076293945,38.38750076293945,24.50603485107422,0
2004-02-18,38.38750076293945,38.38750076293945,38.38750076293945,38.38750076293945,24.50603485107422,0
2004-02-19,38.38750076293945,38.38750076293945,38.38750076293945,38.38750076293945,24.50603485107422,0
2004-02-20,38.38750076293945,38.38750076293945,38.38750076293945,38.38750076293945,24.50603485107422,0
2004-02-23,38.38750076293945,38.38750076293945,38.38750076293945,38.38750076293945,24.50603485107422,0
2004-02-24,38.38750076293945,38.38750076293945,38.38750076293945,38.38750076293945,24.50603485107422,0
2004-02-25,38.38750076293945,38.38750076293945,38.38750076293945,38.38750076293945,24.50603485107422,0
2004-02-26,38.38750076293945,38.38750076293945,38.38750076293945,38.38750076293945,24.50603485107422,0
2004-02-27,38.38750076293945,38.38750076293945,38.38750076293945,38.38750076293945,24.50603485107422,0
2004-03-01,38.38750076293945,38.38750076293945,38.38750076293945,38.38750076293945,24.50603485107422,0
2004-03-02,38.38750076293945,38.38750076293945,38.38750076293945,38.38750076293945,24.50603485107422,0
2004-03-03,38.38750076293945,38.38750076293945,38.38750076293945,38.38750076293945,24.50603485107422,0
2004-03-04,38.38750076293945,38.38750076293945,38.38750076293945,38.38750076293945,24.50603485107422,0
2004-03-05,38.38750076293945,38.38750076293945,38.38750076293945,38.38750076293945,24.50603485107422,0
2004-03-08,38.38750076293945,38.38750076293945,38.38750076293945,38.38750076293945,24.50603485107422,0
2004-03-09,38.38750076293945,38.38750076293945,38.38750076293945,38.38750076293945,24.50603485107422,0
2004-03-10,38.38750076293945,38.38750076293945,38.38750076293945,38.38750076293945,24.50603485107422,0
2004-03-11,38.38750076293945,38.38750076293945,38.38750076293945,38.38750076293945,24.50603485107422,0
2004-03-12,38.38750076293945,38.38750076293945,38.38750076293945,38.38750076293945,24.50603485107422,0
2004-03-15,38.38750076293945,38.38750076293945,38.38750076293945,38.38750076293945,24.50603485107422,0
2004-03-16,38.38750076293945,38.38750076293945,38.38750076293945,38.38750076293945,24.50603485107422,0
2004-03-17,38.38750076293945,38.38750076293945,38.38750076293945,38.38750076293945,24.50603485107422,0
2004-03-18,38.38750076293945,38.38750076293945,38.38750076293945,38.38750076293945,24.50603485107422,0
2004-03-19,38.38750076293945,38.38750076293945,38.38750076293945,38.38750076293945,24.50603485107422,0
2004-03-22,38.38750076293945,38.38750076293945,38.38750076293945,38.38750076293945,24.50603485107422,0
2004-03-23,38.38750076293945,38.38750076293945,38.38750076293945,38.38750076293945,24.50603485107422,0
2004-03-24,38.38750076293945,38.38750076293945,38.38750076293945,38.38750076293945,24.50603485107422,0
2004-03-25,38.38750076293945,38.38750076293945,38.38750076293945,38.38750076293945,24.50603485107422,0
2004-03-26,38.38750076293945,38.38750076293945,38.38750076293945,38.38750076293945,24.50603485107422,0
2004-03-29,38.38750076293945,38.38750076293945,38.38750076293945,38.38750076293945,24.50603485107422,0
2004-03-30,38.38750076293945,38.38750076293945,38.38750076293945,38.38750076293945,24.50603485107422,0
2004-03-31,38.38750076293945,38.38750076293945,38.38750076293945,38.38750076293945,24.50603485107422,0
2004-04-01,38.38750076293945,38.38750076293945,38.38750076293945,38.38750076293945,24.50603485107422,0
2004-04-02,38.38750076293945,38.38750076293945,38.38750076293945,38.38750076293945,24.50603485107422,0
2004-04-05,38.38750076293945,38.38750076293945,38.38750076293945,38.38750076293945,24.50603485107422,0
2004-04-06,38.38750076293945,38.38750076293945,38.38750076293945,38.38750076293945,24.50603485107422,0
2004-04-07,38.38750076293945,38.38750076293945,38.38750076293945,38.38750076293945,24.50603485107422,0
2004-04-08,38.38750076293945,38.38750076293945,38.38750076293945,38.38750076293945,24.50603485107422,0
2004-04-09,38.38750076293945,38.38750076293945,38.38750076293945,38.38750076293945,24.50603485107422,0
2004-04-12,38.38750076293945,38.38750076293945,38.38750076293945,38.38750076293945,24.50603485107422,0
2004-04-13,38.38750076293945,38.38750076293945,38.38750076293945,38.38750076293945,24.50603485107422,0
2004-04-14,38.38750076293945,38.38750076293945,38.38750076293945,38.38750076293945,24.50603485107422,0
2004-04-15,38.38750076293945,38.38750076293945,38.38750076293945,38.38750076293945,24.50603485107422,0
2004-04-16,38.38750076293945,38.38750076293945,38.38750076293945,38.38750076293945,24.50603485107422,0
2004-04-19,38.38750076293945,38.38750076293945,38.38750076293945,38.38750076293945,24.50603485107422,0
2004-04-20,38.38750076293945,38.38750076293945,38.38750076293945,38.38750076293945,24.50603485107422,0
2004-04-21,38.38750076293945,38.38750076293945,38.38750076293945,38.38750076293945,24.50603485107422,0
2004-04-22,38.38750076293945,38.38750076293945,38.38750076293945,38.38750076293945,24.50603485107422,0
2004-04-23,38.38750076293945,38.38750076293945,38.38750076293945,38.38750076293945,24.50603485107422,0
2004-04-26,38.38750076293945,38.38750076293945,38.38750076293945,38.38750076293945,24.50603485107422,0
2004-04-27,38.38750076293945,38.38750076293945,38.38750076293945,38.38750076293945,24.50603485107422,0
2004-04-28,38.38750076293945,38.38750076293945,38.38750076293945,38.38750076293945,24.50603485107422,0
2004-04-29,38.38750076293945,38.38750076293945,38.38750076293945,38.38750076293945,24.50603485107422,0
2004-04-30,38.38750076293945,38.38750076293945,38.38750076293945,38.38750076293945,24.50603485107422,0
2004-05-03,38.38750076293945,38.38750076293945,38.38750076293945,38.38750076293945,24.50603485107422,0
2004-05-04,38.38750076293945,38.38750076293945,38.38750076293945,38.38750076293945,24.50603485107422,0
2004-05-05,38.38750076293945,38.38750076293945,38.38750076293945,38.38750076293945,24.50603485107422,0
2004-05-06,118.625,122.5,113.80000305175781,115.88749694824219,73.98094940185547,19760
2004-05-07,116.25,116.25,111.0999984741211,111.82499694824219,71.38751983642578,31344
2004-05-10,111.0,112.0,109.51249694824219,111.0999984741211,70.92466735839844,4904
2004-05-11,114.0,114.0,103.75,105.3125,67.23003387451172,21032
2004-05-12,102.25,108.75,91.5,98.44999694824219,62.849090576171875,134928
2004-05-13,90.01249694824219,100.0,88.75,95.82499694824219,61.17335891723633,55456
2004-05-14,97.5,98.75,87.5,89.0374984741211,56.840301513671875,31144
2004-05-17,85.0,85.0,71.5250015258789,74.5374984741211,47.58367156982422,33968
2004-05-18,80.25,82.5,75.0,80.0374984741211,51.094818115234375,29128
2004-05-19,84.5,88.5,82.125,85.55000305175781,54.613929748535156,39960
2004-05-20,86.25,86.25,82.5,83.51249694824219,53.31319808959961,32104
2004-05-21,81.2750015258789,82.5,79.0250015258789,80.7874984741211,51.573612213134766,31176
2004-05-24,80.75,89.98750305175781,80.75,89.5875015258789,57.19138717651367,54792
2004-05-25,87.75,87.75,83.0,86.0,54.90119552612305,32648
2004-05-26,88.75,90.0,86.0,86.7249984741211,55.3640251159668,18416
2004-05-27,87.5,89.36250305175781,86.44999694824219,86.98750305175781,55.5316047668457,14072
2004-05-28,87.5,87.5,82.5,83.1500015258789,53.08180236816406,17040
2004-05-31,79.125,81.2249984741211,77.69999694824219,79.2125015258789,50.56813049316406,11976
2004-06-01,82.4625015258789,84.75,79.38749694824219,80.11250305175781,51.142696380615234,29320
2004-06-02,82.125,82.125,79.7750015258789,80.0,51.070899963378906,4560
2004-06-03,82.0,83.3499984741211,78.30000305175781,78.67500305175781,50.22502136230469,13808
2004-06-04,81.23750305175781,81.25,77.25,78.4625015258789,50.0893669128418,23944
2004-06-07,80.0,80.0,78.25,79.2249984741211,50.576148986816406,9608
2004-06-08,78.4000015258789,79.2249984741211,76.61250305175781,77.4749984741211,49.458961486816406,10272
2004-06-09,77.5,81.2249984741211,77.375,79.92500305175781,51.02299880981445,31424
2004-06-10,81.25,91.25,80.0,87.23750305175781,55.69120788574219,54480
2004-06-11,91.26249694824219,102.0,91.26249694824219,93.61250305175781,59.76089859008789,1495680
2004-06-14,93.38749694824219,93.75,85.75,86.3499984741211,55.1246337890625,295448
2004-06-15,88.0,89.25,85.7125015258789,86.8125,55.41984939575195,172688
2004-06-16,87.5,87.8499984741211,85.5,85.9124984741211,54.84532165527344,62312
2004-06-17,85.625,86.92500305175781,85.625,86.1624984741211,55.00492477416992,30208
2004-06-18,86.36250305175781,93.25,86.36250305175781,88.9749984741211,56.800376892089844,91440
2004-06-21,90.0,92.0,86.80000305175781,88.0250015258789,56.19395065307617,49328
2004-06-22,88.0,88.25,85.5,85.9749984741211,54.88521957397461,20064
2004-06-23,86.875,87.5,82.82499694824219,84.30000305175781,53.81593322753906,22912
2004-06-24,84.98750305175781,86.5,83.2750015258789,85.69999694824219,54.709651947021484,21592
2004-06-25,85.0,87.5,85.0,85.69999694824219,54.709651947021484,60280
2004-06-28,87.19999694824219,91.25,87.19999694824219,89.8499984741211,57.35896682739258,100536
2004-06-29,91.25,91.4749984741211,88.125,89.23750305175781,56.96796417236328,47952
2004-06-30,89.0,90.25,87.0,87.25,55.69919967651367,20576
2004-07-01,88.48750305175781,88.9625015258789,87.5250015258789,88.3499984741211,56.40139389038086,15168
2004-07-02,89.5,93.0,89.5,91.4375,58.3724365234375,123232
2004-07-05,91.0,91.625,87.75,88.375,56.41737747192383,22040
2004-07-06,88.13749694824219,90.0,88.13749694824219,89.2125015258789,56.952030181884766,39312
2004-07-07,90.0,90.75,87.5,88.11250305175781,56.24979782104492,39640
2004-07-08,87.5,90.0374984741211,83.73750305175781,84.4375,53.90370178222656,80424
2004-07-09,78.7750015258789,86.25,78.0625,85.625,54.661800384521484,29280
2004-07-12,86.25,88.2125015258789,85.0,87.30000305175781,55.731075286865234,22272
2004-07-13,88.76249694824219,90.25,88.0,88.3375015258789,56.393409729003906,48160
2004-07-14,89.98750305175781,92.5,88.875,90.61250305175781,57.84575271606445,74376
2004-07-15,91.75,91.94999694824219,90.5625,90.9000015258789,58.02925491333008,36024
2004-07-16,93.7249984741211,95.5,92.5250015258789,93.9749984741211,59.99232482910156,167704
2004-07-19,95.25,97.19999694824219,93.75,95.4124984741211,60.909996032714844,174480
2004-07-20,96.0,98.25,94.7750015258789,97.1875,62.04314422607422,157816
2004-07-21,99.76249694824219,99.76249694824219,95.5,96.32499694824219,61.492523193359375,129968
2004-07-22,97.5,97.5,95.51249694824219,95.82499694824219,61.17335891723633,64272
2004-07-23,97.5,97.5,95.7750015258789,96.86250305175781,61.83565139770508,42576
2004-07-26,97.0,97.375,96.125,96.9375,61.8835334777832,29512
2004-07-27,96.9375,96.9375,96.9375,96.9375,61.8835334777832,0
2004-07-28,100.5,103.0,99.0,101.0625,64.5168685913086,182768
2004-07-29,101.5,101.9625015258789,99.0,100.26249694824219,64.00617218017578,93344
2004-07-30,102.25,102.25,100.0,100.13749694824219,63.926361083984375,73272
2004-08-02,99.8125,100.75,99.75,100.0250015258789,63.85454559326172,99528
2004-08-03,100.25,100.6875,99.5374984741211,99.9000015258789,63.77472686767578,25104
2004-08-04,95.0,100.17500305175781,95.0,99.94999694824219,63.80668640136719,43656
2004-08-05,99.75,100.69999694824219,98.25,98.8499984741211,63.10443115234375,44048
2004-08-06,98.2750015258789,99.9000015258789,97.5,97.5625,62.28253936767578,32392
2004-08-09,97.51249694824219,98.75,95.32499694824219,98.4749984741211,62.86502456665039,19040
2004-08-10,101.2249984741211,101.375,98.375,101.19999694824219,64.60467529296875,50656
2004-08-11,101.5625,109.0,100.5,106.30000305175781,67.86042785644531,271960
2004-08-12,106.30000305175781,106.30000305175781,106.30000305175781,106.30000305175781,67.86042785644531,0
2004-08-13,110.0,111.75,105.0,106.875,68.22748565673828,119976
2004-08-16,104.75,106.07499694824219,101.7874984741211,102.4000015258789,65.3707275390625,39776
2004-08-17,104.0,105.86250305175781,102.0,102.4124984741211,65.37869262695312,74976
2004-08-18,103.375,104.4749984741211,102.0,102.4375,65.3946762084961,21432
2004-08-19,103.5,104.375,103.125,104.0625,66.43207550048828,19856
2004-08-20,102.75,104.2249984741211,102.4000015258789,102.7125015258789,65.57025909423828,22184
2004-08-23,97.61250305175781,109.75,97.61250305175781,107.01249694824219,68.31524658203125,108624
2004-08-24,109.94999694824219,116.4375,108.5,115.17500305175781,73.52610778808594,455456
2004-08-25,149.83749389648438,149.83749389648438,122.375,123.4937515258789,78.83663940429688,136928
2004-08-26,124.0,124.625,121.9124984741211,122.375,78.12248229980469,40443200
2004-08-27,122.80000305175781,122.80000305175781,119.81999969482422,120.3324966430664,76.81857299804688,30646000
2004-08-30,121.23750305175781,123.75,120.625,123.34500122070312,78.74169921875,24465208
2004-08-31,123.3125,123.75,122.0,123.51249694824219,78.8486328125,21194656
2004-09-01,123.75,124.375,122.94999694824219,123.48750305175781,78.83270263671875,19935544
2004-09-02,123.73750305175781,125.57499694824219,123.25,124.2074966430664,79.2923355102539,21356352
2004-09-03,125.75,137.5,123.79499816894531,124.73249816894531,79.62745666503906,9869856
2004-09-06,129.9875030517578,129.9875030517578,124.11250305175781,124.35749816894531,79.38807678222656,9038672
2004-09-07,129.375,129.375,124.375,124.44999694824219,79.4471435546875,5772232
2004-09-08,124.5,125.0999984741211,123.88749694824219,124.2125015258789,79.2955322265625,6593984
2004-09-09,124.625,124.73750305175781,122.30750274658203,122.49500274658203,78.19908142089844,7947184
2004-09-10,123.75,123.75,122.0,123.5999984741211,78.90451049804688,6415072
2004-09-13,123.875,126.9375,123.875,125.4375,80.07757568359375,20904912
2004-09-14,125.625,127.3499984741211,125.37000274658203,126.9574966430664,81.04788208007812,15335472
2004-09-15,127.25,127.5,125.1500015258789,125.76249694824219,80.28500366210938,11988288
2004-09-16,125.875,126.875,125.3125,126.05750274658203,80.47332763671875,7358224
2004-09-17,126.5,128.7375030517578,126.2874984741211,128.0625,81.75331115722656,14627896
2004-09-20,129.0500030517578,129.6125030517578,127.5199966430664,127.86250305175781,81.62560272216797,8552224
2004-09-21,128.1074981689453,131.0625,127.75,130.72500610351562,83.45295715332031,13897080
2004-09-22,131.0500030517578,132.0,129.6374969482422,131.50750732421875,83.9525375366211,15371584
2004-09-23,131.0,131.125,128.375,128.78250122070312,82.21295928955078,15819680
2004-09-24,128.6374969482422,130.0,128.25,128.60000610351562,82.09642791748047,8083208
2004-09-27,128.4375,129.0625,126.875,127.59500122070312,81.45484924316406,8229512
2004-09-28,127.0,128.4250030517578,126.5625,126.94499969482422,81.03990173339844,6339416
2004-09-29,127.40750122070312,129.125,127.0199966430664,128.875,82.27201843261719,11737176
2004-09-30,129.4499969482422,130.1125030517578,127.5824966430664,128.3874969482422,81.96078491210938,12521432
2004-10-01,128.625,132.0574951171875,128.2949981689453,130.96249389648438,83.60458374023438,10968888
2004-10-04,132.125,135.125,131.8074951171875,134.5625,85.90276336669922,15129824
2004-10-05,135.03750610351562,136.125,134.4375,135.08749389648438,86.23797607421875,14341288
2004-10-06,135.125,137.85000610351562,134.38250732421875,135.1999969482422,86.30975341796875,17670664
2004-10-07,135.375,137.5,135.375,137.1374969482422,87.54664611816406,10080128
2004-10-08,137.25,138.875,136.875,137.25750732421875,87.6232681274414,8558920
2004-10-11,137.5,138.9375,135.625,136.16250610351562,86.92425537109375,9332056
2004-10-12,138.75,139.375,134.70750427246094,135.5574951171875,86.53800964355469,15600512
2004-10-14,137.875,140.5,136.00750732421875,139.52499389648438,89.07080078125,19225984
2004-10-15,140.21249389648438,142.625,139.65750122070312,140.75,89.85281372070312,17799744
2004-10-18,141.75,142.75,140.65750122070312,142.15750122070312,90.75138092041016,13693344
2004-10-19,142.52000427246094,143.58749389648438,142.0124969482422,142.89999389648438,91.225341796875,11767128
2004-10-20,143.10000610351562,143.7375030517578,141.125,141.65750122070312,90.43213653564453,7206832
2004-10-21,142.15750122070312,142.375,140.25,140.69500732421875,89.81770324707031,6413520
2004-10-22,140.69500732421875,140.69500732421875,140.69500732421875,140.69500732421875,89.81770324707031,0
2004-10-25,140.625,140.875,138.84500122070312,139.6699981689453,89.16337585449219,9390272
2004-10-26,139.4499969482422,142.6199951171875,139.4499969482422,142.14999389648438,90.74655151367188,6932760
2004-10-27,142.78250122070312,143.5,141.89999389648438,142.4875030517578,90.9620361328125,7837656
2004-10-28,143.125,146.85000610351562,143.125,145.7449951171875,93.28704071044922,18591416
2004-10-29,145.9949951171875,145.9949951171875,143.14500427246094,144.53250122070312,92.51097869873047,8661776
2004-11-01,143.75,146.8074951171875,142.78750610351562,146.33250427246094,93.66310119628906,6137568
2004-11-02,141.25,147.47000122070312,140.625,144.96249389648438,92.78620910644531,8864040
2004-11-03,145.125,148.0,145.125,146.89999389648438,94.02635955810547,8978136
2004-11-04,147.72000122070312,148.4875030517578,145.96249389648438,146.3000030517578,93.64227294921875,6555808
2004-11-05,146.7449951171875,147.5,145.0,145.6824951171875,93.2470474243164,5023848
2004-11-08,145.625,148.6125030517578,144.5,148.02000427246094,94.74323272705078,10291728
2004-11-09,148.375,149.7375030517578,147.125,148.5500030517578,95.08247375488281,7338712
2004-11-10,148.875,149.875,148.7624969482422,149.2949981689453,95.55931854248047,5734392
2004-11-11,149.875,150.4250030517578,148.8874969482422,149.53250122070312,95.71134948730469,5235128
2004-11-12,150.5,151.0,148.77499389648438,149.59500122070312,95.7513427734375,1813408
2004-11-15,149.59500122070312,149.59500122070312,149.59500122070312,149.59500122070312,95.7513427734375,0
2004-11-16,149.75,149.75,148.0,148.8625030517578,95.2824935913086,4005504
2004-11-17,148.9375,151.2375030517578,148.9375,150.6750030517578,96.44258880615234,5467936
2004-11-18,151.1824951171875,154.32000732421875,150.8125,153.875,98.49083709716797,7472128
2004-11-19,154.125,154.625,151.3874969482422,152.1374969482422,97.37875366210938,6812760
2004-11-22,150.97500610351562,153.25,149.375,152.8074951171875,97.80754852294922,4738272
2004-11-23,153.8249969482422,155.25,153.02000427246094,154.44500732421875,98.85564422607422,4312792
2004-11-24,154.875,155.625,153.77000427246094,154.2375030517578,98.72289276123047,3223304
2004-11-25,154.25,155.5,151.08250427246094,152.1074981689453,97.35950469970703,6310872
2004-11-26,152.1074981689453,152.1074981689453,152.1074981689453,152.1074981689453,97.35950469970703,0
2004-11-29,152.0,155.96249389648438,150.69500732421875,155.4875030517578,99.52294921875,5281488
2004-11-30,156.02000427246094,160.75,155.625,159.33250427246094,101.98399353027344,10508144
2004-12-01,160.125,160.125,157.125,157.69500732421875,100.93595123291016,8481864
2004-12-02,158.125,159.625,154.8874969482422,155.3249969482422,99.41888427734375,9657704
2004-12-03,156.15750122070312,156.9875030517578,152.69500732421875,154.59500122070312,98.95169830322266,9777216
2004-12-06,155.0,156.25,151.0625,151.82000732421875,97.17552947998047,11473872
2004-12-07,152.0,154.1125030517578,151.875,152.28250122070312,97.47152709960938,7863224
2004-12-08,152.25,153.3249969482422,149.50750732421875,150.10000610351562,96.07459259033203,7329408
2004-12-09,150.6199951171875,152.125,150.6074981689453,151.4324951171875,96.92745208740234,3801224
2004-12-10,152.5,154.4375,151.75,153.20750427246094,98.06359100341797,6216808
2004-12-13,153.25,155.20750427246094,153.15750122070312,154.52000427246094,98.9036636352539,4996232
2004-12-14,155.25,155.58749389648438,153.78750610351562,154.14500427246094,98.66362762451172,3083504
2004-12-15,155.5,156.84500122070312,154.75,155.6875,99.65096282958984,5772672
2004-12-16,156.0574951171875,158.125,154.75,157.83250427246094,101.0239486694336,4350464
2004-12-17,157.5,159.35000610351562,156.5124969482422,157.0625,100.53108978271484,5509752
2004-12-20,157.5,158.5625,157.0625,157.82000732421875,101.01590728759766,2268424
2004-12-21,158.1199951171875,159.625,157.89500427246094,159.08749389648438,101.82716369628906,3458512
2004-12-22,159.3874969482422,159.3874969482422,153.75,155.02000427246094,99.22370147705078,6001712
2004-12-23,155.96249389648438,155.96249389648438,153.125,153.4824981689453,98.23960876464844,3948912
2004-12-24,154.1199951171875,159.0,152.69500732421875,158.4949951171875,101.44795989990234,6661856
2004-12-27,158.75,160.625,157.77499389648438,158.82000732421875,101.65599822998047,4400504
2004-12-28,159.0,164.25,158.27499389648438,163.6699981689453,104.76033782958984,9614448
2004-12-29,164.6199951171875,167.1125030517578,164.14500427246094,165.03250122070312,105.63239288330078,6633224
2004-12-30,164.75,166.0,161.4824981689453,162.08250427246094,103.74423217773438,5626792
2004-12-31,162.5,167.35000610351562,162.08250427246094,166.9324951171875,106.84856414794922,4899312
2005-01-03,166.9324951171875,169.58749389648438,166.9324951171875,169.15750122070312,108.2726821899414,4734168
2005-01-04,168.75,169.25,166.64500427246094,167.65750122070312,107.31262969970703,4979104
2005-01-05,167.52499389648438,167.52499389648438,160.03750610351562,165.625,106.0116195678711,9604320
2005-01-06,165.0,168.25,161.5625,165.0574951171875,105.64842987060547,8006888
2005-01-07,166.25,168.125,164.08250427246094,167.4949951171875,107.20863342285156,7623136
2005-01-10,168.58250427246094,169.9250030517578,165.25,165.9324951171875,106.20842742919922,7521568
2005-01-11,166.25,166.91250610351562,162.625,164.22000122070312,105.11238861083984,7986376
2005-01-12,165.7449951171875,170.9949951171875,160.83749389648438,162.25750732421875,103.85623931884766,20720032
2005-01-13,163.75,167.33749389648438,159.375,161.6125030517578,103.44335174560547,27757952
2005-01-14,163.08749389648438,164.7375030517578,159.625,162.0500030517578,103.72339630126953,15757776
2005-01-17,163.6999969482422,163.6999969482422,155.02499389648438,157.90750122070312,101.07195281982422,13651184
2005-01-18,159.33749389648438,160.5,157.1875,157.9824981689453,101.1198501586914,6183264
2005-01-19,158.25,159.21249389648438,156.3874969482422,156.9250030517578,100.44307708740234,3538488
2005-01-20,156.875,156.875,153.75,155.46249389648438,99.5069580078125,4536200
2005-01-24,155.46249389648438,155.9199981689453,151.9199981689453,152.58250427246094,97.66357421875,3628192
2005-01-25,151.85000610351562,154.9875030517578,150.8874969482422,154.4324951171875,98.8476791381836,4465928
2005-01-27,155.40750122070312,156.72500610351562,154.41250610351562,155.07000732421875,99.2557144165039,5455344
2005-01-28,155.3574981689453,161.85000610351562,155.3125,161.14999389648438,103.14736938476562,8393816
2005-01-31,162.25,163.97500610351562,161.28250122070312,162.5500030517578,104.04344177246094,5853384
2005-02-01,163.375,165.0,160.875,164.40750122070312,105.23240661621094,8019840
2005-02-02,164.875,165.4324951171875,162.875,163.6199951171875,104.72833251953125,4870456
2005-02-03,164.0,164.34500122070312,162.75,163.8874969482422,105.18077850341797,3327616
2005-02-04,163.75,165.25,162.57000732421875,163.3074951171875,104.80854034423828,2684040
2005-02-07,164.0749969482422,166.33749389648438,162.625,164.22000122070312,105.39421081542969,5944216
2005-02-08,164.22000122070312,165.375,163.5,164.5,105.57386779785156,3284432
2005-02-09,165.125,167.9499969482422,165.09500122070312,166.60000610351562,106.92162322998047,5537936
2005-02-10,166.25,167.9375,165.375,166.58250427246094,106.91036224365234,4376648
2005-02-11,167.25,173.375,167.25,172.72000122070312,110.84935760498047,10367096
2005-02-14,173.88250732421875,177.25,173.88250732421875,176.20750427246094,113.08759307861328,8875264
2005-02-15,176.25,176.875,171.75,172.6699981689453,110.81732940673828,3976720
2005-02-16,174.875,174.875,170.125,171.02000427246094,109.75831604003906,3126832
2005-02-17,171.02000427246094,173.25,168.8249969482422,172.7324981689453,110.85737609863281,4124976
2005-02-18,172.5,174.0,169.375,171.875,110.30709075927734,2545144
2005-02-21,171.375,171.97500610351562,168.1374969482422,170.69500732421875,109.54977416992188,1777152
2005-02-22,170.58749389648438,171.2449951171875,168.875,170.4324951171875,109.38127899169922,2139040
2005-02-23,170.4324951171875,172.7624969482422,169.39500427246094,171.8699951171875,110.30382537841797,5166816
2005-02-24,171.8699951171875,174.4875030517578,170.14999389648438,170.9949951171875,109.74226379394531,10806440
2005-02-25,172.10000610351562,172.375,169.14500427246094,170.50750732421875,109.42948150634766,5070896
2005-02-28,172.375,173.125,167.5,172.6125030517578,110.7803726196289,6402408
2005-03-01,172.625,180.0,168.875,169.6824951171875,108.89995574951172,4958152
2005-03-02,171.875,171.875,170.1999969482422,171.0,109.7454833984375,2658112
2005-03-03,171.25,174.375,170.5,173.69500732421875,111.47511291503906,2891160
2005-03-04,174.25,175.4375,172.75,174.03250122070312,111.69174194335938,4017872
2005-03-07,174.375,176.0,174.25,175.02499389648438,112.32865142822266,3658032
2005-03-08,175.5,177.6125030517578,174.4199981689453,176.7449951171875,113.43254852294922,5027680
2005-03-09,176.125,178.3125,174.38250732421875,175.9375,112.91434478759766,5422088
2005-03-10,176.25,176.25,173.78250122070312,174.94500732421875,112.27733612060547,2302280
2005-03-11,175.75,179.3625030517578,175.625,178.4324951171875,114.51557159423828,5205744
2005-03-14,178.5,182.5,177.5,181.4824981689453,116.47296142578125,6534032
2005-03-15,181.375,182.75,178.75,180.33250427246094,115.7349853515625,4146480
2005-03-16,180.0,183.4499969482422,180.0,181.50750732421875,116.48902130126953,5473416
2005-03-17,181.0,184.21249389648438,180.0,182.6199951171875,117.20301055908203,6805328
2005-03-18,182.375,184.0625,178.125,183.58749389648438,117.8239517211914,6123464
2005-03-21,183.77000427246094,184.375,180.5749969482422,182.0574951171875,116.8420639038086,4354120
2005-03-22,181.85000610351562,182.1374969482422,180.0124969482422,180.44500732421875,115.80718231201172,2684432
2005-03-23,180.0,181.0,176.6699981689453,177.65750122070312,114.0181884765625,3439416
2005-03-24,178.75,179.75,172.20750427246094,173.0449981689453,111.05792999267578,5954576
2005-03-28,173.875,176.1074981689453,173.0,174.0500030517578,111.70292663574219,3699728
2005-03-29,174.375,174.75,170.27499389648438,171.3625030517578,109.97810363769531,3053400
2005-03-30,171.3874969482422,175.0,170.0,173.82000732421875,111.55532836914062,4115256
2005-03-31,175.5625,180.6374969482422,174.65750122070312,179.00750732421875,114.88465881347656,6914640
2005-04-01,179.125,182.125,176.75,181.3699951171875,116.40081024169922,5562672
2005-04-04,181.5,182.10000610351562,177.91250610351562,178.47000122070312,114.53960418701172,5257360
2005-04-05,178.625,180.3125,177.0124969482422,178.1824951171875,114.35516357421875,3367832
2005-04-06,178.375,181.0,178.375,180.1699981689453,115.63062286376953,1953408
2005-04-07,180.125,181.25,177.75,178.14999389648438,114.33421325683594,2483216
2005-04-08,178.83749389648438,179.3625030517578,173.75750732421875,174.19500732421875,111.79598999023438,4052280
2005-04-11,174.625,175.0,170.0124969482422,170.4499969482422,109.39250946044922,2822992
2005-04-12,174.875,174.875,170.625,172.75,110.8686294555664,4112696
2005-04-13,174.25,175.875,173.19500732421875,175.1999969482422,112.44097137451172,4638600
2005-04-15,174.375,174.375,164.375,164.875,105.8145751953125,9862480
2005-04-18,162.5,168.58749389648438,161.375,164.83250427246094,105.7872085571289,6024304
2005-04-19,166.25,168.6125030517578,147.2624969482422,151.08749389648438,96.96591186523438,27235152
2005-04-20,150.0,150.0,136.66250610351562,139.52499389648438,89.54524993896484,47498256
2005-04-21,140.625,143.5,138.75,142.8000030517578,91.64708709716797,13252336
2005-04-22,145.0,146.45750427246094,142.53250122070312,145.84500122070312,93.60137176513672,12958672
2005-04-25,145.60000610351562,145.9875030517578,143.5,144.6199951171875,92.8151626586914,6880584
2005-04-26,144.625,145.47500610351562,141.7624969482422,142.08749389648438,91.18986511230469,5539000
2005-04-27,142.6374969482422,142.6374969482422,138.875,139.45750427246094,89.50194549560547,6537368
2005-04-28,139.3874969482422,141.25,137.14500427246094,139.35000610351562,89.43299102783203,8728872
2005-04-29,141.10000610351562,143.08749389648438,139.63250732421875,141.3874969482422,90.74055480957031,11065704
2005-05-02,143.75,147.25,139.7624969482422,141.1125030517578,90.5641098022461,5129600
2005-05-03,141.25,141.875,138.1699981689453,138.5749969482422,88.93557739257812,5503048
2005-05-04,138.3125,140.5625,138.3125,140.1074981689453,89.91910552978516,4792144
2005-05-05,143.7449951171875,143.75,140.69500732421875,142.1074981689453,91.20267486572266,6495064
2005-05-06,142.5,146.46249389648438,141.52000427246094,145.9375,93.66069793701172,8188664
2005-05-09,146.25,147.78250122070312,145.78250122070312,146.90750122070312,94.28324890136719,4739040
2005-05-10,147.25,147.25,143.28250122070312,144.0625,92.45738983154297,7075952
2005-05-11,143.5,144.0749969482422,142.2449951171875,143.6374969482422,92.18457794189453,3213288
2005-05-12,144.875,145.21249389648438,142.89500427246094,143.34500122070312,91.99688720703125,3608944
2005-05-13,143.625,143.875,142.52000427246094,143.5749969482422,92.1445083618164,2388752
2005-05-16,143.125,144.8625030517578,142.78250122070312,144.28750610351562,92.6017837524414,5775200
2005-05-17,145.1374969482422,145.58749389648438,143.0500030517578,143.82000732421875,92.30172729492188,4666576
2005-05-18,144.25,144.25,140.375,142.83749389648438,91.67115783691406,4588224
2005-05-19,144.1824951171875,146.5,144.14999389648438,145.3125,93.2596206665039,3659448
2005-05-20,145.625,146.83749389648438,143.39999389648438,146.20750427246094,93.833984375,3265616
2005-05-23,146.25,154.3625030517578,146.25,152.97500610351562,98.17729187011719,10362016
2005-05-24,155.58749389648438,155.58749389648438,150.65750122070312,154.3574981689453,99.06452941894531,6128856
2005-05-25,153.71249389648438,158.6750030517578,151.875,157.57000732421875,101.1263198852539,7894472
2005-05-26,157.25,162.0,156.39500427246094,161.25750732421875,103.49287414550781,9782096
2005-05-27,160.375,162.375,156.90750122070312,158.64999389648438,101.81942749023438,7363480
2005-05-30,158.64999389648438,166.63250732421875,158.0,164.8874969482422,105.82259368896484,17893184
2005-05-31,165.0,167.8625030517578,163.19500732421875,166.78250122070312,107.03874969482422,10365568
2005-06-01,166.25,166.25,162.19500732421875,163.0625,104.65132904052734,7530088
2005-06-02,163.5,163.625,158.1374969482422,158.57000732421875,101.76808166503906,11076624
2005-06-03,158.57000732421875,162.08749389648438,157.63250732421875,161.64500427246094,103.74159240722656,6548528
2005-06-06,161.875,162.71249389648438,158.78750610351562,160.0500030517578,102.71794891357422,5792512
2005-06-07,161.10000610351562,161.10000610351562,158.63250732421875,159.70750427246094,102.4981460571289,3698192
2005-06-08,160.0,162.0,159.5124969482422,161.5124969482422,103.65654754638672,4832512
2005-06-09,161.75,162.375,158.9199981689453,159.66250610351562,102.46925354003906,3598336
2005-06-10,160.0,162.5,157.6374969482422,158.27000427246094,101.57551574707031,6642624
2005-06-13,159.375,160.375,157.52499389648438,158.95750427246094,102.01673889160156,2590032
2005-06-14,159.625,159.9875030517578,157.52499389648438,158.25750732421875,101.56751251220703,3452384
2005-06-15,158.72000122070312,159.7375030517578,158.28750610351562,159.02000427246094,102.0569076538086,2791072
2005-06-16,159.72500610351562,160.9875030517578,158.1074981689453,159.71249389648438,102.50128936767578,4593552
2005-06-17,160.33749389648438,160.8074951171875,157.8874969482422,158.45750427246094,101.69587707519531,3067992
2005-06-20,159.375,162.7449951171875,158.78750610351562,161.9875030517578,103.96138000488281,6412672
2005-06-21,162.5,164.0500030517578,160.41250610351562,163.1374969482422,104.69944763183594,10463544
2005-06-22,163.625,167.375,163.625,166.6699981689453,106.9665298461914,11537376
2005-06-23,166.25,167.22000122070312,163.125,163.4250030517578,104.88398742675781,3676944
2005-06-24,162.5,167.28750610351562,161.875,165.72000122070312,106.35685729980469,6021320
2005-06-27,164.96249389648438,166.625,163.5,164.5574951171875,105.6108169555664,3548128
2005-06-28,164.75,166.0,164.25750732421875,165.44500732421875,106.18037414550781,5776112
2005-06-29,165.625,169.7449951171875,165.27000427246094,166.57000732421875,106.90233612060547,6446640
2005-06-30,167.35000610351562,170.625,167.35000610351562,169.7624969482422,108.95127868652344,7189000
2005-07-01,168.75,169.58749389648438,167.5449981689453,169.0500030517578,108.49398803710938,4820568
2005-07-04,169.85000610351562,171.4875030517578,166.375,169.88250732421875,109.02828216552734,3951648
2005-07-05,171.22000122070312,171.22000122070312,164.0749969482422,165.02499389648438,105.91075897216797,5187376
2005-07-06,165.75,166.5749969482422,164.52000427246094,165.3874969482422,106.54696655273438,3057216
2005-07-07,165.3874969482422,167.5,162.90750122070312,163.70750427246094,105.46465301513672,3488888
2005-07-08,163.8249969482422,166.1750030517578,161.69500732421875,163.8874969482422,105.58063507080078,6088000
2005-07-11,163.8874969482422,166.25,163.8874969482422,165.75750732421875,106.78538513183594,3791264
2005-07-12,164.8249969482422,165.125,159.03750610351562,160.7375030517578,103.55134582519531,6150600
2005-07-13,160.625,162.5,158.375,158.84500122070312,102.33216094970703,6469840
2005-07-14,159.83250427246094,160.96249389648438,152.0449981689453,153.125,98.6471939086914,8860408
2005-07-15,153.875,157.7375030517578,151.88250732421875,156.0574951171875,100.53636932373047,9341720
2005-07-18,156.5,184.875,156.5,165.27499389648438,106.47454071044922,14475608
2005-07-19,168.5500030517578,169.75,157.5,164.89500427246094,106.22975158691406,4677744
2005-07-20,166.875,166.875,163.14500427246094,163.53250122070312,105.35193634033203,3494304
2005-07-21,165.125,165.125,160.0,161.28750610351562,103.90568542480469,4198984
2005-07-22,160.625,162.2324981689453,158.8000030517578,161.7449951171875,104.20038604736328,5179296
2005-07-25,162.0749969482422,162.7949981689453,159.39999389648438,160.5449981689453,103.42733764648438,5433024
2005-07-26,160.7324981689453,161.5,157.5,158.15750122070312,101.88922882080078,5229680
2005-07-27,158.125,161.0,158.125,160.5625,103.43859100341797,2597408
2005-07-28,321.125,321.125,321.125,321.125,206.87718200683594,0
2005-07-29,159.375,161.25,157.75,158.60000610351562,102.17430114746094,8358552
2005-08-01,158.375,159.375,155.33250427246094,156.52499389648438,100.8375015258789,5430792
2005-08-02,161.5,162.25,157.25,161.28750610351562,103.90568542480469,4821520
2005-08-03,162.1875,163.4250030517578,160.375,162.59500122070312,104.74797821044922,7274320
2005-08-04,163.125,164.97500610351562,161.0,161.90750122070312,104.30509948730469,6346936
2005-08-05,162.5,163.5,159.64999389648438,160.6750030517578,103.51102447509766,3162848
2005-08-08,161.25,161.25,158.40750122070312,160.38250732421875,103.32266235351562,4109360
2005-08-09,159.375,160.875,158.0,160.5500030517578,103.43055725097656,4743752
2005-08-10,160.70750427246094,164.58250427246094,160.70750427246094,164.13250732421875,105.73847198486328,6958080
2005-08-11,164.58250427246094,166.125,163.3249969482422,164.1074981689453,105.72235107421875,3645312
2005-08-12,166.0500030517578,166.0500030517578,159.4499969482422,160.3574981689453,103.30644226074219,3821832
2005-08-16,161.25,161.25,158.125,158.63250732421875,102.19525146484375,3653408
2005-08-17,160.0,162.75,157.66250610351562,162.39500427246094,104.619140625,5637488
2005-08-18,163.375,165.625,163.16250610351562,164.21249389648438,106.03486633300781,7813656
2005-08-19,164.375,166.5,163.8874969482422,165.6699981689453,106.97600555419922,4966272
2005-08-22,165.625,168.5500030517578,155.625,164.7324981689453,106.37068176269531,4492016
2005-08-23,165.875,166.33250427246094,164.125,164.50750732421875,106.22535705566406,4686416
2005-08-24,164.50750732421875,164.75,160.5,161.96249389648438,104.58203887939453,4036760
2005-08-25,163.125,166.25,162.5,165.45750427246094,106.83879852294922,6341224
2005-08-26,166.0574951171875,171.25,165.625,170.59500122070312,110.15618896484375,8198664
2005-08-29,171.25,172.25,166.25,169.4199981689453,109.39744567871094,4081336
2005-08-30,169.45750427246094,173.875,169.45750427246094,173.0449981689453,111.7381591796875,5807592
2005-08-31,172.60000610351562,176.9199981689453,172.5,175.6074981689453,113.39278411865234,7408896
2005-09-01,176.2324981689453,179.25,176.125,178.03250122070312,114.95868682861328,7600184
2005-09-02,178.75,180.0,176.88250732421875,178.39999389648438,115.19599151611328,4920864
2005-09-05,180.0,183.3625030517578,175.7949981689453,176.28250122070312,113.82869720458984,7254784
2005-09-06,176.875,177.4875030517578,173.5,174.8074951171875,112.87627410888672,5023440
2005-09-08,175.0,176.875,174.40750122070312,175.7624969482422,113.49288940429688,2878192
2005-09-09,168.875,176.75,168.875,173.9949951171875,112.35161590576172,3741776
2005-09-12,178.625,204.75,175.8125,178.77499389648438,115.43814086914062,6631072
2005-09-13,178.875,178.875,176.3249969482422,177.8000030517578,114.80863189697266,2244984
2005-09-14,177.5,178.375,173.375,175.02000427246094,113.01349639892578,3890080
2005-09-15,175.25,181.84500122070312,175.25,181.2375030517578,117.02819061279297,11040736
2005-09-16,181.84500122070312,184.71249389648438,179.52499389648438,182.1999969482422,117.64973449707031,5480184
2005-09-19,184.71249389648438,185.0,180.375,181.77000427246094,117.37206268310547,2877448
2005-09-20,181.875,185.0,177.5,183.8074951171875,118.68771362304688,6293424
2005-09-21,184.25,184.5,175.0,181.70750427246094,117.33171081542969,6215320
2005-09-22,184.5,185.875,174.625,175.1824951171875,113.11837005615234,6482408
2005-09-23,175.0449981689453,178.72500610351562,175.0449981689453,176.5574951171875,114.00627899169922,3815824
2005-09-26,177.5,184.125,177.0,183.2375030517578,118.31964111328125,2290048
2005-09-27,184.375,185.125,180.78750610351562,182.78750610351562,118.02909088134766,6404008
2005-09-28,183.0,184.3625030517578,180.875,183.6875,118.61023712158203,5900064
2005-09-29,185.0,186.8000030517578,183.125,184.1074981689453,118.8814468383789,8421888
2005-09-30,185.0,186.47500610351562,183.03250122070312,185.2949981689453,119.6482162475586,4982976
2005-10-03,181.9250030517578,188.1125030517578,181.9250030517578,187.2375030517578,120.90248107910156,4472520
2005-10-04,187.47500610351562,187.75,185.41250610351562,186.22000122070312,120.24552917480469,6350472
2005-10-05,185.5,186.125,183.125,183.75,118.6505355834961,6577720
2005-10-06,183.13250732421875,183.13250732421875,177.14500427246094,178.08250427246094,114.99095153808594,8233792
2005-10-07,178.125,181.75,176.89999389648438,180.60000610351562,116.6165542602539,6206624
2005-10-10,181.22500610351562,184.375,180.41250610351562,181.0625,116.91521453857422,5371728
2005-10-11,182.5,184.35000610351562,177.75,183.47000122070312,118.46977996826172,11565120
2005-10-13,183.75,185.625,178.7949981689453,180.16250610351562,116.33405303955078,13605792
2005-10-14,181.25,181.5,176.875,178.00750732421875,114.94254302978516,5226192
2005-10-17,178.75,180.25,177.9875030517578,179.27000427246094,115.7577133178711,4388816
2005-10-18,180.25,183.10000610351562,178.8874969482422,180.1199951171875,116.55043029785156,10941600
2005-10-19,182.4949951171875,182.5,171.52000427246094,175.1999969482422,113.36681365966797,10058832
2005-10-20,176.8874969482422,179.375,173.88250732421875,177.0449981689453,114.56070709228516,6352952
2005-10-21,178.625,179.60000610351562,176.125,178.53250122070312,115.52320861816406,5923416
2005-10-24,179.02499389648438,180.5,175.13250732421875,175.9375,113.84406280517578,3149632
2005-10-25,177.2949981689453,181.375,176.0625,180.0,116.47273254394531,5420312
2005-10-26,180.0,180.625,177.3874969482422,177.78250122070312,115.03787994384766,4142808
2005-10-27,177.875,178.6125030517578,173.75,175.16250610351562,113.34257507324219,6771944
2005-10-28,176.125,176.125,169.375,170.27000427246094,110.17680358886719,4501496
2005-10-31,170.625,176.0,170.0449981689453,175.15750122070312,113.33934783935547,2851968
2005-11-02,175.16250610351562,179.5,173.5500030517578,178.625,115.58302307128906,2852888
2005-11-04,178.625,178.625,178.625,178.625,115.58302307128906,0
2005-11-07,176.0,183.46249389648438,176.0,183.09500122070312,118.4754638671875,4188480
2005-11-08,184.25,185.53250122070312,183.8000030517578,184.625,119.46553039550781,5782184
2005-11-09,184.625,185.38250732421875,181.28250122070312,182.10000610351562,117.83161926269531,5000792
2005-11-10,182.125,184.6125030517578,182.125,183.72000122070312,118.8799057006836,3095696
2005-11-11,183.125,186.0,183.125,185.33250427246094,119.92326354980469,5919888
2005-11-14,186.25,189.33250427246094,186.25,188.78750610351562,122.15885162353516,8040360
2005-11-16,188.90750122070312,189.625,187.78250122070312,188.96249389648438,122.27210235595703,6742576
2005-11-17,187.5,189.75,186.5574951171875,188.45750427246094,121.94532775878906,4878464
2005-11-18,189.0,191.375,189.0,190.8699951171875,123.50641632080078,8707720
2005-11-21,191.1750030517578,192.33749389648438,188.25,189.83250427246094,122.83512115478516,6597336
2005-11-22,189.25,190.60000610351562,186.0,187.4824981689453,121.31446075439453,4751000
2005-11-23,187.5,190.25,187.375,189.58250427246094,122.67333984375,6054776
2005-11-24,189.5,191.64999389648438,189.5,190.53250122070312,123.28802490234375,4544088
2005-11-25,190.53250122070312,192.5,188.7949981689453,191.71249389648438,124.0516128540039,3344264
2005-11-28,192.35000610351562,193.75,192.0,193.45750427246094,125.1807632446289,2535248
2005-11-29,193.10000610351562,193.75,190.07000732421875,193.1699981689453,124.99467468261719,3303424
2005-11-30,191.5,194.0625,189.375,190.1374969482422,123.03245544433594,4023376
2005-12-01,190.0,194.33250427246094,189.84500122070312,193.7624969482422,125.37808227539062,4161968
2005-12-02,194.33250427246094,196.8000030517578,192.63250732421875,193.75,125.37001037597656,4784360
2005-12-05,194.0,194.2624969482422,190.78250122070312,191.4199981689453,123.86231231689453,1913080
2005-12-06,191.875,196.25,190.78750610351562,194.25,125.6935806274414,3233064
2005-12-07,195.25,200.0,195.03750610351562,199.44500732421875,129.05506896972656,5618952
2005-12-08,199.375,203.08749389648438,199.03250122070312,202.07000732421875,130.75363159179688,9585192
2005-12-09,202.25,211.8249969482422,201.41250610351562,210.33749389648438,136.10328674316406,6194224
2005-12-12,206.2949981689453,213.125,205.25,206.27499389648438,133.47447204589844,6191488
2005-12-13,206.5,209.75,205.625,208.4499969482422,134.88192749023438,6027072
2005-12-14,207.5,212.5,205.0,210.4875030517578,136.20034790039062,4819208
2005-12-15,211.2375030517578,212.3125,208.5500030517578,210.35000610351562,136.11146545410156,4249016
2005-12-16,211.25,215.75,210.375,214.3000030517578,138.66732788085938,7907432
2005-12-19,215.75,219.125,214.625,216.82000732421875,140.2979278564453,4701168
2005-12-20,218.75,218.75,210.875,211.6875,136.97682189941406,4628568
2005-12-21,213.125,214.3249969482422,208.875,210.7624969482422,136.37828063964844,3282432
2005-12-22,211.25,212.46249389648438,209.8699951171875,210.58749389648438,136.26504516601562,2519208
2005-12-23,210.875,213.125,208.125,208.97000122070312,135.2184295654297,2455032
2005-12-26,209.25,209.25,207.03250122070312,207.8625030517578,134.50186157226562,1625280
2005-12-27,207.84500122070312,212.875,205.375,212.27000427246094,137.353759765625,1565208
2005-12-28,211.875,213.75,209.58250427246094,210.70750427246094,136.34271240234375,2582056
2005-12-29,211.25,214.9875030517578,210.20750427246094,213.75750732421875,138.31626892089844,3461784
2005-12-30,210.0,214.9875030517578,210.0,212.8574981689453,137.73388671875,2380248
2006-01-02,213.5,213.8625030517578,210.1699981689453,210.9499969482422,136.4995880126953,1653504
2006-01-03,210.65750122070312,217.4949951171875,210.25,216.64999389648438,140.18795776367188,3396936
2006-01-04,217.5,218.7375030517578,215.27499389648438,217.8874969482422,140.9886474609375,3545616
2006-01-05,218.125,218.25,215.2375030517578,216.5449981689453,140.12001037597656,1431824
2006-01-06,216.875,217.4875030517578,211.5,213.1999969482422,137.95555114746094,2965744
2006-01-09,213.77000427246094,216.25,210.125,211.1199951171875,136.6096954345703,3883272
2006-01-10,211.25,212.47500610351562,207.625,209.0625,135.27833557128906,3972648
2006-01-12,206.625,211.125,201.875,209.21249389648438,135.37535095214844,13919696
2006-01-13,210.0,211.25,205.5,206.47000122070312,133.60076904296875,3608568
2006-01-16,206.375,206.375,200.32000732421875,201.09500122070312,130.1227569580078,4804912
2006-01-17,201.375,205.0,201.25,202.9250030517578,131.30685424804688,3753056
2006-01-18,202.27499389648438,202.97500610351562,200.2624969482422,202.44500732421875,131.23876953125,3165120
2006-01-19,202.97500610351562,206.83749389648438,202.97500610351562,206.2949981689453,133.734619140625,3574728
2006-01-20,206.875,208.7324981689453,204.375,205.5,133.21929931640625,3294240
2006-01-23,204.375,204.375,201.41250610351562,202.77000427246094,131.44947814941406,2280272
2006-01-24,204.375,206.125,203.8000030517578,205.3249969482422,133.1058807373047,1890064
2006-01-25,206.125,207.4949951171875,205.4375,206.39999389648438,133.802734375,6365736
2006-01-27,210.0,210.0,206.3249969482422,207.39500427246094,134.44772338867188,3003816
2006-01-30,208.1750030517578,209.9499969482422,206.5124969482422,207.3625030517578,134.42666625976562,1383144
2006-01-31,209.9499969482422,209.9499969482422,206.5449981689453,208.8000030517578,135.35855102539062,1503160
2006-02-01,207.0,209.75,206.3000030517578,208.33250427246094,135.0555877685547,3896696
2006-02-02,208.75,209.5,203.70750427246094,204.60000610351562,132.6358184814453,3135736
2006-02-03,204.9875030517578,205.97500610351562,201.5500030517578,203.85000610351562,132.1496124267578,4357520
2006-02-06,203.7375030517578,210.375,203.2949981689453,209.88250732421875,136.0603485107422,2894976
2006-02-07,210.0,211.6875,205.53250122070312,209.2624969482422,135.6584014892578,7002784
2006-02-08,208.25,209.0124969482422,206.5449981689453,207.8125,134.71841430664062,3332648
2006-02-10,208.77000427246094,209.75,205.63250732421875,208.6999969482422,135.29371643066406,2728200
2006-02-13,208.6999969482422,208.75,206.0,206.375,133.78652954101562,2020544
2006-02-14,208.75,208.75,201.75,202.32000732421875,131.1577606201172,6962064
2006-02-15,205.9875030517578,205.9875030517578,200.625,202.4199981689453,131.2225799560547,4209320
2006-02-16,203.125,204.97500610351562,201.5,203.64500427246094,132.01675415039062,5284488
2006-02-17,206.25,207.0500030517578,202.5,203.125,131.6796112060547,2923448
2006-02-20,204.875,206.875,203.4250030517578,206.2324981689453,133.694091796875,2643608
2006-02-21,206.875,208.875,206.3874969482422,208.25,135.0020294189453,2301240
2006-02-22,208.75,208.75,206.41250610351562,207.7324981689453,134.66648864746094,1156592
2006-02-23,207.5,211.2375030517578,207.5,208.82000732421875,135.37156677246094,4141584
2006-02-24,208.78250122070312,210.0,207.03750610351562,208.75750732421875,135.33099365234375,1097336
2006-02-27,208.375,211.875,208.3000030517578,211.2949981689453,136.97596740722656,2521112
2006-02-28,211.875,213.0,208.75,212.60000610351562,137.82196044921875,2821744
2006-03-01,212.5,218.1750030517578,210.90750122070312,217.52499389648438,141.01475524902344,4506152
2006-03-02,218.1750030517578,219.25,215.0449981689453,217.72500610351562,141.14434814453125,3277696
2006-03-03,217.75,217.75,212.1699981689453,213.22000122070312,138.2239227294922,2124440
2006-03-06,214.5,219.125,213.75,218.03750610351562,141.34698486328125,3631584
2006-03-07,217.52000427246094,218.75,215.0,215.58749389648438,139.75869750976562,1985168
2006-03-08,216.5,217.5,213.125,215.32000732421875,139.5852813720703,3813488
2006-03-09,215.0,216.0,211.25,215.6074981689453,139.7716522216797,4662712
2006-03-10,211.5,221.875,211.25,220.45750427246094,142.9156951904297,6434944
2006-03-13,221.72500610351562,230.9499969482422,221.72500610351562,228.5749969482422,148.1780548095703,7178552
2006-03-14,228.1125030517578,228.46249389648438,223.8874969482422,225.39500427246094,146.11659240722656,3477456
2006-03-16,227.125,229.9875030517578,225.78750610351562,229.4250030517578,148.72914123535156,4600064
2006-03-17,230.0,235.0625,230.0,232.625,150.8035888671875,5932240
2006-03-20,234.25,239.375,233.1875,238.5,154.61212158203125,7012872
2006-03-21,238.5,241.875,237.33250427246094,239.39999389648438,155.19561767578125,5301384
2006-03-22,240.0,240.0,235.14999389648438,236.6699981689453,153.42581176757812,5121168
2006-03-23,237.5,239.875,233.53250122070312,234.27499389648438,151.8732452392578,2644488
2006-03-24,235.875,238.125,233.63250732421875,236.4324951171875,153.2718048095703,2917384
2006-03-27,236.875,238.75,235.69500732421875,236.3699951171875,153.23135375976562,2928432
2006-03-28,237.5,238.875,235.125,235.9499969482422,152.9590301513672,3751272
2006-03-29,234.875,237.8625030517578,233.375,237.27000427246094,153.8147735595703,4284296
2006-03-30,237.8625030517578,251.25,237.8625030517578,246.0124969482422,159.48231506347656,5784168
2006-03-31,244.7375030517578,244.7375030517578,238.75,239.4375,155.2199249267578,2920168
2006-04-03,240.875,244.5,240.0,243.84500122070312,158.07716369628906,3105672
2006-04-04,243.8000030517578,245.0,242.50750732421875,243.57000732421875,157.89889526367188,2971608
2006-04-05,243.7624969482422,245.64500427246094,240.0,241.50750732421875,156.56179809570312,2776928
2006-04-07,243.5,249.625,234.375,236.15750122070312,153.09353637695312,7385560
2006-04-10,237.5,239.9949951171875,235.0,236.7624969482422,153.48580932617188,7034440
2006-04-12,237.27499389648438,237.5,220.375,222.60000610351562,144.3046417236328,13157376
2006-04-13,225.625,228.71249389648438,221.25,224.64500427246094,145.6303253173828,8601672
2006-04-17,228.125,238.875,226.90750122070312,238.32000732421875,154.49549865722656,9688752
2006-04-18,247.25,261.0,247.25,251.1875,162.8371124267578,14778488
2006-04-19,253.625,256.25,249.75,251.59500122070312,163.10122680664062,9803312
2006-04-20,252.4875030517578,253.1199951171875,246.875,248.7375030517578,161.2488250732422,6296944
2006-04-21,250.0,253.7449951171875,245.625,249.88250732421875,161.99105834960938,4973000
2006-04-24,249.75,249.95750427246094,245.625,247.40750122070312,160.38653564453125,5234808
2006-04-25,247.4875030517578,247.4875030517578,237.375,240.8699951171875,156.14854431152344,5702208
2006-04-26,241.0,244.5,238.75,242.7949981689453,157.396484375,7071136
2006-04-27,242.7949981689453,250.375,241.25,243.2324981689453,157.68006896972656,7164848
2006-04-28,238.375,248.875,228.7949981689453,247.25750732421875,160.28941345214844,5292360
2006-05-02,248.0,253.0500030517578,247.5,251.64500427246094,163.1336669921875,6239280
2006-05-03,253.0,254.9875030517578,251.88250732421875,253.94500732421875,164.6246795654297,3148160
2006-05-04,253.5,257.23748779296875,252.66250610351562,255.46249389648438,165.60842895507812,3929824
2006-05-05,256.875,256.875,249.375,250.83250427246094,162.60693359375,2710520
2006-05-08,252.625,261.5,251.25,252.4324951171875,163.6441650390625,1484712
2006-05-09,254.0,255.5500030517578,250.625,253.1074981689453,164.08172607421875,1800392
2006-05-10,255.5500030517578,255.875,250.28750610351562,252.71249389648438,163.82566833496094,1978192
2006-05-11,253.66250610351562,253.66250610351562,250.6750030517578,252.33749389648438,163.58251953125,1964024
2006-05-12,251.375,253.1074981689453,246.28750610351562,249.52000427246094,161.75601196289062,2777136
2006-05-15,247.5,250.125,240.0,245.1125030517578,158.89883422851562,4034504
2006-05-16,244.9949951171875,249.375,239.97500610351562,246.83749389648438,160.01708984375,2671568
2006-05-17,249.375,252.5,248.75,252.07000732421875,163.40914916992188,1343368
2006-05-18,248.75,249.9875030517578,237.5,240.70750427246094,156.043212890625,4542360
2006-05-19,243.75,244.97500610351562,231.4375,236.5449981689453,153.3447723388672,4868216
2006-05-22,240.0,240.0,218.0,222.5625,144.28036499023438,4699416
2006-05-23,225.0,234.25,212.625,228.77499389648438,148.30772399902344,5388136
2006-05-24,233.75,235.0,220.0,223.83250427246094,145.10362243652344,5705568
2006-05-25,222.5,237.3000030517578,218.125,234.6199951171875,152.09686279296875,5839048
2006-05-26,236.25,237.5,230.125,233.2949981689453,151.2379608154297,2208184
2006-05-29,233.125,233.125,230.03750610351562,231.32000732421875,149.9576416015625,2802688
2006-05-30,233.125,236.8874969482422,229.375,232.5449981689453,150.75167846679688,4516056
2006-05-31,230.1374969482422,230.1374969482422,216.25,222.8625030517578,144.474853515625,5769856
2006-06-01,228.125,228.125,211.25,213.6699981689453,138.51564025878906,5942760
2006-06-02,214.3625030517578,225.0,211.0,224.25,145.37442016601562,4213560
2006-06-05,224.25,225.5500030517578,219.28250122070312,220.9499969482422,143.23500061035156,3211680
2006-06-06,218.10000610351562,223.47500610351562,211.25,218.6125030517578,141.71969604492188,2971136
2006-06-07,225.0,225.0,211.65750122070312,212.9949951171875,138.07810974121094,5410536
2006-06-08,215.625,215.625,201.39999389648438,205.9875030517578,133.53524780273438,5360992
2006-06-09,209.3074951171875,211.5,203.125,208.89500427246094,135.42018127441406,4061912
2006-06-12,212.375,212.375,202.625,204.84500122070312,132.79473876953125,3591904
2006-06-13,202.625,203.6750030517578,195.125,196.2949981689453,127.2519760131836,2736984
2006-06-14,195.2449951171875,203.1199951171875,181.40750122070312,185.45750427246094,120.22638702392578,12786016
2006-06-15,198.25,198.25,187.625,193.82000732421875,125.64751434326172,5967360
2006-06-16,198.25,214.375,197.5500030517578,210.625,136.93910217285156,8390168
2006-06-19,210.0,210.625,204.53250122070312,208.5449981689453,135.58673095703125,4294088
2006-06-20,211.0,211.0,200.0,200.9199981689453,130.6292724609375,3687920
2006-06-21,202.5,205.875,199.375,205.16250610351562,133.38766479492188,5963496
2006-06-22,206.25,211.25,206.25,209.59500122070312,136.2694549560547,3668104
2006-06-23,206.25,212.5,203.125,211.8574981689453,137.74037170410156,3304720
2006-06-26,215.0,215.0,202.25750732421875,204.1875,132.75369262695312,6575056
2006-06-27,207.25,207.25,200.0,205.57000732421875,133.6525421142578,5002632
2006-06-28,202.5,214.07000732421875,200.75,212.3249969482422,138.04434204101562,4785400
2006-06-29,213.75,215.0,208.75,210.10000610351562,136.59771728515625,6318576
2006-06-30,216.875,220.875,213.20750427246094,217.34500122070312,141.30813598632812,5449760
2006-07-03,217.75,225.9375,216.5500030517578,225.02499389648438,146.30130004882812,4285520
2006-07-04,226.375,228.875,225.625,226.8874969482422,147.5122833251953,3584768
2006-07-05,227.125,232.75,225.0,230.3249969482422,149.74716186523438,4245072
2006-07-06,228.5,229.0,224.02000427246094,225.53750610351562,146.634521484375,2310920
2006-07-07,227.46249389648438,228.97500610351562,217.5,218.33749389648438,141.95339965820312,2928672
2006-07-10,217.5,227.1999969482422,217.5,224.7949981689453,146.1518096923828,3859312
2006-07-11,225.0,226.875,220.39500427246094,221.2449951171875,143.84373474121094,3618984
2006-07-12,222.5,238.625,222.5,236.28750610351562,153.6237335205078,9521616
2006-07-13,236.5,237.34500122070312,231.28250122070312,233.4199981689453,151.7593994140625,5383576
2006-07-14,230.0,237.0,228.1374969482422,234.28750610351562,152.32334899902344,4949808
2006-07-17,235.60000610351562,239.25,231.375,232.375,151.0799560546875,8996832
2006-07-18,232.5,243.75,226.9375,229.3125,149.08885192871094,11043936
2006-07-19,235.25,236.875,218.19500732421875,219.69500732421875,142.83599853515625,14046384
2006-07-20,221.9875030517578,227.5,221.25,225.77000427246094,146.78565979003906,6312720
2006-07-21,224.75,225.60000610351562,219.0749969482422,220.94500732421875,143.6487274169922,4391664
2006-07-24,224.375,229.0,216.875,227.25750732421875,147.7528076171875,6825088
2006-07-25,230.0,231.875,228.13250732421875,230.91250610351562,150.12911987304688,4636600
2006-07-26,232.25,236.875,229.0625,236.10000610351562,153.50181579589844,5908720
2006-07-27,236.875,239.9949951171875,234.4375,237.46249389648438,154.38760375976562,7399848
2006-07-28,235.02499389648438,243.7375030517578,231.0,232.1125030517578,151.14796447753906,3019608
2006-07-31,233.75,241.25,232.5,234.03750610351562,152.4015655517578,1724700
2006-08-01,215.75,234.9375,215.75,233.0,151.7259979248047,1762508
2006-08-02,231.25,235.625,230.0,235.0500030517578,153.06082153320312,1784732
2006-08-03,235.625,238.0,234.27499389648438,236.1750030517578,153.7933807373047,3010272
2006-08-04,240.0,240.9499969482422,235.75,237.1374969482422,154.42022705078125,2674200
2006-08-07,237.75,238.0,232.75,234.02499389648438,152.39337158203125,1719964
2006-08-08,235.0,239.5,233.75,238.6999969482422,155.43768310546875,1178400
2006-08-09,237.5,243.75,235.875,241.52499389648438,157.27731323242188,2052120
2006-08-10,240.25,243.75,240.0,241.4375,157.22024536132812,2279124
2006-08-11,242.47500610351562,243.46249389648438,239.25,241.89999389648438,157.521484375,1893972
2006-08-14,243.4375,243.75,239.75,241.16250610351562,157.04124450683594,1721428
2006-08-16,244.75,246.125,242.0,243.0500030517578,158.27029418945312,3804268
2006-08-17,243.75,245.75,239.5,240.03750610351562,156.3086395263672,2497168
2006-08-18,241.25,243.125,240.0,242.4250030517578,157.8633575439453,1803640
2006-08-21,244.0,244.0,239.25,242.3249969482422,157.7981719970703,2414088
2006-08-22,243.0,245.75,242.5,243.85000610351562,158.7913360595703,2178096
2006-08-23,244.0,244.6875,240.02499389648438,240.77499389648438,156.7888641357422,2497736
2006-08-24,242.5,243.72500610351562,238.3125,242.60000610351562,157.9773406982422,2369852
2006-08-25,242.75,244.22500610351562,241.91250610351562,243.60000610351562,158.62844848632812,2611752
2006-08-28,243.75,246.3249969482422,242.0749969482422,245.27499389648438,159.7191925048828,2300316
2006-08-29,246.25,248.0,245.75,247.52499389648438,161.1843719482422,2679596
2006-08-30,247.77499389648438,248.75,245.2624969482422,245.9499969482422,160.15872192382812,2744772
2006-08-31,246.0,251.0,246.0,249.5124969482422,162.4786376953125,6076856
2006-09-01,249.0,250.25,247.77499389648438,249.8125,162.67396545410156,1728728
2006-09-04,249.75,255.0,249.75,254.28750610351562,165.58799743652344,2010492
2006-09-05,255.75,257.5,250.25,251.4499969482422,163.7402801513672,3945288
2006-09-06,254.375,254.375,247.77499389648438,248.39999389648438,161.7541046142578,2800432
2006-09-07,245.0749969482422,248.75,245.0749969482422,246.6750030517578,160.63084411621094,1583584
2006-09-08,251.5,251.5,246.25,247.75,161.33091735839844,1570564
2006-09-11,249.75,249.75,237.25,238.3625030517578,155.2179718017578,4073480
2006-09-12,238.75,245.0,238.0,244.47500610351562,159.19822692871094,1835256
2006-09-13,245.75,252.0,245.25,249.9875030517578,162.7878875732422,2307632
2006-09-14,252.25,254.0,250.47500610351562,253.35000610351562,164.97752380371094,2388728
2006-09-15,253.5,253.5,249.1750030517578,250.6750030517578,163.23565673828125,2359700
2006-09-18,251.75,252.75,248.02499389648438,249.03750610351562,162.16928100585938,1390388
2006-09-19,249.25,255.0,247.60000610351562,252.5124969482422,164.43214416503906,3973944
2006-09-20,252.75,258.5,248.52499389648438,257.51251220703125,167.6880645751953,2695896
2006-09-21,258.0,264.4750061035156,254.5,263.25,171.42417907714844,5107184
2006-09-22,261.25,263.4624938964844,257.5249938964844,259.88751220703125,169.23460388183594,2488644
2006-09-25,261.75,262.5,255.5625,256.3999938964844,166.96365356445312,1349580
2006-09-26,257.5,262.5,256.2250061035156,261.07501220703125,170.00794982910156,3717008
2006-09-27,262.5,263.75,259.0375061035156,260.6625061035156,169.73927307128906,3352740
2006-09-28,261.26251220703125,262.25,253.25,255.1125030517578,166.125244140625,6121572
2006-09-29,255.52499389648438,258.7749938964844,255.0,255.5124969482422,166.38571166992188,1752804
2006-10-03,258.75,258.75,252.25,253.5749969482422,165.12408447265625,1632712
2006-10-04,254.0,254.0,245.83749389648438,246.85000610351562,160.74484252929688,6947628
2006-10-05,249.5,252.25,248.25,249.9375,162.75535583496094,5849400
2006-10-06,250.25,251.75,247.0,248.5500030517578,161.85186767578125,2766944
2006-10-09,246.25,252.25,245.1374969482422,250.53750610351562,163.14608764648438,1546832
2006-10-10,250.75,254.4499969482422,250.75,252.875,164.66819763183594,2769780
2006-10-11,257.5,269.8500061035156,257.5,261.1875,170.08123779296875,6773716
2006-10-12,262.5,271.25,260.25,270.63751220703125,176.23483276367188,5052848
2006-10-13,272.3500061035156,280.0,270.5249938964844,275.8999938964844,179.6616973876953,4874112
2006-10-16,281.25,287.5,278.75,282.42498779296875,183.9106903076172,9727060
2006-10-17,285.5,292.4375,277.5,279.2250061035156,181.826904296875,8749216
2006-10-18,277.5249938964844,279.25,275.25,276.5625,180.0931396484375,4995084
2006-10-19,276.5,278.1875,270.6625061035156,273.1000061035156,177.8384246826172,3103620
2006-10-20,275.0,275.5,271.5249938964844,272.3999938964844,177.38253784179688,2129404
2006-10-23,273.7250061035156,273.7250061035156,265.3500061035156,270.0249938964844,176.32144165039062,1327904
2006-10-26,270.25,272.9750061035156,268.75,269.8125,176.18272399902344,5140212
2006-10-27,270.2875061035156,272.5,265.6000061035156,268.6625061035156,175.43177795410156,3126408
2006-10-30,269.0,272.0,265.04998779296875,269.8374938964844,176.19903564453125,4154172
2006-10-31,270.0,274.70001220703125,268.7749938964844,271.7749938964844,177.46420288085938,3430936
2006-11-01,274.25,276.4750061035156,270.07501220703125,270.79998779296875,176.82754516601562,1910904
2006-11-02,272.5,272.5,268.0,270.01251220703125,176.3133087158203,2204376
2006-11-03,271.25,272.0,264.5,266.73748779296875,174.17483520507812,3144440
2006-11-06,266.625,267.4750061035156,264.0,264.8500061035156,172.94229125976562,2536892
2006-11-07,268.5,271.2250061035156,265.04998779296875,266.2875061035156,173.8809356689453,3219180
2006-11-08,266.25,267.7250061035156,262.7875061035156,265.82501220703125,173.57894897460938,2436760
2006-11-09,267.25,268.75,263.3374938964844,265.8999938964844,173.62786865234375,3365420
2006-11-10,267.5,273.67498779296875,266.2749938964844,267.17498779296875,174.46047973632812,3313476
2006-11-13,267.70001220703125,270.0,266.5249938964844,268.9375,175.61134338378906,2023316
2006-11-14,270.25,277.5,270.25,276.5625,180.5903778076172,6003860
2006-11-15,278.75,280.5,272.63751220703125,274.20001220703125,179.04771423339844,2698040
2006-11-16,275.0,276.5,270.875,271.8374938964844,177.50497436523438,2101688
2006-11-17,273.5,274.375,270.29998779296875,273.7875061035156,178.7783966064453,2221684
2006-11-20,271.26251220703125,280.25,266.38751220703125,279.4624938964844,182.48399353027344,5174936
2006-11-21,279.04998779296875,288.0,278.5,287.13751220703125,187.49560546875,4158152
2006-11-22,288.5,292.75,283.8374938964844,287.0249938964844,187.42213439941406,5591464
2006-11-23,289.0,292.3500061035156,285.0,286.0375061035156,186.77740478515625,3870324
2006-11-24,287.5,289.2250061035156,284.0375061035156,287.5,187.7322998046875,3205304
2006-11-27,287.5,291.0,287.5,290.20001220703125,189.495361328125,2933708
2006-11-28,287.5,289.0,277.7875061035156,287.4624938964844,187.70782470703125,2682960
2006-11-29,290.0,292.20001220703125,287.5,291.13751220703125,190.10755920410156,2603156
2006-11-30,293.20001220703125,301.25,291.5,299.70001220703125,195.69869995117188,6254552
2006-12-01,300.0,300.0,295.3125,297.3374938964844,194.1560821533203,3762140
2006-12-04,300.0,302.75,297.5,298.1000061035156,194.6539764404297,2234092
2006-12-05,302.42498779296875,302.42498779296875,296.25,297.9750061035156,194.57235717773438,2116476
2006-12-06,293.04998779296875,301.75,293.04998779296875,299.6499938964844,195.66610717773438,3180856
2006-12-07,301.25,308.61248779296875,296.7749938964844,298.57501220703125,194.96412658691406,2872872
2006-12-08,299.75,299.75,293.3374938964844,294.2250061035156,192.12353515625,1887268
2006-12-11,293.75,297.25,283.5,293.36248779296875,191.5604705810547,4279432
2006-12-12,292.5,295.0,276.25,280.125,182.9166259765625,5118300
2006-12-13,280.125,285.25,270.0874938964844,280.2124938964844,182.9737548828125,3617220
2006-12-14,276.26251220703125,290.0,276.26251220703125,287.3999938964844,187.6670684814453,2916024
2006-12-15,292.1000061035156,292.1000061035156,287.0,290.04998779296875,189.39743041992188,2305716
2006-12-18,288.75,297.1000061035156,281.0,295.3125,192.83375549316406,2351424
2006-12-19,295.25,295.95001220703125,281.25,285.4624938964844,186.40188598632812,3623628
2006-12-20,287.5,291.9624938964844,278.76251220703125,282.1875,184.2633056640625,3755660
2006-12-21,284.25,287.5,277.75,284.23748779296875,185.60203552246094,2255816
2006-12-22,283.75,290.0,282.0249938964844,288.48748779296875,188.3771514892578,1750016
2006-12-26,288.25,298.6000061035156,288.25,297.8500061035156,194.49078369140625,1797392
2006-12-27,298.75,301.5,295.26251220703125,299.0,195.24160766601562,2394400
2006-12-28,301.3500061035156,305.0,297.0,302.9750061035156,197.83729553222656,2418308
2006-12-29,303.36248779296875,307.3500061035156,300.625,305.5,199.48606872558594,1874468
2007-01-02,307.3500061035156,314.5,304.0,312.125,203.81201171875,1545060
2007-01-03,313.25,322.0,309.7875061035156,320.0375061035156,208.9787139892578,4384972
2007-01-04,321.25,321.25,312.5249938964844,314.76251220703125,205.53428649902344,3970700
2007-01-05,316.25,317.1499938964844,313.2749938964844,315.75,206.17898559570312,2718740
2007-01-08,314.75,314.75,303.75,310.95001220703125,203.0447235107422,4951892
2007-01-09,311.9750061035156,315.4624938964844,306.3125,314.1000061035156,205.1016387939453,4020568
2007-01-10,311.13751220703125,313.75,307.5,308.8500061035156,201.6735076904297,2931428
2007-01-11,299.7250061035156,324.5,299.7250061035156,319.4125061035156,208.57058715820312,7400664
2007-01-12,322.5375061035156,332.25,322.5375061035156,330.98748779296875,216.1288299560547,6175748
2007-01-15,337.5,342.0,325.01251220703125,331.5874938964844,216.52069091796875,12255832
2007-01-16,347.23748779296875,347.23748779296875,329.75,331.0249938964844,216.1533966064453,7625964
2007-01-17,332.4750061035156,333.75,325.0,326.1625061035156,212.9782257080078,2633828
2007-01-18,326.25,331.48748779296875,326.25,328.86248779296875,214.7412567138672,2719816
2007-01-19,328.86248779296875,331.625,323.0375061035156,324.5375061035156,211.9171142578125,2882056
2007-01-22,325.0249938964844,330.6000061035156,322.51251220703125,328.36248779296875,214.9114990234375,3180956
2007-01-23,328.2749938964844,328.48748779296875,325.0,325.67498779296875,213.1525115966797,3124152
2007-01-24,327.875,328.5,324.5375061035156,326.7875061035156,213.88064575195312,2355148
2007-01-25,331.25,342.25,325.7250061035156,328.86248779296875,215.23867797851562,5553976
2007-01-29,328.75,328.75,322.75,324.4375,212.34262084960938,2982324
2007-01-31,324.2749938964844,328.4750061035156,318.0,319.4750061035156,209.0947265625,4865928
2007-02-01,322.48748779296875,323.75,318.75,323.01251220703125,211.4099578857422,1859904
2007-02-02,324.75,326.75,323.76251220703125,325.125,212.79258728027344,4274616
2007-02-05,326.25,328.4750061035156,323.5,326.45001220703125,213.6597900390625,3010736
2007-02-06,328.25,328.4750061035156,322.51251220703125,324.6000061035156,212.44894409179688,3411964
2007-02-07,325.0,328.1000061035156,323.79998779296875,326.57501220703125,213.7415771484375,2599984
2007-02-08,327.8500061035156,328.7250061035156,324.3374938964844,326.125,213.44705200195312,2650024
2007-02-09,327.3500061035156,329.36248779296875,320.7875061035156,321.8500061035156,210.6490936279297,1993360
2007-02-12,312.5,324.67498779296875,312.5,313.95001220703125,205.47854614257812,1786388
2007-02-13,314.0,321.2250061035156,308.75,313.2250061035156,205.0041046142578,4130352
2007-02-14,313.25,316.75,310.0,315.1875,206.28846740722656,3137876
2007-02-15,316.25,325.0,306.2749938964844,323.0625,211.44268798828125,3673556
2007-02-19,325.3500061035156,329.67498779296875,323.79998779296875,327.45001220703125,214.314208984375,4738696
2007-02-20,328.4750061035156,330.95001220703125,323.75,324.88751220703125,212.63711547851562,5400148
2007-02-21,325.0,327.9375,320.0,320.9624938964844,210.06817626953125,3938188
2007-02-22,325.0,328.1000061035156,321.5,323.57501220703125,211.7781524658203,6939112
2007-02-23,323.75,324.875,318.25,319.3374938964844,209.00474548339844,3167688
2007-02-26,318.0,323.4624938964844,308.125,321.5249938964844,210.43638610839844,4677684
2007-02-27,313.5,323.54998779296875,313.5,316.0375061035156,206.84487915039062,4709968
2007-02-28,308.25,311.23748779296875,293.0,298.3500061035156,195.26840209960938,9347956
2007-03-01,300.0,317.0,297.6000061035156,313.6625061035156,205.29037475585938,7858564
2007-03-02,313.70001220703125,315.0,300.25,302.13751220703125,197.74734497070312,5311752
2007-03-05,297.5,299.75,287.5,288.88751220703125,189.07525634765625,5120880
2007-03-06,302.5,333.75,290.2749938964844,299.3125,195.89840698242188,3623920
2007-03-07,300.5,306.17498779296875,289.3500061035156,297.95001220703125,195.00668334960938,4440632
2007-03-08,297.5,307.42498779296875,297.5,304.6000061035156,199.3590545654297,2274988
2007-03-09,307.07501220703125,308.25,299.5,303.0375061035156,198.33644104003906,3232148
2007-03-12,306.17498779296875,313.42498779296875,302.75,308.75,202.0752410888672,3636936
2007-03-13,306.375,317.2250061035156,300.0249938964844,316.3500061035156,207.04933166503906,2032088
2007-03-14,306.25,310.4750061035156,301.25,303.38751220703125,198.56553649902344,3824948
2007-03-15,307.5,312.75,307.0,308.57501220703125,201.96066284179688,3823288
2007-03-16,310.3500061035156,314.4624938964844,303.7875061035156,309.4125061035156,202.50885009765625,4224284
2007-03-19,304.07501220703125,316.1875,300.45001220703125,315.2250061035156,206.31304931640625,1213696
2007-03-20,315.0,319.125,312.0,313.25,205.0204315185547,2775592
2007-03-21,315.25,317.3500061035156,310.0,316.75,207.31112670898438,1970036
2007-03-22,319.25,326.75,319.25,325.76251220703125,213.20974731445312,4125592
2007-03-23,328.0,330.0,320.0,322.04998779296875,210.7799530029297,5265296
2007-03-26,321.25,324.67498779296875,313.8125,315.3374938964844,206.3867645263672,6098736
2007-03-28,317.4750061035156,317.4750061035156,298.51251220703125,300.25,196.51202392578125,8818048
2007-03-29,297.23748779296875,314.20001220703125,297.23748779296875,312.0874938964844,204.25949096679688,10266624
2007-03-30,312.0874938964844,313.70001220703125,305.0625,308.4624938964844,201.88705444335938,2807056
2007-04-02,302.5,305.0,296.25,297.29998779296875,194.58123779296875,3875896
2007-04-03,298.75,304.20001220703125,297.0,300.6625061035156,196.78201293945312,3256852
2007-04-04,304.5,306.17498779296875,297.6000061035156,299.6000061035156,196.08656311035156,2402496
2007-04-05,299.86248779296875,301.5,296.5249938964844,298.54998779296875,195.39938354492188,2533992
2007-04-09,300.125,306.6875,300.125,304.29998779296875,199.16270446777344,2284524
2007-04-10,304.29998779296875,306.25,298.8374938964844,299.3374938964844,195.914794921875,3480240
2007-04-11,301.3500061035156,302.36248779296875,296.75,297.63751220703125,194.8021697998047,3826336
2007-04-12,297.0,302.25,293.0,300.23748779296875,196.50381469726562,3694956
2007-04-13,302.5,317.1000061035156,298.5,315.5,206.4929656982422,9778848
2007-04-16,321.0,326.4750061035156,317.5625,320.0625,209.47911071777344,9986220
2007-04-17,321.42498779296875,328.75,309.5,312.5625,204.57046508789062,10464964
2007-04-18,313.5,316.25,310.25,311.875,204.12049865722656,2853584
2007-04-19,307.5,312.0,301.2749938964844,310.7250061035156,203.36781311035156,3164652
2007-04-20,313.0,316.98748779296875,312.5249938964844,314.4125061035156,205.78121948242188,2870752
2007-04-23,313.75,317.45001220703125,311.25,311.95001220703125,204.1696014404297,2265224
2007-04-24,311.0,315.5,304.75,306.2124938964844,200.4144744873047,6922516
2007-04-25,306.25,306.7250061035156,302.0,305.3374938964844,199.8417205810547,21752404
2007-04-26,306.75,312.3999938964844,305.0,310.1000061035156,202.95875549316406,5941756
2007-04-27,308.75,309.125,304.3125,308.625,201.99339294433594,4805284
2007-04-30,310.26251220703125,317.4750061035156,301.25,316.5,207.14756774902344,3888052
2007-05-03,318.70001220703125,323.70001220703125,318.13751220703125,322.54998779296875,211.10719299316406,6643028
2007-05-04,324.75,332.4750061035156,317.25,318.26251220703125,208.3011016845703,7101200
2007-05-07,320.5,321.2250061035156,316.2875061035156,318.2250061035156,208.27658081054688,5553328
2007-05-08,317.5,320.0,314.3125,316.63751220703125,207.23745727539062,8191004
2007-05-09,325.0,325.0,306.25,309.875,202.8115234375,4699828
2007-05-10,311.25,322.4750061035156,306.5,307.42498779296875,201.2080535888672,3044200
2007-05-11,312.5,314.75,302.5,313.13751220703125,204.9468231201172,3867656
2007-05-14,319.625,319.625,311.5249938964844,312.5625,204.57046508789062,1260376
2007-05-15,315.0,315.0,306.25,309.51251220703125,202.5742645263672,4203120
2007-05-16,316.25,316.25,302.63751220703125,306.04998779296875,200.30809020996094,6523616
2007-05-17,308.2749938964844,313.42498779296875,307.5,312.5,204.52955627441406,2931260
2007-05-18,314.98748779296875,319.0,312.5,313.2124938964844,204.99595642089844,2921004
2007-05-21,317.5,317.5,307.5,309.26251220703125,202.41062927246094,2856844
2007-05-22,309.375,311.0,305.26251220703125,307.6625061035156,201.36346435546875,6160224
2007-05-23,310.375,310.375,306.2749938964844,308.3500061035156,201.81349182128906,1271812
2007-05-24,312.5,312.5,305.25,306.1875,200.3980255126953,4552804
2007-05-25,305.23748779296875,308.75,302.0,307.48748779296875,201.24888610839844,5244168
2007-05-28,312.5,312.5,305.88751220703125,306.375,200.52076721191406,2585172
2007-05-29,306.2250061035156,308.75,305.0,307.7875061035156,201.44528198242188,2967280
2007-05-30,312.5,312.5,302.54998779296875,303.9125061035156,198.9091033935547,2600056
2007-05-31,307.25,307.25,300.0,302.0874938964844,197.714599609375,5176492
2007-06-01,307.2749938964844,307.2749938964844,302.7875061035156,304.67498779296875,199.4080810546875,1728988
2007-06-04,307.0,312.5,300.5,302.0249938964844,197.6737060546875,1853384
2007-06-05,304.45001220703125,304.45001220703125,300.0,302.01251220703125,197.6655731201172,1751600
2007-06-06,303.75,304.25,294.54998779296875,300.0874938964844,196.40570068359375,3832020
2007-06-07,300.0,303.6000061035156,291.32501220703125,301.75,197.4937744140625,2008940
2007-06-08,301.625,307.625,297.5,305.0249938964844,199.63720703125,6019076
2007-06-11,309.13751220703125,309.8500061035156,304.51251220703125,305.3374938964844,199.8417205810547,2648136
2007-06-12,302.5,307.5,300.0,304.3374938964844,199.18719482421875,1402072
2007-06-13,304.75,305.0,298.32501220703125,300.8125,196.88014221191406,1768488
2007-06-14,302.5,305.0,300.32501220703125,301.13751220703125,197.09278869628906,4176068
2007-06-15,305.0,305.0,295.0,296.1000061035156,194.44161987304688,4983152
2007-06-18,298.25,298.75,290.0,290.6499938964844,190.86260986328125,2874456
2007-06-19,291.2749938964844,291.375,285.82501220703125,290.0,190.43589782714844,3495436
2007-06-20,290.25,293.25,285.25,286.75,188.30157470703125,4024968
2007-06-21,286.25,287.70001220703125,282.5,286.3999938964844,188.07177734375,3043728
2007-06-22,286.25,288.75,283.625,284.98748779296875,187.14419555664062,2677304
2007-06-25,284.98748779296875,287.5,279.6875,281.4375,184.81297302246094,2803776
2007-06-26,282.75,285.0,279.4624938964844,280.4375,184.15634155273438,2832744
2007-06-27,282.4750061035156,284.67498779296875,281.0,283.2875061035156,186.0278778076172,2956696
2007-06-28,285.98748779296875,285.98748779296875,281.25,284.2124938964844,186.6352996826172,4342792
2007-06-29,285.25,289.0,285.01251220703125,287.3374938964844,188.68740844726562,3004456
2007-07-02,288.25,288.25,282.75,283.61248779296875,186.24130249023438,1477152
2007-07-03,287.5,287.5,281.0,281.8999938964844,185.11672973632812,1829368
2007-07-04,282.0,285.0,279.0,279.4125061035156,183.48316955566406,2415464
2007-07-05,282.04998779296875,282.04998779296875,275.20001220703125,277.9125061035156,182.4982452392578,3179204
2007-07-06,278.75,291.2250061035156,275.0249938964844,289.6625061035156,190.2142333984375,7605684
2007-07-09,292.1000061035156,295.6000061035156,291.25,294.1875,193.18560791015625,5359768
2007-07-10,296.25,300.0,292.0,295.7875061035156,194.23638916015625,7492968
2007-07-11,295.5,296.25,275.0,287.2250061035156,188.6134796142578,6062124
2007-07-12,288.75,292.25,283.5,290.63751220703125,190.85450744628906,5763944
2007-07-13,309.0249938964844,315.375,282.5625,284.0,186.49578857421875,5784648
2007-07-16,283.75,284.5,278.5,282.07501220703125,185.231689453125,3990240
2007-07-17,293.95001220703125,293.95001220703125,287.5,288.9375,189.73814392089844,6164688
2007-07-18,289.25,292.5,286.8374938964844,291.6625061035156,191.52757263183594,4371180
2007-07-19,291.75,296.25,291.375,295.54998779296875,194.08033752441406,4075512
2007-07-20,297.25,297.48748779296875,291.8500061035156,293.9750061035156,193.04612731933594,3744932
2007-07-23,292.45001220703125,298.75,290.5249938964844,297.73748779296875,195.5168914794922,4716456
2007-07-24,297.4750061035156,298.0,291.75,292.9750061035156,192.3894500732422,3127176
2007-07-25,292.0,292.75,286.25,287.04998779296875,188.49856567382812,2670172
2007-07-26,288.75,302.5,286.2749938964844,297.2749938964844,195.2131805419922,6002804
2007-07-27,290.0,293.75,281.5,288.25,189.76541137695312,3203236
2007-07-30,287.5,292.5,282.5625,284.11248779296875,187.04151916503906,1835848
2007-07-31,287.75,290.5,282.5,289.07501220703125,190.30853271484375,3218540
2007-08-01,286.25,286.25,277.75,278.7875061035156,183.53590393066406,4382172
2007-08-02,280.0,281.125,272.5,273.7875061035156,180.24423217773438,1912008
2007-08-03,278.5,278.5,270.875,274.2250061035156,180.53233337402344,1993184
2007-08-06,272.5,279.5,268.5,274.86248779296875,180.9519500732422,2737548
2007-08-07,278.2749938964844,279.45001220703125,273.5249938964844,277.32501220703125,182.57308959960938,2985212
2007-08-08,287.5,292.25,279.5,288.1499938964844,189.6995086669922,4055164
2007-08-09,290.0,297.2124938964844,283.79998779296875,286.42498779296875,188.5639190673828,5074436
2007-08-10,278.75,288.375,270.1000061035156,286.125,188.36647033691406,6290560
2007-08-13,287.5,287.5,281.2875061035156,283.625,186.7205810546875,1205524
2007-08-14,283.75,285.0,280.0,282.5625,186.0211181640625,1222796
2007-08-16,275.0,279.8999938964844,271.25,272.0,179.0674285888672,6663120
2007-08-17,272.0,273.25,259.79998779296875,264.0375061035156,173.8255157470703,6901104
2007-08-20,270.875,274.8500061035156,262.7749938964844,263.88751220703125,173.7267303466797,4386844
2007-08-21,269.125,269.125,251.125,253.8125,167.0939483642578,4363364
2007-08-22,255.0,258.17498779296875,249.0,256.4750061035156,168.84678649902344,3826620
2007-08-23,258.0,262.0,251.0,251.97500610351562,165.8842315673828,3113748
2007-08-24,253.75,256.625,249.875,254.60000610351562,167.6124267578125,1926972
2007-08-27,256.23748779296875,259.70001220703125,255.0124969482422,256.625,168.94557189941406,2666856
2007-08-28,259.0,259.75,252.75,257.1875,169.31585693359375,2263504
2007-08-29,255.0,259.95001220703125,250.25,257.8999938964844,169.78485107421875,3196688
2007-08-30,260.5,264.75,256.25,261.5,172.15489196777344,7003172
2007-08-31,263.0,267.42498779296875,261.75,266.0874938964844,175.17506408691406,2377496
2007-09-03,267.5,268.75,263.3500061035156,265.3125,174.66481018066406,2496264
2007-09-04,266.25,271.92498779296875,265.25,266.5249938964844,175.46307373046875,2182756
2007-09-05,266.75,270.73748779296875,266.2749938964844,268.0874938964844,176.49171447753906,3516964
2007-09-06,266.25,270.25,265.25,269.5,177.4215850830078,1871860
2007-09-07,269.25,271.125,267.5,269.0625,177.13357543945312,1691576
2007-09-10,269.0625,269.0625,261.0,261.8125,172.3606414794922,2201060
2007-09-11,273.61248779296875,273.61248779296875,255.0,255.83749389648438,168.42709350585938,3386556
2007-09-12,257.5,259.4375,253.375,253.89999389648438,167.15151977539062,2344104
2007-09-13,256.2250061035156,258.75,252.60000610351562,257.70001220703125,169.6532745361328,2153072
2007-09-14,262.5,262.5,254.52499389648438,255.6125030517578,168.2789306640625,1900228
2007-09-17,256.25,257.95001220703125,248.9250030517578,249.41250610351562,164.19732666015625,5086176
2007-09-18,249.25,251.9250030517578,248.25,250.6125030517578,164.98736572265625,4942808
2007-09-19,256.25,258.42498779296875,254.3000030517578,255.7624969482422,168.37771606445312,4642668
2007-09-20,255.0,255.52499389648438,249.3000030517578,250.5124969482422,164.92140197753906,2355156
2007-09-21,247.75,256.25,244.5,254.4499969482422,167.51361083984375,7928660
2007-09-24,255.0,257.5,250.0500030517578,251.8125,165.7772674560547,3595068
2007-09-25,252.5,253.5,249.0500030517578,250.4250030517578,164.8638458251953,5400496
2007-09-26,252.5,262.20001220703125,251.25,260.1875,171.2908935546875,8340892
2007-09-27,262.5,266.875,261.75,265.625,174.87051391601562,8602140
2007-09-28,256.25,270.0,256.25,265.0375061035156,174.48377990722656,6249532
2007-10-01,265.25,265.25,255.75,260.4125061035156,171.43899536132812,2176580
2007-10-03,262.5,273.75,262.4750061035156,269.79998779296875,177.61907958984375,5122872
2007-10-04,271.25,271.25,263.5,269.82501220703125,177.63558959960938,4359804
2007-10-05,269.82501220703125,269.82501220703125,264.32501220703125,268.20001220703125,176.5657196044922,1744048
2007-10-08,270.26251220703125,274.70001220703125,265.54998779296875,269.5874938964844,177.4792022705078,2662144
2007-10-09,270.0,276.20001220703125,268.82501220703125,273.73748779296875,180.2113037109375,3707640
2007-10-10,276.17498779296875,282.5625,274.6000061035156,281.375,185.2394561767578,3983236
2007-10-11,283.75,283.8500061035156,265.0,268.0,176.43414306640625,5598340
2007-10-12,263.0,268.75,257.57501220703125,265.875,175.0351104736328,4912920
2007-10-15,267.5,272.9125061035156,264.9375,268.5375061035156,176.7880096435547,6871600
2007-10-16,275.0,278.75,265.25,267.1000061035156,175.84164428710938,7060528
2007-10-17,265.0,278.75,250.0,273.67498779296875,180.17010498046875,6924440
2007-10-18,283.75,287.4750061035156,269.32501220703125,280.9624938964844,184.9677734375,13645436
2007-10-19,286.9624938964844,287.5,270.6000061035156,277.2124938964844,182.4990234375,8094132
2007-10-22,279.25,279.25,266.2749938964844,267.98748779296875,176.90452575683594,3836808
2007-10-23,267.0,275.0,264.75,265.8999938964844,175.5264892578125,5862364
2007-10-24,275.0,275.0,260.82501220703125,262.0,172.95196533203125,4100988
2007-10-25,264.75,265.0,259.5375061035156,262.3999938964844,173.21607971191406,4925272
2007-10-26,262.5,271.0,260.54998779296875,267.82501220703125,176.79727172851562,2960060
2007-10-29,272.25,272.5,265.3500061035156,267.0,176.25262451171875,3536052
2007-10-30,268.0,268.75,260.07501220703125,262.125,173.03445434570312,3145804
2007-10-31,261.75,265.92498779296875,254.25,259.5,171.30172729492188,47216528
2007-11-01,263.75,263.75,254.875,255.7624969482422,168.83445739746094,5518404
2007-11-02,252.5,257.5,250.75,255.3000030517578,168.52914428710938,3494680
2007-11-05,255.25,257.70001220703125,251.3125,252.8249969482422,166.8953094482422,1876468
2007-11-06,253.75,254.9499969482422,250.0,251.0749969482422,165.74021911621094,2198988
2007-11-07,251.27499389648438,252.28750610351562,246.52499389648438,249.2624969482422,164.54371643066406,3504016
2007-11-08,247.52499389648438,249.9499969482422,245.0,247.41250610351562,163.3224639892578,2686964
2007-11-12,246.3125,246.3125,240.0,240.96249389648438,159.06468200683594,5280988
2007-11-13,240.96249389648438,243.1750030517578,231.66250610351562,236.83749389648438,156.34161376953125,4697988
2007-11-14,240.0,261.2749938964844,240.0,246.6750030517578,162.83558654785156,3588368
2007-11-15,247.75,249.47500610351562,242.5,245.0500030517578,161.7628631591797,2295396
2007-11-16,245.0,249.5,241.78750610351562,245.72500610351562,162.20855712890625,3666816
2007-11-19,240.02499389648438,251.75,240.02499389648438,248.375,163.9578399658203,2943548
2007-11-20,247.25,247.25,239.52499389648438,240.3249969482422,158.64385986328125,4111392
2007-11-21,240.3249969482422,245.0,234.0,236.1999969482422,155.92088317871094,3337028
2007-11-22,242.4250030517578,242.4250030517578,233.75,237.5500030517578,156.81199645996094,2402356
2007-11-23,238.125,241.5,237.4375,240.2375030517578,158.58612060546875,2273540
2007-11-26,245.0,248.5,242.5,246.27499389648438,162.57159423828125,2234300
2007-11-27,247.625,249.72500610351562,242.52499389648438,248.9875030517578,164.36216735839844,1503964
2007-11-28,250.0,250.9499969482422,242.5,244.125,161.1522674560547,2927688
2007-11-29,250.0,250.125,238.75,241.5124969482422,159.4278106689453,5029688
2007-11-30,241.5124969482422,254.5,241.5124969482422,253.0500030517578,167.04388427734375,5334612
2007-12-03,254.0,266.5,252.60000610351562,262.4750061035156,173.26553344726562,6516348
2007-12-04,262.4750061035156,262.5,256.26251220703125,257.42498779296875,169.93190002441406,1783824
2007-12-05,257.5,261.25,255.125,258.29998779296875,170.50955200195312,2069240
2007-12-06,260.0,262.92498779296875,257.79998779296875,258.88751220703125,170.8974151611328,4163452
2007-12-07,260.0,268.01251220703125,256.5625,265.6499938964844,175.36148071289062,4805808
2007-12-10,267.5249938964844,268.5,257.5,258.8999938964844,170.9056396484375,3864020
2007-12-11,262.25,262.25,256.3125,260.32501220703125,171.8463134765625,2907456
2007-12-12,257.04998779296875,265.0,256.5249938964844,263.3500061035156,173.8431396484375,3718608
2007-12-13,262.42498779296875,265.5249938964844,256.92498779296875,257.3999938964844,169.91543579101562,4645736
2007-12-14,253.8249969482422,263.75,253.8249969482422,260.1000061035156,171.69772338867188,2720436
2007-12-17,268.1000061035156,268.1000061035156,251.25,253.10000610351562,167.07691955566406,3203328
2007-12-18,252.5,260.0,250.8249969482422,251.22500610351562,165.8392333984375,3845860
2007-12-19,253.0,257.20001220703125,252.0,256.125,169.07373046875,2671020
2007-12-20,257.375,263.48748779296875,255.75,261.3374938964844,172.51467895507812,3036020
2007-12-24,270.0,280.0,262.5,277.42498779296875,183.13433837890625,4655664
2007-12-26,278.75,279.92498779296875,271.5375061035156,275.07501220703125,181.58314514160156,2905996
2007-12-27,276.2749938964844,280.0,271.63751220703125,277.6875,183.3077392578125,4008568
2007-12-28,275.0,275.0,265.0,270.5375061035156,178.58778381347656,2196596
2007-12-31,270.75,274.01251220703125,263.0,269.3500061035156,177.8039093017578,2156168
2008-01-01,269.25,269.25,263.0,263.63751220703125,174.0330047607422,928388
2008-01-02,265.0,265.25,257.875,262.5,173.28213500976562,2864924
2008-01-03,257.5249938964844,261.25,251.33749389648438,252.7624969482422,166.85415649414062,5168280
2008-01-04,252.7624969482422,255.72500610351562,250.5749969482422,251.3000030517578,165.8887481689453,2318868
2008-01-07,250.0,252.1999969482422,243.125,243.89999389648438,161.00379943847656,3647344
2008-01-08,245.0,248.0,242.3249969482422,246.96249389648438,163.02537536621094,3207732
2008-01-09,248.6999969482422,251.5,247.47500610351562,249.0749969482422,164.41990661621094,2450128
2008-01-10,249.5,252.375,240.5,245.41250610351562,162.00221252441406,3342376
2008-01-11,228.83749389648438,251.0,228.83749389648438,247.4375,163.33900451660156,2149188
2008-01-14,249.9499969482422,249.9499969482422,238.89999389648438,240.28750610351562,158.619140625,4158864
2008-01-15,241.25,242.0,233.5,235.0,155.1287078857422,2935588
2008-01-16,235.0,241.6750030517578,231.25,236.2375030517578,155.9456024169922,3131956
2008-01-17,241.4499969482422,241.5,229.75,230.6750030517578,152.27366638183594,6302096
2008-01-18,232.375,235.0,224.27499389648438,225.8000030517578,149.0556182861328,4333816
2008-01-21,226.0,226.1750030517578,201.3125,207.7624969482422,137.1486358642578,4840032
2008-01-22,203.6750030517578,247.5,181.25,200.0625,132.0657196044922,6376872
2008-01-23,214.75,222.5,201.25,217.9875030517578,144.4398956298828,5359120
2008-01-24,217.5,222.0,206.4375,210.8125,139.68565368652344,2013336
2008-01-25,213.25,224.4250030517578,212.52499389648438,221.14999389648438,146.5353240966797,2243116
2008-01-28,217.5,217.5,206.25,213.5749969482422,141.51614379882812,2485660
2008-01-29,214.0,221.14999389648438,213.75,216.9250030517578,143.73583984375,3258712
2008-01-30,220.5,223.0,215.0,217.46249389648438,144.09197998046875,3032856
2008-01-31,217.5,222.5,208.83749389648438,218.4375,144.738037109375,5966956
2008-02-01,221.25,235.27499389648438,218.3249969482422,232.375,153.9730682373047,4169520
2008-02-04,236.25,247.25,234.75,243.91250610351562,161.61790466308594,3730520
2008-02-05,240.0,243.75,233.91250610351562,238.7624969482422,158.20553588867188,1722872
2008-02-06,232.5,232.5,223.625,226.52499389648438,150.09686279296875,4007952
2008-02-07,226.52499389648438,226.52499389648438,217.7624969482422,219.7624969482422,145.61598205566406,2574652
2008-02-08,221.0,231.25,220.0,224.60000610351562,148.82135009765625,2576820
2008-02-11,224.60000610351562,233.0,215.02499389648438,226.52499389648438,150.09686279296875,3200988
2008-02-12,226.25,231.25,215.0,216.16250610351562,143.2305908203125,5161328
2008-02-13,218.75,224.25,212.8249969482422,217.2375030517578,143.9429473876953,2185376
2008-02-14,221.25,225.0,215.25,218.4499969482422,144.7462921142578,2246480
2008-02-15,215.0,221.7624969482422,215.0,218.1750030517578,144.56407165527344,2213044
2008-02-18,218.1750030517578,218.75,212.5,213.3000030517578,141.33387756347656,1723160
2008-02-19,214.0,221.0,213.75,218.8625030517578,145.01966857910156,1947288
2008-02-20,219.97500610351562,223.66250610351562,218.3125,221.52499389648438,146.7838592529297,3060624
2008-02-21,224.5,232.75,220.5,228.66250610351562,151.51321411132812,3562052
2008-02-22,230.0,230.22500610351562,221.25,225.1374969482422,149.1775360107422,2401516
2008-02-25,232.0,232.25,222.5625,225.1875,149.2106170654297,3255460
2008-02-26,231.0,231.0,223.75,224.60000610351562,148.82135009765625,4999584
2008-02-27,227.0,228.71249389648438,218.5124969482422,219.3874969482422,145.36752319335938,2364056
2008-02-28,221.25,222.5,218.0,220.22500610351562,145.9224090576172,5579004
2008-02-29,220.0,222.9250030517578,215.875,219.35000610351562,145.34259033203125,3416480
2008-03-03,216.5,217.1750030517578,210.0,212.14999389648438,140.57199096679688,3141328
2008-03-04,214.5,217.5,211.77499389648438,214.6999969482422,142.2615509033203,3010532
2008-03-05,211.25,220.6999969482422,211.25,218.8249969482422,144.9947967529297,2209348
2008-03-07,215.64999389648438,216.52499389648438,210.5625,211.53750610351562,140.16603088378906,1996828
2008-03-10,211.53750610351562,213.5,207.5,208.41250610351562,138.0953826904297,2494168
2008-03-11,210.0,210.0,205.0,205.875,136.4140625,4043520
2008-03-12,209.75,212.5,202.5625,205.8874969482422,136.4223175048828,1884412
2008-03-13,203.75,203.75,190.25,194.9250030517578,129.15850830078125,3408600
2008-03-14,195.0,203.22500610351562,187.5,200.96249389648438,133.15899658203125,2216056
2008-03-17,193.75,199.4250030517578,192.1875,197.96249389648438,131.1711883544922,1958904
2008-03-18,197.5,207.1999969482422,192.5,204.4250030517578,135.45321655273438,3596080
2008-03-19,207.0,210.0,201.3874969482422,202.8625030517578,134.41798400878906,4361924
2008-03-24,202.8625030517578,209.375,202.8625030517578,205.9250030517578,136.44723510742188,3301984
2008-03-25,210.0,224.96249389648438,208.75,219.125,145.19357299804688,2928896
2008-03-26,235.0,235.0,212.8874969482422,219.58749389648438,145.50006103515625,2171768
2008-03-27,218.0,219.0,210.27499389648438,213.125,141.21795654296875,6151152
2008-03-28,213.25,218.6750030517578,213.0,217.7624969482422,144.290771484375,3633696
2008-03-31,217.7624969482422,217.7624969482422,199.25,202.6125030517578,134.25225830078125,4051860
2008-04-01,205.0,213.22500610351562,202.5,208.08749389648438,137.88006591796875,2086728
2008-04-02,212.5,217.25,212.3125,212.8125,141.01089477539062,1428844
2008-04-03,212.5,223.0,212.5,221.35000610351562,146.6678466796875,3287172
2008-04-04,221.5,222.47500610351562,215.0124969482422,218.22500610351562,144.5972137451172,2020844
2008-04-07,223.75,230.02499389648438,219.5500030517578,226.02499389648438,149.76559448242188,3659528
2008-04-08,226.25,226.75,218.75,221.83749389648438,146.9909210205078,4055352
2008-04-09,220.0,223.0,217.25,219.0625,145.15213012695312,1482600
2008-04-10,220.0,229.91250610351562,219.25,224.8874969482422,149.01194763183594,2925932
2008-04-11,225.7624969482422,231.25,223.3125,227.0,150.41160583496094,2189264
2008-04-15,230.5,246.25,220.10000610351562,243.53750610351562,161.3694610595703,5703772
2008-04-16,246.25,250.5,240.5,242.97500610351562,160.99676513671875,6438768
2008-04-17,249.9250030517578,252.5,244.8874969482422,250.22500610351562,165.8006591796875,3999556
2008-04-21,252.25,258.75,246.64999389648438,248.35000610351562,164.55824279785156,3399296
2008-04-22,246.2375030517578,246.2375030517578,220.5,221.8000030517578,146.96603393554688,13785196
2008-04-23,221.75,226.4250030517578,220.0124969482422,222.28750610351562,147.28907775878906,6326156
2008-04-24,226.0,226.22500610351562,216.0,222.6875,147.55409240722656,15290096
2008-04-25,228.0,228.0,221.25,222.3249969482422,147.31393432617188,6828568
2008-04-28,202.25,224.0,180.0,220.4250030517578,146.05496215820312,6598136
2008-04-29,220.5124969482422,232.5,217.53750610351562,227.6374969482422,150.83401489257812,16209848
2008-04-30,229.02499389648438,233.9375,226.625,230.25,152.56509399414062,9487980
2008-05-02,231.25,240.5,231.0,235.9375,156.33363342285156,5298780
2008-05-05,236.25,237.375,230.28750610351562,231.8625030517578,153.63356018066406,3613764
2008-05-06,227.5,237.5,218.14999389648438,234.2624969482422,155.22378540039062,3982796
2008-05-07,237.5,244.97500610351562,237.5,241.6875,160.14361572265625,12585540
2008-05-08,241.22500610351562,241.25,229.5,236.75,156.87205505371094,10845832
2008-05-09,239.75,239.75,227.5,229.25,151.90249633789062,4492296
2008-05-12,229.25,233.71249389648438,227.5749969482422,231.72500610351562,153.54238891601562,3898508
2008-05-13,232.5,235.35000610351562,222.25,226.2624969482422,149.9229278564453,4462876
2008-05-14,226.25,244.7375030517578,222.78750610351562,242.78750610351562,160.87249755859375,9373188
2008-05-15,243.25,250.5,240.02499389648438,246.1875,163.12538146972656,7177896
2008-05-16,248.5,248.5,242.125,245.2624969482422,162.51248168945312,3838648
2008-05-20,243.75,247.5,236.8125,239.02499389648438,158.37942504882812,4946904
2008-05-21,232.0,242.0,228.75,241.27499389648438,159.87030029296875,3140184
2008-05-22,239.125,246.375,237.75,240.28750610351562,159.21592712402344,5445200
2008-05-23,243.72500610351562,244.9250030517578,231.52499389648438,233.10000610351562,154.45350646972656,5401384
2008-05-26,230.0,240.72500610351562,229.0,238.8625030517578,158.27174377441406,5457272
2008-05-27,245.0,248.5,236.5,242.22500610351562,160.49969482421875,5682072
2008-05-28,242.52499389648438,253.8125,242.52499389648438,252.3625030517578,167.21693420410156,5469588
2008-05-29,252.25,257.0874938964844,246.0,248.66250610351562,164.7652587890625,8258940
2008-05-30,247.75,262.25,244.5,259.7875061035156,172.1368865966797,15485284
2008-06-02,253.75,264.3500061035156,241.25,245.96249389648438,162.9762420654297,7054764
2008-06-03,240.0,247.5,234.53750610351562,243.78750610351562,161.53509521484375,4900256
2008-06-04,247.4499969482422,247.4499969482422,236.58749389648438,239.1875,158.48709106445312,3787856
2008-06-05,241.02499389648438,249.1999969482422,241.0,245.46249389648438,162.64500427246094,5905256
2008-06-06,247.5,249.66250610351562,239.4499969482422,241.5500030517578,160.05252075195312,4137784
2008-06-09,225.5625,241.22500610351562,222.5,228.52499389648438,151.4220733642578,6140140
2008-06-10,227.5,229.75,216.75,219.75,145.60769653320312,6155372
2008-06-11,222.5,227.5,220.0,222.58749389648438,147.48785400390625,4113368
2008-06-12,223.5,225.60000610351562,214.25,222.0625,147.1399688720703,2464004
2008-06-13,220.0,230.47500610351562,220.0,227.39999389648438,150.67665100097656,6732432
2008-06-16,229.75,232.0,225.8125,227.6999969482422,150.8754425048828,6541784
2008-06-17,226.25,231.75,226.25,230.3249969482422,152.61476135253906,3504824
2008-06-18,230.1999969482422,230.25,222.75,225.22500610351562,150.0497589111328,6431336
2008-06-19,220.0625,224.5,220.0,222.0,147.90126037597656,3289068
2008-06-20,224.97500610351562,224.97500610351562,210.3874969482422,215.96249389648438,143.87896728515625,8157760
2008-06-23,215.96249389648438,219.8625030517578,210.75,214.6125030517578,142.9795379638672,3572312
2008-06-24,212.5,216.9250030517578,205.85000610351562,211.10000610351562,140.6395263671875,9287176
2008-06-25,210.0,221.25,207.8249969482422,219.1999969482422,146.03579711914062,5914196
2008-06-26,221.0,224.5,215.10000610351562,220.33749389648438,146.79364013671875,7028316
2008-06-27,220.33749389648438,220.33749389648438,212.78750610351562,216.375,144.15374755859375,6260948
2008-06-30,217.75,219.5,212.5,214.5500030517578,142.9379119873047,3258044
2008-07-01,216.25,218.0,208.7624969482422,211.9250030517578,141.18910217285156,5059616
2008-07-02,212.5,222.0,210.0,219.125,145.98585510253906,8141112
2008-07-03,220.25,220.25,205.1374969482422,214.16250610351562,142.67979431152344,4172528
2008-07-04,217.47500610351562,217.5124969482422,208.875,211.125,140.6560821533203,3939584
2008-07-07,211.25,216.0,208.0,213.0625,141.94686889648438,1794132
2008-07-08,207.53750610351562,211.25,204.5,207.5500030517578,138.27438354492188,3947624
2008-07-09,212.5,222.4875030517578,212.5,219.1875,146.0274658203125,3578548
2008-07-10,217.5,222.25,213.08749389648438,217.10000610351562,144.63682556152344,3504368
2008-07-11,229.25,235.75,196.35000610351562,199.64999389648438,133.01121520996094,5523784
2008-07-14,200.0,200.0,190.25,191.96249389648438,127.88957214355469,4559896
2008-07-15,191.96249389648438,196.6125030517578,184.28750610351562,187.66250610351562,125.02484893798828,4509844
2008-07-16,188.66250610351562,193.41250610351562,178.97500610351562,182.02499389648438,121.2690200805664,5739900
2008-07-17,183.75,196.72500610351562,182.5124969482422,195.8125,130.4545440673828,10350716
2008-07-18,195.0,200.5,187.25,198.46249389648438,132.2200469970703,8339496
2008-07-21,199.75,203.75,195.75,203.1999969482422,135.376220703125,3582068
2008-07-22,204.0,210.9875030517578,201.5124969482422,207.96249389648438,138.54916381835938,4241164
2008-07-23,207.5,217.5,204.72500610351562,215.1374969482422,143.3292999267578,5971420
2008-07-24,218.625,218.625,198.08749389648438,200.6374969482422,133.66905212402344,11742336
2008-07-25,199.8000030517578,212.375,195.5,199.8000030517578,133.1111297607422,8842536
2008-07-28,200.0,204.2375030517578,196.25,201.5625,134.28536987304688,1969372
2008-07-29,201.6750030517578,203.4499969482422,198.0,202.2375030517578,134.73500061035156,2472192
2008-07-30,211.5,211.5,200.0,209.7375030517578,139.7317352294922,4420076
2008-07-31,210.0,210.5,205.375,208.4375,139.36399841308594,5195580
2008-08-01,206.25,214.2375030517578,202.8125,210.16250610351562,140.51731872558594,4011724
2008-08-04,203.75,210.0,202.75,203.83749389648438,136.2884063720703,5238928
2008-08-05,203.85000610351562,208.75,201.3125,207.4250030517578,138.68701171875,4768200
2008-08-06,209.97500610351562,217.4875030517578,209.10000610351562,215.1374969482422,143.84365844726562,5009932
2008-08-07,214.75,217.47500610351562,211.25,213.33749389648438,142.64019775390625,3072320
2008-08-08,211.2375030517578,214.25,208.35000610351562,211.27499389648438,141.26116943359375,2086672
2008-08-11,213.0,214.4499969482422,206.125,208.4875030517578,139.3974151611328,3405100
2008-08-12,208.75,210.9250030517578,203.75,204.8125,136.940185546875,3323504
2008-08-13,200.0,209.4250030517578,200.0,207.0749969482422,138.4530487060547,3697968
2008-08-14,207.25,211.16250610351562,202.75,208.3000030517578,139.2720947265625,3741508
2008-08-18,210.0,213.10000610351562,208.75,210.3874969482422,140.66775512695312,1956648
2008-08-19,211.125,212.75,208.77499389648438,210.3125,140.61767578125,1953300
2008-08-20,210.6750030517578,212.25,208.75,210.39999389648438,140.6761016845703,1127256
2008-08-21,209.0,210.5,203.8000030517578,204.46249389648438,136.7062225341797,1976516
2008-08-22,204.75,206.1875,200.875,204.75,136.89849853515625,2645284
2008-08-25,206.0,208.75,204.0,204.5500030517578,136.7647705078125,942244
2008-08-26,202.4875030517578,209.2375030517578,202.4875030517578,208.5124969482422,139.4141082763672,2205004
2008-08-27,205.02499389648438,209.0,203.27499389648438,204.6125030517578,136.80654907226562,2131788
2008-08-28,205.0,206.0625,195.66250610351562,198.08749389648438,132.44381713867188,6580688
2008-08-29,200.0,204.9875030517578,200.0,203.0500030517578,135.76182556152344,1998500
2008-09-01,203.75,205.0,201.75,203.7375030517578,136.22146606445312,1527432
2008-09-02,203.7375030517578,213.25,203.7375030517578,212.1999969482422,141.87962341308594,2647848
2008-09-04,211.25,213.6999969482422,208.08749389648438,211.0500030517578,141.1107177734375,2461676
2008-09-05,212.5,212.5,206.25,209.60000610351562,140.14126586914062,2445368
2008-09-08,215.0,218.60000610351562,210.5,214.1750030517578,143.2001495361328,5170432
2008-09-09,213.75,217.9250030517578,210.0,216.1999969482422,144.55406188964844,2815328
2008-09-10,215.28750610351562,217.5500030517578,212.02499389648438,212.72500610351562,142.2306365966797,3063456
2008-09-11,212.72500610351562,217.0,207.25,209.1750030517578,139.85708618164062,1908976
2008-09-12,216.25,216.25,200.2375030517578,202.6374969482422,135.4860076904297,3573964
2008-09-15,195.0,199.75,186.25,190.14999389648438,127.13670349121094,8550948
2008-09-16,187.375,187.75,181.25,187.21249389648438,125.17265319824219,5072364
2008-09-17,187.0,191.16250610351562,182.0,182.52499389648438,122.03852081298828,4200868
2008-09-18,182.0,187.25,167.75,180.28750610351562,120.54252624511719,6357104
2008-09-19,194.9250030517578,194.9250030517578,182.52499389648438,191.71249389648438,128.18136596679688,9544368
2008-09-22,217.0,217.0,188.25,191.6999969482422,128.17308044433594,4472944
2008-09-23,178.83749389648438,191.9250030517578,178.83749389648438,180.25,120.5174331665039,2966120
2008-09-24,181.1374969482422,187.0,172.5749969482422,178.2624969482422,119.1885986328125,7380724
2008-09-25,178.27499389648438,179.96249389648438,167.7624969482422,172.10000610351562,115.06824493408203,15122632
2008-09-26,175.0,175.0,166.5500030517578,169.0500030517578,113.02897644042969,4217244
2008-09-29,169.6999969482422,169.6999969482422,153.0,155.0,103.63494873046875,5578636
2008-09-30,148.0,169.1750030517578,147.5,166.39999389648438,111.25711059570312,8391372
2008-10-01,167.39999389648438,171.22500610351562,161.33749389648438,167.9375,112.28516387939453,6017916
2008-10-03,166.2375030517578,166.2375030517578,160.58749389648438,164.375,109.90320587158203,4172404
2008-10-06,162.8125,162.8125,150.0,154.75,103.46781158447266,5882984
2008-10-07,157.78750610351562,166.25,141.5,143.97500610351562,96.2635269165039,8884604
2008-10-08,138.75,140.7375030517578,127.0,136.64999389648438,91.3659439086914,8301380
2008-10-10,135.0,137.5,120.0999984741211,131.1999969482422,87.72200775146484,13742076
2008-10-13,131.9875030517578,150.72500610351562,131.1999969482422,143.21249389648438,95.7536849975586,13866024
2008-10-14,149.75,154.85000610351562,145.33749389648438,148.1750030517578,99.0716781616211,7424624
2008-10-15,146.25,147.16250610351562,133.8249969482422,135.77499389648438,90.7809066772461,5308752
2008-10-16,131.25,132.1750030517578,116.9749984741211,123.75,82.74079895019531,8031800
2008-10-17,125.0,132.25,111.25,113.4625015258789,75.86248016357422,9743540
2008-10-20,124.1624984741211,126.25,113.8125,122.8375015258789,82.13070678710938,12413060
2008-10-21,134.60000610351562,141.97500610351562,123.3375015258789,139.77499389648438,93.45537567138672,11804900
2008-10-22,138.75,138.75,127.7750015258789,136.66250610351562,91.37427520751953,6020668
2008-10-23,131.16250610351562,147.0,125.3125,136.8249969482422,91.48294830322266,10501016
2008-10-24,125.92500305175781,134.10000610351562,110.0,124.7125015258789,83.3843765258789,8479936
2008-10-27,120.25,129.5,103.8375015258789,124.1875,83.0333480834961,8972576
2008-10-29,140.5,143.75,132.5625,135.1999969482422,90.9457015991211,10955572
2008-10-31,142.25,148.75,132.4375,134.375,90.39073944091797,10375980
2008-11-03,139.9875030517578,145.75,131.7624969482422,136.85000610351562,92.05563354492188,7532020
2008-11-04,149.14999389648438,149.14999389648438,122.5,127.125,85.51380920410156,9422540
2008-11-05,128.75,137.22500610351562,125.0,126.5999984741211,85.16069030761719,9233164
2008-11-06,132.125,132.125,120.5250015258789,125.05000305175781,84.11801147460938,7861916
2008-11-07,125.0,133.75,121.4375,131.28750610351562,88.31385040283203,5877720
2008-11-10,137.47500610351562,138.125,128.7624969482422,136.6125030517578,91.89582824707031,4099016
2008-11-11,135.5,136.9375,130.0,132.21249389648438,88.93607330322266,6498776
2008-11-12,132.21249389648438,138.6125030517578,128.7624969482422,133.72500610351562,89.95352172851562,7742044
2008-11-14,136.25,137.125,130.875,132.71249389648438,89.27240753173828,6617464
2008-11-17,132.25,134.25,126.375,129.75,87.27961730957031,8090972
2008-11-18,130.0,130.0,120.0,120.7874984741211,81.25077056884766,9755152
2008-11-19,122.5,124.0,117.92500305175781,120.6624984741211,81.16670227050781,8175088
2008-11-20,120.0,120.0,115.0,118.25,79.54380798339844,5016448
2008-11-21,117.42500305175781,129.25,115.0,126.61250305175781,85.16911315917969,6845692
2008-11-24,126.0,132.91250610351562,122.5625,129.97500610351562,87.43095397949219,8370556
2008-11-25,129.77499389648438,134.9875030517578,125.01249694824219,126.0,84.75706481933594,5774020
2008-11-26,125.8125,132.5,124.2874984741211,131.8625030517578,88.70063781738281,6135556
2008-11-27,131.8625030517578,131.8625030517578,131.8625030517578,131.8625030517578,88.70063781738281,0
2008-11-28,129.5,142.0,129.5,139.85000610351562,94.07362365722656,12138064
2008-12-01,139.85000610351562,148.4375,139.08749389648438,141.03750610351562,94.87244415283203,11958704
2008-12-02,142.5,142.5,130.7624969482422,133.21249389648438,89.60877227783203,6658808
2008-12-03,134.08749389648438,137.9250030517578,130.39999389648438,133.6999969482422,89.93667602539062,9997992
2008-12-04,133.75,138.4250030517578,125.8375015258789,137.35000610351562,92.39196014404297,8256508
2008-12-05,134.60000610351562,136.3249969482422,129.5625,130.4499969482422,87.7505111694336,7105448
2008-12-08,133.75,136.5625,128.10000610351562,130.5625,87.82612609863281,7621404
2008-12-10,137.4499969482422,139.1999969482422,132.375,135.2624969482422,90.98770904541016,8088380
2008-12-11,137.4250030517578,137.4250030517578,125.5,126.9124984741211,85.37089538574219,7300252
2008-12-12,127.48750305175781,127.48750305175781,118.8125,120.32499694824219,80.93962860107422,7121036
2008-12-15,125.5,125.5,116.8125,117.4124984741211,78.98047637939453,5997716
2008-12-16,117.5,121.2249984741211,116.25,119.8375015258789,80.6116943359375,5847868
2008-12-17,121.3375015258789,123.0,118.0,119.32499694824219,80.26698303222656,6476068
2008-12-18,118.7249984741211,128.52499389648438,118.0,127.625,85.85018157958984,5723936
2008-12-19,125.75,133.5,123.5250015258789,128.3874969482422,86.36309051513672,4943988
2008-12-22,129.875,129.875,125.8499984741211,127.63749694824219,85.85855865478516,4106852
2008-12-23,123.80000305175781,127.9000015258789,123.0625,125.1500015258789,84.185302734375,3567120
2008-12-24,124.17500305175781,126.1875,118.0625,119.5374984741211,80.40991973876953,9148436
2008-12-26,116.30000305175781,123.75,116.30000305175781,117.9124984741211,79.31678009033203,3154564
2008-12-29,119.0,119.875,115.0,119.19999694824219,80.18287658691406,4875608
2008-12-30,121.25,123.375,117.5,120.63749694824219,81.14986419677734,3522528
2008-12-31,123.07499694824219,123.07499694824219,118.0625,119.4749984741211,80.36788177490234,2543696
2009-01-02,124.26249694824219,127.17500305175781,123.5374984741211,124.57499694824219,83.79852294921875,5375740
2009-01-05,125.5,130.75,124.5,128.8125,86.64897918701172,4829776
2009-01-06,128.75,130.5,124.5625,126.5999984741211,85.16069030761719,5918992
2009-01-07,129.75,129.9499969482422,116.1500015258789,126.19999694824219,84.8916015625,9013828
2009-01-09,124.9749984741211,137.4499969482422,121.25,134.2375030517578,90.29822540283203,14219980
2009-01-12,127.9124984741211,132.5,126.2750015258789,128.1374969482422,86.19490051269531,7595416
2009-01-13,124.9000015258789,134.25,122.05000305175781,131.41250610351562,88.39794158935547,13359808
2009-01-14,132.0,139.39999389648438,132.0,134.7375030517578,90.63457489013672,5958904
2009-01-15,130.0,130.75,124.5875015258789,127.61250305175781,85.84174346923828,7171524
2009-01-16,127.17500305175781,129.75,121.625,125.75,84.58889770507812,9790076
2009-01-19,129.47500610351562,129.47500610351562,121.82499694824219,125.1875,84.21049499511719,6868376
2009-01-20,123.67500305175781,126.9749984741211,122.5,124.11250305175781,83.4874038696289,4635196
2009-01-21,122.75,125.25,121.25,123.07499694824219,82.78948211669922,3669860
2009-01-22,123.75,126.01249694824219,120.7874984741211,124.1500015258789,83.51260375976562,4848136
2009-01-23,122.5250015258789,124.7249984741211,120.82499694824219,121.5374984741211,81.7552719116211,3031220
2009-01-27,122.75,128.75,122.75,124.7750015258789,83.93305206298828,5243956
2009-01-28,118.80000305175781,127.5,118.80000305175781,126.86250305175781,85.85332489013672,4789396
2009-01-29,128.0124969482422,129.5,124.0250015258789,128.5,86.96146392822266,10017036
2009-01-30,126.25,128.75,124.57499694824219,127.9000015258789,86.555419921875,8707524
2009-02-02,127.19999694824219,127.19999694824219,121.7874984741211,122.82499694824219,83.1209716796875,3234692
2009-02-03,123.25,127.44999694824219,123.25,124.9625015258789,84.56747436523438,3808560
2009-02-04,125.75,128.22500610351562,123.25,124.6624984741211,84.3644790649414,2484756
2009-02-05,125.0,125.6500015258789,119.5625,120.7249984741211,81.69979095458984,4341548
2009-02-06,122.5,126.9749984741211,121.75,125.69999694824219,85.06657409667969,6840388
2009-02-09,125.0,130.91250610351562,124.1624984741211,128.75,87.13068389892578,4595224
2009-02-10,129.25,132.0,127.75,131.14999389648438,88.75482940673828,6790772
2009-02-11,129.5,130.75,128.0,128.6875,87.0883560180664,4502732
2009-02-12,128.0,128.9250030517578,126.0250015258789,127.4749984741211,86.2678451538086,2844372
2009-02-13,127.5,130.0,126.75,127.80000305175781,86.48775482177734,3257208
2009-02-16,126.9000015258789,128.7375030517578,124.5,125.1875,84.71974182128906,2501996
2009-02-17,124.0,124.94999694824219,120.0,121.3125,82.09736633300781,2950388
2009-02-18,120.3375015258789,122.7249984741211,119.25,120.1875,81.33604431152344,2629412
2009-02-19,120.5,123.19999694824219,119.75,122.375,82.81640625,3477072
2009-02-20,121.625,121.875,116.07499694824219,118.51249694824219,80.2024917602539,4771388
2009-02-24,117.5,118.92500305175781,115.125,117.2249984741211,79.33120727539062,4495532
2009-02-25,117.5,121.19999694824219,117.5,120.1875,81.33604431152344,5517928
2009-02-26,120.25,122.6500015258789,119.25,120.55000305175781,81.58134460449219,8808288
2009-02-27,120.5,122.25,113.8125,120.7750015258789,81.73362731933594,6750148
2009-03-02,118.5250015258789,120.5,113.69999694824219,114.9625015258789,77.80005645751953,3988944
2009-03-03,113.0,116.5,109.8375015258789,111.55000305175781,75.49066925048828,3560896
2009-03-04,112.0,116.11250305175781,111.55000305175781,115.13749694824219,77.91848754882812,3258300
2009-03-05,116.23750305175781,117.7249984741211,114.5,115.80000305175781,78.3668441772461,4284496
2009-03-06,115.0,121.2125015258789,114.4124984741211,120.42500305175781,81.49678039550781,5805604
2009-03-09,117.7750015258789,120.0,114.75,115.75,78.33303833007812,4535184
2009-03-12,115.4124984741211,121.25,115.4124984741211,119.3499984741211,80.7692642211914,8617456
2009-03-13,118.3375015258789,127.5,118.3375015258789,126.7125015258789,85.75182342529297,10199700
2009-03-16,127.5,130.6999969482422,125.5999984741211,129.9499969482422,87.94276428222656,4672896
2009-03-17,128.75,129.5,123.26249694824219,124.38749694824219,84.1783676147461,6946172
2009-03-18,125.0,128.625,125.0,126.2874984741211,85.46418762207031,6413800
2009-03-19,126.375,129.5,125.4000015258789,128.7375030517578,87.12220764160156,7382584
2009-03-20,132.22500610351562,132.22500610351562,126.375,127.44999694824219,86.25090026855469,4139380
2009-03-23,131.125,132.39999389648438,127.75,129.91250610351562,87.91737365722656,4587312
2009-03-24,130.5500030517578,133.125,128.0500030517578,130.41250610351562,88.2557373046875,6681544
2009-03-25,125.9124984741211,132.47500610351562,125.9124984741211,131.5,88.99170684814453,3831616
2009-03-26,128.16250610351562,144.4875030517578,128.16250610351562,139.6125030517578,94.48179626464844,15230328
2009-03-27,134.16250610351562,146.25,134.16250610351562,143.71249389648438,97.25639343261719,7079424
2009-03-30,133.4375,142.5,129.5,130.8125,88.52644348144531,5148188
2009-03-31,131.25,135.97500610351562,131.25,134.6374969482422,91.11499786376953,4777672
2009-04-01,134.0,138.4499969482422,130.125,136.125,92.12163543701172,6724568
2009-04-02,136.41250610351562,146.75,136.41250610351562,144.6875,97.91625213623047,8503764
2009-04-06,146.1999969482422,148.5,143.9250030517578,144.8874969482422,98.05158996582031,5414580
2009-04-08,146.27499389648438,153.4250030517578,140.25,151.03750610351562,102.21360778808594,10193512
2009-04-09,153.0,154.97500610351562,148.5625,150.6374969482422,101.9428482055664,6586724
2009-04-13,151.125,152.25,143.8000030517578,148.0625,100.20024871826172,4121008
2009-04-15,137.8874969482422,145.4499969482422,137.5124969482422,144.4250030517578,97.73860931396484,9767236
2009-04-16,145.0,147.25,141.8000030517578,143.0124969482422,96.7827377319336,8868964
2009-04-17,144.1999969482422,149.875,141.27499389648438,143.27499389648438,96.96038055419922,6664024
2009-04-20,138.1875,145.4499969482422,138.1875,140.35000610351562,94.98088073730469,5330200
2009-04-21,144.89999389648438,147.125,136.25,137.6875,93.17903137207031,11488980
2009-04-22,140.0,141.14999389648438,134.28750610351562,135.7375030517578,91.85939025878906,6584924
2009-04-23,137.375,143.21249389648438,136.3000030517578,142.02499389648438,96.11441802978516,7373712
2009-04-24,139.9875030517578,146.75,139.9875030517578,145.97500610351562,98.7875747680664,5377524
2009-04-27,145.96249389648438,152.1999969482422,143.125,150.47500610351562,101.83289337158203,8141124
2009-04-28,149.77499389648438,151.96249389648438,144.08749389648438,149.625,101.25768280029297,8388692
2009-04-29,150.5,157.25,150.5,155.89999389648438,105.50419616699219,10531292
2009-04-30,155.52499389648438,155.52499389648438,155.52499389648438,155.52499389648438,105.25045776367188,0
2009-05-04,157.75,174.89999389648438,157.53750610351562,166.60000610351562,112.7453842163086,11142936
2009-05-05,167.25,168.7375030517578,159.02499389648438,162.75,110.13994598388672,8822316
2009-05-06,159.5625,162.4250030517578,153.75,158.83749389648438,107.49219512939453,52522096
2009-05-07,159.0,161.25,154.8249969482422,157.9250030517578,106.8746109008789,7738864
2009-05-08,157.0,160.5,154.625,157.7375030517578,106.74773406982422,9001752
2009-05-11,159.625,159.91250610351562,152.25,153.8125,104.09147644042969,5298612
2009-05-12,152.5,161.4499969482422,152.5,160.27499389648438,108.46495819091797,9487452
2009-05-13,160.5,161.22500610351562,153.75,155.4250030517578,105.18280029296875,7324800
2009-05-14,154.5,156.75,151.3249969482422,154.9499969482422,104.86136627197266,9443176
2009-05-15,156.0,163.71249389648438,156.0,161.0124969482422,108.96410369873047,10942472
2009-05-18,191.64999389648438,197.89999389648438,173.75,185.96249389648438,125.84883117675781,73380
2009-05-19,187.5,187.5,163.89999389648438,167.4375,113.31211853027344,13015576
2009-05-20,167.5,175.4875030517578,165.75,169.16250610351562,114.47950744628906,8507664
2009-05-21,167.5,171.25,161.0,161.8625030517578,109.53929138183594,4459324
2009-05-22,157.5,161.25,157.5,158.5124969482422,107.27225494384766,5861456
2009-05-25,159.0,161.0,155.66250610351562,157.83749389648438,106.81537628173828,5673644
2009-05-26,158.7375030517578,159.91250610351562,155.125,156.1125030517578,105.6480484008789,6058900
2009-05-27,157.6999969482422,163.0,157.6999969482422,162.1374969482422,109.72543334960938,9222868
2009-05-28,155.85000610351562,168.47500610351562,155.85000610351562,165.8000030517578,112.2039794921875,16863676
2009-05-29,167.1875,177.5,163.16250610351562,176.14999389648438,119.20825958251953,13871224
2009-06-01,168.33749389648438,177.46249389648438,168.33749389648438,174.41250610351562,118.03245544433594,7905804
2009-06-02,175.0,177.5,172.5,173.6875,117.54183197021484,4118172
2009-06-03,172.5,176.1875,170.77499389648438,174.21249389648438,117.89707946777344,3914944
2009-06-04,171.75,177.25,171.58749389648438,176.8000030517578,119.64813232421875,7020704
2009-06-05,177.25,182.1750030517578,174.08749389648438,180.33749389648438,122.0420913696289,13220132
2009-06-08,181.1750030517578,187.4375,180.0,185.52499389648438,125.55271911621094,9267824
2009-06-09,182.77499389648438,198.75,182.77499389648438,195.53750610351562,132.32864379882812,9690708
2009-06-10,196.25,201.25,191.8125,195.4499969482422,132.26943969726562,9383796
2009-06-11,197.0,198.1125030517578,192.5,193.77499389648438,131.1359100341797,3883200
2009-06-12,196.25,198.6999969482422,190.3000030517578,191.1374969482422,129.3509521484375,6358660
2009-06-15,191.1750030517578,196.25,188.75,194.5,131.62648010253906,6595868
2009-06-16,191.64999389648438,196.75,185.60000610351562,194.5749969482422,132.52903747558594,4344006
2009-06-17,196.0,197.5,187.5,189.375,128.98715209960938,3741568
2009-06-18,189.0,196.5,186.02499389648438,188.1999969482422,128.18685913085938,4753108
2009-06-19,188.5,196.0,187.5,189.89999389648438,129.3448028564453,7727732
2009-06-22,192.1999969482422,193.89999389648438,184.0,184.8249969482422,125.88809967041016,4106208
2009-06-23,180.0,188.875,179.0,183.3249969482422,124.86637878417969,5135694
2009-06-24,186.47500610351562,194.25,180.10000610351562,190.875,130.0088348388672,7303954
2009-06-25,191.0,196.0,185.14999389648438,190.25,129.5831298828125,9694662
2009-06-26,191.25,202.1999969482422,188.27499389648438,198.6999969482422,135.3386688232422,6099700
2009-06-29,199.9250030517578,201.0,191.6750030517578,193.10000610351562,131.5243377685547,4745206
2009-06-30,193.75,199.0,191.5749969482422,194.9250030517578,132.76739501953125,5923948
2009-07-01,193.5500030517578,197.5,191.22500610351562,196.47500610351562,133.8231658935547,3684738
2009-07-02,195.0,197.64999389648438,190.60000610351562,195.0,132.81851196289062,3715428
2009-07-03,192.5,196.1999969482422,192.5,195.47500610351562,133.14199829101562,2919844
2009-07-06,198.5,199.22500610351562,189.1750030517578,190.35000610351562,129.65130615234375,4488916
2009-07-07,192.0,196.625,190.0,194.5749969482422,132.52903747558594,3804568
2009-07-08,194.35000610351562,194.4499969482422,184.125,190.5749969482422,129.80455017089844,6694766
2009-07-09,191.0500030517578,195.5500030517578,185.5,194.0749969482422,132.18846130371094,3964808
2009-07-10,195.5,200.72500610351562,195.0,197.5749969482422,134.5723114013672,7468748
2009-07-13,195.0,200.5,194.125,198.75,135.3726806640625,5119832
2009-07-14,202.5,205.5500030517578,200.1999969482422,203.47500610351562,138.59097290039062,4464136
2009-07-15,205.4499969482422,213.64999389648438,205.0,211.5749969482422,144.10797119140625,4470094
2009-07-16,214.0,217.39999389648438,206.60000610351562,209.89999389648438,142.96719360351562,7596876
2009-07-17,210.6999969482422,222.875,210.5,217.0500030517578,147.8372039794922,9094956
2009-07-20,222.5,257.45001220703125,222.5,250.27499389648438,170.46743774414062,34539536
2009-07-21,251.5,256.57501220703125,237.02499389648438,238.8000030517578,162.6515655517578,13005820
2009-07-22,241.85000610351562,242.5,226.14999389648438,233.14999389648438,158.80325317382812,10674690
2009-07-23,235.5,241.4499969482422,235.0,237.8249969482422,161.9875030517578,7662678
2009-07-24,245.0,245.0,238.0,242.27499389648438,165.01844787597656,7909322
2009-07-27,241.0,244.47500610351562,238.5500030517578,240.14999389648438,164.2489776611328,4652338
2009-07-28,242.1750030517578,242.47500610351562,235.64999389648438,240.3249969482422,164.3687286376953,6334984
2009-07-29,240.0,252.35000610351562,237.5,249.89999389648438,170.91748046875,11072150
2009-07-30,252.625,272.5,245.125,266.54998779296875,182.3051300048828,15672482
2009-07-31,269.5,270.0,260.70001220703125,262.9750061035156,179.86004638671875,5634966
2009-08-03,265.0,267.42498779296875,260.54998779296875,265.82501220703125,181.80923461914062,3520548
2009-08-04,260.25,270.6000061035156,260.25,265.07501220703125,181.29632568359375,5481292
2009-08-05,264.75,268.4750061035156,253.77499389648438,264.5,180.90304565429688,6424010
2009-08-06,264.5,267.20001220703125,257.1000061035156,258.70001220703125,176.93614196777344,4178748
2009-08-07,258.29998779296875,260.9750061035156,253.0500030517578,254.5500030517578,174.0978240966797,4552666
2009-08-10,257.57501220703125,275.875,257.0,269.5249938964844,184.3398895263672,10623976
2009-08-11,268.75,279.0,267.04998779296875,270.95001220703125,185.3144989013672,8843480
2009-08-12,267.5,268.0,255.5,259.82501220703125,177.70550537109375,11326536
2009-08-13,267.20001220703125,267.20001220703125,259.79998779296875,263.375,180.1336669921875,10033928
2009-08-14,265.0,265.0,259.0,260.75,178.33824157714844,5151814
2009-08-17,258.3999938964844,258.75,252.625,255.0749969482422,174.45687866210938,5962820
2009-08-18,252.5,257.42498779296875,249.75,254.4250030517578,174.0123291015625,8149844
2009-08-19,256.3999938964844,257.3500061035156,247.0,249.02499389648438,170.31898498535156,5603370
2009-08-20,252.4499969482422,254.1999969482422,249.0500030517578,250.5,171.327880859375,3660960
2009-08-21,251.0,256.25,247.5,254.625,174.14906311035156,6929022
2009-08-24,257.9750061035156,262.92498779296875,256.7749938964844,260.7749938964844,178.3553466796875,4207204
2009-08-25,259.0,265.5,257.04998779296875,264.1499938964844,180.6636505126953,5529298
2009-08-26,263.3500061035156,277.5,263.2749938964844,274.25,187.5714874267578,8852624
2009-08-27,275.0,283.0,270.5,273.875,187.3150177001953,10230928
2009-08-28,272.875,275.0,265.54998779296875,270.3999938964844,184.93826293945312,4563136
2009-08-31,265.5,266.8999938964844,260.6499938964844,263.5249938964844,180.23619079589844,7170352
2009-09-01,267.5,268.17498779296875,259.54998779296875,263.45001220703125,180.1848907470703,9862194
2009-09-02,260.5,271.45001220703125,260.5,267.29998779296875,182.81813049316406,8161418
2009-09-03,269.95001220703125,272.20001220703125,265.2250061035156,266.82501220703125,182.4932403564453,7796744
2009-09-04,270.0,272.0,263.6000061035156,265.95001220703125,181.89479064941406,6263446
2009-09-07,267.8999938964844,276.7749938964844,266.79998779296875,275.4750061035156,188.40927124023438,5925720
2009-09-08,275.95001220703125,285.25,274.82501220703125,277.32501220703125,189.6746368408203,9892042
2009-09-09,278.0,282.3999938964844,271.57501220703125,280.2250061035156,191.6580810546875,7532186
2009-09-10,282.0,284.5,276.0249938964844,278.2749938964844,190.32437133789062,4898914
2009-09-11,280.5,284.5,277.75,280.17498779296875,191.6238250732422,9130296
2009-09-14,266.82501220703125,281.95001220703125,266.82501220703125,279.54998779296875,191.19639587402344,3200972
2009-09-15,282.0,287.8500061035156,281.0,285.95001220703125,195.5736846923828,4308186
2009-09-16,289.5,289.9750061035156,282.6000061035156,285.25,195.0948944091797,5816522
2009-09-17,287.5,294.0,286.5,291.4750061035156,199.35243225097656,5283220
2009-09-18,292.5,295.0,289.5,292.0,199.71141052246094,3925348
2009-09-22,294.9750061035156,303.0,291.125,301.32501220703125,206.08929443359375,3763280
2009-09-23,304.0,305.82501220703125,293.625,295.45001220703125,202.07113647460938,4522410
2009-09-24,294.0,304.6499938964844,291.0,301.2749938964844,206.05502319335938,6803348
2009-09-25,277.5,299.0,277.5,293.70001220703125,200.87416076660156,3068206
2009-09-29,297.4750061035156,307.2250061035156,295.5,305.20001220703125,208.73948669433594,7146124
2009-09-30,307.4750061035156,311.3999938964844,306.1000061035156,310.5,212.36439514160156,4373424
2009-10-01,309.0,324.95001220703125,307.5249938964844,314.92498779296875,215.39089965820312,5686944
2009-10-05,309.3500061035156,319.5,305.5,307.6499938964844,210.4152069091797,6259596
2009-10-06,312.4750061035156,314.20001220703125,302.5,307.1000061035156,210.03895568847656,7448054
2009-10-07,309.45001220703125,309.45001220703125,294.32501220703125,295.8500061035156,202.34474182128906,10075972
2009-10-08,297.5,299.375,284.25,285.70001220703125,195.4026641845703,10162172
2009-10-09,287.5249938964844,295.20001220703125,278.32501220703125,280.875,192.1026153564453,10032478
2009-10-12,283.5,292.125,281.7749938964844,289.92498779296875,198.2922821044922,5174220
2009-10-13,290.5,290.5,290.5,290.5,198.685546875,0
2009-10-14,292.4750061035156,299.0,290.3500061035156,296.4750061035156,202.77215576171875,3979580
2009-10-15,297.0,298.95001220703125,287.5,290.8999938964844,198.9591522216797,4232380
2009-10-16,283.0,302.20001220703125,283.0,299.1499938964844,204.6016387939453,7189942
2009-10-20,307.0,312.8999938964844,306.0249938964844,310.5249938964844,212.38157653808594,7840584
2009-10-21,310.0,319.70001220703125,309.0,316.3999938964844,216.3995819091797,5731638
2009-10-22,316.0,321.9750061035156,307.67498779296875,312.92498779296875,214.02304077148438,4292924
2009-10-23,315.04998779296875,322.95001220703125,314.79998779296875,319.8999938964844,218.79356384277344,7494460
2009-10-26,321.5,328.82501220703125,317.5,322.2749938964844,220.41787719726562,4071746
2009-10-27,328.95001220703125,328.95001220703125,317.2749938964844,321.375,219.80230712890625,3940880
2009-10-28,321.20001220703125,324.45001220703125,317.5,321.42498779296875,220.522705078125,3582314
2009-10-29,318.0,322.75,315.6000061035156,317.0249938964844,217.50390625,4882712
2009-10-30,321.0,324.375,310.0,314.1499938964844,215.53146362304688,2876124
2009-11-03,318.0,318.0,300.5,303.0249938964844,207.8988494873047,2768288
2009-11-04,305.54998779296875,314.0,305.0,312.8500061035156,214.63955688476562,4555798
2009-11-05,315.0,315.0,302.79998779296875,312.25,214.2279510498047,2731302
2009-11-06,310.0,317.4750061035156,306.82501220703125,311.07501220703125,213.42169189453125,4179484
2009-11-09,312.5,314.0,307.5,311.375,213.62757873535156,3432086
2009-11-10,313.0,314.5,310.0,313.32501220703125,214.96543884277344,4610406
2009-11-11,313.5249938964844,323.5,309.25,322.625,221.3459930419922,4049412
2009-11-12,322.5,330.75,321.7749938964844,327.67498779296875,224.81063842773438,4727766
2009-11-13,327.4750061035156,337.45001220703125,323.7749938964844,335.07501220703125,229.88763427734375,4597896
2009-11-16,335.0,338.5,330.0,332.875,228.3783416748047,3523808
2009-11-17,334.0,346.45001220703125,329.6499938964844,345.2250061035156,236.8514404296875,5344330
2009-11-18,345.5,352.8500061035156,341.75,343.45001220703125,235.63357543945312,5582914
2009-11-19,344.95001220703125,346.20001220703125,334.75,339.95001220703125,233.23226928710938,3464664
2009-11-20,339.0,348.0,335.04998779296875,346.57501220703125,237.77757263183594,2800774
2009-11-23,347.5,350.0,343.0,347.04998779296875,238.1034393310547,2543474
2009-11-24,352.0,352.0,341.0,349.5249938964844,239.8015594482422,2721872
2009-11-25,349.5249938964844,355.82501220703125,346.0,351.3999938964844,241.08779907226562,3893254
2009-11-26,352.4750061035156,353.67498779296875,342.5,343.95001220703125,235.9766387939453,4409118
2009-11-27,338.2749938964844,343.20001220703125,327.5,335.2250061035156,229.99066162109375,3769058
2009-11-30,337.0,346.4750061035156,337.0,344.20001220703125,236.14822387695312,3882888
2009-12-01,351.70001220703125,351.70001220703125,340.125,342.875,235.2390594482422,3229964
2009-12-02,347.4750061035156,347.4750061035156,338.5249938964844,342.1499938964844,234.74163818359375,2161954
2009-12-03,343.875,347.95001220703125,339.625,345.0249938964844,236.71408081054688,2978706
2009-12-04,340.5,350.5,340.5,347.6000061035156,238.4807891845703,3933408
2009-12-07,349.0,352.95001220703125,347.5,349.70001220703125,239.92156982421875,2207652
2009-12-08,349.92498779296875,350.42498779296875,345.125,349.1499938964844,239.544189453125,4226172
2009-12-09,349.0,355.45001220703125,346.6000061035156,353.3500061035156,242.4257354736328,4708848
2009-12-10,352.5,355.0,350.9750061035156,352.82501220703125,242.0656280517578,1659484
2009-12-11,353.57501220703125,357.20001220703125,350.0,353.04998779296875,242.2199249267578,2688312
2009-12-14,350.5,355.9750061035156,350.42498779296875,352.54998779296875,241.87689208984375,3008842
2009-12-15,354.0,356.0,348.6000061035156,350.4750061035156,240.45330810546875,2087152
2009-12-16,350.8500061035156,358.875,347.5,356.57501220703125,244.63832092285156,3565378
2009-12-17,359.0,364.0,357.5,361.375,247.9315185546875,3782302
2009-12-18,361.375,365.75,359.7749938964844,363.75,249.56101989746094,2795290
2009-12-21,365.04998779296875,374.5,363.25,367.0249938964844,251.80787658691406,9326994
2009-12-22,370.0,371.25,359.6000061035156,362.0249938964844,248.37753295898438,3189142
2009-12-23,364.2250061035156,374.75,362.7749938964844,373.2749938964844,256.0957336425781,4470686
2009-12-24,375.0,378.5,370.5249938964844,374.6499938964844,257.03924560546875,3057686
2009-12-29,375.0,375.8999938964844,368.32501220703125,370.70001220703125,254.32920837402344,2256278
2009-12-30,371.0,374.375,357.625,371.375,254.7922821044922,1472110
2009-12-31,373.125,377.5,371.8999938964844,375.125,257.3650207519531,2853462
2010-01-04,377.3999938964844,379.45001220703125,374.5249938964844,375.82501220703125,257.8454895019531,1963682
2010-01-05,377.5,379.7749938964844,373.2749938964844,375.92498779296875,257.9138488769531,2014488
2010-01-06,375.92498779296875,376.1000061035156,366.5,367.42498779296875,252.0821533203125,3349176
2010-01-07,367.75,369.70001220703125,355.5,357.20001220703125,245.06704711914062,6474892
2010-01-08,358.0,359.25,348.25,349.8999938964844,240.0587615966797,6048178
2010-01-11,352.0,360.04998779296875,350.20001220703125,357.1000061035156,244.99853515625,4318408
2010-01-12,366.0,377.0,363.5,375.0249938964844,257.2964172363281,9027690
2010-01-13,372.5,398.20001220703125,372.32501220703125,394.2749938964844,270.5035400390625,10910272
2010-01-14,399.2250061035156,399.2250061035156,384.67498779296875,389.92498779296875,267.51904296875,10327614
2010-01-15,398.0,399.79998779296875,386.125,395.70001220703125,271.4811096191406,7945008
2010-01-18,400.0,414.5,396.5,401.1000061035156,275.1860046386719,7261084
2010-01-19,401.1000061035156,401.1000061035156,389.32501220703125,390.3500061035156,267.8105773925781,5154850
2010-01-20,396.1000061035156,396.1000061035156,385.45001220703125,389.70001220703125,267.36468505859375,4347054
2010-01-21,386.125,395.9750061035156,383.95001220703125,385.32501220703125,264.36309814453125,5089504
2010-01-22,380.5,382.5,372.3500061035156,378.92498779296875,259.97216796875,7574990
2010-01-25,378.75,382.75,370.57501220703125,378.1000061035156,259.4061279296875,3008286
2010-01-27,375.0,379.8500061035156,370.07501220703125,371.6499938964844,255.65721130371094,4844398
2010-01-28,374.75,378.9750061035156,363.8500061035156,370.875,255.12408447265625,6537196
2010-01-29,367.0,369.8999938964844,356.07501220703125,368.1000061035156,253.21514892578125,5473326
2010-02-01,367.17498779296875,381.3999938964844,360.0,373.07501220703125,256.6373291015625,3378012
2010-02-02,377.5,381.32501220703125,367.5,369.20001220703125,253.97178649902344,4739188
2010-02-03,372.0,378.45001220703125,367.75,376.4750061035156,258.976318359375,2977676
2010-02-04,376.4750061035156,376.95001220703125,366.25,369.3500061035156,254.0750732421875,2716612
2010-02-05,367.5,367.5,358.29998779296875,361.75,248.84695434570312,4607118
2010-02-08,364.5,367.375,354.07501220703125,362.07501220703125,249.07058715820312,4170344
2010-02-09,362.5,370.9750061035156,360.5249938964844,367.57501220703125,252.85389709472656,3005894
2010-02-10,369.95001220703125,371.8500061035156,364.04998779296875,366.1499938964844,251.8737030029297,2337374
2010-02-11,368.9750061035156,373.9750061035156,367.5,371.3500061035156,255.4508514404297,2413156
2010-02-15,375.0,375.0,369.2749938964844,373.07501220703125,256.6373291015625,1956482
2010-02-16,373.625,382.4750061035156,371.1000061035156,379.07501220703125,260.7647399902344,1660490
2010-02-17,382.45001220703125,383.9750061035156,376.2749938964844,379.32501220703125,260.9366455078125,2528290
2010-02-18,380.0,383.4750061035156,377.75,379.3999938964844,260.9884033203125,1814806
2010-02-19,377.45001220703125,379.75,372.8999938964844,375.2749938964844,258.1507568359375,2215880
2010-02-22,378.5,381.8500061035156,376.8999938964844,378.625,260.4551696777344,2143460
2010-02-23,379.5,382.5,375.625,381.04998779296875,262.123291015625,1853052
2010-02-24,378.0,385.3500061035156,376.04998779296875,382.67498779296875,263.2411193847656,4076058
2010-02-25,384.8999938964844,384.8999938964844,380.625,383.125,263.5506896972656,2672984
2010-02-26,383.54998779296875,389.2749938964844,373.07501220703125,380.8999938964844,262.0200500488281,3015934
2010-03-02,381.0,384.5,377.5,381.6000061035156,262.501708984375,4053352
2010-03-03,384.5,387.0,382.07501220703125,384.375,264.41058349609375,2754742
2010-03-04,384.0,385.0,378.5,381.95001220703125,262.74261474609375,2053606
2010-03-05,382.5,383.4750061035156,380.07501220703125,381.29998779296875,262.29534912109375,1287312
2010-03-08,383.79998779296875,385.0,380.1499938964844,381.3500061035156,262.32977294921875,3015740
2010-03-09,381.5,389.25,381.5,384.3500061035156,264.3934020996094,3457732
2010-03-10,381.8500061035156,392.2250061035156,380.0,390.0249938964844,268.2972717285156,4587874
2010-03-11,390.0249938964844,397.45001220703125,385.9750061035156,395.79998779296875,272.2696838378906,3214030
2010-03-12,400.0,400.0,396.0,398.4750061035156,274.1099548339844,2510976
2010-03-15,398.4750061035156,410.0,395.57501220703125,409.0,281.3500671386719,6054434
2010-03-16,410.75,415.9750061035156,407.8999938964844,414.5,285.133544921875,3088856
2010-03-17,417.0,422.95001220703125,415.0,420.3500061035156,289.15777587890625,4174794
2010-03-18,422.5,422.5,410.25,412.92498779296875,284.0499572753906,3724554
2010-03-19,402.625,417.2250061035156,402.625,410.45001220703125,282.3475646972656,4716624
2010-03-22,407.45001220703125,416.8999938964844,403.07501220703125,413.79998779296875,284.6519775390625,3310110
2010-03-23,415.0,416.5,411.04998779296875,414.32501220703125,285.01318359375,1694964
2010-03-25,412.04998779296875,418.3999938964844,409.0,414.8999938964844,285.4087219238281,5517582
2010-03-26,415.0,418.0,411.1499938964844,412.5249938964844,283.7750549316406,1997806
2010-03-29,412.0,414.6499938964844,404.2749938964844,405.9750061035156,279.2691955566406,3443266
2010-03-30,404.29998779296875,408.04998779296875,398.57501220703125,400.0,275.15899658203125,3097160
2010-03-31,400.0,403.625,388.6499938964844,390.32501220703125,268.5036926269531,7083046
2010-04-01,393.17498779296875,404.8999938964844,391.04998779296875,403.8999938964844,277.8417663574219,5781432
2010-04-05,408.5,408.5,399.625,401.67498779296875,276.3111877441406,3001836
2010-04-06,404.45001220703125,404.45001220703125,396.07501220703125,398.0249938964844,273.8004455566406,3702366
2010-04-07,395.0,404.5,390.57501220703125,399.0249938964844,274.48828125,3024558
2010-04-08,398.0,403.75,395.0,399.7250061035156,274.9698791503906,4494438
2010-04-09,401.0,403.95001220703125,394.125,395.79998779296875,272.2696838378906,3018012
2010-04-12,395.5,400.0,395.04998779296875,399.04998779296875,274.5055236816406,2869882
2010-04-13,400.0,411.8999938964844,393.625,410.42498779296875,282.330322265625,8404916
2010-04-15,411.0,417.45001220703125,409.5249938964844,410.8500061035156,282.622802734375,4290952
2010-04-16,409.5,414.0,405.92498779296875,407.54998779296875,280.3525695800781,3810958
2010-04-19,405.0,412.5,400.375,405.9750061035156,279.2691955566406,6947704
2010-04-20,412.5,416.32501220703125,393.5,394.75,271.5474853515625,12016986
2010-04-21,397.5,399.5,390.125,392.5,269.9997253417969,7107490
2010-04-22,394.54998779296875,396.82501220703125,390.5,392.9750061035156,270.32647705078125,4751116
2010-04-23,394.0249938964844,396.0,388.75,390.1000061035156,268.3488464355469,4306068
2010-04-26,393.0,395.5,390.1000061035156,392.54998779296875,270.0342102050781,2512548
2010-04-27,392.9750061035156,394.95001220703125,390.5249938964844,393.6499938964844,270.79095458984375,2621234
2010-04-28,390.0,391.9750061035156,382.5,385.1499938964844,264.94384765625,2400382
2010-04-29,387.54998779296875,387.625,377.79998779296875,379.875,261.3152160644531,4622964
2010-04-30,382.5,386.3999938964844,381.2749938964844,382.70001220703125,263.2585144042969,3690224
2010-05-03,380.625,385.70001220703125,377.04998779296875,383.3999938964844,263.7399597167969,2416560
2010-05-04,387.42498779296875,387.42498779296875,378.3999938964844,380.5,261.7449035644531,2896028
2010-05-05,375.0,384.0,370.07501220703125,382.875,263.3787841796875,4371230
2010-05-06,383.9750061035156,385.45001220703125,379.6000061035156,383.54998779296875,263.84307861328125,2580872
2010-05-07,378.5,381.29998779296875,367.5,370.70001220703125,255.00357055664062,4267152
2010-05-10,380.0,421.5,372.5,385.125,264.9266052246094,2327814
2010-05-11,387.5,389.5,376.95001220703125,378.1499938964844,260.12841796875,1351288
2010-05-12,378.5,383.9750061035156,375.54998779296875,379.7250061035156,261.2119140625,2740076
2010-05-13,382.54998779296875,386.6000061035156,380.7250061035156,382.79998779296875,263.3271484375,1321452
2010-05-14,383.0,388.5,377.5,381.92498779296875,262.7252502441406,2026996
2010-05-17,387.4750061035156,387.4750061035156,367.04998779296875,372.875,256.4997863769531,3722050
2010-05-18,373.0,373.0,363.1499938964844,367.54998779296875,252.83668518066406,3199180
2010-05-19,365.0,366.5,358.1499938964844,360.75,248.1590576171875,3929266
2010-05-20,364.5,366.1499938964844,358.07501220703125,365.0,251.0826873779297,2398092
2010-05-21,355.0,362.95001220703125,342.625,359.3500061035156,247.19602966308594,2675092
2010-05-24,362.5,365.0,356.3500061035156,358.79998779296875,246.8177032470703,2885428
2010-05-25,354.0,357.0,345.7749938964844,349.7749938964844,240.60928344726562,2297366
2010-05-26,354.0,372.3999938964844,352.04998779296875,369.0,253.8341827392578,3689464
2010-05-27,367.5,374.9750061035156,363.6000061035156,370.92498779296875,255.15830993652344,6883872
2010-05-28,374.8999938964844,376.75,367.75,375.3999938964844,258.23675537109375,2479374
2010-05-31,374.25,376.45001220703125,369.0,371.5249938964844,255.57110595703125,3327660
2010-06-01,371.5249938964844,375.9750061035156,367.3500061035156,369.6000061035156,254.24696350097656,3136912
2010-06-02,368.8999938964844,379.75,368.1499938964844,377.125,259.4232482910156,2769330
2010-06-03,380.0,384.5,372.54998779296875,382.7250061035156,263.27569580078125,1684434
2010-06-04,382.7250061035156,384.8500061035156,377.6000061035156,382.67498779296875,263.2411193847656,1368210
2010-06-07,374.95001220703125,378.8999938964844,368.0,376.625,259.07940673828125,1734922
2010-06-08,377.0,381.0,373.5,375.1000061035156,258.0303955078125,2242222
2010-06-09,376.0,379.2749938964844,365.5,366.5249938964844,252.1316375732422,4867400
2010-06-10,365.0,376.5,365.0,375.25,258.1335144042969,1796036
2010-06-11,380.8999938964844,381.6499938964844,375.5,379.54998779296875,261.0914611816406,3237024
2010-06-14,381.67498779296875,393.54998779296875,379.0,390.5,268.6239318847656,3550492
2010-06-15,378.32501220703125,388.8500061035156,378.32501220703125,383.04998779296875,268.3087463378906,2642976
2010-06-16,388.54998779296875,389.9750061035156,383.6499938964844,387.3999938964844,271.3556213378906,2328816
2010-06-17,388.5,392.3999938964844,381.8500061035156,387.6499938964844,271.5308837890625,1528920
2010-06-18,387.6499938964844,394.45001220703125,386.125,391.6000061035156,274.297607421875,2225672
2010-06-21,396.45001220703125,397.0,392.29998779296875,393.8500061035156,275.873779296875,1907428
2010-06-22,392.5,393.25,386.6499938964844,389.32501220703125,272.7040710449219,1468324
2010-06-23,385.0,394.4750061035156,384.92498779296875,393.1499938964844,275.3834533691406,2959524
2010-06-24,393.1499938964844,394.25,383.8500061035156,386.7250061035156,270.8829040527344,3777510
2010-06-25,387.8999938964844,387.8999938964844,378.04998779296875,379.25,265.6470947265625,2037322
2010-06-28,379.2250061035156,383.57501220703125,378.79998779296875,382.375,267.8359375,1153124
2010-06-29,382.5,382.5,374.5,376.8999938964844,264.0010070800781,2614662
2010-06-30,377.5,379.95001220703125,370.625,375.5,263.0202941894531,3316516
2010-07-01,375.0,375.0,362.875,366.0,256.3659362792969,3407744
2010-07-02,367.3999938964844,373.0,365.42498779296875,371.8999938964844,260.4986877441406,2943550
2010-07-05,374.3999938964844,374.45001220703125,368.54998779296875,369.5,258.817626953125,2165596
2010-07-06,368.25,380.95001220703125,367.92498779296875,379.57501220703125,265.8746643066406,2760904
2010-07-07,380.70001220703125,383.70001220703125,374.4750061035156,382.29998779296875,267.7834167480469,2152934
2010-07-08,386.0,389.5,384.82501220703125,388.3999938964844,272.05621337890625,2187564
2010-07-09,390.0,392.0,385.375,387.2250061035156,271.2332763671875,1836666
2010-07-12,389.8999938964844,397.0,389.8999938964844,395.8500061035156,277.2745361328125,2725776
2010-07-13,396.0,396.0,384.7749938964844,387.32501220703125,271.3032531738281,5545886
2010-07-14,389.0,392.3500061035156,385.125,387.32501220703125,271.3032531738281,2833842
2010-07-15,385.5,392.45001220703125,382.625,391.04998779296875,273.912353515625,3795536
2010-07-16,397.5,419.25,397.5,416.82501220703125,291.9666442871094,19135452
2010-07-19,415.7250061035156,417.3500061035156,411.625,413.3500061035156,289.5324401855469,3027924
2010-07-20,413.3500061035156,417.2749938964844,412.5,413.625,289.7251892089844,2342062
2010-07-21,416.0,422.3999938964844,414.79998779296875,421.5,295.2413330078125,2943720
2010-07-22,421.5,423.0,416.25,421.8500061035156,295.4864501953125,1362882
2010-07-23,425.0,425.0,417.54998779296875,419.6499938964844,293.9452819824219,1894472
2010-07-26,421.20001220703125,425.79998779296875,420.20001220703125,424.625,297.4300842285156,2766490
2010-07-27,427.5,429.8999938964844,423.1000061035156,424.57501220703125,297.3951721191406,2106602
2010-07-28,425.5,428.9750061035156,423.5,427.2250061035156,299.2512512207031,4359228
2010-07-29,427.5,427.5,424.5,425.0,298.3912048339844,5331904
2010-07-30,424.5,425.0,417.5,419.8999938964844,294.81060791015625,1283426
2010-08-02,421.5,424.2250061035156,418.5,419.1499938964844,294.283935546875,2827762
2010-08-03,420.5,422.25,414.2749938964844,416.0249938964844,292.08990478515625,1281552
2010-08-04,418.0,436.0,417.92498779296875,434.3999938964844,304.9909973144531,5583934
2010-08-05,436.0,441.20001220703125,432.82501220703125,438.92498779296875,308.1679382324219,2912950
2010-08-06,440.0,441.75,430.32501220703125,432.3500061035156,303.5517272949219,2437734
2010-08-09,430.57501220703125,441.8500061035156,423.04998779296875,439.92498779296875,308.87005615234375,4259986
2010-08-10,442.5,442.5,430.70001220703125,432.25,303.4814147949219,1545194
2010-08-11,431.0,436.5,427.3999938964844,429.07501220703125,301.2522888183594,4020248
2010-08-12,428.45001220703125,428.45001220703125,423.1000061035156,426.7250061035156,299.60235595703125,2278092
2010-08-13,428.5,431.45001220703125,419.0,427.20001220703125,299.93585205078125,2589906
2010-08-16,428.5,431.2749938964844,424.3999938964844,427.04998779296875,299.8305358886719,1319098
2010-08-17,425.04998779296875,430.5,422.0,425.1000061035156,298.46142578125,1733196
2010-08-18,426.5,437.8999938964844,425.0,435.54998779296875,305.79840087890625,2888916
2010-08-19,437.0,440.45001220703125,433.6499938964844,436.0249938964844,306.1318664550781,2148534
2010-08-20,434.5,439.95001220703125,431.5,434.4750061035156,305.0435485839844,1746396
2010-08-23,430.0,437.7250061035156,428.5249938964844,435.20001220703125,305.5527038574219,1049830
2010-08-24,435.0,440.95001220703125,432.5,435.3500061035156,305.6579895019531,2650474
2010-08-25,436.0,440.75,433.1499938964844,435.6000061035156,305.8335876464844,2379968
2010-08-26,437.0,439.5,430.125,438.25,307.6940612792969,4204428
2010-08-27,436.04998779296875,436.5,425.5,428.0249938964844,300.51513671875,1276514
2010-08-30,431.3999938964844,431.3999938964844,420.04998779296875,422.82501220703125,296.8642578125,1558570
2010-08-31,420.0,423.8500061035156,415.1000061035156,421.875,296.197265625,2447874
2010-09-01,421.0,430.5,420.0,429.20001220703125,301.3401184082031,2745484
2010-09-02,433.75,433.75,420.75,422.04998779296875,296.3200378417969,2758800
2010-09-03,425.0,425.75,417.54998779296875,418.6499938964844,293.9328918457031,2777970
2010-09-06,419.0,428.75,419.0,427.67498779296875,300.26934814453125,2287978
2010-09-07,429.0,437.45001220703125,428.0,435.67498779296875,305.8861389160156,2484236
2010-09-08,432.0,441.45001220703125,429.45001220703125,439.5249938964844,308.5892333984375,4189478
2010-09-09,441.0,441.25,435.67498779296875,437.3500061035156,307.0622253417969,2938158
2010-09-13,435.67498779296875,444.5,435.3500061035156,439.875,308.8348693847656,2349410
2010-09-14,441.5,449.5,440.1499938964844,447.67498779296875,314.3113098144531,3071038
2010-09-15,450.0,459.70001220703125,449.5,457.3999938964844,321.1391906738281,5560394
2010-09-16,454.0,456.7250061035156,432.25,447.70001220703125,314.3288269042969,2334264
2010-09-17,450.04998779296875,459.375,450.04998779296875,456.8999938964844,320.78814697265625,3007978
2010-09-20,458.5,460.95001220703125,453.3500061035156,456.125,320.2440490722656,2419108
2010-09-21,456.0,479.0,455.1499938964844,476.9750061035156,334.88275146484375,4997184
2010-09-22,478.0,480.0,465.0,467.625,328.318115234375,4031066
2010-09-23,470.0,472.6499938964844,463.8999938964844,465.67498779296875,326.94903564453125,3327236
2010-09-24,466.54998779296875,468.95001220703125,462.5,465.9750061035156,327.1597595214844,2738784
2010-09-27,467.5,470.7250061035156,461.0,463.79998779296875,325.63262939453125,3423290
2010-09-28,462.625,465.1499938964844,457.04998779296875,459.82501220703125,322.8416748046875,2521714
2010-09-29,462.5,468.625,457.45001220703125,460.17498779296875,323.0875549316406,3370194
2010-09-30,462.5,465.0,457.57501220703125,463.4750061035156,325.40447998046875,7560924
2010-10-01,463.5,483.0,461.0,480.79998779296875,337.5683288574219,3326156
2010-10-04,483.375,487.5,476.5,477.8999938964844,335.5322265625,2140956
2010-10-05,475.0,482.9750061035156,473.07501220703125,475.125,333.5838623046875,2211664
2010-10-06,475.0,483.95001220703125,475.0,479.82501220703125,336.8836669921875,1838960
2010-10-07,480.0,483.0,469.20001220703125,474.3999938964844,333.0748291015625,1972940
2010-10-08,472.0249938964844,477.3500061035156,434.5,471.29998779296875,330.8983459472656,2695996
2010-10-11,471.29998779296875,476.9750061035156,464.5249938964844,470.45001220703125,330.3016052246094,3065370
2010-10-12,471.32501220703125,477.8999938964844,469.54998779296875,475.3500061035156,333.7418518066406,2608902
2010-10-13,477.9750061035156,498.8500061035156,474.54998779296875,496.42498779296875,348.5385437011719,5350604
2010-10-14,498.45001220703125,502.0,491.17498779296875,493.0249938964844,346.1513977050781,2949086
2010-10-15,499.5,505.5,472.5,475.1499938964844,333.6014709472656,5717798
2010-10-18,485.0,492.0,465.0,490.625,344.4664001464844,4480734
2010-10-19,491.0,493.70001220703125,482.04998779296875,483.875,339.7272644042969,2200912
2010-10-20,482.25,490.25,478.1000061035156,481.625,338.1476135253906,2206638
2010-10-21,487.0249938964844,496.92498779296875,485.0,493.1000061035156,346.2041320800781,3752354
2010-10-22,511.0,524.7000122070312,511.0,520.0999755859375,365.1607360839844,9610404
2010-10-25,521.5,536.4749755859375,518.5999755859375,533.4749755859375,374.55120849609375,5156316
2010-10-26,531.75,533.875,520.7750244140625,531.2999877929688,373.0242614746094,3507024
2010-10-27,530.0,533.4000244140625,521.7750244140625,524.0999755859375,367.96905517578125,2141382
2010-10-28,525.0,533.7750244140625,520.0,526.4500122070312,369.6190490722656,5255690
2010-10-29,530.0,530.0,515.5,526.4500122070312,369.6190490722656,2212398
2010-11-01,526.0250244140625,533.2000122070312,524.5499877929688,526.7000122070312,370.4981994628906,1147948
2010-11-02,527.5,530.0,521.8499755859375,524.7249755859375,369.1090087890625,1565778
2010-11-03,525.4500122070312,539.5,524.2000122070312,526.4000244140625,370.287353515625,2217878
2010-11-04,531.0,539.2999877929688,530.75,534.5750122070312,376.0378112792969,1717440
2010-11-08,540.0,541.2000122070312,531.0499877929688,534.0750122070312,375.6861877441406,2248586
2010-11-09,536.9500122070312,549.3499755859375,534.25,545.5499877929688,383.7579650878906,3504086
2010-11-10,546.125,554.0,543.0499877929688,546.1500244140625,384.18011474609375,1540224
2010-11-11,545.0,545.0,529.125,532.375,374.490234375,1926096
2010-11-12,530.0,534.9500122070312,524.0999755859375,527.9500122070312,371.3775939941406,1802330
2010-11-15,532.5,539.9249877929688,526.5,533.0,374.92999267578125,1389396
2010-11-16,533.0,533.2000122070312,521.0999755859375,524.4500122070312,368.91558837890625,2178076
2010-11-18,536.0,536.0,520.0,521.4000244140625,366.77008056640625,2765160
2010-11-19,522.4500122070312,524.5,503.0,507.70001220703125,357.1330871582031,2172652
2010-11-22,508.0,521.5,505.75,519.5499877929688,365.4687194824219,2221236
2010-11-23,517.0,522.5,506.20001220703125,515.0250244140625,362.2857360839844,1684448
2010-11-24,512.5,517.25,499.4750061035156,502.375,353.3873291015625,3008608
2010-11-25,505.0249938964844,520.9500122070312,503.54998779296875,510.8999938964844,359.384033203125,5855006
2010-11-26,512.5,527.0,512.5,523.625,368.3352355957031,3617826
2010-11-29,527.5,539.25,525.125,535.6500244140625,376.79412841796875,4518892
2010-11-30,530.25,543.0250244140625,526.5499877929688,538.0,378.44720458984375,4808408
2010-12-01,532.0,546.5999755859375,532.0,540.9500122070312,380.5221862792969,3776032
2010-12-02,545.5,549.5999755859375,537.5250244140625,547.9000244140625,385.4111022949219,4095716
2010-12-03,546.5250244140625,556.5,545.5750122070312,548.6749877929688,385.9562683105469,2030112
2010-12-06,550.0,555.0,547.6500244140625,550.8499755859375,387.48614501953125,1930954
2010-12-07,550.0,550.0,541.0499877929688,543.75,382.49176025390625,2158324
2010-12-08,545.4749755859375,546.4749755859375,535.625,539.5750122070312,379.5550231933594,1984132
2010-12-09,541.8499755859375,548.6500244140625,534.0499877929688,536.2999877929688,377.25115966796875,2579902
2010-12-10,533.5,541.9249877929688,528.5,537.4500122070312,378.060302734375,2245624
2010-12-13,535.5,540.3499755859375,524.2000122070312,538.0499877929688,378.4823303222656,2115066
2010-12-14,536.5999755859375,544.7999877929688,532.0750122070312,540.4749755859375,380.18804931640625,2615340
2010-12-15,542.5499877929688,554.2000122070312,540.75,551.8250122070312,388.17193603515625,2572034
2010-12-16,554.5,572.0,552.0750122070312,570.3499755859375,401.2031555175781,4515704
2010-12-20,567.4000244140625,588.5,557.4249877929688,583.3499755859375,410.3477478027344,4514046
2010-12-21,584.5,586.125,577.0,580.4000244140625,408.2727966308594,2810642
2010-12-22,583.5,584.5,568.875,574.875,404.38623046875,3186836
2010-12-23,575.0,579.7750244140625,566.0499877929688,570.0,400.95703125,2850924
2010-12-24,567.0,574.4000244140625,562.875,570.5499877929688,401.3439025878906,1624640
2010-12-27,572.5,579.7249755859375,569.0999755859375,570.5999755859375,401.3791198730469,1664936
2010-12-28,570.5999755859375,575.4500122070312,570.0250244140625,573.1749877929688,403.1903381347656,1012876
2010-12-29,574.5,581.0,573.5250244140625,578.4749755859375,406.9185485839844,1042370
2010-12-30,576.25,587.4000244140625,576.25,585.0999755859375,411.5787658691406,3845552
2010-12-31,586.25,590.0,580.9000244140625,582.8250122070312,409.9785461425781,1532980
2011-01-03,583.5,588.4749755859375,577.2750244140625,579.0250244140625,407.30548095703125,1405042
2011-01-04,581.9500122070312,583.0750122070312,569.0499877929688,572.375,402.62774658203125,2502868
2011-01-05,572.625,582.9500122070312,570.875,579.4749755859375,407.6220703125,3069674
2011-01-06,584.0,591.0,576.5499877929688,585.8499755859375,412.1063232421875,2846720
2011-01-07,588.0,593.4249877929688,569.0750122070312,571.3250122070312,401.88897705078125,2532724
2011-01-10,573.75,574.5,560.5,565.4500122070312,397.7563781738281,3952426
2011-01-11,561.5,567.7750244140625,543.9000244140625,549.25,386.36083984375,3768730
2011-01-12,554.9500122070312,575.7999877929688,554.0,567.9749755859375,399.53253173828125,3160874
2011-01-13,564.4749755859375,577.9749755859375,558.0999755859375,562.125,395.4174499511719,5589198
2011-01-14,564.9500122070312,575.0,560.0,560.0750122070312,393.97528076171875,3151692
2011-01-17,560.5999755859375,573.2750244140625,560.0,568.7000122070312,400.04254150390625,3000212
2011-01-18,587.0,604.4500122070312,582.1749877929688,601.2750244140625,422.9569091796875,8481370
2011-01-19,601.7249755859375,604.5,592.5,596.5,419.5976867675781,2952040
2011-01-20,590.0,609.375,590.0,606.0999755859375,426.35089111328125,4545208
2011-01-21,605.0,610.0,602.0,605.8250122070312,426.15740966796875,2597404
2011-01-24,600.0,610.0,599.125,604.5999755859375,425.2956848144531,2016678
2011-01-25,607.4000244140625,609.6500244140625,590.0,594.2750244140625,418.0328063964844,2467094
2011-01-27,593.7750244140625,604.9749755859375,590.7999877929688,599.7000122070312,422.56011962890625,4714118
2011-01-28,597.5,601.7999877929688,582.625,590.6749877929688,416.20086669921875,3014578
2011-01-31,584.5,584.5,564.2750244140625,579.75,408.502685546875,5940816
2011-02-01,582.5,582.5,566.5,575.0750122070312,405.2087707519531,4212708
2011-02-02,585.0,599.4500122070312,581.1749877929688,591.2249755859375,416.5881652832031,3937618
2011-02-03,592.3499755859375,597.8499755859375,585.3250122070312,591.8499755859375,417.02862548828125,1883412
2011-02-04,588.0,591.5499877929688,570.125,574.4000244140625,404.73321533203125,3457600
2011-02-07,586.75,586.75,563.25,565.5750122070312,398.5150451660156,2578382
2011-02-08,566.0,574.9500122070312,559.25,562.5499877929688,396.3834228515625,5288638
2011-02-09,561.25,564.7999877929688,541.8499755859375,549.1500244140625,386.94158935546875,6012732
2011-02-10,550.0,557.25,536.0,545.375,384.2816467285156,4551822
2011-02-11,542.0499877929688,552.0999755859375,527.9500122070312,544.7999877929688,383.8763427734375,2945056
2011-02-14,545.5,560.0,543.5,556.1500244140625,391.87396240234375,2462548
2011-02-15,559.5,559.5,538.2750244140625,548.8499755859375,386.72998046875,3625426
2011-02-16,552.5,554.8499755859375,540.5,548.25,386.3072814941406,2464592
2011-02-17,552.5,557.2249755859375,546.2000122070312,554.5999755859375,390.7816467285156,1477760
2011-02-18,555.125,566.2000122070312,541.0499877929688,544.8499755859375,383.91156005859375,4076928
2011-02-21,545.0,574.0,529.0999755859375,569.2999877929688,401.1395568847656,5657800
2011-02-22,561.3250122070312,573.8499755859375,560.0,569.375,401.1924743652344,3305400
2011-02-23,564.0750122070312,572.4749755859375,561.5499877929688,562.7750244140625,396.5420227050781,1879344
2011-02-24,559.5,569.375,545.6500244140625,555.9000244140625,391.6976623535156,5378830
2011-02-25,552.6500244140625,558.5,544.125,555.0250244140625,391.0811462402344,3070474
2011-02-28,550.5999755859375,574.125,550.0,555.125,391.1516418457031,3229396
2011-03-01,556.5,566.0,548.7999877929688,562.25,396.172119140625,3167804
2011-03-03,559.9500122070312,577.5,553.5,575.0999755859375,405.2263488769531,3452600
2011-03-04,581.6749877929688,581.6749877929688,566.25,567.7750244140625,400.0649108886719,2061198
2011-03-07,562.0,562.5,547.2249755859375,554.125,390.4469299316406,4184588
2011-03-08,552.5750122070312,564.4000244140625,552.5750122070312,558.8499755859375,393.7762145996094,3947902
2011-03-09,561.2750244140625,569.0,559.25,563.3499755859375,396.9471130371094,2424486
2011-03-10,561.0,561.0,550.0,554.2750244140625,390.5527648925781,1871324
2011-03-11,550.0,551.2000122070312,531.6500244140625,538.5250244140625,379.45477294921875,5012882
2011-03-14,535.5,551.0,529.2000122070312,548.7750244140625,386.6773376464844,3248618
2011-03-15,537.5,547.7249755859375,532.8250122070312,544.9000244140625,383.9468688964844,3411868
2011-03-16,546.0,561.7249755859375,545.5750122070312,557.4249877929688,392.7721862792969,2677874
2011-03-17,552.5,559.4500122070312,546.3250122070312,549.0,386.8358459472656,2056102
2011-03-18,546.75,554.5,538.0499877929688,541.375,381.4630432128906,2211348
2011-03-21,545.75,545.75,533.25,535.4000244140625,377.2530517578125,2619090
2011-03-22,537.5499877929688,540.0,531.5,534.75,376.7950134277344,2657774
2011-03-23,535.5,535.5,528.625,532.1749877929688,374.9805908203125,4352248
2011-03-24,535.5,547.7750244140625,535.0,546.7000122070312,385.2153015136719,3094834
2011-03-25,558.4249877929688,564.25,551.875,559.8250122070312,394.46337890625,4146434
2011-03-28,561.9249877929688,563.3499755859375,554.0,559.9500122070312,394.5514831542969,2248642
2011-03-29,560.0,575.9500122070312,559.5750122070312,569.3499755859375,401.1747131347656,3159588
2011-03-30,574.0,582.0,572.4500122070312,575.9749755859375,405.8429870605469,2294770
2011-03-31,576.0,599.0,576.0,591.9500122070312,417.0992736816406,7394126
2011-04-01,592.5,599.375,586.2750244140625,590.0750122070312,415.7781677246094,1799624
2011-04-04,592.5,608.0,592.0,606.5999755859375,427.4217529296875,2311616
2011-04-05,607.5250244140625,621.9749755859375,601.875,619.9249877929688,436.8108825683594,2891014
2011-04-06,619.5,623.4749755859375,607.0750122070312,610.9249877929688,430.4692687988281,2422352
2011-04-07,610.0,610.0,597.5750122070312,599.5999755859375,422.4895324707031,2149016
2011-04-08,598.4500122070312,607.0,592.375,598.0,421.3621826171875,1983768
2011-04-11,590.0750122070312,597.5,587.6500244140625,589.2000122070312,415.1614685058594,2256232
2011-04-13,587.5,610.7000122070312,587.1500244140625,605.0499877929688,426.3296203613281,3757530
2011-04-15,608.4500122070312,609.9500122070312,590.0,595.7000122070312,419.74139404296875,7566770
2011-04-18,599.0,606.25,570.0250244140625,572.2999877929688,403.25341796875,7765454
2011-04-19,572.2999877929688,584.7000122070312,570.0,582.3499755859375,410.3348388671875,3120224
2011-04-20,589.9000244140625,612.0,589.7750244140625,609.3499755859375,429.35955810546875,5338548
2011-04-21,620.5,622.9000244140625,585.4249877929688,596.0499877929688,419.98809814453125,17333968
2011-04-25,598.5,602.0,586.3250122070312,598.9249877929688,422.0138854980469,4191552
2011-04-26,600.0,601.0,590.1749877929688,594.5,418.89599609375,3155246
2011-04-27,597.4749755859375,597.4749755859375,588.0250244140625,590.2999877929688,415.9364929199219,1774478
2011-04-28,590.0750122070312,591.75,577.7999877929688,579.3250122070312,408.203369140625,2846194
2011-04-29,586.0,586.0,575.125,582.8250122070312,410.6695251464844,1866696
2011-05-02,585.0,588.75,576.25,579.2249755859375,408.1328430175781,1543070
2011-05-03,581.0,581.0,565.5,569.2249755859375,401.08673095703125,2120156
2011-05-04,573.0,573.0,557.5750122070312,568.5250244140625,400.5935363769531,2722934
2011-05-05,572.5,572.5,554.0499877929688,557.5,392.8249816894531,1885596
2011-05-06,560.0,576.75,559.875,574.4749755859375,404.7859802246094,2405348
2011-05-09,575.0,575.9749755859375,562.25,567.7750244140625,400.0649108886719,1012232
2011-05-10,566.5,579.9749755859375,564.0,569.9500122070312,401.59759521484375,1529158
2011-05-11,569.5,575.8499755859375,563.0499877929688,570.125,401.72076416015625,1460670
2011-05-12,566.9500122070312,566.9500122070312,554.1749877929688,555.875,391.6801452636719,2540458
2011-05-13,556.0,571.1500244140625,556.0,563.5499877929688,397.0879821777344,2365488
2011-05-16,560.5,573.7000122070312,560.0,565.5499877929688,398.4972229003906,2227368
2011-05-17,561.0250244140625,574.5999755859375,561.0250244140625,570.8499755859375,402.23175048828125,1391414
2011-05-18,571.125,580.75,571.125,577.5250244140625,406.93511962890625,2225180
2011-05-19,582.5,585.0,578.0,582.4249877929688,410.3878173828125,2050922
2011-05-20,586.875,591.7000122070312,581.625,587.5,413.9636535644531,2050600
2011-05-23,582.0,585.25,575.0,583.2750244140625,410.9866943359375,2017284
2011-05-24,581.3250122070312,586.4000244140625,569.5750122070312,574.9500122070312,405.1206970214844,1681994
2011-05-25,574.5499877929688,574.9500122070312,560.0,564.2999877929688,397.6164245605469,1867470
2011-05-26,569.5,571.5,560.0,567.875,400.13543701171875,2060218
2011-05-27,574.2750244140625,574.9500122070312,568.1500244140625,572.2750244140625,403.23577880859375,1286704
2011-05-30,575.5,579.9749755859375,571.1500244140625,575.9749755859375,405.8429870605469,1140868
2011-05-31,577.5,588.8499755859375,575.0499877929688,578.5750122070312,407.6748962402344,2644154
2011-06-01,578.5,588.5,578.5,587.7000122070312,414.1046447753906,982386
2011-06-02,579.4500122070312,586.0,578.3250122070312,583.875,411.4093322753906,1697654
2011-06-03,583.0,587.5,575.0,576.0499877929688,405.89569091796875,1367808
2011-06-06,570.0,584.0,570.0,582.1749877929688,410.2114562988281,1357074
2011-06-07,581.5,591.5750122070312,579.0,589.6500244140625,415.4786071777344,1837442
2011-06-08,585.9500122070312,592.5,581.75,590.7000122070312,419.0611267089844,2127670
2011-06-09,587.5,596.9000244140625,587.5,593.1749877929688,420.8169860839844,2693966
2011-06-10,593.2750244140625,598.75,592.5499877929688,594.5999755859375,421.82806396484375,3774550
2011-06-13,594.5999755859375,595.25,586.2750244140625,587.6500244140625,416.8974914550781,3229400
2011-06-14,589.0,597.4500122070312,589.0,595.5250244140625,422.48419189453125,2125782
2011-06-15,593.0,602.5,590.625,592.125,420.072021484375,2812382
2011-06-16,591.5,592.9500122070312,574.125,575.5750122070312,408.33123779296875,2337520
2011-06-17,577.5,578.5,552.0,554.5999755859375,393.4507141113281,3788146
2011-06-20,557.5,559.5,529.0,534.6500244140625,379.2975769042969,5310408
2011-06-21,537.5,555.3499755859375,531.5999755859375,553.375,392.5817565917969,3425946
2011-06-22,558.0,558.4500122070312,540.0,541.75,384.33447265625,3570834
2011-06-23,540.9000244140625,550.5,535.0499877929688,548.5,389.1231994628906,2428236
2011-06-24,550.0,570.375,549.5,568.875,403.5777282714844,4151588
2011-06-27,561.0,577.3499755859375,561.0,575.2999877929688,408.1358947753906,3125218
2011-06-28,580.0,581.0,567.8250122070312,577.0,409.34197998046875,2133332
2011-06-29,577.3499755859375,589.4500122070312,577.3499755859375,584.9249877929688,414.96417236328125,2958704
2011-06-30,584.9000244140625,596.0,583.5,592.0999755859375,420.0542907714844,5172916
2011-07-01,599.0,599.0,589.8499755859375,595.9500122070312,422.78564453125,1920840
2011-07-04,596.5,600.0,590.0,592.8499755859375,420.5865783691406,1603734
2011-07-05,594.9000244140625,595.5,586.7000122070312,589.7249755859375,418.36956787109375,2061136
2011-07-06,589.125,596.4500122070312,585.8499755859375,591.4000244140625,419.55780029296875,1490178
2011-07-07,591.5499877929688,600.0,591.5499877929688,597.9500122070312,424.20452880859375,2602634
2011-07-08,598.0,602.5,584.625,585.8250122070312,415.6025695800781,3412060
2011-07-11,585.0,588.9000244140625,573.2999877929688,578.3250122070312,410.2819519042969,1822504
2011-07-12,567.8499755859375,574.4000244140625,556.0499877929688,572.6749877929688,406.27374267578125,4079404
2011-07-13,575.0,584.0,565.5,574.5250244140625,407.586181640625,3952600
2011-07-14,575.0,579.2999877929688,559.5499877929688,561.8499755859375,398.593994140625,6937844
2011-07-15,584.0,588.9500122070312,570.5499877929688,573.0250244140625,406.5220031738281,7279700
2011-07-18,574.0,576.0,561.1500244140625,562.5250244140625,399.07293701171875,3125208
2011-07-19,560.7999877929688,574.0750122070312,560.125,570.0250244140625,404.3936767578125,2195292
2011-07-20,575.0,575.9000244140625,562.5,566.2249755859375,401.69781494140625,2807746
2011-07-21,566.0,566.25,560.0250244140625,561.2750244140625,398.1861572265625,1850624
2011-07-22,563.375,570.6500244140625,563.25,566.7000122070312,402.0348815917969,2090442
2011-07-25,567.5,572.0,561.5750122070312,569.9500122070312,404.34051513671875,4740714
2011-07-26,569.9000244140625,575.9749755859375,563.625,572.3250122070312,406.0252990722656,3968722
2011-07-27,574.4749755859375,577.3250122070312,569.0750122070312,573.5750122070312,406.9122314453125,2024290
2011-07-28,570.0,572.4500122070312,560.1500244140625,564.7750244140625,401.7196960449219,4093814
2011-07-29,566.5,571.0,560.8250122070312,568.5,404.3693542480469,1719138
2011-08-01,571.2000122070312,574.9500122070312,562.5499877929688,567.625,403.7469787597656,1982346
2011-08-02,565.25,567.0,561.125,565.3250122070312,402.111083984375,2025292
2011-08-03,560.0,562.8499755859375,547.6749877929688,555.1749877929688,394.8913269042969,3064246
2011-08-04,555.0250244140625,559.75,545.5499877929688,547.9249877929688,389.7344665527344,3049294
2011-08-05,536.5750122070312,537.0,514.0,528.9749755859375,376.2553405761719,5269388
2011-08-08,505.6000061035156,516.6749877929688,498.29998779296875,502.67498779296875,357.548583984375,6549306
2011-08-09,482.5,492.6000061035156,473.8500061035156,482.3999938964844,343.1269836425781,8159270
2011-08-10,499.5,506.0,486.8999938964844,492.0249938964844,349.9732971191406,5949080
2011-08-11,490.0,491.70001220703125,481.5,489.17498779296875,347.9460144042969,2900464
2011-08-12,495.2749938964844,495.95001220703125,468.75,473.57501220703125,336.8498840332031,4169084
2011-08-16,483.5,489.17498779296875,478.0249938964844,486.79998779296875,346.2568664550781,2983568
2011-08-17,487.25,504.70001220703125,485.0,499.95001220703125,355.6101989746094,4557892
2011-08-18,502.95001220703125,504.6499938964844,479.0,481.17498779296875,342.2557678222656,3619896
2011-08-19,471.5,473.4750061035156,452.5,464.4750061035156,330.3772277832031,5443614
2011-08-22,464.5,465.0,451.0,459.0249938964844,326.5006408691406,3528922
2011-08-23,460.42498779296875,494.0,460.17498779296875,490.79998779296875,349.10198974609375,4874670
2011-08-24,489.0,489.0,477.5,481.29998779296875,342.3446960449219,3194790
2011-08-25,484.8500061035156,486.5,469.0,475.20001220703125,338.00579833984375,4445488
2011-08-26,475.54998779296875,484.75,470.0,474.2250061035156,337.31231689453125,3584910
2011-08-29,482.04998779296875,512.0,482.04998779296875,509.79998779296875,362.616455078125,5590444
2011-08-30,515.0,525.1500244140625,512.0750122070312,521.2000122070312,370.72515869140625,5966682
2011-09-02,536.5,537.375,506.0,511.04998779296875,363.5055236816406,4413506
2011-09-05,507.8999938964844,516.5999755859375,499.2250061035156,513.8499755859375,365.4971008300781,3789658
2011-09-06,509.0,521.0,502.5,516.9500122070312,367.70220947265625,4763292
2011-09-07,517.0499877929688,525.0,512.5,515.5,366.67083740234375,4432156
2011-09-08,516.5,527.4749755859375,514.5,518.0250244140625,368.4669494628906,4892662
2011-09-09,520.0,525.7999877929688,505.32501220703125,508.0249938964844,361.35400390625,5062650
2011-09-12,500.0,501.92498779296875,489.32501220703125,492.8500061035156,350.56011962890625,3297170
2011-09-13,498.8999938964844,512.0,494.375,496.875,353.4230041503906,3798204
2011-09-14,500.5,514.5,496.875,507.54998779296875,361.0160827636719,4745632
2011-09-15,514.0,522.9000244140625,505.0,520.875,370.4940185546875,3852238
2011-09-16,524.0,536.2000122070312,510.6499938964844,513.875,365.5150146484375,4656504
2011-09-19,510.75,516.25,506.25,509.0249938964844,362.0653076171875,2240234
2011-09-20,511.04998779296875,532.0,511.04998779296875,528.9749755859375,376.2553405761719,3487986
2011-09-21,533.9749755859375,533.9749755859375,518.4500122070312,521.75,371.1163024902344,2740760
2011-09-22,511.5,517.0,493.1000061035156,497.20001220703125,353.6541748046875,3141570
2011-09-23,494.0,507.5,491.125,495.1499938964844,352.19598388671875,4564232
2011-09-26,498.0,504.0,484.5,498.4750061035156,354.5611267089844,3388478
2011-09-27,506.8999938964844,522.5,503.0,520.2750244140625,370.0672912597656,3964578
2011-09-28,524.25,532.3499755859375,518.5,523.9500122070312,372.6812744140625,4425190
2011-09-29,521.625,534.0,517.8499755859375,530.7249755859375,377.5002136230469,5380350
2011-09-30,524.9500122070312,532.0,516.5499877929688,518.6500244140625,368.9114074707031,2691018
2011-10-03,510.0,524.9500122070312,507.6499938964844,521.6500244140625,371.0451354980469,3949264
2011-10-04,519.2000122070312,529.5,514.5499877929688,522.9749755859375,371.9878845214844,4718224
2011-10-05,527.25,531.5,520.5,521.7750244140625,371.1341247558594,3415262
2011-10-07,537.5499877929688,538.9000244140625,518.75,524.2750244140625,372.912353515625,5085808
2011-10-10,524.0,537.0,524.0,532.3499755859375,378.65606689453125,3854814
2011-10-11,537.5,539.0,517.25,520.4249877929688,370.1738586425781,4476374
2011-10-12,533.0,544.7000122070312,531.0,539.5250244140625,383.7595520019531,5871662
2011-10-13,548.25,552.4749755859375,540.0499877929688,546.375,388.6319885253906,5408918
2011-10-14,544.7000122070312,570.375,544.4500122070312,567.125,403.3912353515625,6710132
2011-10-17,575.75,577.0,555.6500244140625,560.125,398.41217041015625,4358690
2011-10-18,531.0,532.125,510.25,516.7750244140625,367.5776672363281,12006778
2011-10-19,521.5,527.2000122070312,517.5999755859375,524.4749755859375,373.0547180175781,3827420
2011-10-20,518.0,523.5,515.1500244140625,522.4500122070312,371.6142883300781,2245412
2011-10-21,527.4500122070312,530.0,521.5,524.9249877929688,373.3746032714844,2461130
2011-10-24,530.0,546.1500244140625,529.75,539.875,384.0085754394531,3271720
2011-10-25,544.5,553.5,535.7249755859375,549.3250122070312,391.8188171386719,4158746
2011-10-28,564.5,569.5499877929688,555.5,560.75,399.9679870605469,3259116
2011-10-31,560.0,566.0,556.0,557.9000244140625,397.9352111816406,1778740
2011-11-01,554.0,561.5,548.125,554.2249755859375,395.3139343261719,1458210
2011-11-02,550.625,560.9249877929688,550.0,553.4249877929688,394.7432556152344,1550844
2011-11-03,548.9000244140625,554.7000122070312,543.5,552.5,394.08355712890625,1891268
2011-11-04,560.5,562.5,543.5999755859375,549.9000244140625,392.2289123535156,2716008
2011-11-08,548.0,557.4000244140625,548.0,552.625,394.1726989746094,1692104
2011-11-09,555.0,573.0,553.1500244140625,561.4749755859375,400.48516845703125,3921980
2011-11-11,555.0,570.5,553.625,565.5,403.35614013671875,3629590
2011-11-14,570.0,578.0,562.25,564.2000122070312,402.4288330078125,2329150
2011-11-15,562.5250244140625,569.4749755859375,560.0,562.2000122070312,401.0021667480469,1468478
2011-11-16,563.0,566.4000244140625,552.5999755859375,558.625,398.452392578125,1871602
2011-11-17,557.5,561.75,553.7999877929688,557.5750122070312,397.7033996582031,1391988
2011-11-18,552.875,554.9000244140625,538.1500244140625,543.2999877929688,387.52142333984375,2789442
2011-11-21,542.5,544.1500244140625,530.0499877929688,533.5999755859375,380.60260009765625,2871704
2011-11-22,534.4500122070312,547.5,528.5,540.9249877929688,385.82745361328125,3723582
2011-11-23,540.9749755859375,540.9749755859375,520.5,531.1500244140625,378.8551330566406,2355750
2011-11-24,531.0,548.2000122070312,522.5,545.9000244140625,389.3759765625,3766844
2011-11-25,542.5,543.9500122070312,528.5499877929688,531.9500122070312,379.42584228515625,2140604
2011-11-28,538.9749755859375,548.0,537.0,544.25,388.1991271972656,1504486
2011-11-29,546.5,552.9500122070312,543.0999755859375,546.6500244140625,389.9109191894531,2554696
2011-11-30,540.5750122070312,561.4749755859375,540.5750122070312,557.7750244140625,397.8460998535156,3481698
2011-12-01,570.0,574.2750244140625,563.0999755859375,567.4000244140625,404.7113342285156,2481448
2011-12-02,567.4249877929688,592.5,564.7999877929688,589.0,420.1180114746094,3968866
2011-12-05,586.25,591.9500122070312,581.2750244140625,590.4749755859375,421.1700134277344,1530476
2011-12-07,590.0,596.4500122070312,586.7999877929688,589.7750244140625,420.6708984375,2637422
2011-12-08,585.0,594.5,583.5750122070312,588.7999877929688,419.9753112792969,3326444
2011-12-09,580.5,591.4000244140625,580.5,586.2000122070312,418.1209411621094,2763230
2011-12-12,588.0,595.0,577.5499877929688,590.1749877929688,420.9561462402344,3172170
2011-12-13,587.5,598.4500122070312,583.3250122070312,589.3499755859375,420.3675842285156,3274558
2011-12-14,590.25,594.5,585.0,591.2249755859375,421.70501708984375,3346176
2011-12-15,589.8499755859375,594.9500122070312,577.2999877929688,591.25,421.7229309082031,3669372
2011-12-16,588.2750244140625,591.2750244140625,566.1500244140625,573.1500244140625,408.8125305175781,3550896
2011-12-19,569.5,578.7000122070312,557.2000122070312,571.8250122070312,407.8676452636719,3667724
2011-12-20,572.6749877929688,575.5499877929688,564.125,566.6749877929688,404.1942443847656,1809396
2011-12-21,575.0,583.0,561.2249755859375,579.3499755859375,413.235107421875,3116976
2011-12-22,576.0,581.9249877929688,567.125,575.8499755859375,410.7384948730469,2086268
2011-12-23,575.5,581.0,569.5499877929688,578.5750122070312,412.68218994140625,1578590
2011-12-26,578.5750122070312,595.0999755859375,576.75,594.2000122070312,423.82696533203125,2229352
2011-12-27,592.7000122070312,595.0,585.0,589.7249755859375,420.63531494140625,983902
2011-12-28,589.3499755859375,591.7750244140625,582.9500122070312,584.5999755859375,416.9797058105469,1197910
2011-12-29,581.75,589.0499877929688,579.75,582.8499755859375,415.7315673828125,1585728
2011-12-30,589.0,591.25,578.25,580.3250122070312,413.9305419921875,1545410
2012-01-02,580.5,592.9749755859375,576.5,589.2999877929688,420.3319091796875,2248542
2012-01-03,591.625,604.9500122070312,590.0,598.7999877929688,427.10821533203125,2708884
2012-01-04,602.4500122070312,602.5,584.6500244140625,586.5,418.3351135253906,2386770
2012-01-05,586.4000244140625,592.5,583.6749877929688,586.0,417.97821044921875,2547312
2012-01-06,583.0,594.1749877929688,578.4000244140625,584.7000122070312,417.0508728027344,2119728
2012-01-09,585.5,589.8499755859375,582.625,585.6749877929688,417.74639892578125,1509028
2012-01-10,587.5,592.75,579.25,582.7000122070312,415.6243591308594,3591790
2012-01-11,585.7000122070312,587.5,566.5750122070312,568.5,405.4959411621094,5675380
2012-01-12,550.5,557.5,534.3250122070312,544.75,388.5556335449219,9528684
2012-01-13,548.5750122070312,551.6749877929688,536.5,542.875,387.2182922363281,4019828
2012-01-16,542.0,557.0,539.4500122070312,554.7000122070312,395.65289306640625,3047202
2012-01-17,559.9500122070312,562.3499755859375,547.0,551.9749755859375,393.708984375,3704218
2012-01-18,540.0,548.1500244140625,522.6500244140625,538.0750122070312,383.79461669921875,11665532
2012-01-19,543.5,544.4500122070312,532.7000122070312,537.7750244140625,383.58062744140625,4163292
2012-01-20,539.9749755859375,545.4749755859375,536.5,539.75,384.9892578125,2572694
2012-01-23,543.0,545.7249755859375,537.0750122070312,538.8499755859375,384.34747314453125,2130496
2012-01-24,544.0,547.5,539.0,544.3499755859375,388.2703552246094,2641310
2012-01-25,547.4500122070312,554.9749755859375,545.5250244140625,549.0,392.669189453125,5845238
2012-01-27,552.5,560.2750244140625,550.0499877929688,554.375,396.5135192871094,5209718
2012-01-30,551.25,559.4749755859375,550.375,555.875,397.58642578125,2595558
2012-01-31,556.5,567.9500122070312,556.5,566.2000122070312,404.9712219238281,3538120
2012-02-01,564.7000122070312,567.5,554.125,564.3499755859375,403.64801025390625,2288804
2012-02-02,568.0,576.3250122070312,565.1500244140625,574.0,410.5502014160156,3386140
2012-02-03,572.5,588.0,570.5,585.7750244140625,418.9722900390625,2777558
2012-02-06,591.8499755859375,600.0250244140625,586.6749877929688,596.9249877929688,426.9472351074219,3427196
2012-02-07,604.8499755859375,604.8499755859375,595.9500122070312,599.0,428.4314270019531,3407656
2012-02-08,608.2000122070312,613.4249877929688,605.5,609.8250122070312,436.1737976074219,3627184
2012-02-09,605.5499877929688,616.0,594.0,614.2999877929688,439.3746032714844,3038062
2012-02-10,614.0,619.0,606.0,616.7000122070312,441.09130859375,2324302
2012-02-13,611.0999755859375,618.9749755859375,607.0,612.8499755859375,438.3373718261719,1631770
2012-02-14,612.5,614.7750244140625,607.5,610.0,436.2991027832031,1826646
2012-02-15,613.5750122070312,624.4000244140625,609.75,620.7999877929688,444.0237731933594,2167166
2012-02-16,619.0,621.0,609.0,612.6749877929688,438.2122802734375,1886660
2012-02-17,617.4249877929688,627.0,610.5,614.375,439.42816162109375,4096568
2012-02-21,611.7750244140625,620.0,602.375,618.5250244140625,442.3964538574219,2489504
2012-02-22,617.5,633.4249877929688,614.5,626.1749877929688,447.8680725097656,3141826
2012-02-23,624.5250244140625,637.4500122070312,622.0,629.9000244140625,450.53228759765625,4086880
2012-02-24,629.5,640.4249877929688,628.625,635.0,454.1803283691406,2346400
2012-02-27,639.5,639.9749755859375,622.7999877929688,626.0250244140625,447.7608337402344,1861370
2012-02-28,627.625,630.2000122070312,609.5499877929688,613.2750244140625,438.6414794921875,3973490
2012-02-29,620.0,620.0,606.125,610.9749755859375,436.996337890625,3060216
2012-03-01,611.5,613.4749755859375,605.0250244140625,609.7999877929688,436.1560974121094,1568594
2012-03-02,613.0,613.5,603.5,608.625,435.3155517578125,2309232
2012-03-05,607.0,611.2249755859375,600.5,603.6500244140625,431.7572326660156,1540878
2012-03-06,601.5,610.6500244140625,594.5,601.0,429.86187744140625,1717722
2012-03-07,597.5,603.0,593.2750244140625,596.4249877929688,426.5897216796875,1945666
2012-03-09,613.5,613.5,601.4749755859375,604.2750244140625,432.2041320800781,2225758
2012-03-12,607.9500122070312,609.4249877929688,591.5999755859375,594.5250244140625,425.2306213378906,2240278
2012-03-13,595.0,607.4749755859375,595.0,598.5,428.07366943359375,2492464
2012-03-14,605.0499877929688,607.0,575.5,577.2750244140625,412.8927001953125,8065314
2012-03-15,579.5,585.4749755859375,572.5,581.8499755859375,416.164794921875,4284236
2012-03-16,584.9749755859375,590.0,579.0,584.7750244140625,418.2569274902344,2054724
2012-03-19,584.7750244140625,584.7750244140625,555.9000244140625,561.0,401.2520446777344,5132864
2012-03-20,564.5,572.5,560.0,567.4249877929688,405.8473815917969,3683204
2012-03-21,568.4749755859375,589.9000244140625,568.2750244140625,587.875,420.4742431640625,4553242
2012-03-22,587.3499755859375,594.8499755859375,580.0,583.875,417.61322021484375,3421694
2012-03-23,587.5,595.9500122070312,582.4000244140625,592.3250122070312,423.65728759765625,3158436
2012-03-26,588.5,592.5,577.0,580.7999877929688,415.4138488769531,3053384
2012-03-27,586.5,589.8250122070312,575.9749755859375,587.375,420.1166687011719,1588246
2012-03-28,587.0,587.3250122070312,577.2249755859375,582.5499877929688,416.66552734375,2051096
2012-03-29,575.5,582.0,566.2000122070312,570.5999755859375,408.1182861328125,2681214
2012-03-30,572.75,587.875,572.75,584.4000244140625,417.9888000488281,2543342
2012-04-02,585.0,599.5,585.0,597.125,427.09033203125,2326988
2012-04-03,600.0999755859375,603.6749877929688,587.6500244140625,589.0,421.2788391113281,2269154
2012-04-04,584.5,594.9000244140625,583.5,589.2249755859375,421.4398498535156,2165054
2012-04-09,585.0,594.0,579.125,582.0499877929688,416.3081359863281,1576628
2012-04-10,583.1500244140625,587.8250122070312,576.125,578.0999755859375,413.4826354980469,1532992
2012-04-11,574.8499755859375,577.5,567.5999755859375,569.0499877929688,407.0098876953125,1781586
2012-04-12,570.125,574.0,564.5499877929688,565.8250122070312,404.7031555175781,2114686
2012-04-13,545.6749877929688,552.3499755859375,530.625,534.1749877929688,382.0655517578125,8994680
2012-04-16,532.625,537.1500244140625,526.6500244140625,534.875,382.5663757324219,5016110
2012-04-17,542.5,547.4749755859375,536.9000244140625,545.4249877929688,390.1120910644531,2473664
2012-04-18,550.0,557.3499755859375,546.9249877929688,548.7750244140625,392.5081481933594,2882264
2012-04-19,550.4500122070312,553.4000244140625,545.5499877929688,551.4749755859375,394.4394836425781,1767416
2012-04-20,546.625,553.9749755859375,538.7000122070312,544.2249755859375,389.25396728515625,2450024
2012-04-23,546.9749755859375,551.2000122070312,523.8250122070312,532.125,380.5992431640625,2843868
2012-04-24,561.0,602.5,558.6500244140625,597.0999755859375,427.0723876953125,18113782
2012-04-25,594.5,595.0,583.75,585.5250244140625,418.79345703125,5417898
2012-04-26,585.0,600.9500122070312,582.25,597.3250122070312,427.23321533203125,5476292
2012-04-27,595.0,606.0,595.0,602.0,430.57708740234375,3711146
2012-04-30,602.0,625.0,602.0,623.2999877929688,445.8117980957031,4604822
2012-05-02,621.0499877929688,637.2000122070312,621.0499877929688,633.625,453.1965026855469,3981448
2012-05-03,631.3499755859375,642.0499877929688,629.2750244140625,639.75,457.57745361328125,3358922
2012-05-04,640.0,647.625,631.5250244140625,638.4000244140625,456.612060546875,3571718
2012-05-07,630.0,639.25,624.2000122070312,636.625,455.34234619140625,2627762
2012-05-08,612.5,617.3499755859375,597.8250122070312,600.3499755859375,429.39703369140625,9631578
2012-05-09,597.5,617.2999877929688,597.0499877929688,612.7750244140625,438.28387451171875,9271544
2012-05-10,612.7750244140625,620.9000244140625,612.5,616.2750244140625,440.7871398925781,2992620
2012-05-11,612.0,618.4500122070312,610.5999755859375,615.375,440.1435241699219,2745190
2012-05-14,613.6500244140625,617.0,610.0,612.9749755859375,438.4269714355469,2573752
2012-05-15,612.0,616.5,609.9000244140625,613.1500244140625,438.5519714355469,1875510
2012-05-16,610.0,620.9500122070312,603.375,611.7000122070312,437.5150146484375,4567936
2012-05-17,611.0,617.5,599.5250244140625,611.0,437.01434326171875,4137524
2012-05-18,602.4000244140625,612.4500122070312,601.3250122070312,605.3250122070312,432.95526123046875,2656670
2012-05-21,605.5,612.5,602.0250244140625,604.5999755859375,432.436767578125,2227088
2012-05-22,610.5,620.0,606.5,612.0250244140625,437.7474365234375,2360916
2012-05-23,616.5,617.7750244140625,607.0499877929688,612.5750122070312,438.14080810546875,2162806
2012-05-24,612.5,614.4749755859375,603.5499877929688,610.7249755859375,436.8175048828125,1205674
2012-05-25,606.0499877929688,612.5,604.5499877929688,610.4000244140625,436.58502197265625,915046
2012-05-28,612.0,615.0,607.5250244140625,612.3499755859375,437.979736328125,790194
2012-05-29,614.0,624.0,609.2000122070312,620.1749877929688,443.5767822265625,1575032
2012-05-30,615.625,628.5,615.625,620.2750244140625,443.6480712890625,1581514
2012-05-31,610.5,627.9500122070312,610.5,622.6749877929688,445.3647155761719,4411602
2012-06-01,620.0,622.5,609.25,612.2999877929688,437.9439392089844,1479528
2012-06-04,605.0,608.0,598.0999755859375,606.625,433.8849792480469,1204430
2012-06-05,607.0,615.4500122070312,607.0,613.25,438.62359619140625,2063398
2012-06-06,615.0,631.875,614.5499877929688,625.5750122070312,447.4389343261719,3291908
2012-06-07,623.5,624.9500122070312,615.7750244140625,620.0999755859375,449.2683410644531,2149728
2012-06-08,615.5999755859375,621.2999877929688,612.0750122070312,615.4500122070312,445.8991394042969,2400244
2012-06-11,616.5,623.0250244140625,613.5499877929688,616.7750244140625,446.859375,1545048
2012-06-12,610.5499877929688,626.5,610.5499877929688,624.0499877929688,452.1300048828125,1092142
2012-06-13,624.5,630.0,621.2999877929688,625.2000122070312,452.96343994140625,1450858
2012-06-14,624.5,630.75,622.5,627.0,454.2675476074219,1471124
2012-06-15,627.0250244140625,640.0,624.5,636.2249755859375,460.9508972167969,1986040
2012-06-18,638.0,643.1749877929688,625.0,628.5750122070312,455.408447265625,1495388
2012-06-19,628.4500122070312,639.625,627.5499877929688,636.9749755859375,461.4943542480469,1769058
2012-06-20,637.0,637.0,621.6500244140625,626.4000244140625,453.83270263671875,1753740
2012-06-21,622.5250244140625,626.0,604.5,612.0250244140625,443.41790771484375,4155980
2012-06-22,607.125,619.9500122070312,607.125,616.7249755859375,446.8229675292969,1919560
2012-06-25,618.5,619.25,605.5,608.375,440.7736511230469,1588758
2012-06-26,608.75,618.5,608.5250244140625,617.5499877929688,447.4207763671875,1109714
2012-06-27,618.125,629.4000244140625,618.125,623.3499755859375,451.6229553222656,2305862
2012-06-28,623.4749755859375,631.9500122070312,618.125,629.4249877929688,456.0243225097656,1894228
2012-06-29,631.6749877929688,643.5,631.4500122070312,638.7249755859375,462.7624206542969,1990150
2012-07-02,639.5,639.5,628.2249755859375,629.7249755859375,456.2418518066406,2111100
2012-07-03,632.5,634.9000244140625,615.1500244140625,619.7000122070312,448.97845458984375,2227292
2012-07-04,621.75,624.75,615.7750244140625,623.9249877929688,452.0396728515625,1301806
2012-07-05,623.9249877929688,623.9249877929688,617.5999755859375,620.2999877929688,449.41314697265625,1520876
2012-07-06,620.0,626.4000244140625,613.5,623.875,452.00347900390625,1929928
2012-07-09,622.5,632.2750244140625,621.6749877929688,629.7000122070312,456.2236022949219,1912768
2012-07-10,632.5,635.125,624.7750244140625,630.8499755859375,457.0567321777344,2517598
2012-07-11,626.625,637.25,626.625,629.1500244140625,455.8251647949219,2034538
2012-07-12,612.5,625.0,609.6500244140625,618.0,447.7472229003906,7859080
2012-07-13,636.9000244140625,642.0,621.5,624.7000122070312,452.60101318359375,7217154
2012-07-16,624.5,629.625,601.4500122070312,603.6749877929688,437.36822509765625,3620626
2012-07-17,609.0,612.0,587.5999755859375,592.9500122070312,429.5978698730469,6383816
2012-07-18,597.5,602.2000122070312,589.25,597.6500244140625,433.0032043457031,2975286
2012-07-19,601.5,605.0,597.625,600.5,435.0679931640625,1335352
2012-07-20,600.5,614.0,600.1500244140625,611.5250244140625,443.0557861328125,3378226
2012-07-23,604.0,613.5999755859375,600.5,607.125,440.9493713378906,2903198
2012-07-24,604.0499877929688,609.3250122070312,598.5499877929688,604.5750122070312,439.09735107421875,1648092
2012-07-25,602.0,608.5,598.4500122070312,606.5750122070312,440.5500793457031,1666030
2012-07-26,606.5,610.5,595.0999755859375,599.2249755859375,435.2118835449219,2945746
2012-07-27,607.5,615.0999755859375,601.625,612.6500244140625,444.96240234375,1842976
2012-07-30,617.4500122070312,621.4249877929688,607.2750244140625,615.5,447.0320739746094,2625712
2012-07-31,617.5,624.625,613.125,621.8250122070312,451.6258544921875,1979964
2012-08-01,619.0499877929688,622.4000244140625,611.0499877929688,612.3250122070312,444.7260437011719,1295750
2012-08-02,614.9749755859375,618.3499755859375,611.0,616.4000244140625,447.6858215332031,951058
2012-08-03,614.0,620.125,609.0499877929688,618.4500122070312,449.1747741699219,977736
2012-08-06,622.5,624.0,612.5999755859375,614.4500122070312,446.2695007324219,1015540
2012-08-07,619.5,633.0999755859375,617.3250122070312,632.0250244140625,459.0340881347656,2099154
2012-08-08,632.5,633.3250122070312,623.2000122070312,624.5999755859375,453.641357421875,1643000
2012-08-09,625.125,633.9249877929688,625.125,629.0750122070312,456.8916320800781,1129474
2012-08-10,628.0,642.5,627.875,640.0250244140625,464.84442138671875,3082356
2012-08-13,639.5499877929688,639.5499877929688,628.625,633.1500244140625,459.8511962890625,1428038
2012-08-14,630.0,636.625,629.625,634.2000122070312,460.6137390136719,1136930
2012-08-16,635.0750122070312,635.7750244140625,626.0499877929688,631.7750244140625,458.85260009765625,1788292
2012-08-17,632.5250244140625,642.25,632.0,639.2999877929688,464.31787109375,1287576
2012-08-21,639.9500122070312,652.5,638.5499877929688,649.3250122070312,471.59893798828125,2051576
2012-08-22,647.9500122070312,654.5,644.0499877929688,645.8250122070312,469.0567321777344,1134096
2012-08-23,645.875,663.0,645.875,661.7249755859375,480.6048889160156,2337314
2012-08-24,660.0,664.2000122070312,656.5,661.4249877929688,480.3873291015625,1578938
2012-08-27,658.0999755859375,665.4500122070312,657.5,660.2249755859375,479.5154724121094,967200
2012-08-28,663.4749755859375,677.3250122070312,657.5,675.4500122070312,490.5732727050781,2266204
2012-08-29,675.0,679.0,667.5,671.6500244140625,487.8133544921875,2139290
2012-08-30,669.9500122070312,694.4000244140625,661.7000122070312,683.5750122070312,496.4742736816406,3333432
2012-08-31,678.5,679.5,667.3250122070312,671.875,487.976806640625,1773848
2012-09-03,675.0,677.4500122070312,666.5,668.9249877929688,485.8340759277344,1223826
2012-09-04,666.4500122070312,673.5,661.0250244140625,670.4249877929688,486.9234924316406,1508018
2012-09-05,669.75,685.5,666.0,682.25,495.5120849609375,2028960
2012-09-06,682.0499877929688,689.9500122070312,676.8250122070312,687.7999877929688,499.54290771484375,2291684
2012-09-07,695.0,698.4000244140625,689.4500122070312,693.3499755859375,503.57373046875,2636656
2012-09-10,691.5999755859375,691.9500122070312,682.9749755859375,685.7249755859375,498.0360412597656,1476024
2012-09-11,684.5,697.7999877929688,682.0250244140625,696.3250122070312,505.7348937988281,1274180
2012-09-12,698.4749755859375,710.5,694.9500122070312,707.4500122070312,513.814453125,2114466
2012-09-13,706.5,711.9749755859375,704.7750244140625,708.8499755859375,514.8313598632812,1881210
2012-09-14,714.0,719.9000244140625,701.0750122070312,706.5499877929688,513.160888671875,2814840
2012-09-17,709.125,710.7750244140625,667.75,671.0499877929688,487.3774719238281,5094390
2012-09-18,672.5,672.5,646.2750244140625,649.9000244140625,472.0165710449219,7220206
2012-09-20,647.5,668.4500122070312,645.7999877929688,661.0,480.0783386230469,4042506
2012-09-21,662.4500122070312,666.1500244140625,649.1500244140625,652.0250244140625,473.55999755859375,4247758
2012-09-24,655.0,656.5,638.5,644.7249755859375,468.2580871582031,4937020
2012-09-25,645.0499877929688,654.875,641.1500244140625,646.5999755859375,469.6197204589844,3823694
2012-09-26,647.5999755859375,652.5,641.0,642.7999877929688,466.85986328125,3292812
2012-09-27,640.0499877929688,649.75,630.5499877929688,635.7750244140625,461.75762939453125,5605398
2012-09-28,639.4000244140625,652.5,638.25,647.9500122070312,470.60028076171875,2912996
2012-10-01,647.5,654.9000244140625,646.5250244140625,651.4749755859375,473.1604919433594,1795618
2012-10-03,650.5,662.5,650.5,661.3250122070312,480.3145751953125,2318230
2012-10-04,660.0,660.8250122070312,654.3250122070312,658.5750122070312,478.3171081542969,1319284
2012-10-05,655.125,659.6749877929688,527.5,652.0,473.5419006347656,3836110
2012-10-08,655.0,657.625,642.7249755859375,646.3499755859375,469.4383239746094,1685408
2012-10-09,648.9500122070312,649.4000244140625,642.5,647.4249877929688,470.2189025878906,1291154
2012-10-10,643.0,650.875,642.5,644.6749877929688,468.2216491699219,1163978
2012-10-11,645.125,650.7750244140625,643.0250244140625,644.7249755859375,468.2580871582031,1635526
2012-10-12,639.4000244140625,656.8250122070312,636.5999755859375,649.2249755859375,471.5260925292969,2469542
2012-10-15,647.0,651.2000122070312,643.75,647.3250122070312,470.146240234375,814528
2012-10-16,648.5,655.0999755859375,643.9000244140625,647.9500122070312,470.60028076171875,1282744
2012-10-17,650.6500244140625,652.4500122070312,636.0,641.5750122070312,465.9701232910156,1597480
2012-10-18,643.125,655.5,640.0999755859375,653.6749877929688,474.75836181640625,1447128
2012-10-19,654.5,655.7000122070312,641.0,644.8499755859375,468.34869384765625,2825616
2012-10-22,662.5499877929688,667.4500122070312,651.5,659.4500122070312,478.9526672363281,5397342
2012-10-23,662.0,662.0,655.9500122070312,657.2999877929688,477.3910827636719,1136696
2012-10-25,657.5,661.9500122070312,652.125,657.6749877929688,477.66357421875,2254470
2012-10-29,655.5,659.9000244140625,650.4000244140625,654.2000122070312,475.1397705078125,815628
2012-10-30,652.2000122070312,661.0,652.2000122070312,655.75,476.2654724121094,805268
2012-10-31,654.5499877929688,658.4000244140625,652.0,657.75,478.81317138671875,999536
2012-11-01,657.4500122070312,660.1749877929688,655.0999755859375,657.625,478.7220458984375,1579768
2012-11-02,662.4500122070312,669.0,659.2000122070312,665.5999755859375,484.5276794433594,1673974
2012-11-05,667.9500122070312,671.6749877929688,662.6500244140625,664.7999877929688,483.94525146484375,1223826
2012-11-06,662.5,668.7000122070312,659.7249755859375,660.2750244140625,480.6513366699219,1297466
2012-11-07,662.5,666.6749877929688,660.75,665.75,484.6368713378906,1058390
2012-11-08,662.0,667.3499755859375,658.2999877929688,665.5999755859375,484.5276794433594,1239044
2012-11-09,665.0,666.625,660.4500122070312,662.4749755859375,482.25274658203125,711382
2012-11-12,660.0,674.0,660.0,667.25,485.7286376953125,1466782
2012-11-15,660.0499877929688,661.0,645.5,647.0750122070312,471.0423889160156,1735402
2012-11-16,649.9000244140625,653.4000244140625,640.0499877929688,643.4000244140625,468.3671569824219,1598890
2012-11-19,645.0499877929688,647.5,629.25,631.1749877929688,459.46771240234375,1676286
2012-11-20,637.5,641.4500122070312,628.0250244140625,636.4000244140625,463.2712707519531,1256040
2012-11-21,638.125,647.3499755859375,638.125,641.0999755859375,466.6927795410156,941744
2012-11-22,641.0499877929688,642.0499877929688,635.5,638.2249755859375,464.5997619628906,611624
2012-11-23,641.0,645.7000122070312,635.625,644.2999877929688,469.0221252441406,749676
2012-11-26,644.0,647.8499755859375,642.5,646.8499755859375,470.8784484863281,456334
2012-11-27,649.9500122070312,649.9500122070312,644.1500244140625,647.5999755859375,471.42462158203125,1338160
2012-11-29,655.0,656.0,646.1749877929688,649.0499877929688,472.47998046875,3470578
2012-11-30,647.5,662.5,645.5499877929688,657.0,478.2671203613281,3579294
2012-12-03,657.5,661.0,652.5999755859375,658.4000244140625,479.2862243652344,1319512
2012-12-04,657.5499877929688,660.9000244140625,646.4500122070312,649.7249755859375,472.9712219238281,1595120
2012-12-05,650.0,653.7750244140625,644.2999877929688,648.9500122070312,472.40716552734375,1790058
2012-12-06,647.5,647.5,634.5,640.3499755859375,466.1467590332031,2370092
2012-12-07,638.3250122070312,640.3499755859375,628.5250244140625,632.0750122070312,460.1228942871094,1957214
2012-12-10,631.0499877929688,633.4000244140625,615.5999755859375,618.5999755859375,450.3136291503906,3029430
2012-12-11,617.5,621.5,605.1749877929688,609.8499755859375,443.9440612792969,4926914
2012-12-12,612.4500122070312,620.5,610.5499877929688,612.9000244140625,446.1644592285156,2487948
2012-12-13,615.0499877929688,617.2999877929688,608.5499877929688,611.2750244140625,444.9813232421875,2297162
2012-12-14,608.5,622.5,608.0750122070312,621.4500122070312,452.38848876953125,2196814
2012-12-17,619.5750122070312,624.4500122070312,601.0499877929688,602.75,438.77557373046875,4482898
2012-12-18,607.3499755859375,612.5,598.5,605.3250122070312,440.65008544921875,4688482
2012-12-19,608.0499877929688,618.2750244140625,608.0499877929688,616.3250122070312,448.6574401855469,6642060
2012-12-20,613.5750122070312,627.5,613.5750122070312,626.0250244140625,455.7186584472656,2314030
2012-12-21,625.0,632.2000122070312,618.8499755859375,629.3499755859375,458.1390380859375,2457968
2012-12-24,631.0,635.5499877929688,630.0499877929688,633.0999755859375,460.8690185546875,1254818
2012-12-26,633.5,634.5750122070312,627.6500244140625,631.0999755859375,459.4132080078125,1435258
2012-12-27,632.4500122070312,632.4500122070312,623.8250122070312,625.4749755859375,455.3183288574219,1994158
2012-12-28,627.0,636.0,625.375,633.75,461.34210205078125,1501622
2012-12-31,630.5,632.7999877929688,626.0,627.9249877929688,457.10186767578125,704170
2013-01-01,633.4749755859375,633.9500122070312,630.0,632.0750122070312,460.1228942871094,509580
2013-01-02,633.5,636.2000122070312,627.7750244140625,631.6500244140625,459.8134765625,1880246
2013-01-03,632.5,642.0,629.9749755859375,640.2999877929688,466.1103210449219,2635130
2013-01-04,642.5,650.5,640.4500122070312,649.5999755859375,472.8802795410156,5228760
2013-01-07,650.0,652.0,645.125,647.4249877929688,471.2970886230469,1820752
2013-01-08,647.5,652.1500244140625,647.1500244140625,650.125,473.2624816894531,2341870
2013-01-09,650.5,653.7000122070312,636.5750122070312,638.2999877929688,464.6544189453125,3135898
2013-01-10,639.9500122070312,641.0499877929688,627.6500244140625,629.2000122070312,458.0301208496094,4522838
2013-01-11,645.0,661.25,645.0,653.1749877929688,475.4826965332031,7805006
2013-01-14,659.5,674.2249755859375,653.6749877929688,667.25,485.7286376953125,5790224
2013-01-15,695.0,700.0,663.5,668.7249755859375,486.8022766113281,8262978
2013-01-16,668.4500122070312,677.5,654.5,673.875,490.5513916015625,4109492
2013-01-17,674.8499755859375,685.9000244140625,671.5,681.0,495.73828125,3028544
2013-01-18,681.25,683.0250244140625,669.0250244140625,675.5,491.7343444824219,1440470
2013-01-21,676.25,677.4500122070312,663.5499877929688,665.0,484.0909118652344,1260038
2013-01-22,663.0,665.8499755859375,654.0499877929688,658.75,479.5410461425781,1386630
2013-01-23,657.875,661.875,649.2000122070312,655.9749755859375,478.6108703613281,1877654
2013-01-24,652.5,668.4500122070312,652.5,664.2750244140625,484.66668701171875,3498470
2013-01-25,661.875,672.5,661.875,670.25,489.0259704589844,1521100
2013-01-28,670.1500244140625,674.9749755859375,668.9749755859375,672.5250244140625,490.6860046386719,2428154
2013-01-29,670.5999755859375,678.2750244140625,670.1500244140625,672.4749755859375,490.6495361328125,1731804
2013-01-30,670.5,674.9249877929688,667.9000244140625,673.0750122070312,491.0873107910156,2279144
2013-01-31,674.4249877929688,676.2249755859375,663.2000122070312,672.0750122070312,490.3577575683594,4313168
2013-02-01,672.0,676.0,671.0750122070312,674.0499877929688,491.7986755371094,1484540
2013-02-04,674.5,683.9000244140625,672.5750122070312,678.1749877929688,494.808349609375,2487304
2013-02-05,672.5499877929688,682.5,672.5499877929688,680.0250244140625,496.1583557128906,2161994
2013-02-06,681.25,687.9500122070312,681.0,685.2750244140625,499.9886779785156,3573706
2013-02-07,680.5,695.0,680.5,693.5750122070312,506.04449462890625,2612782
2013-02-08,693.0,718.5,692.5499877929688,711.2999877929688,518.9769287109375,6973618
2013-02-11,712.0,714.4500122070312,706.125,707.3499755859375,516.0949096679688,2312126
2013-02-12,704.5250244140625,707.5,700.9249877929688,705.0250244140625,514.3987426757812,2225502
2013-02-13,704.9000244140625,720.8250122070312,702.5499877929688,717.7000122070312,523.6465454101562,3822666
2013-02-14,715.0499877929688,727.9000244140625,714.5,723.8499755859375,528.1337890625,2946958
2013-02-15,722.0,725.9000244140625,715.3250122070312,721.0750122070312,526.1088256835938,1820790
2013-02-18,720.0499877929688,720.9500122070312,710.0,712.6749877929688,519.9801025390625,952086
2013-02-19,710.7999877929688,724.4500122070312,706.3499755859375,721.7750244140625,526.6197509765625,744294
2013-02-20,720.75,728.5,720.75,726.4000244140625,529.9942626953125,2261518
2013-02-21,720.3499755859375,728.4249877929688,720.3499755859375,725.5250244140625,529.3558959960938,3849146
2013-02-22,725.0,732.0250244140625,721.1500244140625,727.5499877929688,530.8331909179688,1310694
2013-02-25,726.5,737.5,725.75,736.8499755859375,537.61865234375,1730030
2013-02-26,733.5,749.9749755859375,733.0,748.2000122070312,545.8997192382812,2853670
2013-02-27,747.625,751.5250244140625,738.6500244140625,741.5999755859375,541.0843505859375,2556682
2013-02-28,743.125,762.5,742.625,758.5,553.414794921875,4599424
2013-03-01,757.5499877929688,758.0,749.0,750.9249877929688,547.8880615234375,2537326
2013-03-04,745.5,759.9500122070312,745.5,756.5999755859375,552.0286254882812,3136076
2013-03-05,758.5,771.5,754.2999877929688,770.0750122070312,561.8604125976562,3440054
2013-03-06,768.0750122070312,782.75,768.0750122070312,780.5999755859375,569.5396118164062,2299510
2013-03-07,780.5,798.7999877929688,779.6749877929688,794.9500122070312,580.0096435546875,3908702
2013-03-08,795.0,797.8250122070312,787.4500122070312,791.5750122070312,577.547119140625,4341502
2013-03-11,787.5,794.7750244140625,778.3250122070312,783.0999755859375,571.3635864257812,2221330
2013-03-12,779.0,783.9749755859375,774.0,780.25,569.2841796875,1809452
2013-03-13,778.0250244140625,779.3499755859375,774.0,775.8499755859375,566.0736694335938,1794496
2013-03-14,778.5,788.5,771.9000244140625,783.8499755859375,571.9107055664062,3051218
2013-03-15,786.0,790.2000122070312,780.2999877929688,785.125,572.8412475585938,4212398
2013-03-18,779.9249877929688,786.8250122070312,777.2000122070312,783.4749755859375,571.636962890625,1694988
2013-03-19,782.25,782.25,770.2249755859375,773.375,564.2679443359375,3739910
2013-03-20,770.0,786.3250122070312,769.9749755859375,778.8250122070312,568.244140625,4168136
2013-03-21,781.5,787.2000122070312,776.8499755859375,779.9749755859375,569.0834350585938,1664604
2013-03-22,780.7000122070312,781.0499877929688,766.0,771.0750122070312,562.5897827148438,2714456
2013-03-25,774.25,776.0,764.2000122070312,771.6749877929688,563.0277099609375,1857316
2013-03-26,770.0499877929688,785.0,768.0750122070312,778.1749877929688,567.770263671875,1781536
2013-03-28,778.0,791.7000122070312,770.8250122070312,787.875,574.8475952148438,3065662
2013-04-01,782.5,786.8499755859375,775.625,778.4249877929688,567.9525756835938,968812
2013-04-02,778.0,785.5999755859375,770.625,783.6749877929688,571.7828979492188,1130332
2013-04-03,785.0,787.5,765.5,771.7000122070312,563.0459594726562,959932
2013-04-04,770.0499877929688,770.0499877929688,750.5,753.9000244140625,550.0587158203125,1126338
2013-04-05,752.5,754.6749877929688,742.0499877929688,749.1749877929688,546.611328125,1865248
2013-04-08,749.4500122070312,749.4500122070312,737.5,740.375,540.1905517578125,896416
2013-04-09,740.0,756.5,738.7999877929688,748.7000122070312,546.264404296875,1672354
2013-04-10,754.9500122070312,769.4500122070312,750.5,765.2249755859375,558.3217163085938,2046284
2013-04-11,770.0,775.0499877929688,760.3499755859375,768.4500122070312,560.6746215820312,2244658
2013-04-12,740.9500122070312,762.25,739.1749877929688,755.875,551.4996337890625,5032060
2013-04-15,756.75,757.0,724.1749877929688,736.2249755859375,537.1627807617188,5391496
2013-04-16,735.0,746.7249755859375,728.9749755859375,741.5750122070312,541.0662231445312,3071582
2013-04-17,747.5,749.5,715.5,728.3250122070312,531.398681640625,5279004
2013-04-18,743.9749755859375,747.4500122070312,713.7249755859375,726.375,529.9759521484375,8554458
2013-04-22,723.0,729.9000244140625,712.5,712.6500244140625,519.9620971679688,2962484
2013-04-23,712.2249755859375,724.0,712.0,715.2750244140625,521.8772583007812,3384170
2013-04-25,715.2750244140625,715.2750244140625,699.3250122070312,701.1500244140625,511.5714111328125,7929194
2013-04-26,696.5,696.7249755859375,682.5499877929688,684.6749877929688,499.55078125,4754076
2013-04-29,682.5,692.3499755859375,682.5,685.375,500.0616760253906,3968916
2013-04-30,684.0,691.0,682.5,689.2000122070312,502.8522644042969,4020570
2013-05-02,686.75,719.4000244140625,686.75,716.9500122070312,523.0993041992188,5630326
2013-05-03,713.0,723.625,703.9500122070312,709.25,517.481201171875,3641790
2013-05-06,710.0,736.2000122070312,710.0,733.5999755859375,535.247314453125,3727118
2013-05-07,733.5499877929688,739.4249877929688,728.7000122070312,735.7999877929688,536.8525390625,2260180
2013-05-08,736.0,743.9000244140625,735.0,740.0499877929688,539.9535522460938,1768130
2013-05-09,741.5999755859375,751.7249755859375,741.5,749.2249755859375,546.6475830078125,1949700
2013-05-10,749.2249755859375,755.4500122070312,745.5499877929688,747.9500122070312,545.717529296875,1139714
2013-05-13,740.0,740.5,722.8499755859375,725.7999877929688,529.5562744140625,1862498
2013-05-14,727.5499877929688,735.2750244140625,721.875,728.9749755859375,531.873046875,2250100
2013-05-15,729.0499877929688,738.5999755859375,725.0,735.7750244140625,536.83447265625,3565926
2013-05-16,734.5,734.5,723.7249755859375,727.0250244140625,530.4501953125,2415652
2013-05-17,727.5,739.25,727.0499877929688,736.9000244140625,537.6551513671875,2900200
2013-05-20,735.625,739.0,730.5,736.2000122070312,537.1444702148438,1385504
2013-05-21,732.5,751.0,732.5,746.4249877929688,544.6046142578125,1898432
2013-05-22,749.0,754.5750122070312,746.1500244140625,749.2000122070312,546.62939453125,1846944
2013-05-23,747.5,763.375,739.1749877929688,746.3499755859375,544.5499267578125,3063962
2013-05-24,750.0,751.4749755859375,731.7999877929688,734.7750244140625,536.1046142578125,1586612
2013-05-27,734.75,750.0,730.0,749.0,546.483642578125,2023864
2013-05-28,749.0,758.25,745.1500244140625,757.0499877929688,552.3568115234375,1400254
2013-05-29,758.0,763.75,742.5499877929688,748.6749877929688,546.2465209960938,1452038
2013-05-30,750.0,756.0,743.5,749.7000122070312,546.9942626953125,2408346
2013-05-31,745.5,754.625,738.375,749.2249755859375,546.6475830078125,1929868
2013-06-03,752.0,753.5,728.5499877929688,734.7000122070312,536.0503540039062,3097612
2013-06-04,730.0,736.9500122070312,725.0750122070312,732.6749877929688,534.5723266601562,1305320
2013-06-05,730.5499877929688,736.3250122070312,726.3499755859375,733.9000244140625,535.46630859375,1728676
2013-06-06,726.8499755859375,739.25,726.0250244140625,735.375,541.3370971679688,2540452
2013-06-07,735.0499877929688,769.5,734.0,759.4749755859375,559.0780029296875,3550844
2013-06-10,762.5250244140625,772.3499755859375,759.5499877929688,762.5250244140625,561.3231811523438,3360430
2013-06-11,765.0999755859375,771.0,746.0,750.7750244140625,552.6735229492188,2205468
2013-06-12,747.0499877929688,747.5499877929688,731.0250244140625,734.0499877929688,540.361572265625,4805954
2013-06-13,730.0,732.0,717.5499877929688,722.8250122070312,532.0986938476562,3151342
2013-06-14,724.0,728.625,715.5,725.3499755859375,533.9571533203125,3105996
2013-06-17,726.5,732.5,714.0,726.2249755859375,534.6011352539062,2584162
2013-06-18,727.5,730.0,720.0750122070312,721.9000244140625,531.41748046875,2291528
2013-06-19,727.4500122070312,727.4500122070312,711.7750244140625,713.8499755859375,525.49169921875,2139788
2013-06-20,710.5,716.5750122070312,699.5499877929688,702.25,516.952392578125,4172878
2013-06-21,704.4000244140625,715.9249877929688,704.0,711.125,523.4857788085938,2848224
2013-06-24,707.5,717.0499877929688,700.0499877929688,705.3499755859375,519.2344970703125,1889164
2013-06-25,706.75,713.5499877929688,690.3499755859375,696.1500244140625,512.4620971679688,1860548
2013-06-26,698.4500122070312,723.875,690.5250244140625,718.8499755859375,529.172607421875,2326488
2013-06-27,723.9000244140625,748.5,721.0,745.9500122070312,549.121826171875,3820678
2013-06-28,747.5,762.1500244140625,729.0999755859375,759.0750122070312,558.7836303710938,4817096
2013-07-01,756.0,758.3499755859375,741.7000122070312,746.1749877929688,549.287353515625,1354652
2013-07-02,746.5499877929688,754.25,743.3250122070312,750.2750244140625,552.3056640625,1657242
2013-07-03,748.8499755859375,759.5,732.5,744.9000244140625,548.3487548828125,1530906
2013-07-04,745.4249877929688,770.5,745.0,769.1500244140625,566.2001953125,1917060
2013-07-05,771.0,779.0,761.0,765.0999755859375,563.21875,1293012
2013-07-08,764.0,767.5,750.0,753.3250122070312,554.5507202148438,1658796
2013-07-09,747.6500244140625,760.875,747.6500244140625,752.4500122070312,553.9064331054688,1097326
2013-07-10,755.0,763.4000244140625,749.0,755.9749755859375,556.50146484375,1322624
2013-07-11,760.0,785.0,760.0,782.2750244140625,575.8617553710938,2335274
2013-07-12,797.5,812.4000244140625,789.6500244140625,804.9249877929688,592.5353393554688,3251536
2013-07-15,800.5499877929688,823.6500244140625,799.6500244140625,820.875,604.276611328125,2060570
2013-07-16,812.5,833.1749877929688,808.7999877929688,824.6749877929688,607.0740356445312,2224986
2013-07-17,822.5250244140625,842.4749755859375,822.5250244140625,839.25,617.8032836914062,2999250
2013-07-18,840.0,846.1500244140625,822.0,830.2000122070312,611.141357421875,3445532
2013-07-19,859.5,879.5,850.0,871.4000244140625,641.4700927734375,8550804
2013-07-22,870.5,879.4000244140625,864.1500244140625,873.25,642.8318481445312,2974772
2013-07-23,874.0,890.2249755859375,871.7999877929688,874.9000244140625,644.0465087890625,1646502
2013-07-24,874.25,896.0,872.5,891.4000244140625,656.1929931640625,2181644
2013-07-25,890.0,905.0,883.3499755859375,897.875,660.959228515625,4088808
2013-07-26,897.5,899.4749755859375,875.0499877929688,887.25,653.1378173828125,2379064
2013-07-29,879.0,897.2999877929688,878.625,889.5999755859375,656.3473510742188,1774262
2013-07-30,890.0,902.4749755859375,887.7249755859375,896.1500244140625,661.179931640625,2617484
2013-07-31,895.0,915.75,894.7249755859375,907.75,669.7382202148438,2826750
2013-08-01,905.0250244140625,917.4000244140625,895.0,907.7000122070312,669.7015991210938,2141178
2013-08-02,909.8499755859375,924.9500122070312,908.3499755859375,922.9249877929688,680.934326171875,1846854
2013-08-05,920.0,938.7000122070312,920.0,933.5999755859375,688.8104858398438,2355184
2013-08-06,936.5,940.9749755859375,932.3250122070312,935.0499877929688,689.8803100585938,2305290
2013-08-07,937.0,945.4500122070312,906.7249755859375,911.3499755859375,672.3944091796875,2694980
2013-08-08,902.5499877929688,928.0750122070312,891.8499755859375,922.7000122070312,680.7684936523438,2158628
2013-08-12,920.5,920.5,904.0750122070312,907.0,669.1849975585938,2077574
2013-08-13,910.0999755859375,922.4249877929688,904.9749755859375,909.9000244140625,671.3243408203125,2168296
2013-08-14,912.25,929.0,901.0,916.75,676.3784790039062,3302068
2013-08-16,912.0999755859375,915.0,877.7750244140625,890.4500122070312,656.974609375,2779930
2013-08-19,899.0,903.5,877.7750244140625,888.7249755859375,655.7017822265625,2121352
2013-08-20,894.9000244140625,894.9000244140625,865.0,868.2000122070312,640.5584716796875,2724844
2013-08-21,870.0499877929688,871.8499755859375,850.5750122070312,858.9000244140625,633.69677734375,3623994
2013-08-22,852.5,898.5750122070312,847.5999755859375,889.4749755859375,656.2552490234375,4260988
2013-08-23,897.0,919.0,892.1500244140625,914.7249755859375,674.8844604492188,4032884
2013-08-26,911.5499877929688,939.2999877929688,907.0,921.0,679.5143432617188,2663238
2013-08-27,919.5,939.4249877929688,915.0,919.4000244140625,678.3338012695312,1945284
2013-08-28,914.0,973.0499877929688,914.0,953.9500122070312,703.8250122070312,4444684
2013-08-29,950.5,985.0,939.1500244140625,973.5499877929688,718.2858276367188,5905182
2013-08-30,969.5,1025.0,965.0,1016.5999755859375,750.0479736328125,5282942
2013-09-02,1010.0,1034.5,1008.75,1028.425048828125,758.7725219726562,2154034
2013-09-03,1025.050048828125,1033.5,993.0750122070312,1000.5499877929688,738.2060546875,2355064
2013-09-04,1000.0,1039.4000244140625,996.9749755859375,1034.550048828125,763.29150390625,2626516
2013-09-05,1034.5,1034.5,990.5250244140625,995.375,734.3881225585938,3927492
2013-09-06,1004.5,1012.5,987.5,994.4000244140625,733.6688842773438,2759596
2013-09-10,993.0,1008.3499755859375,990.5,993.9500122070312,733.3366088867188,4300972
2013-09-11,1004.0,1009.0,991.75,996.9000244140625,735.5132446289062,3008494
2013-09-12,997.5,999.2750244140625,972.9000244140625,983.9500122070312,725.958740234375,1905568
2013-09-13,982.5,995.0,973.2750244140625,976.875,720.7388916015625,2096320
2013-09-16,975.0,992.5,947.0250244140625,951.2750244140625,701.8511962890625,2460506
2013-09-17,950.0,976.2750244140625,948.5499877929688,973.7249755859375,718.4147338867188,3327816
2013-09-18,971.0250244140625,982.4000244140625,968.9500122070312,977.25,721.0154418945312,2109818
2013-09-19,974.0,995.0,963.25,983.1500244140625,725.368408203125,3907240
2013-09-20,975.0,994.9500122070312,970.5,975.1500244140625,719.4661254882812,3591858
2013-09-23,975.0,988.5999755859375,970.0,977.5499877929688,721.2367553710938,2988758
2013-09-24,977.5,988.9500122070312,963.0,969.75,715.4819946289062,4940300
2013-09-25,970.75,985.4749755859375,960.0999755859375,979.5250244140625,722.6939697265625,4333858
2013-09-26,977.4000244140625,987.0499877929688,967.5499877929688,971.4500122070312,716.7361450195312,4919704
2013-09-27,971.5499877929688,980.9749755859375,968.7249755859375,974.0499877929688,718.6543579101562,1784666
2013-09-30,977.0,980.9249877929688,960.0,963.9000244140625,711.1658935546875,1987350
2013-10-01,966.0,977.4249877929688,958.3499755859375,974.5250244140625,719.0049438476562,1591994
2013-10-03,985.9000244140625,1018.4500122070312,980.2000122070312,1012.2999877929688,746.8753051757812,4672354
2013-10-04,1016.0,1034.5,1013.4749755859375,1016.7999877929688,750.1954956054688,1934032
2013-10-07,1017.5,1048.8499755859375,1012.6500244140625,1044.875,770.9092407226562,1993878
2013-10-08,1041.5,1049.0,1028.2750244140625,1030.7249755859375,760.4693603515625,1828106
2013-10-09,1027.75,1048.824951171875,1022.5499877929688,1045.425048828125,771.315185546875,1775858
2013-10-10,1044.0,1049.0,1033.625,1040.0,767.3124389648438,1164320
2013-10-11,1051.5,1069.0,1041.199951171875,1061.0250244140625,782.8245849609375,2284448
2013-10-14,1063.75,1112.5,1062.5,1106.375,816.2838134765625,4374460
2013-10-15,1117.5,1129.425048828125,1100.5,1107.699951171875,817.2616577148438,4665092
2013-10-17,1115.0,1115.0,1047.8499755859375,1054.2249755859375,777.8074951171875,6687214
2013-10-18,1052.4000244140625,1066.9000244140625,1030.7750244140625,1060.324951171875,782.30810546875,5346166
2013-10-21,1062.5,1063.9749755859375,1025.0,1035.824951171875,764.2318115234375,3685372
2013-10-22,1044.0,1053.824951171875,1038.425048828125,1044.675048828125,770.7617797851562,2044614
2013-10-23,1044.25,1051.5,1023.0750122070312,1030.574951171875,760.3585815429688,2455496
2013-10-24,1021.0,1041.175048828125,1000.9249877929688,1004.3499755859375,741.0097045898438,3617758
2013-10-25,997.5,1036.0,997.5,1033.875,764.3154907226562,2527402
2013-10-28,1034.0,1044.9000244140625,1026.2750244140625,1031.9749755859375,762.910888671875,1803942
2013-10-29,1032.5,1042.9000244140625,1023.9500122070312,1034.9000244140625,765.0732421875,1829076
2013-10-30,1035.125,1050.0,1035.125,1045.9749755859375,773.2605590820312,2114874
2013-10-31,1044.5,1064.5,1039.699951171875,1056.0250244140625,780.6903076171875,3523076
2013-11-01,1055.0,1070.9749755859375,1045.550048828125,1048.800048828125,775.3491821289062,1346480
2013-11-05,1050.0,1052.5,1015.8499755859375,1021.0,754.7972412109375,2261286
2013-11-06,1031.5,1051.7750244140625,1029.5250244140625,1045.550048828125,772.9464721679688,1667750
2013-11-07,1050.0,1074.074951171875,1040.1500244140625,1060.9749755859375,784.3496704101562,1956948
2013-11-08,1065.0,1065.875,1035.5999755859375,1045.425048828125,772.8541259765625,1609346
2013-11-11,1045.0,1070.0,1025.0,1047.324951171875,774.2587890625,1961138
2013-11-12,1048.425048828125,1060.8499755859375,1039.5,1043.574951171875,771.4864501953125,1000682
2013-11-13,1049.4749755859375,1053.0999755859375,1021.8250122070312,1024.5,757.3847045898438,1208338
2013-11-14,1036.0,1036.0,1010.9249877929688,1013.0999755859375,748.9570922851562,2129704
2013-11-18,1023.0,1029.949951171875,1016.125,1022.0,755.53662109375,2831602
2013-11-19,1024.9749755859375,1027.5,1010.5999755859375,1014.9500122070312,750.32470703125,2077864
2013-11-20,1023.4249877929688,1024.949951171875,1008.5,1011.7999877929688,747.9959716796875,1658696
2013-11-21,1011.5999755859375,1017.3499755859375,990.0,993.2999877929688,734.3193969726562,2302882
2013-11-22,995.5,1005.5,992.5499877929688,1000.4249877929688,739.5866088867188,1494494
2013-11-25,1004.0,1013.4249877929688,996.5499877929688,1006.625,744.1702270507812,1950998
2013-11-26,1001.5499877929688,1008.2249755859375,993.5,996.8499755859375,736.94384765625,2047412
2013-11-27,1004.5,1006.8499755859375,987.5,993.2249755859375,734.2640380859375,2120978
2013-11-28,996.5499877929688,998.2750244140625,985.0,992.2999877929688,733.5802612304688,2805722
2013-11-29,996.0,1007.3499755859375,990.9000244140625,1002.1749877929688,740.8804321289062,1924812
2013-12-02,997.5,1010.5,997.5,1006.9500122070312,744.4105224609375,1253260
2013-12-03,1008.0250244140625,1021.0,1007.5250244140625,1010.4000244140625,746.9610595703125,1449184
2013-12-04,1009.9500122070312,1015.7999877929688,996.8250122070312,1000.0250244140625,739.2910766601562,1519036
2013-12-05,1008.0,1016.7750244140625,991.5250244140625,993.5750122070312,734.5227661132812,1397190
2013-12-06,995.5,1005.0,995.5,1000.1500244140625,739.383544921875,1446962
2013-12-09,1014.5,1014.9749755859375,1000.0,1002.4249877929688,741.0653686523438,1826340
2013-12-10,1000.0,1044.5,1000.0,1041.375,769.8602294921875,3653334
2013-12-11,1039.5,1043.425048828125,1021.5,1029.0250244140625,760.7301025390625,1556062
2013-12-12,1022.5,1032.0,1012.5499877929688,1014.4500122070312,749.9550170898438,1655964
2013-12-13,1018.9749755859375,1022.5,997.5,1000.9000244140625,739.9379272460938,3463350
2013-12-16,1006.8499755859375,1019.9000244140625,1002.5750122070312,1009.5750122070312,746.3511352539062,2858500
2013-12-17,1015.7999877929688,1032.925048828125,1015.0,1022.6749877929688,756.0358276367188,2995474
2013-12-18,1020.0,1035.5,1019.0,1027.9000244140625,759.8983154296875,1587990
2013-12-19,1037.9749755859375,1055.0,1031.324951171875,1040.75,769.3978881835938,2161986
2013-12-20,1044.050048828125,1065.0,1042.925048828125,1060.2750244140625,783.8323974609375,1965812
2013-12-23,1064.9749755859375,1071.7249755859375,1048.9749755859375,1054.5250244140625,779.5814208984375,1321224
2013-12-24,1059.9000244140625,1064.5,1052.125,1055.3499755859375,780.191162109375,870156
2013-12-26,1057.5,1058.5,1045.7249755859375,1050.1500244140625,776.3468627929688,2297194
2013-12-27,1053.5,1084.949951171875,1052.5,1080.324951171875,798.6547241210938,2479946
2013-12-30,1085.0,1087.625,1073.3499755859375,1078.0250244140625,796.9545288085938,1668776
2013-12-31,1080.050048828125,1092.4749755859375,1075.449951171875,1086.0250244140625,802.8682861328125,1245776
2014-01-01,1090.050048828125,1092.25,1075.550048828125,1076.6500244140625,795.9375610351562,529952
2014-01-02,1083.0,1094.5,1078.074951171875,1083.5,801.0017700195312,1726948
2014-01-03,1082.3499755859375,1114.550048828125,1073.625,1111.0999755859375,821.4059448242188,2618174
2014-01-06,1114.5,1122.0,1098.5,1119.800048828125,827.8374633789062,2311810
2014-01-07,1120.0,1128.2249755859375,1099.5,1103.074951171875,815.472900390625,2897486
2014-01-08,1106.0,1122.0,1105.0,1116.324951171875,825.268310546875,2550020
2014-01-09,1114.375,1127.75,1111.050048828125,1120.9749755859375,828.7062377929688,2582206
2014-01-10,1130.0,1154.9000244140625,1117.5,1140.449951171875,843.1033935546875,3369334
2014-01-13,1142.5,1192.0,1142.5,1184.375,875.576171875,3814316
2014-01-14,1186.0,1192.4000244140625,1160.0,1163.375,860.0514526367188,2974964
2014-01-15,1171.2249755859375,1189.0999755859375,1163.5,1176.800048828125,869.9759521484375,3048854
2014-01-16,1190.0,1190.050048828125,1162.5,1175.1500244140625,868.75634765625,2997962
2014-01-17,1149.0,1149.0,1103.0250244140625,1106.5250244140625,818.0233154296875,7564756
2014-01-20,1109.4749755859375,1175.0,1107.75,1169.0999755859375,864.2835693359375,6010558
2014-01-21,1167.0,1169.625,1137.550048828125,1140.1500244140625,842.8814697265625,3132282
2014-01-22,1143.550048828125,1148.425048828125,1132.050048828125,1137.0250244140625,840.5713500976562,2384030
2014-01-23,1134.050048828125,1138.3499755859375,1118.6500244140625,1126.2249755859375,832.5874633789062,2290762
2014-01-24,1122.0,1141.625,1117.5,1124.3499755859375,831.200927734375,1850266
2014-01-27,1113.0,1129.75,1110.050048828125,1114.800048828125,825.6092529296875,2532948
2014-01-28,1116.0,1123.925048828125,1098.050048828125,1106.175048828125,819.2220458984375,2852166
2014-01-29,1120.0,1120.0,1102.5,1104.9000244140625,818.2778930664062,1698076
2014-01-30,1099.0250244140625,1113.5,1095.0,1108.800048828125,821.166015625,2225250
2014-01-31,1112.550048828125,1134.9000244140625,1110.5,1120.5250244140625,829.849365234375,2174246
2014-02-03,1111.0,1122.125,1095.4000244140625,1097.2249755859375,812.59375,1362480
2014-02-04,1087.0,1087.5,1056.0250244140625,1075.675048828125,796.6340942382812,2694166
2014-02-05,1081.9000244140625,1100.0,1070.0,1097.199951171875,812.5752563476562,1853650
2014-02-06,1090.0,1094.949951171875,1072.5,1087.625,805.4840087890625,1922652
2014-02-07,1095.0,1097.5,1065.5,1072.199951171875,794.0606079101562,1990912
2014-02-10,1072.0,1072.0,1042.550048828125,1046.7750244140625,775.2308959960938,4019270
2014-02-11,1050.0,1063.25,1048.0,1050.8499755859375,778.2490844726562,3568786
2014-02-12,1059.0,1061.800048828125,1047.5,1052.7249755859375,779.6373901367188,3074348
2014-02-13,1053.5,1069.199951171875,1048.25,1066.875,790.1168212890625,2094350
2014-02-14,1068.949951171875,1092.375,1064.050048828125,1083.949951171875,802.7623901367188,1910062
2014-02-17,1080.0,1093.0,1073.5999755859375,1082.699951171875,801.8364868164062,1670394
2014-02-18,1082.5,1095.5,1077.925048828125,1083.0,802.05908203125,1526916
2014-02-19,1085.0,1107.5,1081.125,1098.9749755859375,813.889404296875,1072918
2014-02-20,1103.0,1111.0,1091.4000244140625,1094.675048828125,810.7051391601562,1587924
2014-02-21,1099.0,1106.5,1095.375,1102.8499755859375,816.759765625,1717860
2014-02-24,1102.0,1102.625,1085.050048828125,1088.949951171875,806.4655151367188,2450424
2014-02-25,1094.5,1099.75,1090.0,1094.449951171875,810.5385131835938,3305374
2014-02-26,1097.0,1097.5,1088.574951171875,1091.074951171875,808.039306640625,3859712
2014-02-28,1080.5,1140.0,1080.074951171875,1137.875,842.6988525390625,3988192
2014-03-03,1135.9000244140625,1149.5,1114.0,1120.0250244140625,829.4791259765625,1606078
2014-03-04,1116.5999755859375,1127.0,1112.0,1120.324951171875,829.701416015625,2030332
2014-03-05,1127.425048828125,1143.125,1121.2750244140625,1125.949951171875,833.8671875,2302006
2014-03-06,1126.425048828125,1130.0,1116.074951171875,1120.375,829.7383422851562,1314562
2014-03-07,1122.75,1125.0250244140625,1076.4000244140625,1114.25,825.202392578125,4698472
2014-03-10,1114.050048828125,1114.25,1067.5,1071.324951171875,793.4124755859375,3829768
2014-03-11,1077.5,1088.824951171875,1061.0,1075.824951171875,796.7453002929688,2550254
2014-03-12,1076.5,1094.875,1076.5,1089.7249755859375,807.039306640625,1669788
2014-03-13,1074.0250244140625,1101.0,1068.425048828125,1074.7750244140625,795.9676513671875,2019884
2014-03-14,1070.5,1080.25,1062.1500244140625,1069.7750244140625,792.2645874023438,2161246
2014-03-18,1067.75,1075.9000244140625,1052.125,1061.0,785.7659301757812,2565842
2014-03-19,1037.5,1037.5,1006.5250244140625,1019.7000122070312,755.1792602539062,8652662
2014-03-20,1019.0,1061.449951171875,1005.7000122070312,1054.0999755859375,780.6560668945312,5728956
2014-03-21,1062.5,1072.5,1042.5,1063.5,787.6173706054688,4680776
2014-03-24,1068.4749755859375,1078.9749755859375,1063.074951171875,1076.300048828125,797.0968627929688,2183014
2014-03-25,1072.0,1086.0,1065.0,1073.324951171875,794.893798828125,2249968
2014-03-26,1074.0250244140625,1079.25,1043.7750244140625,1046.75,775.21240234375,3192350
2014-03-27,1050.4749755859375,1057.5,1032.5250244140625,1047.125,775.4901733398438,5012476
2014-03-28,1048.5,1061.425048828125,1040.0250244140625,1051.050048828125,778.3970947265625,2971162
2014-03-31,1052.0,1072.4749755859375,1041.0,1066.574951171875,789.8945922851562,2683268
2014-04-01,1072.5,1092.5,1072.449951171875,1088.3499755859375,806.0208129882812,2755932
2014-04-02,1095.0,1101.0,1080.5250244140625,1086.125,804.3731689453125,3763016
2014-04-03,1086.425048828125,1091.0,1073.800048828125,1083.25,802.2438354492188,1581194
2014-04-04,1086.0,1093.5,1065.0,1069.425048828125,792.00537109375,1694656
2014-04-07,1065.050048828125,1082.9749755859375,1060.3499755859375,1076.9000244140625,797.541259765625,2594986
2014-04-09,1076.0,1081.0,1052.5,1070.199951171875,792.5792846679688,3350500
2014-04-10,1070.199951171875,1074.324951171875,1057.5999755859375,1063.074951171875,787.3025512695312,2152886
2014-04-11,1059.0,1087.449951171875,1050.0,1082.050048828125,801.3553466796875,2340742
2014-04-15,1090.5,1129.0,1087.0250244140625,1126.375,834.18212890625,3597244
2014-04-16,1132.0,1132.0,1092.0999755859375,1098.1500244140625,813.2786865234375,3475910
2014-04-17,1110.0,1113.5,1071.3499755859375,1111.449951171875,823.1287841796875,7681438
2014-04-21,1110.0,1121.449951171875,1105.6500244140625,1110.875,822.7029418945312,1842594
2014-04-22,1116.9749755859375,1124.949951171875,1109.949951171875,1110.5250244140625,822.4437255859375,1486274
2014-04-23,1115.699951171875,1121.949951171875,1100.550048828125,1106.875,819.7406616210938,1938992
2014-04-24,1106.875,1106.875,1106.875,1106.875,819.7406616210938,0
2014-04-25,1113.5,1117.5,1096.5999755859375,1102.625,816.593017578125,3160448
2014-04-28,1102.625,1111.3499755859375,1090.050048828125,1095.675048828125,811.4459228515625,2550766
2014-04-29,1093.0,1103.175048828125,1088.449951171875,1097.125,812.51953125,1846180
2014-04-30,1092.550048828125,1102.800048828125,1090.5,1094.5999755859375,810.6497192382812,2397378
2014-05-02,1090.625,1109.949951171875,1090.625,1104.2249755859375,817.7778930664062,1917778
2014-05-05,1105.4000244140625,1114.5,1102.074951171875,1106.8499755859375,819.721923828125,1314478
2014-05-06,1106.8499755859375,1110.800048828125,1095.0,1099.449951171875,814.2413330078125,961232
2014-05-07,1095.5250244140625,1101.5,1070.050048828125,1082.7750244140625,801.8924560546875,4716182
2014-05-08,1082.550048828125,1090.9000244140625,1073.824951171875,1081.0250244140625,800.596435546875,2606900
2014-05-09,1076.0,1092.3499755859375,1076.0,1079.949951171875,799.8002319335938,1799440
2014-05-12,1076.5,1083.3499755859375,1061.574951171875,1079.675048828125,799.5965576171875,2886064
2014-05-13,1082.9000244140625,1119.5,1082.9000244140625,1105.4749755859375,818.7037963867188,2547484
2014-05-14,1107.199951171875,1118.8499755859375,1100.550048828125,1108.050048828125,820.6107788085938,1389228
2014-05-15,1108.050048828125,1112.5,1085.574951171875,1096.574951171875,812.112060546875,2520196
2014-05-16,1100.0250244140625,1126.699951171875,1050.125,1080.375,800.1146850585938,5241798
2014-05-19,1075.0,1080.0,999.75,1018.3499755859375,754.1798095703125,6516606
2014-05-20,1014.0,1080.0,1014.0,1034.0999755859375,765.843994140625,4702114
2014-05-21,1030.5999755859375,1044.5,1027.9000244140625,1041.425048828125,771.26904296875,4116946
2014-05-22,1048.375,1062.0,1037.550048828125,1055.9749755859375,782.0444946289062,4216842
2014-05-23,1059.5,1074.5,1048.0,1063.949951171875,787.9507446289062,3094780
2014-05-26,1074.5,1084.800048828125,1066.800048828125,1077.0,797.6154174804688,2650850
2014-05-27,1080.074951171875,1092.300048828125,1059.0,1065.7249755859375,789.2650146484375,1795094
2014-05-28,1070.0,1079.375,1061.2249755859375,1075.2750244140625,796.3378295898438,1887488
2014-05-29,1072.5,1090.0,1067.5999755859375,1079.9749755859375,799.8187255859375,2820710
2014-05-30,1079.4000244140625,1083.5,1065.074951171875,1070.675048828125,792.9312133789062,2585648
2014-06-02,1072.0,1078.875,1058.0250244140625,1064.925048828125,788.6727905273438,1095158
2014-06-03,1064.925048828125,1069.0,1052.5999755859375,1064.300048828125,788.2098388671875,2484628
2014-06-04,1065.0,1067.449951171875,1038.5,1044.625,773.6387329101562,2141062
2014-06-05,1041.550048828125,1058.199951171875,1034.0,1052.074951171875,779.1561889648438,4348470
2014-06-06,1050.074951171875,1053.9000244140625,1028.0,1042.125,779.1934814453125,3361586
2014-06-09,1043.5,1059.0,1040.0,1056.9000244140625,790.24072265625,2666196
2014-06-10,1057.5,1080.4749755859375,1057.5,1079.074951171875,806.82080078125,2628068
2014-06-11,1082.5,1107.0,1069.0999755859375,1103.4749755859375,825.0645751953125,3544562
2014-06-12,1124.5,1127.0,1091.9000244140625,1118.675048828125,836.4296264648438,2734338
2014-06-13,1119.0,1119.5,1092.5250244140625,1106.7750244140625,827.5323486328125,1904022
2014-06-16,1105.0,1138.4749755859375,1105.0,1134.875,848.5426025390625,2439906
2014-06-17,1142.449951171875,1148.5,1135.5,1139.925048828125,852.3182373046875,1918144
2014-06-18,1146.5,1146.5,1110.6500244140625,1113.5250244140625,832.5790405273438,1948824
2014-06-19,1115.0,1144.5,1105.050048828125,1138.0250244140625,850.8978881835938,1896354
2014-06-20,1142.449951171875,1149.5,1131.0,1146.199951171875,857.0097045898438,1155674
2014-06-23,1146.5,1149.949951171875,1127.0250244140625,1134.425048828125,848.2059326171875,1262734
2014-06-24,1134.5,1159.75,1127.5,1154.5250244140625,863.2347412109375,1479100
2014-06-25,1155.0,1160.0,1146.5,1155.2750244140625,863.7953491210938,1028422
2014-06-26,1148.0,1172.074951171875,1145.574951171875,1153.824951171875,862.7111206054688,2036182
2014-06-27,1158.5,1203.449951171875,1157.5,1199.7750244140625,897.0680541992188,3058836
2014-06-30,1200.2750244140625,1217.5,1188.300048828125,1212.699951171875,906.73193359375,2146470
2014-07-01,1209.449951171875,1209.5,1191.1500244140625,1195.375,893.778076171875,1092790
2014-07-02,1200.0,1205.875,1191.75,1200.800048828125,897.8341674804688,907740
2014-07-03,1199.5,1222.5,1196.0,1208.949951171875,903.9279174804688,1526762
2014-07-04,1206.199951171875,1212.75,1200.5,1205.25,901.1614379882812,536136
2014-07-07,1210.0250244140625,1249.0,1205.199951171875,1244.2750244140625,930.3403930664062,2204902
2014-07-08,1242.4749755859375,1243.074951171875,1216.625,1224.7249755859375,915.7230224609375,2500588
2014-07-09,1235.0,1236.324951171875,1190.800048828125,1199.074951171875,896.5445556640625,1554242
2014-07-10,1199.7750244140625,1209.800048828125,1167.5,1175.9000244140625,879.2164306640625,1990562
2014-07-11,1185.5,1205.0,1180.550048828125,1197.2249755859375,895.1612548828125,1329446
2014-07-14,1209.4000244140625,1219.5,1192.625,1213.125,907.050048828125,1587924
2014-07-15,1213.0999755859375,1215.0,1196.875,1199.6500244140625,896.9742431640625,1389656
2014-07-16,1204.824951171875,1212.0,1193.425048828125,1200.925048828125,897.927978515625,1407240
2014-07-17,1205.0,1214.9000244140625,1187.5,1190.9749755859375,890.4884033203125,1790220
2014-07-18,1226.0,1242.5,1217.5,1220.5999755859375,912.638671875,3507488
2014-07-21,1234.0,1234.925048828125,1221.5250244140625,1231.875,921.068603515625,981072
2014-07-22,1232.5,1270.0,1230.949951171875,1266.199951171875,946.73388671875,2399016
2014-07-23,1270.0,1298.1500244140625,1266.1500244140625,1293.074951171875,966.8277587890625,2065858
2014-07-24,1297.449951171875,1301.0,1283.5,1297.5999755859375,970.2117919921875,1481418
2014-07-25,1297.0,1307.175048828125,1283.5,1302.875,974.155517578125,1806914
2014-07-28,1288.574951171875,1299.824951171875,1277.5,1294.6500244140625,985.0164184570312,1314922
2014-07-30,1292.4000244140625,1305.0,1286.300048828125,1297.5250244140625,987.2037963867188,1899252
2014-07-31,1287.550048828125,1299.0,1284.625,1290.0250244140625,981.4976196289062,2407210
2014-08-01,1287.5,1293.9749755859375,1255.0,1258.199951171875,957.2839965820312,2381882
2014-08-04,1266.0,1270.949951171875,1244.0,1263.0250244140625,960.955078125,1828636
2014-08-05,1272.449951171875,1272.5,1245.050048828125,1261.8499755859375,960.0610961914062,1404656
2014-08-06,1258.074951171875,1267.425048828125,1245.125,1253.324951171875,953.5745849609375,1837562
2014-08-07,1245.0,1247.5,1229.5250244140625,1234.9000244140625,939.556396484375,1672656
2014-08-08,1232.5,1253.8499755859375,1232.5,1239.3499755859375,942.9420166015625,1464790
2014-08-11,1245.449951171875,1247.7750244140625,1227.5,1234.199951171875,939.023681640625,1290896
2014-08-12,1244.949951171875,1244.949951171875,1220.0999755859375,1235.875,940.29833984375,984552
2014-08-13,1235.0,1265.0,1235.0,1250.0250244140625,951.0640869140625,2768378
2014-08-14,1257.0,1266.0,1245.0250244140625,1249.875,950.9503784179688,1578056
2014-08-18,1245.5250244140625,1252.5,1235.0,1243.800048828125,946.32763671875,1373260
2014-08-19,1250.0,1252.449951171875,1217.5,1219.25,927.6492309570312,3234156
2014-08-20,1222.25,1227.5250244140625,1215.0250244140625,1218.0999755859375,926.7743530273438,2056758
2014-08-21,1223.5,1230.0,1215.0,1216.2249755859375,925.347900390625,2265450
2014-08-22,1222.0,1234.0999755859375,1217.9000244140625,1232.0999755859375,937.4260864257812,3096238
2014-08-25,1235.0,1264.25,1233.449951171875,1261.0250244140625,959.4336547851562,3143512
2014-08-26,1264.5,1275.0,1250.0,1266.9000244140625,963.9030151367188,1815490
2014-08-27,1267.0,1283.699951171875,1257.0250244140625,1274.9749755859375,970.0469360351562,1435460
2014-08-28,1273.5,1274.6500244140625,1256.5,1261.175048828125,959.5473022460938,1766288
2014-09-01,1262.699951171875,1280.0,1261.5250244140625,1268.574951171875,965.1775512695312,810148
2014-09-02,1272.9000244140625,1277.4000244140625,1257.050048828125,1268.949951171875,965.4629516601562,1407940
2014-09-03,1269.5,1308.0,1269.5,1303.199951171875,991.52197265625,3061690
2014-09-04,1311.0,1313.7249755859375,1288.7249755859375,1292.375,983.285400390625,1701598
2014-09-05,1299.949951171875,1310.9000244140625,1291.5250244140625,1299.300048828125,988.5547485351562,1467060
2014-09-08,1306.0,1325.0,1299.5250244140625,1321.3499755859375,1005.3311157226562,1697342
2014-09-09,1326.0,1333.5,1312.550048828125,1315.625,1000.9752197265625,1418098
2014-09-10,1319.0,1321.375,1295.5999755859375,1300.074951171875,989.1436157226562,1258768
2014-09-11,1305.0,1312.199951171875,1295.75,1299.175048828125,988.459228515625,1075622
2014-09-12,1305.0,1312.175048828125,1296.5999755859375,1303.800048828125,991.9779052734375,1196210
2014-09-15,1307.0,1309.300048828125,1277.0,1279.1500244140625,973.2230834960938,1151544
2014-09-16,1283.0,1287.5,1272.0,1275.425048828125,970.3898315429688,1535608
2014-09-17,1280.5,1302.375,1280.5,1295.5999755859375,985.7394409179688,1657700
2014-09-18,1295.8499755859375,1325.9000244140625,1290.5,1321.1500244140625,1005.1785888671875,1483078
2014-09-19,1321.5,1370.0,1321.0,1357.0999755859375,1032.5303955078125,3587864
2014-09-22,1357.0,1367.0,1338.125,1360.9000244140625,1035.4217529296875,999584
2014-09-23,1362.0,1391.2249755859375,1341.6500244140625,1344.0999755859375,1022.6400146484375,2055990
2014-09-24,1346.5,1353.4749755859375,1316.375,1321.5,1005.4448852539062,2442132
2014-09-25,1330.4749755859375,1362.5,1330.0,1354.300048828125,1030.400390625,2473158
2014-09-26,1355.0,1362.449951171875,1335.050048828125,1342.0,1021.041748046875,1612712
2014-09-29,1347.699951171875,1387.7249755859375,1337.6500244140625,1383.9749755859375,1052.9779052734375,2089534
2014-09-30,1386.4749755859375,1388.324951171875,1354.074951171875,1368.300048828125,1041.05224609375,2788954
2014-10-01,1376.0,1401.0,1368.5,1387.800048828125,1055.8880615234375,2142022
2014-10-07,1369.800048828125,1419.8499755859375,1362.800048828125,1365.675048828125,1039.0546875,3457674
2014-10-08,1369.0,1369.9749755859375,1324.625,1341.5999755859375,1020.73779296875,1962442
2014-10-09,1354.0,1361.6500244140625,1343.25,1353.0250244140625,1029.43017578125,1685176
2014-10-10,1353.0,1363.7249755859375,1334.25,1339.25,1018.9495239257812,2344362
2014-10-13,1340.0,1362.4000244140625,1335.0,1358.2750244140625,1033.4244384765625,2209532
2014-10-14,1365.0,1367.8499755859375,1339.4000244140625,1349.5999755859375,1026.823974609375,2369406
2014-10-15,1349.5999755859375,1349.5999755859375,1349.5999755859375,1349.5999755859375,1026.823974609375,0
2014-10-16,1365.0,1379.300048828125,1332.125,1339.050048828125,1018.7979736328125,3848014
2014-10-17,1237.5,1255.675048828125,1215.0,1220.574951171875,928.6574096679688,9892812
2014-10-20,1245.0,1246.800048828125,1208.9749755859375,1211.6500244140625,921.86669921875,3399242
2014-10-21,1212.925048828125,1221.875,1207.5,1216.699951171875,925.7089233398438,1950732
2014-10-22,1242.5,1244.5,1222.550048828125,1225.925048828125,932.7281494140625,2067664
2014-10-27,1259.5,1259.8499755859375,1222.4749755859375,1228.574951171875,934.7440185546875,2797208
2014-10-28,1242.449951171875,1242.449951171875,1226.7249755859375,1239.300048828125,942.9041748046875,2289958
2014-10-29,1237.5,1257.0,1236.5,1253.0250244140625,955.2735595703125,2425016
2014-10-30,1260.9000244140625,1287.449951171875,1254.5,1279.0999755859375,975.1527709960938,4111292
2014-10-31,1280.5,1310.0,1280.5,1303.925048828125,994.0784301757812,3170070
2014-11-03,1324.5,1324.5,1290.25,1295.175048828125,987.4078979492188,2541632
2014-11-05,1319.0,1319.0,1295.0,1299.75,990.8956298828125,2310642
2014-11-07,1302.4000244140625,1307.8499755859375,1278.5,1286.425048828125,980.7369995117188,2126740
2014-11-10,1287.550048828125,1291.0,1275.5,1284.824951171875,979.5170288085938,1541964
2014-11-11,1289.0,1297.0,1277.699951171875,1290.3499755859375,983.7294921875,1249940
2014-11-12,1290.0,1305.5,1287.5,1295.875,987.9413452148438,1320582
2014-11-13,1297.5,1302.449951171875,1282.574951171875,1294.2249755859375,986.6836547851562,1645540
2014-11-14,1292.5999755859375,1305.574951171875,1287.5,1303.2249755859375,993.5446166992188,1457174
2014-11-17,1297.550048828125,1312.5,1296.125,1309.1500244140625,998.0618286132812,1570552
2014-11-18,1310.0,1313.324951171875,1289.875,1292.925048828125,985.6922607421875,1467026
2014-11-19,1299.0,1299.0,1278.7249755859375,1286.875,981.0797729492188,1865746
2014-11-20,1294.0,1305.125,1280.2750244140625,1302.7249755859375,993.1636352539062,1795386
2014-11-21,1304.0,1320.0,1293.324951171875,1311.074951171875,999.5296630859375,2001594
2014-11-24,1311.0,1332.5,1311.0,1328.8499755859375,1013.0808715820312,1942766
2014-11-25,1330.0,1339.699951171875,1308.0,1318.0,1004.8090209960938,2371684
2014-11-26,1315.0250244140625,1328.175048828125,1307.5,1313.6500244140625,1001.4926147460938,1584800
2014-11-27,1313.6500244140625,1334.0,1312.6500244140625,1326.6500244140625,1011.4034423828125,1732418
2014-11-28,1329.175048828125,1345.949951171875,1317.675048828125,1321.5,1007.4771728515625,1989768
2014-12-01,1325.25,1350.0,1322.625,1346.4749755859375,1026.517333984375,1896354
2014-12-02,1346.5,1355.4749755859375,1324.675048828125,1328.6500244140625,1012.928466796875,1436572
2014-12-03,1335.949951171875,1336.699951171875,1309.25,1317.675048828125,1004.5609741210938,3094670
2014-12-04,1332.0,1333.5,1314.949951171875,1318.9749755859375,1005.552490234375,1285308
2014-12-05,1320.449951171875,1324.9000244140625,1286.074951171875,1289.4749755859375,983.062255859375,2359676
2014-12-08,1297.5,1297.5,1250.824951171875,1256.4000244140625,957.8466796875,3232574
2014-12-09,1258.0,1279.5,1254.550048828125,1257.425048828125,958.6278076171875,2487940
2014-12-10,1257.5,1265.949951171875,1248.0999755859375,1253.949951171875,955.9788208007812,2087970
2014-12-11,1250.300048828125,1261.449951171875,1243.5,1246.074951171875,949.9750366210938,1938822
2014-12-12,1250.0,1260.0,1211.324951171875,1225.3499755859375,934.1747436523438,2380786
2014-12-15,1192.449951171875,1192.5,1176.125,1179.324951171875,899.08642578125,3487788
2014-12-16,1175.0,1229.625,1172.5,1221.5250244140625,931.2589721679688,3339140
2014-12-17,1226.699951171875,1235.0,1202.625,1222.050048828125,931.6591796875,2287076
2014-12-18,1227.550048828125,1234.25,1217.4000244140625,1230.3499755859375,937.9866943359375,1481444
2014-12-19,1235.6500244140625,1261.875,1234.0,1255.2750244140625,956.9889526367188,1903130
2014-12-22,1263.0,1264.5,1237.199951171875,1256.699951171875,958.0753173828125,1643954
2014-12-23,1250.0,1268.324951171875,1247.300048828125,1258.3499755859375,959.3330688476562,1266476
2014-12-24,1257.5,1260.425048828125,1232.824951171875,1239.949951171875,945.305419921875,3288972
2014-12-26,1243.0,1255.0,1232.5,1252.5,954.8732299804688,626206
2014-12-29,1254.0,1268.4749755859375,1253.5,1261.449951171875,961.697021484375,778920
2014-12-30,1262.5,1271.2249755859375,1258.0,1265.0250244140625,964.4219360351562,701342
2014-12-31,1266.3499755859375,1283.199951171875,1262.5,1279.125,975.1717529296875,1573792
2015-01-01,1283.5,1283.5,1270.5,1272.7750244140625,970.3309326171875,366830
2015-01-02,1275.5,1295.4749755859375,1275.300048828125,1289.7249755859375,983.2529907226562,925740
2015-01-05,1290.5,1299.949951171875,1262.324951171875,1270.125,968.3103637695312,1754242
2015-01-06,1264.550048828125,1264.550048828125,1220.0,1223.300048828125,932.6119384765625,2423784
2015-01-07,1235.0,1239.574951171875,1203.7249755859375,1208.8499755859375,921.5958862304688,2636332
2015-01-08,1221.199951171875,1224.5,1210.2750244140625,1221.9000244140625,931.5449829101562,1565408
2015-01-09,1227.5,1259.949951171875,1225.0,1256.1500244140625,957.6560668945312,3197642
2015-01-12,1258.5,1264.0,1240.125,1254.8499755859375,956.6644897460938,1596006
2015-01-13,1260.0,1265.199951171875,1240.050048828125,1248.949951171875,952.1666870117188,1468432
2015-01-14,1258.0,1265.9000244140625,1250.25,1260.9749755859375,961.3344116210938,1787096
2015-01-15,1266.5,1290.875,1261.625,1269.550048828125,967.8717651367188,5009920
2015-01-16,1271.8499755859375,1272.5,1242.1500244140625,1266.074951171875,965.2228393554688,5293830
2015-01-19,1268.0,1275.5,1251.5,1255.5,957.16064453125,1135074
2015-01-20,1260.0,1265.0,1241.625,1250.2249755859375,953.1387939453125,2058566
2015-01-21,1261.0,1261.0,1244.125,1256.9000244140625,958.227783203125,2310480
2015-01-22,1258.25,1260.625,1247.75,1256.7750244140625,958.132568359375,2113214
2015-01-23,1257.0,1266.0250244140625,1248.050048828125,1251.800048828125,954.3397827148438,3150380
2015-01-27,1256.175048828125,1257.5,1244.7750244140625,1251.0250244140625,955.6573486328125,2738736
2015-01-28,1251.5,1272.449951171875,1251.449951171875,1269.800048828125,969.9996948242188,3121980
2015-01-29,1269.0,1284.3499755859375,1256.449951171875,1272.324951171875,971.9288330078125,3734392
2015-01-30,1280.3499755859375,1287.5,1235.0,1241.0250244140625,948.0183715820312,5817402
2015-02-02,1241.0,1260.7249755859375,1231.0250244140625,1257.0999755859375,960.29833984375,3181802
2015-02-03,1255.824951171875,1282.5,1253.550048828125,1279.125,977.123046875,2345054
2015-02-04,1284.0,1285.8499755859375,1251.050048828125,1257.1500244140625,960.3362426757812,2245418
2015-02-05,1260.0,1295.8499755859375,1259.5,1276.199951171875,974.888671875,4530168
2015-02-06,1276.5,1297.4000244140625,1275.425048828125,1287.875,983.8073120117188,2136416
2015-02-09,1280.75,1284.550048828125,1250.0,1256.449951171875,959.8013916015625,2076432
2015-02-10,1255.0,1263.125,1216.5,1220.574951171875,932.3970336914062,3799054
2015-02-11,1227.5250244140625,1243.625,1223.625,1229.949951171875,939.5582885742188,2937522
2015-02-12,1239.9000244140625,1239.9000244140625,1223.5,1231.074951171875,940.4176025390625,3107980
2015-02-13,1235.0,1273.875,1230.125,1269.375,969.6749877929688,4158326
2015-02-16,1280.0,1297.5,1277.5,1292.4000244140625,987.263671875,2364392
2015-02-18,1292.5250244140625,1321.5,1282.625,1317.824951171875,1006.685546875,2660014
2015-02-19,1318.0,1343.6500244140625,1317.5,1340.5250244140625,1024.0263671875,2618002
2015-02-20,1349.4000244140625,1349.4000244140625,1321.125,1337.7750244140625,1021.92578125,1801588
2015-02-23,1335.5,1361.0,1335.5,1348.324951171875,1029.984619140625,1614892
2015-02-24,1347.0,1365.0,1339.5,1352.375,1033.078857421875,2199922
2015-02-25,1355.0,1361.0,1333.925048828125,1336.0999755859375,1020.6461791992188,1767994
2015-02-26,1339.5,1346.375,1312.675048828125,1328.2249755859375,1014.6303100585938,1991994
2015-02-27,1329.7249755859375,1337.875,1308.1500244140625,1331.175048828125,1016.8841552734375,2877376
2015-03-02,1339.8499755859375,1354.4749755859375,1326.2750244140625,1334.699951171875,1019.57666015625,2176038
2015-03-03,1341.0,1395.0,1338.074951171875,1388.0,1060.2928466796875,3424308
2015-03-04,1394.0,1406.050048828125,1357.824951171875,1373.0,1048.834228515625,3862994
2015-03-05,1375.0,1385.3499755859375,1340.5250244140625,1348.2249755859375,1029.908447265625,2173514
2015-03-09,1320.0,1339.9000244140625,1305.0,1323.4000244140625,1010.9447631835938,2883174
2015-03-10,1324.449951171875,1339.125,1297.625,1321.3499755859375,1009.37841796875,3037052
2015-03-11,1321.0,1329.9749755859375,1298.9000244140625,1303.2750244140625,995.5709838867188,2240200
2015-03-12,1311.949951171875,1312.449951171875,1295.050048828125,1309.5250244140625,1000.3458251953125,1827636
2015-03-13,1319.0,1319.9749755859375,1287.5,1291.175048828125,986.3284912109375,1586838
2015-03-16,1292.5999755859375,1305.0,1276.0,1281.1500244140625,978.6701049804688,1556296
2015-03-17,1291.25,1303.3499755859375,1278.875,1291.8499755859375,986.8435668945312,1267318
2015-03-18,1295.4749755859375,1299.7249755859375,1275.8499755859375,1279.675048828125,977.5433959960938,1255170
2015-03-19,1288.0,1302.925048828125,1284.050048828125,1298.125,991.6372680664062,2448964
2015-03-20,1298.0,1309.0,1289.425048828125,1305.4749755859375,997.2516479492188,1963908
2015-03-23,1308.0,1315.5,1303.0,1308.574951171875,999.6199951171875,1566608
2015-03-24,1315.0,1318.5,1291.050048828125,1295.6500244140625,989.7463989257812,2394878
2015-03-25,1295.699951171875,1307.0,1272.5999755859375,1286.875,983.043212890625,2224858
2015-03-26,1276.6500244140625,1293.3499755859375,1250.5,1256.550048828125,959.8779907226562,3091642
2015-03-27,1265.5,1285.949951171875,1252.050048828125,1257.4000244140625,960.527099609375,2751776
2015-03-30,1262.5,1284.949951171875,1260.0,1282.074951171875,979.3760986328125,1339006
2015-03-31,1284.7249755859375,1284.7249755859375,1260.5,1276.9749755859375,975.4806518554688,2427028
2015-04-01,1279.0,1281.800048828125,1261.125,1271.324951171875,971.164794921875,2075758
2015-04-06,1279.0,1281.449951171875,1250.050048828125,1273.6500244140625,972.940673828125,1568542
2015-04-07,1281.2249755859375,1299.5,1272.0,1292.5,987.3402099609375,1886922
2015-04-08,1297.0,1328.25,1295.425048828125,1320.699951171875,1008.8820190429688,1652134
2015-04-09,1329.5,1343.7249755859375,1317.574951171875,1332.2750244140625,1017.72412109375,2544450
2015-04-10,1324.25,1335.4000244140625,1314.0,1326.875,1013.5999755859375,1815544
2015-04-13,1332.0,1332.5,1314.0,1327.75,1014.2670288085938,1308642
2015-04-15,1327.3499755859375,1356.949951171875,1304.699951171875,1313.875,1003.66845703125,2913934
2015-04-16,1313.4749755859375,1313.5,1285.675048828125,1291.4000244140625,986.4998779296875,3217570
2015-04-17,1278.550048828125,1280.0,1235.0,1237.425048828125,945.2680053710938,9668742
2015-04-20,1240.0250244140625,1241.949951171875,1212.425048828125,1214.4000244140625,927.6795654296875,2890722
2015-04-21,1214.4000244140625,1226.0,1200.5,1213.5250244140625,927.010986328125,2546032
2015-04-22,1215.75,1236.5,1203.7750244140625,1222.550048828125,933.9051513671875,4186812
2015-04-23,1236.0,1239.9000244140625,1215.8499755859375,1228.625,938.546142578125,4342990
2015-04-24,1227.6500244140625,1257.0,1223.7750244140625,1246.5250244140625,952.2200317382812,3625158
2015-04-27,1249.75,1260.0,1243.0,1250.0999755859375,954.9509887695312,2733052
2015-04-28,1255.0,1255.0,1227.550048828125,1247.5,952.9644775390625,3088298
2015-04-29,1242.0,1247.5,1225.5250244140625,1243.6500244140625,950.0235595703125,2019620
2015-04-30,1240.0,1245.0,1213.550048828125,1231.8499755859375,941.0098266601562,3738054
2015-05-04,1245.5,1252.4000244140625,1228.5999755859375,1240.7750244140625,947.82763671875,1890630
2015-05-05,1250.5,1268.2249755859375,1250.0,1258.925048828125,961.6921997070312,3255070
2015-05-06,1257.5,1257.5,1227.9000244140625,1231.5250244140625,940.76123046875,3394406
2015-05-07,1232.449951171875,1276.875,1226.8499755859375,1272.625,972.1575317382812,3205028
2015-05-08,1280.0,1294.0,1258.1500244140625,1263.625,965.28271484375,3003664
2015-05-11,1267.5,1281.5250244140625,1262.5,1278.0,976.263427734375,2573082
2015-05-12,1280.0,1282.5,1256.5,1261.449951171875,963.620849609375,2467386
2015-05-13,1273.5,1273.5,1240.2249755859375,1257.699951171875,960.7564697265625,1863774
2015-05-14,1260.0,1260.0,1242.5,1249.625,954.587890625,1309050
2015-05-15,1257.5,1266.199951171875,1250.5,1255.574951171875,959.1327514648438,1461454
2015-05-18,1257.050048828125,1262.625,1248.550048828125,1260.199951171875,962.666015625,4507752
2015-05-19,1259.699951171875,1265.0,1248.375,1256.3499755859375,959.7251586914062,1957722
2015-05-20,1260.0,1284.949951171875,1258.449951171875,1278.5250244140625,976.6644287109375,1897814
2015-05-21,1278.5,1290.0,1274.074951171875,1277.75,976.07275390625,1579578
2015-05-22,1275.0,1314.375,1269.625,1308.949951171875,999.9061279296875,2691632
2015-05-25,1310.0,1318.449951171875,1292.8499755859375,1300.5,993.4511108398438,982978
2015-05-26,1302.5,1311.625,1294.449951171875,1304.425048828125,996.4498291015625,1961740
2015-05-27,1304.0,1316.574951171875,1296.0,1307.625,998.8941040039062,1620690
2015-05-28,1301.949951171875,1311.5,1291.125,1304.75,996.6980590820312,2763608
2015-05-29,1308.5,1324.300048828125,1298.625,1305.1500244140625,997.00341796875,4423532
2015-06-01,1304.7249755859375,1323.550048828125,1304.175048828125,1308.875,999.8493041992188,882264
2015-06-02,1308.0,1315.0,1295.25,1299.949951171875,993.0310668945312,3935820
2015-06-03,1302.0,1312.800048828125,1295.25,1305.449951171875,997.2325439453125,1804684
2015-06-04,1308.550048828125,1311.4000244140625,1294.25,1302.824951171875,995.2274780273438,4131468
2015-06-05,1296.0,1304.5,1285.0,1287.925048828125,992.9915771484375,2308534
2015-06-08,1295.0,1295.0,1280.824951171875,1288.7249755859375,993.6082763671875,1570320
2015-06-09,1292.5,1295.0,1275.5,1280.824951171875,987.517822265625,2578914
2015-06-10,1283.0,1305.0,1281.9000244140625,1300.375,1002.5905151367188,2763350
2015-06-11,1302.75,1306.5,1278.375,1285.6500244140625,991.2374267578125,1847336
2015-06-12,1285.949951171875,1294.4749755859375,1238.4000244140625,1252.9000244140625,965.9871215820312,2571456
2015-06-15,1252.6500244140625,1260.2249755859375,1240.5,1252.4000244140625,965.6016235351562,2525176
2015-06-16,1250.0,1259.6500244140625,1247.2249755859375,1256.0,968.3773193359375,1267396
2015-06-17,1260.5,1264.574951171875,1250.9000244140625,1256.9000244140625,969.0712890625,1975720
2015-06-18,1257.5,1273.1500244140625,1254.0,1265.0250244140625,975.3355712890625,2165046
2015-06-19,1267.5,1277.5,1263.550048828125,1274.7750244140625,982.8529663085938,1999610
2015-06-22,1273.5,1300.0,1273.5,1295.75,999.0242919921875,1102002
2015-06-23,1300.0,1304.0,1283.5999755859375,1287.300048828125,992.5098876953125,898318
2015-06-24,1290.0,1293.949951171875,1279.425048828125,1285.1500244140625,990.8517456054688,1170246
2015-06-25,1281.0,1286.5,1272.074951171875,1275.0,983.0263061523438,1930992
2015-06-26,1275.0999755859375,1298.175048828125,1275.0999755859375,1296.4000244140625,999.5256958007812,1290102
2015-06-29,1286.0,1302.0,1271.699951171875,1296.449951171875,999.5639038085938,1372756
2015-06-30,1292.5,1294.375,1270.0,1275.4749755859375,983.3926391601562,1549952
2015-07-01,1281.949951171875,1304.0,1278.375,1296.550048828125,999.641357421875,1279708
2015-07-02,1300.0,1301.4749755859375,1285.5250244140625,1288.875,993.7239379882812,1445880
2015-07-03,1286.5250244140625,1305.0,1285.0,1301.949951171875,1003.8047485351562,963470
2015-07-06,1290.1500244140625,1322.5,1290.1500244140625,1316.6500244140625,1015.138427734375,1182338
2015-07-07,1316.375,1323.449951171875,1301.5,1308.125,1008.5657958984375,1642836
2015-07-08,1298.9749755859375,1310.8499755859375,1290.25,1297.550048828125,1000.4122924804688,2667850
2015-07-09,1297.5,1299.125,1253.324951171875,1261.25,972.4251708984375,3934122
2015-07-10,1279.5,1279.5,1227.5,1237.175048828125,953.8631591796875,8263654
2015-07-13,1237.699951171875,1259.300048828125,1237.699951171875,1254.7750244140625,967.4326782226562,2280308
2015-07-14,1255.5,1257.5,1245.0,1249.75,963.5584106445312,1703274
2015-07-15,1250.5,1274.9749755859375,1250.0,1272.875,981.3881225585938,2003660
2015-07-16,1271.8499755859375,1279.425048828125,1263.300048828125,1270.0999755859375,979.2487182617188,1456608
2015-07-17,1273.4000244140625,1285.050048828125,1271.6500244140625,1282.199951171875,988.5775146484375,1070526
2015-07-20,1282.0,1291.949951171875,1275.949951171875,1289.574951171875,996.4007568359375,853786
2015-07-21,1288.0,1300.175048828125,1277.550048828125,1280.699951171875,989.5431518554688,1274500
2015-07-22,1280.5,1284.5,1260.5250244140625,1264.0250244140625,976.6591186523438,1320628
2015-07-23,1258.75,1268.925048828125,1241.5,1244.300048828125,961.4186401367188,1496780
2015-07-24,1248.75,1258.25,1246.050048828125,1252.574951171875,967.8121337890625,1574972
2015-07-27,1244.0,1252.5,1240.574951171875,1248.5250244140625,964.6832885742188,2003738
2015-07-28,1249.75,1259.5,1246.074951171875,1251.0250244140625,966.61474609375,1891188
2015-07-29,1255.5,1257.5250244140625,1241.75,1253.375,968.4303588867188,2413318
2015-07-30,1258.0250244140625,1258.4000244140625,1236.4000244140625,1240.324951171875,958.3473510742188,2770574
2015-07-31,1244.949951171875,1259.5,1243.5,1255.375,969.9757690429688,1963776
2015-08-03,1251.699951171875,1262.5,1250.449951171875,1254.800048828125,969.5320434570312,1179324
2015-08-04,1255.199951171875,1261.5,1243.0,1254.449951171875,969.2609252929688,2342692
2015-08-05,1260.0,1275.0,1255.5,1273.574951171875,984.0381469726562,988994
2015-08-06,1282.5,1291.5,1275.050048828125,1286.6500244140625,994.1409912109375,2211366
2015-08-07,1286.5,1286.5,1273.5,1276.0250244140625,985.93115234375,1188506
2015-08-10,1286.0,1294.5,1278.300048828125,1286.050048828125,993.6775512695312,1431182
2015-08-11,1289.0,1305.0,1271.050048828125,1302.0999755859375,1006.078125,2200306
2015-08-12,1301.550048828125,1345.699951171875,1301.0,1335.8499755859375,1032.1552734375,3479784
2015-08-13,1335.0,1342.0,1278.0,1317.800048828125,1018.2090454101562,1406426
2015-08-14,1319.0,1359.675048828125,1318.550048828125,1351.5999755859375,1044.3250732421875,2293964
2015-08-17,1345.050048828125,1348.4000244140625,1327.5,1342.375,1037.197265625,773644
2015-08-18,1353.449951171875,1374.949951171875,1345.0,1370.449951171875,1058.88916015625,1916926
2015-08-19,1375.0,1376.425048828125,1360.949951171875,1366.800048828125,1056.0693359375,1690070
2015-08-20,1372.5,1372.5,1336.0,1343.425048828125,1038.008544921875,2349298
2015-08-21,1356.0,1364.949951171875,1327.550048828125,1338.074951171875,1033.8748779296875,3536080
2015-08-24,1319.5,1322.5,1284.550048828125,1289.324951171875,996.2074584960938,4692344
2015-08-25,1293.949951171875,1311.0,1267.75,1283.574951171875,991.7648315429688,3925800
2015-08-26,1279.0250244140625,1319.5,1255.9749755859375,1288.375,995.4736938476562,3216158
2015-08-27,1307.449951171875,1307.449951171875,1272.9000244140625,1287.324951171875,994.6618041992188,5264798
2015-08-28,1304.5,1304.5,1278.8499755859375,1285.425048828125,993.1940307617188,2744152
2015-08-31,1295.0,1295.0,1265.5250244140625,1282.0250244140625,990.5673828125,3692044
2015-09-01,1278.0,1305.5999755859375,1265.0,1268.699951171875,980.271484375,2987602
2015-09-02,1279.8499755859375,1310.2249755859375,1274.0,1295.9000244140625,1001.2877807617188,3765950
2015-09-03,1298.050048828125,1307.5,1288.125,1302.800048828125,1006.6194458007812,2265074
2015-09-04,1305.699951171875,1307.449951171875,1269.574951171875,1273.7249755859375,984.1539306640625,2426396
2015-09-07,1276.5,1279.9749755859375,1266.3499755859375,1269.875,981.1796875,1759184
2015-09-08,1272.5,1282.050048828125,1261.75,1270.1500244140625,981.3919067382812,1787746
2015-09-09,1281.4749755859375,1287.0,1272.0,1274.875,985.0429077148438,2045076
2015-09-10,1271.0,1289.25,1263.5,1272.699951171875,983.3621826171875,2665818
2015-09-11,1273.25,1284.199951171875,1270.300048828125,1276.0,985.9122314453125,1592672
2015-09-14,1282.5,1282.5,1271.5,1275.824951171875,985.776611328125,1589318
2015-09-15,1275.824951171875,1279.449951171875,1268.0,1268.625,980.2133178710938,1379900
2015-09-16,1277.5,1282.5,1270.5250244140625,1275.175048828125,985.2744750976562,1756816
2015-09-18,1282.5,1293.0,1269.5,1275.625,985.62158203125,2455294
2015-09-21,1275.0,1278.550048828125,1266.5999755859375,1275.5250244140625,985.5447998046875,1108840
2015-09-22,1278.75,1286.199951171875,1245.0,1263.4000244140625,976.1763305664062,2081246
2015-09-23,1267.1500244140625,1278.875,1256.300048828125,1266.324951171875,978.436279296875,1228352
2015-09-24,1267.75,1295.0,1264.949951171875,1290.199951171875,996.8837890625,2354254
2015-09-28,1297.0,1309.5,1289.75,1296.8499755859375,1002.0219116210938,2366812
2015-09-29,1291.675048828125,1317.0,1284.925048828125,1294.125,999.9163208007812,3325952
2015-09-30,1321.8499755859375,1321.8499755859375,1285.4749755859375,1294.0250244140625,999.8390502929688,3368336
2015-10-01,1299.5,1324.9749755859375,1296.0999755859375,1322.300048828125,1021.6861572265625,2834408
2015-10-05,1326.3499755859375,1385.0,1326.3499755859375,1355.824951171875,1047.5892333984375,4807306
2015-10-06,1362.5,1363.0,1342.0,1350.0,1043.088623046875,3979590
2015-10-07,1346.9749755859375,1358.5,1323.4749755859375,1326.9749755859375,1025.298095703125,2065530
2015-10-08,1335.0,1339.175048828125,1310.0,1316.9000244140625,1017.5136108398438,2357550
2015-10-09,1325.25,1325.300048828125,1304.0,1314.824951171875,1015.91064453125,2249724
2015-10-12,1327.5,1330.175048828125,1293.5,1296.300048828125,1001.596923828125,2455912
2015-10-13,1301.4000244140625,1306.0,1283.800048828125,1299.2750244140625,1003.8956298828125,6179712
2015-10-14,1274.0,1274.0,1240.0,1241.8499755859375,959.52587890625,8337128
2015-10-15,1245.0,1251.75,1232.5,1233.875,953.363525390625,3215710
2015-10-16,1240.449951171875,1246.0,1235.0,1236.0,955.0055541992188,2333828
2015-10-19,1245.0,1247.4749755859375,1227.925048828125,1244.375,961.476806640625,3130642
2015-10-20,1248.125,1265.0,1247.800048828125,1263.375,976.156982421875,2695084
2015-10-21,1267.5,1271.0,1261.125,1265.0,977.4124755859375,1929688
2015-10-23,1274.0,1274.0,1263.6500244140625,1268.574951171875,982.3102416992188,2335398
2015-10-26,1274.5,1274.5,1257.550048828125,1268.2750244140625,982.0781860351562,1414630
2015-10-27,1265.0250244140625,1272.449951171875,1260.175048828125,1265.550048828125,979.9677124023438,1530420
2015-10-28,1255.0250244140625,1266.7750244140625,1255.0250244140625,1264.550048828125,979.1935424804688,1255342
2015-10-29,1266.7750244140625,1267.699951171875,1245.0250244140625,1247.675048828125,966.1266479492188,3130316
2015-10-30,1250.0,1255.949951171875,1242.5,1247.5999755859375,966.0686645507812,1516696
2015-11-02,1250.0,1261.4000244140625,1243.7750244140625,1258.675048828125,974.6443481445312,1319294
2015-11-03,1264.0,1273.9000244140625,1259.25,1271.7249755859375,984.74951171875,1364906
2015-11-04,1272.5,1273.5999755859375,1260.0,1266.9000244140625,981.0130615234375,991434
2015-11-05,1265.4000244140625,1267.4749755859375,1240.0,1241.324951171875,961.2096557617188,1596098
2015-11-06,1246.0,1259.125,1241.7249755859375,1252.875,970.1532592773438,908024
2015-11-09,1247.5,1251.375,1234.300048828125,1235.675048828125,956.834716796875,2021556
2015-11-10,1236.4749755859375,1238.5,1225.0,1229.074951171875,951.723876953125,1361920
2015-11-13,1219.0250244140625,1219.0250244140625,1193.2750244140625,1198.699951171875,928.2032470703125,2743232
2015-11-16,1195.0,1195.0,1178.0,1187.300048828125,919.375732421875,2043528
2015-11-17,1190.25,1199.2249755859375,1187.5,1195.2750244140625,925.5513305664062,1985028
2015-11-18,1194.449951171875,1194.449951171875,1173.0,1175.7249755859375,910.4130249023438,1520352
2015-11-19,1182.675048828125,1190.800048828125,1176.0,1181.2750244140625,914.7102661132812,1866906
2015-11-20,1183.25,1211.7750244140625,1180.9749755859375,1199.175048828125,928.571044921875,2012126
2015-11-23,1202.6500244140625,1206.699951171875,1191.125,1195.5250244140625,925.7446899414062,1088082
2015-11-24,1190.0250244140625,1196.2249755859375,1182.75,1183.9749755859375,916.8010864257812,998640
2015-11-26,1188.949951171875,1191.199951171875,1168.925048828125,1172.7750244140625,908.1281127929688,2915292
2015-11-27,1174.0,1179.7249755859375,1166.25,1176.675048828125,911.1483154296875,1737206
2015-11-30,1182.5,1195.625,1175.074951171875,1186.7750244140625,918.968994140625,4100048
2015-12-01,1181.449951171875,1189.0250244140625,1178.5250244140625,1180.949951171875,914.4588623046875,1721994
2015-12-02,1189.0,1189.050048828125,1173.25,1182.5999755859375,915.7366333007812,1640296
2015-12-03,1180.0,1186.5,1173.5,1175.375,910.1417236328125,2283358
2015-12-04,1170.0,1173.6500244140625,1160.550048828125,1164.199951171875,901.4879760742188,1246092
2015-12-07,1166.0999755859375,1171.949951171875,1157.625,1159.9000244140625,898.1588745117188,1382604
2015-12-08,1159.699951171875,1174.5,1158.6500244140625,1164.5,901.720703125,1139964
2015-12-09,1168.949951171875,1186.4000244140625,1160.0,1183.824951171875,916.68505859375,5282806
2015-12-10,1184.5,1195.5999755859375,1176.0,1192.2750244140625,923.2282104492188,1723988
2015-12-11,1191.5,1195.9749755859375,1181.625,1193.0,923.7897338867188,1652378
2015-12-14,1167.5999755859375,1193.5,1165.300048828125,1189.2249755859375,920.8663940429688,2718532
2015-12-15,1189.2249755859375,1192.5,1181.5250244140625,1187.925048828125,919.8599243164062,1135868
2015-12-16,1192.0,1207.25,1192.0,1204.199951171875,932.4620971679688,1435934
2015-12-17,1207.5,1222.5,1196.675048828125,1219.875,944.5997924804688,1618844
2015-12-18,1210.0,1217.0999755859375,1200.324951171875,1208.4000244140625,935.7141723632812,3024970
2015-12-21,1209.9749755859375,1225.0,1203.425048828125,1223.199951171875,947.1748046875,1610104
2015-12-22,1220.0,1220.0,1200.0,1202.5250244140625,931.1650390625,1560858
2015-12-23,1207.5,1217.5,1205.2750244140625,1212.9000244140625,939.1990966796875,849834
2015-12-24,1210.5,1219.0999755859375,1202.0,1217.125,942.470703125,843160
2015-12-28,1214.0,1233.199951171875,1210.0999755859375,1231.3499755859375,953.4855346679688,3704198
2015-12-29,1229.175048828125,1232.6500244140625,1222.875,1227.9000244140625,950.8140258789062,1708524
2015-12-30,1226.5250244140625,1229.5,1206.1500244140625,1209.1500244140625,936.2953491210938,1605762
2015-12-31,1207.875,1224.25,1203.75,1218.425048828125,943.4774169921875,1240318
2016-01-01,1219.5,1219.5,1206.125,1208.199951171875,935.559326171875,712262
2016-01-04,1205.074951171875,1207.0,1183.0250244140625,1184.800048828125,917.4400024414062,1870184
2016-01-05,1192.5,1193.300048828125,1170.5,1174.4749755859375,909.4447021484375,2678020
2016-01-06,1175.0999755859375,1193.074951171875,1175.0999755859375,1190.800048828125,922.0858154296875,2653228
2016-01-07,1185.0,1191.449951171875,1180.0,1185.625,918.0789794921875,3199580
2016-01-08,1192.5,1203.675048828125,1186.25,1198.800048828125,928.2807006835938,1907544
2016-01-11,1191.25,1192.0,1174.425048828125,1181.175048828125,914.6329345703125,2930228
2016-01-12,1181.3499755859375,1182.5,1150.800048828125,1163.5250244140625,900.9661254882812,3482594
2016-01-13,1158.5,1163.5,1127.550048828125,1139.5999755859375,882.4398193359375,4746092
2016-01-14,1136.5,1149.449951171875,1125.0,1139.4000244140625,882.2850341796875,2742052
2016-01-15,1144.425048828125,1145.8499755859375,1127.5,1130.550048828125,875.4320678710938,3269408
2016-01-18,1131.0,1145.949951171875,1130.0,1138.824951171875,881.83935546875,2213922
2016-01-19,1138.5,1150.0,1134.1500244140625,1139.6500244140625,882.4784545898438,967910
2016-01-20,1136.9000244140625,1142.5,1121.5,1140.050048828125,882.7880249023438,1615954
2016-01-21,1142.5,1144.949951171875,1122.875,1127.25,874.9871215820312,2675536
2016-01-22,1136.5,1151.0250244140625,1130.0,1147.875,890.9968872070312,1343178
2016-01-25,1150.949951171875,1169.5,1145.75,1152.324951171875,894.4507446289062,1397560
2016-01-27,1151.0,1164.9749755859375,1140.949951171875,1159.875,900.3109130859375,1626986
2016-01-28,1157.75,1174.449951171875,1154.0250244140625,1165.5999755859375,904.7546997070312,3106660
2016-01-29,1179.3499755859375,1200.0,1167.5250244140625,1195.6500244140625,928.0799560546875,2235744
2016-02-01,1195.550048828125,1206.4749755859375,1179.5,1201.3499755859375,932.5045776367188,1495274
2016-02-02,1204.5,1216.5,1189.8499755859375,1199.050048828125,930.71923828125,1475588
2016-02-03,1193.75,1214.949951171875,1180.1500244140625,1208.1500244140625,937.7828979492188,1308692
2016-02-04,1210.949951171875,1220.0,1201.0,1210.0250244140625,939.23828125,1250046
2016-02-05,1204.050048828125,1219.9749755859375,1204.050048828125,1210.9749755859375,939.97607421875,1402996
2016-02-08,1200.0,1206.0250244140625,1173.5,1181.4749755859375,917.0773315429688,1063658
2016-02-09,1166.800048828125,1166.800048828125,1127.800048828125,1140.699951171875,885.4271850585938,2489610
2016-02-10,1137.5,1144.949951171875,1129.050048828125,1134.4000244140625,880.5372314453125,1890732
2016-02-11,1140.0,1144.5,1085.824951171875,1098.9749755859375,853.0397338867188,1962408
2016-02-12,1100.0,1121.699951171875,1082.0,1113.300048828125,864.1591796875,2172568
2016-02-15,1125.0,1153.425048828125,1120.0,1134.574951171875,880.6729125976562,2479712
2016-02-16,1133.0,1141.0,1121.5,1132.7750244140625,879.27587890625,1588702
2016-02-17,1132.5,1139.824951171875,1123.199951171875,1137.7750244140625,883.1570434570312,1585178
2016-02-18,1142.5,1159.875,1139.0,1157.925048828125,898.7977294921875,1529140
2016-02-19,1153.675048828125,1163.5,1152.7249755859375,1159.824951171875,900.2722778320312,879012
2016-02-22,1160.125,1171.5,1152.5,1157.949951171875,898.8169555664062,1324884
2016-02-23,1155.125,1159.949951171875,1128.375,1132.0,878.674072265625,1306852
2016-02-24,1131.2249755859375,1131.2249755859375,1100.5999755859375,1105.4749755859375,858.0851440429688,1659328
2016-02-25,1109.9000244140625,1114.0,1092.824951171875,1106.425048828125,858.822509765625,1830556
2016-02-26,1114.8499755859375,1128.449951171875,1099.800048828125,1105.25,857.9105224609375,1537536
2016-02-29,1118.5,1118.5,1057.5,1088.4000244140625,844.831298828125,2191718
2016-03-01,1096.5,1142.550048828125,1081.0,1138.324951171875,883.5836181640625,1999760
2016-03-02,1152.5,1165.0,1128.125,1159.425048828125,899.961669921875,1527486
2016-03-03,1168.0,1195.5,1150.5,1186.574951171875,921.0359497070312,2648284
2016-03-04,1190.0,1190.0,1174.7750244140625,1178.7750244140625,914.9817504882812,1512966
2016-03-08,1171.050048828125,1183.5,1152.0999755859375,1177.1500244140625,913.7206420898438,1268152
2016-03-09,1170.5,1184.699951171875,1147.574951171875,1178.625,914.8652954101562,2017784
2016-03-10,1178.0250244140625,1179.925048828125,1157.4749755859375,1174.1500244140625,911.3914794921875,1661666
2016-03-11,1170.0,1195.425048828125,1167.5,1182.625,917.97021484375,1530528
2016-03-14,1181.0,1199.0,1170.0,1177.5,913.9921264648438,1636742
2016-03-15,1174.5250244140625,1181.75,1160.050048828125,1164.949951171875,904.25048828125,1623356
2016-03-16,1157.5,1166.0,1153.449951171875,1163.5250244140625,903.1447143554688,1918246
2016-03-17,1167.0,1180.9000244140625,1166.0,1176.0250244140625,912.846923828125,2221088
2016-03-18,1180.0,1215.0,1180.0,1212.925048828125,941.489501953125,3204070
2016-03-21,1213.0,1227.4749755859375,1210.0,1223.125,949.4063720703125,2336982
2016-03-22,1221.0,1242.5,1218.25,1236.550048828125,959.82763671875,1951984
2016-03-23,1243.949951171875,1243.949951171875,1228.6500244140625,1236.9000244140625,960.0989379882812,2278434
2016-03-28,1245.5,1258.574951171875,1230.7750244140625,1236.699951171875,959.9436645507812,3320882
2016-03-29,1239.0,1243.4749755859375,1227.5,1234.699951171875,958.390869140625,1838796
2016-03-30,1235.449951171875,1252.5,1230.0,1244.75,966.192626953125,2136504
2016-03-31,1239.1500244140625,1275.0,1236.074951171875,1260.1500244140625,978.1458740234375,4363964
2016-04-01,1252.5,1260.425048828125,1217.050048828125,1226.949951171875,952.375732421875,3041400
2016-04-04,1228.0,1244.0,1223.5,1235.625,959.1094970703125,1752352
2016-04-05,1235.4000244140625,1242.449951171875,1221.0250244140625,1231.375,955.8101806640625,1491794
2016-04-06,1235.0,1244.5,1229.675048828125,1240.949951171875,963.2427368164062,1763150
2016-04-07,1240.0,1242.3499755859375,1228.5,1235.4000244140625,958.9349365234375,2390942
2016-04-08,1233.0,1236.8499755859375,1213.5,1216.0250244140625,943.8955688476562,1399500
2016-04-11,1216.5,1258.5,1206.5,1253.324951171875,972.8484497070312,2400648
2016-04-12,1249.0,1262.5,1244.050048828125,1259.074951171875,977.311279296875,1303628
2016-04-13,1265.0,1272.5,1256.25,1263.0999755859375,980.4359130859375,1601468
2016-04-18,1226.5,1276.75,1220.0,1259.875,977.9326782226562,7121504
2016-04-20,1267.449951171875,1267.449951171875,1220.0,1225.175048828125,950.9981079101562,6405024
2016-04-21,1225.5,1233.699951171875,1206.0999755859375,1212.199951171875,940.9268798828125,2525724
2016-04-22,1209.5,1217.699951171875,1202.0999755859375,1208.5250244140625,938.0740966796875,1964126
2016-04-25,1201.1500244140625,1228.5250244140625,1201.1500244140625,1225.625,951.3472290039062,2267654
2016-04-26,1224.5,1246.75,1221.0,1244.9000244140625,966.3087768554688,2554368
2016-04-27,1240.0,1257.300048828125,1237.949951171875,1255.550048828125,974.5755615234375,1848670
2016-04-28,1250.6500244140625,1270.0,1249.050048828125,1263.875,981.0372924804688,4992744
2016-04-29,1258.5,1271.0,1255.0,1267.75,984.0453491210938,2372178
2016-05-02,1264.5,1265.0,1250.0,1263.3499755859375,980.6298828125,1116692
2016-05-03,1262.5,1265.0,1236.0,1239.050048828125,961.7680053710938,2153118
2016-05-04,1236.949951171875,1247.0250244140625,1228.5,1239.0,961.7291870117188,1364892
2016-05-05,1239.0,1244.9749755859375,1231.7750244140625,1235.1500244140625,958.740478515625,1246566
2016-05-06,1232.5,1242.1500244140625,1215.5,1236.699951171875,959.9436645507812,885598
2016-05-09,1236.699951171875,1259.0,1228.199951171875,1256.2750244140625,975.13818359375,1821276
2016-05-10,1257.5,1266.9749755859375,1248.0,1261.449951171875,979.1548461914062,1158534
2016-05-11,1250.0,1262.800048828125,1245.0,1259.1500244140625,977.3697509765625,1598716
2016-05-12,1260.2750244140625,1284.949951171875,1260.2750244140625,1283.0999755859375,995.960205078125,1513082
2016-05-13,1282.5,1283.0,1255.074951171875,1261.699951171875,979.3492431640625,1621730
2016-05-16,1269.0,1282.4000244140625,1261.25,1275.574951171875,990.1190795898438,1111526
2016-05-17,1282.0999755859375,1295.625,1276.0,1285.0999755859375,997.5126342773438,1756698
2016-05-18,1282.925048828125,1282.925048828125,1263.0250244140625,1275.550048828125,990.099853515625,1500740
2016-05-19,1277.5,1280.0,1263.050048828125,1278.4749755859375,992.3702392578125,1038792
2016-05-20,1271.1500244140625,1282.9000244140625,1261.4000244140625,1264.6500244140625,981.6388549804688,1230918
2016-05-23,1272.0,1272.949951171875,1240.0999755859375,1245.7249755859375,966.9495239257812,1533016
2016-05-24,1242.0,1244.125,1229.800048828125,1233.8499755859375,957.7315673828125,1339158
2016-05-25,1240.5,1266.4749755859375,1240.5,1263.2249755859375,980.5327758789062,1548678
2016-05-26,1265.0,1282.449951171875,1252.550048828125,1274.3499755859375,989.1685180664062,1943248
2016-05-27,1276.574951171875,1289.925048828125,1275.300048828125,1286.324951171875,998.4635009765625,1104676
2016-05-30,1291.5,1320.9749755859375,1291.0,1318.199951171875,1023.2053833007812,1349464
2016-05-31,1320.0,1323.5,1281.0,1284.699951171875,997.2019653320312,3722608
2016-06-01,1285.5999755859375,1322.5,1285.5,1316.7750244140625,1022.0990600585938,1911942
2016-06-02,1300.0,1327.1500244140625,1300.0,1325.074951171875,1028.5416259765625,1408756
2016-06-03,1325.699951171875,1329.0,1310.25,1314.7750244140625,1020.5468139648438,1554922
2016-06-06,1310.25,1319.5,1301.5999755859375,1306.25,1024.4483642578125,1322026
2016-06-07,1307.0,1319.5,1306.5,1315.574951171875,1031.761474609375,1202194
2016-06-08,1308.625,1314.2750244140625,1302.75,1306.550048828125,1024.68408203125,938266
2016-06-09,1311.199951171875,1311.199951171875,1277.5999755859375,1288.625,1010.625732421875,1562138
2016-06-10,1283.0,1301.625,1276.5999755859375,1277.875,1002.195068359375,1396832
2016-06-13,1270.0,1276.675048828125,1259.0,1273.5,998.7635498046875,1029978
2016-06-14,1279.4749755859375,1279.4749755859375,1259.125,1267.425048828125,993.9993286132812,977570
2016-06-15,1265.0,1282.449951171875,1261.0,1278.425048828125,1002.6258544921875,1270844
2016-06-16,1272.7750244140625,1282.3499755859375,1258.2249755859375,1279.1500244140625,1003.1953125,1145070
2016-06-17,1279.5,1305.0,1279.5,1301.300048828125,1020.5664672851562,1878988
2016-06-20,1301.300048828125,1334.0,1295.9000244140625,1329.6500244140625,1042.7998046875,1872838
2016-06-21,1331.75,1332.5,1320.699951171875,1325.5999755859375,1039.624267578125,1027690
2016-06-22,1325.0,1338.8499755859375,1315.875,1333.824951171875,1046.074462890625,1761712
2016-06-23,1327.5,1329.75,1312.6500244140625,1322.675048828125,1037.329833984375,1397014
2016-06-24,1282.574951171875,1296.5999755859375,1257.074951171875,1286.9749755859375,1009.3314208984375,3766586
2016-06-27,1273.5,1273.5,1241.324951171875,1247.925048828125,978.7059326171875,4272566
2016-06-28,1247.925048828125,1251.449951171875,1229.199951171875,1231.9749755859375,966.1967163085938,4499524
2016-06-29,1237.5,1256.25,1232.6500244140625,1251.449951171875,981.4701538085938,2531264
2016-06-30,1261.0,1281.449951171875,1250.175048828125,1276.550048828125,1001.1555786132812,5121812
2016-07-01,1281.0,1282.300048828125,1247.175048828125,1250.425048828125,980.6666870117188,2197296
2016-07-04,1258.0,1262.925048828125,1241.0,1247.0999755859375,978.0591430664062,1883484
2016-07-05,1247.0999755859375,1248.5250244140625,1238.574951171875,1242.6500244140625,974.5691528320312,1559748
2016-07-07,1243.8499755859375,1245.925048828125,1212.5,1214.9000244140625,952.8056030273438,3316800
2016-07-08,1217.5,1221.0250244140625,1201.75,1213.300048828125,951.551025390625,2456356
2016-07-11,1215.0,1235.9000244140625,1213.5,1232.074951171875,966.2752685546875,1543632
2016-07-12,1235.8499755859375,1237.5,1217.925048828125,1232.4749755859375,966.5888671875,1465536
2016-07-13,1239.0,1249.625,1225.625,1246.550048828125,977.6277465820312,2102300
2016-07-14,1243.0,1264.5,1235.5,1260.949951171875,988.9213256835938,2699988
2016-07-15,1258.5,1263.9000244140625,1213.2750244140625,1222.675048828125,958.9035034179688,8336366
2016-07-18,1223.5,1234.5,1215.300048828125,1216.7249755859375,954.23681640625,2598850
2016-07-19,1213.75,1236.4000244140625,1213.75,1233.0999755859375,967.0791625976562,2362896
2016-07-20,1225.0,1251.25,1224.074951171875,1247.4749755859375,978.35302734375,2815252
2016-07-21,1244.75,1259.75,1232.2249755859375,1253.0250244140625,982.7062377929688,2527148
2016-07-22,1249.449951171875,1262.0,1246.0,1257.550048828125,986.254638671875,1517216
2016-07-25,1256.0,1281.5999755859375,1252.9000244140625,1279.4749755859375,1006.0498657226562,1688796
2016-07-26,1279.4749755859375,1284.0,1266.5,1276.300048828125,1003.5532836914062,2311290
2016-07-27,1277.5,1290.199951171875,1272.5,1288.7750244140625,1013.3621215820312,1750510
2016-07-28,1290.25,1314.7750244140625,1288.5250244140625,1309.625,1029.756591796875,4632080
2016-07-29,1307.0,1317.449951171875,1299.5,1309.6500244140625,1029.7762451171875,2488084
2016-08-01,1316.0,1362.5,1316.0,1354.125,1064.7469482421875,3961704
2016-08-02,1351.449951171875,1357.8499755859375,1344.9000244140625,1349.5999755859375,1061.188720703125,2578162
2016-08-03,1343.0,1349.5,1324.5250244140625,1328.1500244140625,1044.322998046875,2294702
2016-08-04,1335.0,1341.4749755859375,1318.125,1326.0,1042.632568359375,1415416
2016-08-05,1336.949951171875,1342.1500244140625,1316.0,1324.550048828125,1041.4921875,1868484
2016-08-08,1320.0,1334.0,1314.5250244140625,1324.75,1041.6494140625,2058244
2016-08-09,1329.0,1329.9000244140625,1289.425048828125,1325.0999755859375,1041.9246826171875,2261914
2016-08-10,1325.5,1341.0,1324.0,1337.699951171875,1051.8319091796875,2062078
2016-08-11,1332.7750244140625,1357.5,1332.7750244140625,1354.949951171875,1065.395751953125,2233138
2016-08-12,1352.5,1372.4000244140625,1351.0250244140625,1369.2249755859375,1076.6204833984375,2327358
2016-08-16,1369.0,1370.0,1336.925048828125,1345.8499755859375,1058.240234375,3183754
2016-08-17,1349.5,1349.5,1309.0,1312.2750244140625,1031.840576171875,1848566
2016-08-18,1317.5,1328.7750244140625,1315.050048828125,1319.2750244140625,1037.3446044921875,1292064
2016-08-19,1320.0,1323.2249755859375,1300.0,1301.75,1023.5645751953125,2416244
2016-08-22,1294.0,1297.2249755859375,1268.1500244140625,1274.3499755859375,1002.0200805664062,2265274
2016-08-23,1272.4749755859375,1302.4749755859375,1270.0999755859375,1300.5250244140625,1022.6016235351562,1503374
2016-08-24,1294.9000244140625,1301.0,1284.5250244140625,1286.0250244140625,1011.1998901367188,1116878
2016-08-25,1290.0,1294.8499755859375,1263.0,1275.5250244140625,1002.944091796875,1939690
2016-08-26,1279.9000244140625,1286.2750244140625,1258.5999755859375,1262.4749755859375,992.6826782226562,1250314
2016-08-29,1267.4749755859375,1267.4749755859375,1233.375,1250.2750244140625,983.0900268554688,1488728
2016-08-30,1255.0,1274.9000244140625,1250.625,1272.074951171875,1000.2308959960938,1444026
2016-08-31,1275.0,1275.0,1250.425048828125,1255.6500244140625,987.316162109375,3231668
2016-09-01,1262.449951171875,1267.4749755859375,1243.5250244140625,1253.75,985.822021484375,1345736
2016-09-02,1256.0,1259.699951171875,1248.0250244140625,1257.4000244140625,988.6918334960938,1742330
2016-09-06,1259.949951171875,1260.074951171875,1240.0,1242.0250244140625,976.602783203125,2239066
2016-09-07,1249.8499755859375,1249.8499755859375,1211.5,1220.2750244140625,959.5009155273438,3854040
2016-09-08,1180.0,1180.0,1142.375,1161.050048828125,912.9324340820312,7021516
2016-09-09,1164.8499755859375,1183.324951171875,1160.0250244140625,1176.2249755859375,924.8646850585938,2742438
2016-09-12,1168.5,1181.9749755859375,1162.0,1179.5250244140625,927.4592895507812,2024454
2016-09-14,1181.0,1188.800048828125,1155.0,1164.2249755859375,915.428955078125,2069858
2016-09-15,1169.9749755859375,1171.050048828125,1158.375,1163.4749755859375,914.8391723632812,2818964
2016-09-16,1168.3499755859375,1188.0,1160.0,1180.8499755859375,928.5006713867188,4358004
2016-09-19,1182.5,1213.5,1175.0,1205.7249755859375,948.0603637695312,2802546
2016-09-20,1205.5,1208.449951171875,1192.699951171875,1203.25,946.1141357421875,1184552
2016-09-21,1203.8499755859375,1212.0,1200.3499755859375,1206.699951171875,948.82666015625,1678020
2016-09-22,1212.625,1214.0,1185.550048828125,1189.0,934.9091796875,2857574
2016-09-23,1191.0,1201.925048828125,1185.574951171875,1199.050048828125,942.8116455078125,1800726
2016-09-26,1200.550048828125,1209.550048828125,1197.5,1200.550048828125,943.9910888671875,1753476
2016-09-27,1200.550048828125,1224.0,1200.550048828125,1218.050048828125,957.7512817382812,2038792
2016-09-28,1215.5,1218.75,1207.5999755859375,1211.5250244140625,952.620849609375,1731328
2016-09-29,1217.5,1228.25,1209.800048828125,1218.9000244140625,958.4194946289062,3603958
2016-09-30,1218.5250244140625,1224.9000244140625,1211.550048828125,1215.4000244140625,955.6678466796875,2175364
2016-10-03,1225.0,1228.824951171875,1200.550048828125,1205.8499755859375,948.15869140625,1818880
2016-10-04,1210.0,1212.5250244140625,1199.0,1202.574951171875,945.5831298828125,1780718
2016-10-05,1204.0,1207.699951171875,1188.050048828125,1193.175048828125,938.192138671875,1176354
2016-10-06,1197.5,1201.199951171875,1186.375,1194.375,939.1355590820312,2267572
2016-10-07,1194.0,1194.0,1179.0999755859375,1183.9000244140625,930.8992919921875,1816512
2016-10-10,1184.949951171875,1193.449951171875,1177.5250244140625,1190.1500244140625,935.8139038085938,1202142
2016-10-13,1181.6500244140625,1184.949951171875,1160.449951171875,1164.449951171875,915.6056518554688,5173334
2016-10-14,1157.5,1193.5,1145.5,1183.0999755859375,930.2702026367188,7741214
2016-10-17,1184.449951171875,1187.9000244140625,1172.199951171875,1181.2249755859375,928.7955932617188,2728346
2016-10-18,1188.0,1207.8499755859375,1177.4000244140625,1200.0999755859375,943.6373291015625,2128632
2016-10-19,1200.5,1205.0,1185.1500244140625,1197.550048828125,941.63232421875,1985058
2016-10-20,1198.449951171875,1204.675048828125,1193.0,1200.574951171875,944.0104370117188,1265854
2016-10-21,1200.0,1215.949951171875,1199.125,1214.324951171875,954.8223876953125,1259660
2016-10-24,1214.0999755859375,1217.449951171875,1201.2750244140625,1213.8499755859375,957.0100708007812,1253190
2016-10-25,1202.5,1207.300048828125,1190.5,1199.2249755859375,945.4797973632812,1772466
2016-10-26,1199.300048828125,1201.375,1186.25,1198.125,944.6126098632812,1437130
2016-10-27,1189.8499755859375,1214.75,1182.75,1209.050048828125,953.2258911132812,2941602
2016-10-28,1205.0,1207.550048828125,1194.0,1199.3499755859375,945.578125,1752102
2016-11-01,1199.8499755859375,1199.8499755859375,1167.074951171875,1175.0,926.3807983398438,2934776
2016-11-02,1170.5,1172.0,1147.5,1152.0250244140625,908.2667846679688,2325076
2016-11-03,1147.0,1167.5,1142.25,1159.7249755859375,914.33740234375,1463310
2016-11-04,1160.0,1168.074951171875,1147.0,1165.2750244140625,918.713134765625,1183752
2016-11-07,1168.949951171875,1172.449951171875,1130.0250244140625,1138.5250244140625,897.6234130859375,2048052
2016-11-08,1140.2249755859375,1153.5,1130.0,1141.5999755859375,900.0478515625,1933634
2016-11-09,1090.0,1137.5,1071.425048828125,1084.925048828125,855.3645629882812,4500226
2016-11-10,1102.4000244140625,1108.75,1070.4000244140625,1077.7249755859375,849.6875610351562,2172426
2016-11-11,1073.5250244140625,1073.5250244140625,1043.0999755859375,1050.574951171875,828.2825927734375,2398424
2016-11-15,1058.449951171875,1078.7750244140625,1025.949951171875,1060.6500244140625,836.2260131835938,6290324
2016-11-16,1072.550048828125,1104.449951171875,1069.0,1094.800048828125,863.1504516601562,4019958
2016-11-17,1092.5,1104.300048828125,1065.074951171875,1068.5999755859375,842.4937744140625,2504688
2016-11-18,1071.0,1075.0,1052.0999755859375,1062.550048828125,837.7239990234375,2140534
2016-11-21,1063.0999755859375,1070.0,1052.5,1066.449951171875,840.7988891601562,1793366
2016-11-22,1066.0,1088.7249755859375,1061.0250244140625,1067.5,841.62646484375,1318860
2016-11-23,1074.5,1081.4749755859375,1063.5999755859375,1078.175048828125,850.0428466796875,1275808
2016-11-24,1077.449951171875,1103.800048828125,1068.5,1094.2249755859375,862.6967163085938,3026234
2016-11-25,1106.0,1153.625,1096.0999755859375,1150.175048828125,906.80810546875,4276148
2016-11-28,1147.0,1159.7249755859375,1125.949951171875,1141.300048828125,899.8111572265625,1924296
2016-11-29,1137.5,1146.0,1126.2750244140625,1129.925048828125,890.8428955078125,1442296
2016-11-30,1132.5,1147.375,1121.1500244140625,1138.0250244140625,897.2291259765625,3445832
2016-12-01,1138.5,1145.0,1127.0250244140625,1131.7249755859375,892.2623291015625,1123052
2016-12-02,1129.0,1135.4000244140625,1102.5999755859375,1110.925048828125,875.863037109375,1998032
2016-12-05,1114.5,1118.925048828125,1085.0,1093.0,861.73095703125,2249526
2016-12-06,1095.0,1101.9749755859375,1084.949951171875,1091.175048828125,860.2921752929688,1593444
2016-12-07,1091.0999755859375,1092.2249755859375,1072.824951171875,1077.2750244140625,849.3330078125,2065706
2016-12-08,1080.25,1099.5,1080.0,1097.875,865.574462890625,3239546
2016-12-09,1102.5,1109.949951171875,1086.6500244140625,1097.625,865.3771362304688,1588718
2016-12-12,1097.4000244140625,1108.800048828125,1081.5,1104.0999755859375,870.482177734375,1311758
2016-12-13,1109.0,1109.0,1091.5,1100.1500244140625,867.3679809570312,2147534
2016-12-14,1107.0,1112.3499755859375,1094.5,1103.800048828125,870.2457885742188,1870366
2016-12-15,1101.0,1136.050048828125,1101.0,1129.6500244140625,890.6260986328125,4295410
2016-12-16,1138.5,1145.0,1126.0,1141.324951171875,899.8306274414062,1987230
2016-12-19,1140.0,1148.8499755859375,1130.6500244140625,1144.449951171875,902.2945556640625,1334210
2016-12-20,1146.0,1172.5,1143.5250244140625,1169.6500244140625,922.1627197265625,2922760
2016-12-21,1171.9000244140625,1171.9000244140625,1152.800048828125,1156.800048828125,912.0311889648438,2034902
2016-12-22,1153.0,1162.5,1143.0999755859375,1153.8499755859375,909.705810546875,1868300
2016-12-23,1150.0,1158.875,1139.4000244140625,1144.050048828125,901.9788818359375,1118954
2016-12-26,1133.0,1150.800048828125,1133.0,1146.550048828125,903.9500122070312,897408
2016-12-27,1140.75,1165.0,1140.75,1161.699951171875,915.8944702148438,1294692
2016-12-28,1163.3499755859375,1174.949951171875,1151.574951171875,1156.699951171875,911.9524536132812,1350418
2016-12-29,1151.5,1179.949951171875,1151.5,1175.8499755859375,927.050537109375,1963516
2016-12-30,1177.449951171875,1189.300048828125,1172.824951171875,1182.7750244140625,932.5101928710938,1405748
2017-01-02,1183.300048828125,1187.550048828125,1176.199951171875,1180.675048828125,930.8548583984375,823132
2017-01-03,1180.625,1185.8499755859375,1171.6500244140625,1184.125,933.5745849609375,1475324
2017-01-04,1184.8499755859375,1194.425048828125,1179.1500244140625,1189.75,938.0096435546875,1420066
2017-01-05,1192.0,1194.9749755859375,1160.199951171875,1167.199951171875,920.2305297851562,2216404
2017-01-06,1160.5,1164.675048828125,1128.550048828125,1140.699951171875,899.3381958007812,3009896
2017-01-09,1137.5,1155.6500244140625,1128.5,1151.8499755859375,908.1289672851562,1854578
2017-01-10,1152.0,1164.9000244140625,1145.75,1157.675048828125,912.72119140625,1533914
2017-01-11,1157.5,1164.800048828125,1140.0999755859375,1162.199951171875,916.2888793945312,1931296
2017-01-12,1162.199951171875,1180.0,1152.0,1172.175048828125,924.1531982421875,2570374
2017-01-13,1174.0,1178.9749755859375,1118.925048828125,1124.6500244140625,886.6839599609375,10235580
2017-01-16,1125.0,1136.949951171875,1114.0,1129.2750244140625,890.3304443359375,3364808
2017-01-17,1127.449951171875,1143.9000244140625,1126.4000244140625,1139.375,898.29345703125,3009956
2017-01-18,1139.0,1149.0,1132.7249755859375,1147.550048828125,904.7384643554688,3136574
2017-01-19,1147.5,1147.574951171875,1141.4749755859375,1145.5,903.1224365234375,2251676
2017-01-20,1143.5,1150.0,1132.5,1142.675048828125,900.8952026367188,2037246
2017-01-23,1132.5,1156.75,1129.9000244140625,1153.3499755859375,911.9050903320312,2318546
2017-01-24,1152.0,1161.5,1145.0,1159.175048828125,916.5107421875,2282638
2017-01-25,1161.300048828125,1180.0,1159.0250244140625,1176.5,930.208740234375,4111648
2017-01-27,1172.5250244140625,1189.375,1172.5250244140625,1178.9000244140625,932.1062622070312,2871658
2017-01-30,1170.5,1175.9749755859375,1159.074951171875,1166.449951171875,922.2627563476562,2577956
2017-01-31,1160.0,1166.0250244140625,1100.0250244140625,1114.9000244140625,881.5042724609375,4666804
2017-02-01,1110.0,1119.9749755859375,1077.7750244140625,1083.949951171875,857.0335693359375,4864152
2017-02-02,1085.0250244140625,1109.5,1076.5,1103.824951171875,872.7476196289062,6009482
2017-02-03,1104.8499755859375,1121.5,1095.5,1116.2750244140625,882.5916748046875,2153372
2017-02-06,1129.0,1129.25,1107.4749755859375,1120.375,885.8333740234375,2408910
2017-02-07,1122.0,1126.300048828125,1113.0,1122.300048828125,887.3551025390625,1814638
2017-02-08,1122.449951171875,1141.300048828125,1122.0250244140625,1135.4749755859375,897.7719116210938,2212584
2017-02-09,1137.5,1164.0,1135.0999755859375,1158.6500244140625,916.095458984375,4033202
2017-02-10,1155.5,1212.2249755859375,1155.5,1198.9749755859375,947.9786987304688,5782160
2017-02-13,1198.0,1214.5,1191.175048828125,1207.125,954.422607421875,3819812
2017-02-14,1209.824951171875,1209.824951171875,1199.0,1203.125,951.2599487304688,2033328
2017-02-15,1198.5,1214.0,1187.550048828125,1206.8499755859375,954.2054443359375,1924972
2017-02-16,1230.0,1239.0,1217.800048828125,1223.875,967.6661376953125,4175680
2017-02-17,1236.0,1237.800048828125,1201.0,1203.949951171875,951.9124145507812,2723324
2017-02-20,1212.5,1277.5,1204.050048828125,1251.0999755859375,989.191650390625,3973948
2017-02-21,1257.0,1262.949951171875,1227.574951171875,1232.675048828125,974.623779296875,5501112
2017-02-22,1232.949951171875,1235.0,1200.074951171875,1205.75,953.3353271484375,4505496
2017-02-23,1207.5,1246.625,1207.5,1240.9000244140625,981.1273193359375,4853352
2017-02-27,1239.550048828125,1251.0,1235.0250244140625,1244.925048828125,984.3094482421875,2139892
2017-02-28,1244.75,1245.0,1225.0,1233.125,974.9799194335938,2354828
2017-03-01,1239.949951171875,1250.949951171875,1235.0,1239.7750244140625,980.2377319335938,1130374
2017-03-02,1243.3499755859375,1255.0,1235.0250244140625,1250.7249755859375,988.8958129882812,1544942
2017-03-03,1246.0,1249.8499755859375,1237.699951171875,1247.0250244140625,985.9700317382812,1013970
2017-03-06,1240.0,1242.0,1227.2750244140625,1236.25,977.4507446289062,1400694
2017-03-07,1241.449951171875,1252.5,1237.5250244140625,1249.9000244140625,988.2433471679688,1511672
2017-03-08,1251.0,1260.0,1246.0999755859375,1256.0999755859375,993.1454467773438,1791510
2017-03-09,1257.074951171875,1262.0,1252.0250244140625,1259.875,996.1297607421875,858468
2017-03-10,1259.800048828125,1274.7750244140625,1256.9749755859375,1271.125,1005.025146484375,1171420
2017-03-14,1278.4000244140625,1293.574951171875,1275.5250244140625,1283.75,1015.0070190429688,3402294
2017-03-15,1286.0,1286.074951171875,1246.925048828125,1249.1500244140625,987.6497192382812,3022496
2017-03-16,1253.0,1263.5,1253.0,1260.449951171875,996.58447265625,1571818
2017-03-17,1273.0,1273.0,1254.875,1262.875,998.5020751953125,2593152
2017-03-20,1262.9749755859375,1262.9749755859375,1233.0,1240.0,980.41552734375,3487540
2017-03-21,1241.0,1246.0,1232.5,1243.3499755859375,983.0640258789062,3373700
2017-03-22,1240.074951171875,1248.0,1234.9749755859375,1239.4749755859375,980.0006713867188,1888716
2017-03-23,1241.0,1242.5250244140625,1223.5999755859375,1230.175048828125,972.6474609375,2620638
2017-03-24,1234.9000244140625,1234.9000244140625,1211.6500244140625,1213.5999755859375,959.5419311523438,5099814
2017-03-27,1213.4749755859375,1220.0,1203.0,1206.0250244140625,953.5532836914062,2181270
2017-03-28,1205.0,1221.699951171875,1205.0,1214.9749755859375,960.629150390625,1153158
2017-03-29,1218.0,1225.4000244140625,1212.800048828125,1222.300048828125,966.420654296875,1717764
2017-03-30,1222.449951171875,1232.5,1217.5,1220.5,964.9978637695312,2986086
2017-03-31,1219.199951171875,1220.425048828125,1207.5,1215.9000244140625,961.3607177734375,1867044
2017-04-03,1217.5,1217.5,1204.0999755859375,1205.8499755859375,953.4147338867188,1196888
2017-04-05,1209.949951171875,1209.949951171875,1197.5,1200.625,949.2835083007812,2905568
2017-04-06,1200.0,1205.0,1196.2750244140625,1200.0250244140625,948.8092041015625,1720704
2017-04-07,1197.449951171875,1216.625,1196.074951171875,1214.5250244140625,960.2735595703125,2277012
2017-04-10,1216.0,1224.5,1202.5,1211.125,957.5850830078125,2543264
2017-04-11,1208.6500244140625,1221.550048828125,1203.0,1209.6500244140625,956.419189453125,1557784
2017-04-12,1211.25,1214.0,1191.5,1196.625,946.1210327148438,1050538
2017-04-13,1200.0,1204.5,1160.5250244140625,1164.324951171875,920.5826416015625,2500472
2017-04-17,1165.199951171875,1166.449951171875,1147.574951171875,1157.425048828125,915.1270751953125,2270882
2017-04-18,1165.0,1167.0999755859375,1151.0250244140625,1154.4000244140625,912.7354736328125,1730620
2017-04-19,1131.75,1174.3499755859375,1126.4000244140625,1149.574951171875,908.9204711914062,5626812
2017-04-20,1152.6500244140625,1166.0,1145.4749755859375,1162.75,919.3372192382812,1268842
2017-04-21,1164.550048828125,1167.824951171875,1150.5,1155.4000244140625,913.5260009765625,1161154
2017-04-24,1150.0,1169.824951171875,1141.25,1164.050048828125,920.3651733398438,2000020
2017-04-25,1164.0,1172.2249755859375,1151.3499755859375,1155.75,913.8026733398438,3148710
2017-04-26,1170.0,1171.9749755859375,1151.5250244140625,1155.175048828125,913.3482666015625,2187438
2017-04-27,1153.0250244140625,1163.9000244140625,1138.824951171875,1151.324951171875,910.3040161132812,5773186
2017-04-28,1147.0,1149.375,1134.0,1136.574951171875,898.6417846679688,2540510
2017-05-02,1147.0,1151.0,1140.0,1144.949951171875,905.2633056640625,2382696
2017-05-03,1147.5,1172.5,1134.25,1168.6500244140625,924.0018920898438,3514406
2017-05-04,1174.9749755859375,1175.0,1154.4000244140625,1165.050048828125,921.1555786132812,2708208
2017-05-05,1154.0,1166.25,1151.25,1160.25,917.360595703125,1682474
2017-05-08,1160.5,1173.699951171875,1158.8499755859375,1171.2249755859375,926.0381469726562,1071782
2017-05-09,1171.9749755859375,1180.5,1166.2750244140625,1176.2750244140625,930.0310668945312,1790270
2017-05-10,1177.5,1178.074951171875,1158.0,1166.2249755859375,922.0845336914062,1206388
2017-05-11,1173.6500244140625,1180.0,1161.375,1174.7249755859375,928.8049926757812,2071302
2017-05-12,1171.6500244140625,1184.949951171875,1160.0250244140625,1180.324951171875,933.233154296875,2314446
2017-05-15,1187.550048828125,1188.9749755859375,1170.800048828125,1182.550048828125,934.9921875,1817604
2017-05-16,1190.0,1217.5,1186.7249755859375,1214.574951171875,960.3129272460938,3601026
2017-05-17,1216.75,1230.375,1211.5,1227.675048828125,970.6707763671875,2876198
2017-05-18,1225.0,1286.0,1221.125,1268.0999755859375,1002.633056640625,5138594
2017-05-19,1268.0999755859375,1270.2750244140625,1243.0,1253.574951171875,991.1486206054688,1786044
2017-05-22,1255.0,1276.875,1255.0,1265.675048828125,1000.7158813476562,1663940
2017-05-23,1266.5999755859375,1282.074951171875,1257.0,1260.8499755859375,996.9005737304688,2748596
2017-05-24,1267.4000244140625,1285.0,1264.824951171875,1279.574951171875,1011.70556640625,2534548
2017-05-25,1288.5,1318.7750244140625,1284.0,1312.300048828125,1037.5804443359375,4094094
2017-05-26,1312.5,1313.425048828125,1282.324951171875,1289.125,1019.2564086914062,1362550
2017-05-29,1289.5,1298.25,1282.0,1286.425048828125,1017.1220092773438,1749290
2017-05-30,1280.0,1287.9749755859375,1262.5,1275.550048828125,1008.5238037109375,927634
2017-05-31,1266.5,1286.25,1264.0,1273.300048828125,1006.7445068359375,2502730
2017-06-01,1265.0,1282.0,1265.0,1276.800048828125,1009.5115966796875,1080064
2017-06-02,1278.125,1295.925048828125,1276.25,1282.449951171875,1013.9788208007812,1355648
2017-06-05,1282.5,1309.949951171875,1280.074951171875,1301.9749755859375,1029.4169921875,1500188
2017-06-06,1315.5,1354.4749755859375,1315.0,1348.0,1065.806396484375,5946720
2017-06-07,1348.5,1350.0,1288.2750244140625,1307.625,1033.883544921875,4927776
2017-06-08,1299.0,1302.4749755859375,1257.75,1260.800048828125,996.8612670898438,3330714
2017-06-09,1260.0,1273.699951171875,1243.0,1253.5,991.0894165039062,3148034
2017-06-12,1248.5,1256.449951171875,1235.199951171875,1243.5999755859375,983.2619018554688,1626506
2017-06-13,1232.5,1240.550048828125,1223.5,1225.7750244140625,980.0039672851562,1175414
2017-06-14,1227.5,1238.0,1227.5,1235.0999755859375,987.4593505859375,1489142
2017-06-15,1234.5,1234.8499755859375,1202.5,1205.5999755859375,963.8740234375,2997198
2017-06-16,1207.4749755859375,1217.5,1193.25,1199.8499755859375,959.2767333984375,2450426
2017-06-19,1208.449951171875,1223.175048828125,1202.574951171875,1215.8499755859375,972.0685424804688,1644742
2017-06-20,1215.5,1224.5,1190.1500244140625,1222.5,977.3856201171875,1670958
2017-06-21,1220.0,1221.074951171875,1198.5999755859375,1203.1500244140625,961.9154052734375,1657818
2017-06-22,1204.5,1215.5,1192.5,1197.425048828125,957.3385009765625,5775882
2017-06-23,1199.699951171875,1206.9749755859375,1177.0,1180.8499755859375,944.086669921875,1424756
2017-06-27,1175.300048828125,1192.3499755859375,1165.800048828125,1171.425048828125,936.5514526367188,1974330
2017-06-28,1174.949951171875,1179.0,1167.5,1175.0250244140625,939.4293823242188,1789726
2017-06-29,1179.5,1186.0250244140625,1161.550048828125,1166.625,932.7135009765625,2471826
2017-06-30,1162.199951171875,1188.5,1161.550048828125,1181.175048828125,944.34619140625,1753848
2017-07-03,1178.699951171875,1191.5250244140625,1171.550048828125,1186.800048828125,948.8436279296875,1475956
2017-07-04,1186.6500244140625,1190.2249755859375,1175.0250244140625,1183.425048828125,946.145263671875,1215134
2017-07-05,1180.4000244140625,1182.5,1172.5,1178.0,941.807861328125,815856
2017-07-06,1179.5,1180.949951171875,1170.050048828125,1173.7750244140625,938.4302368164062,1026788
2017-07-07,1175.0,1178.2249755859375,1162.75,1165.9749755859375,932.1941528320312,1232090
2017-07-10,1203.0,1222.449951171875,1189.4749755859375,1217.4749755859375,973.3681030273438,783608
2017-07-11,1213.0,1257.4000244140625,1213.0,1237.9000244140625,989.6981201171875,3537504
2017-07-12,1241.25,1241.6500244140625,1215.050048828125,1219.7249755859375,975.1668090820312,2646450
2017-07-13,1222.5,1236.0,1213.300048828125,1223.199951171875,977.9452514648438,3131960
2017-07-14,1191.5,1212.5,1187.5,1198.7249755859375,958.3778686523438,4508432
2017-07-17,1198.8499755859375,1211.050048828125,1191.0999755859375,1197.7249755859375,957.5782470703125,2211822
2017-07-18,1198.074951171875,1221.5,1198.074951171875,1204.175048828125,962.7348022460938,1908002
2017-07-19,1207.75,1230.0,1207.550048828125,1224.800048828125,979.224609375,3915576
2017-07-20,1224.625,1228.449951171875,1215.25,1222.3499755859375,977.2655029296875,1182504
2017-07-21,1217.449951171875,1250.0,1217.2750244140625,1245.5999755859375,995.8538818359375,2148416
2017-07-24,1241.0,1270.0,1241.0,1265.3499755859375,1014.4945068359375,2271402
2017-07-25,1262.875,1290.0,1259.199951171875,1285.75,1030.8502197265625,2678832
2017-07-26,1280.0,1287.5,1273.5,1278.0,1024.636962890625,1459826
2017-07-27,1271.0999755859375,1292.4000244140625,1233.25,1240.8499755859375,994.8517456054688,4255304
2017-07-28,1240.5,1246.5250244140625,1221.0,1242.1500244140625,995.8941040039062,1382752
2017-07-31,1235.5,1259.5,1231.5,1245.9000244140625,998.9009399414062,2019662
2017-08-01,1250.0,1260.375,1245.5,1250.824951171875,1002.8492431640625,1747460
2017-08-02,1250.0,1254.0,1231.0,1236.9000244140625,991.68505859375,1251024
2017-08-03,1240.0,1251.0,1233.2249755859375,1244.7249755859375,997.9589233398438,1882548
2017-08-04,1245.4000244140625,1264.1500244140625,1244.0,1261.4000244140625,1011.3279418945312,1387890
2017-08-07,1258.25,1260.0,1240.5999755859375,1251.7249755859375,1003.5708618164062,1885520
2017-08-08,1256.0,1264.300048828125,1248.1500244140625,1251.5250244140625,1003.4107055664062,1073958
2017-08-09,1250.0,1261.425048828125,1246.6500244140625,1256.0,1006.998291015625,992946
2017-08-10,1254.5,1260.300048828125,1243.175048828125,1255.7249755859375,1006.77783203125,1526172
2017-08-11,1249.949951171875,1267.5,1241.5,1248.0250244140625,1000.604248046875,1394736
2017-08-14,1251.5,1254.949951171875,1231.5,1234.699951171875,989.9207153320312,786504
2017-08-16,1242.0,1271.9000244140625,1232.5999755859375,1246.175048828125,999.1211547851562,1373340
2017-08-17,1250.3499755859375,1252.5,1231.050048828125,1242.824951171875,996.43505859375,1752374
2017-08-18,1237.0,1274.949951171875,1235.699951171875,1256.9000244140625,1007.7198486328125,2837356
2017-08-21,1252.75,1274.5,1247.1500244140625,1264.4000244140625,1013.7330932617188,2304834
2017-08-22,1261.5,1269.75,1246.0,1248.7750244140625,1001.20556640625,1131326
2017-08-23,1252.5,1258.4000244140625,1236.574951171875,1244.7249755859375,997.9589233398438,1562272
2017-08-24,1248.8499755859375,1258.9749755859375,1243.074951171875,1248.300048828125,1000.8251342773438,1623908
2017-08-28,1252.300048828125,1252.699951171875,1230.5,1243.6500244140625,997.0968627929688,2036796
2017-08-29,1241.0,1248.0,1231.9749755859375,1235.425048828125,990.5025634765625,1312602
2017-08-30,1240.5,1245.0,1230.050048828125,1242.2750244140625,995.9942626953125,970782
2017-08-31,1242.5,1252.199951171875,1233.324951171875,1248.175048828125,1000.7246704101562,1784664
2017-09-01,1240.0,1249.0250244140625,1218.2750244140625,1228.2249755859375,984.729736328125,1702330
2017-09-04,1226.550048828125,1230.5,1219.0,1228.0999755859375,984.6294555664062,1062544
2017-09-05,1230.0,1245.0,1218.5250244140625,1242.175048828125,995.9142456054688,1165994
2017-09-06,1234.074951171875,1237.425048828125,1225.0,1226.5999755859375,983.4270629882812,1228764
2017-09-07,1229.0,1234.199951171875,1225.5250244140625,1230.050048828125,986.1929931640625,870636
2017-09-08,1226.875,1237.0,1226.2750244140625,1235.300048828125,990.4021606445312,1021134
2017-09-11,1235.5999755859375,1241.4749755859375,1225.0,1227.2249755859375,983.927734375,732764
2017-09-12,1236.949951171875,1248.5,1228.5,1244.2249755859375,997.5578002929688,1396460
2017-09-13,1250.0,1265.824951171875,1237.5999755859375,1244.5999755859375,997.858642578125,1278980
2017-09-14,1241.0,1248.800048828125,1235.949951171875,1243.4749755859375,996.9563598632812,1081510
2017-09-15,1249.5,1258.5,1242.5,1253.0250244140625,1004.613037109375,2944072
2017-09-18,1252.4749755859375,1259.4749755859375,1244.625,1249.5250244140625,1001.8071899414062,726600
2017-09-19,1252.5,1252.5,1245.75,1249.125,1001.4863891601562,782754
2017-09-20,1257.0,1257.0,1237.1500244140625,1246.7750244140625,999.6021728515625,1334642
2017-09-21,1245.5250244140625,1270.5,1240.0,1262.449951171875,1012.169677734375,2438740
2017-09-22,1259.949951171875,1263.449951171875,1246.0,1251.800048828125,1003.631103515625,2435396
2017-09-25,1248.2750244140625,1267.0,1246.375,1255.375,1006.497314453125,1599558
2017-09-26,1255.0,1263.199951171875,1233.0,1237.324951171875,992.0258178710938,1449230
2017-09-27,1245.0,1256.0999755859375,1236.875,1247.5,1000.18359375,2010356
2017-09-28,1247.3499755859375,1257.0,1226.0,1238.2249755859375,992.7471923828125,4332866
2017-09-29,1239.5,1242.0,1210.75,1217.9749755859375,976.5119018554688,1985014
2017-10-03,1220.0,1227.1500244140625,1213.5250244140625,1224.2249755859375,981.5231323242188,1923006
2017-10-04,1224.800048828125,1227.0,1212.5,1221.1500244140625,979.0571899414062,1300778
2017-10-05,1220.5,1221.7249755859375,1212.199951171875,1214.800048828125,973.9661254882812,1684686
2017-10-06,1215.0,1227.5,1214.0250244140625,1223.324951171875,980.80078125,1389188
2017-10-09,1220.5250244140625,1233.9749755859375,1220.5250244140625,1227.050048828125,983.787353515625,1773616
2017-10-10,1227.5,1234.9749755859375,1225.625,1229.625,985.8521728515625,1222010
2017-10-11,1230.0,1257.2249755859375,1228.375,1250.175048828125,1002.3281860351562,1527746
2017-10-12,1256.5,1277.5,1253.5,1274.0999755859375,1021.510009765625,5006356
2017-10-13,1274.0999755859375,1304.4749755859375,1261.5,1279.300048828125,1025.678955078125,4066320
2017-10-16,1277.5250244140625,1295.0,1277.5250244140625,1292.199951171875,1036.0216064453125,1218590
2017-10-17,1292.5,1307.4749755859375,1288.7750244140625,1297.2750244140625,1040.0906982421875,1443016
2017-10-18,1297.5,1306.824951171875,1290.0,1293.300048828125,1036.903564453125,1514144
2017-10-19,1296.0,1297.9000244140625,1285.5,1291.949951171875,1035.8214111328125,86822
2017-10-23,1292.0,1314.5,1273.7249755859375,1293.949951171875,1037.4249267578125,1886088
2017-10-24,1310.0,1310.449951171875,1284.5250244140625,1289.199951171875,1033.6163330078125,1339020
2017-10-25,1289.25,1307.0,1277.5,1279.949951171875,1028.9937744140625,1105106
2017-10-26,1267.550048828125,1284.574951171875,1258.949951171875,1269.425048828125,1020.5324096679688,3007552
2017-10-27,1269.0,1296.574951171875,1265.1500244140625,1292.1500244140625,1038.8017578125,1409270
2017-10-30,1293.0,1310.0,1290.8499755859375,1308.0999755859375,1051.6243896484375,1137252
2017-10-31,1300.6500244140625,1320.0,1300.6500244140625,1312.0,1054.760009765625,1592634
2017-11-01,1312.0,1313.425048828125,1289.425048828125,1301.425048828125,1046.258544921875,741882
2017-11-02,1304.25,1337.0,1303.375,1313.074951171875,1055.6241455078125,1468422
2017-11-03,1316.199951171875,1318.3499755859375,1301.4000244140625,1310.050048828125,1053.192626953125,666886
2017-11-06,1310.0,1335.9000244140625,1305.875,1332.7750244140625,1071.4613037109375,1377000
2017-11-07,1335.0,1384.0,1333.0250244140625,1355.0250244140625,1089.3487548828125,2696892
2017-11-08,1361.5,1379.5,1359.125,1367.5,1099.3780517578125,1402252
2017-11-09,1375.0,1375.0,1359.6500244140625,1368.199951171875,1099.9410400390625,1152432
2017-11-10,1361.0999755859375,1363.0,1346.675048828125,1354.375,1088.8267822265625,1356566
2017-11-13,1351.0250244140625,1388.699951171875,1351.0250244140625,1379.4749755859375,1109.0057373046875,1496996
2017-11-14,1378.2750244140625,1378.2750244140625,1353.75,1357.300048828125,1091.177978515625,1657252
2017-11-15,1353.0,1377.5,1350.675048828125,1352.6500244140625,1087.439453125,6670834
2017-11-16,1355.0,1381.5,1343.4749755859375,1373.324951171875,1104.0609130859375,1653482
2017-11-17,1374.050048828125,1374.050048828125,1351.800048828125,1353.6500244140625,1088.2435302734375,1325464
2017-11-20,1357.5,1363.449951171875,1347.6500244140625,1351.7249755859375,1086.696044921875,1014498
2017-11-21,1350.5,1350.5,1333.0,1336.4749755859375,1074.436279296875,1527740
2017-11-22,1336.5,1354.8499755859375,1336.199951171875,1340.324951171875,1077.5308837890625,1822624
2017-11-23,1340.5,1346.5,1334.5,1340.625,1077.7724609375,793470
2017-11-24,1341.0,1351.449951171875,1336.550048828125,1344.0250244140625,1080.505859375,2287512
2017-11-27,1344.0,1347.949951171875,1331.0999755859375,1342.925048828125,1079.6214599609375,1856786
2017-11-28,1343.0,1351.199951171875,1335.0,1342.6500244140625,1079.400390625,911716
2017-11-29,1338.75,1346.5,1325.0,1329.074951171875,1068.48681640625,1447532
2017-11-30,1326.824951171875,1333.4749755859375,1311.5,1318.5,1059.9853515625,4299962
2017-12-01,1317.5,1334.0,1310.75,1314.9749755859375,1057.1513671875,1031144
2017-12-04,1311.0,1329.25,1301.4749755859375,1316.175048828125,1058.1162109375,1259104
2017-12-05,1315.5,1325.8499755859375,1314.074951171875,1317.7750244140625,1059.4027099609375,1167914
2017-12-06,1318.0,1322.5,1306.425048828125,1316.6500244140625,1058.498291015625,1407518
2017-12-07,1316.1500244140625,1322.9749755859375,1307.5,1308.625,1052.046630859375,1326300
2017-12-08,1309.0,1322.5,1298.5,1300.75,1045.7154541015625,1385548
2017-12-11,1304.175048828125,1336.324951171875,1304.175048828125,1330.550048828125,1069.6727294921875,1008002
2017-12-12,1330.5,1331.0,1303.699951171875,1306.074951171875,1049.9964599609375,1882246
2017-12-13,1305.699951171875,1325.7249755859375,1300.5,1314.199951171875,1056.528564453125,2961458
2017-12-14,1316.0,1316.0,1265.550048828125,1278.9000244140625,1028.1497802734375,5504150
2017-12-15,1281.875,1292.2249755859375,1268.425048828125,1272.800048828125,1023.2459106445312,2718138
2017-12-18,1268.5,1294.4749755859375,1247.175048828125,1290.25,1037.2744140625,2180664
2017-12-19,1288.0,1298.9000244140625,1282.3499755859375,1287.6500244140625,1035.1842041015625,1801952
2017-12-20,1291.0,1296.375,1275.324951171875,1294.4749755859375,1040.6708984375,1577570
2017-12-21,1293.5,1304.0,1290.0250244140625,1297.8499755859375,1043.3843994140625,1293648
2017-12-22,1302.0,1331.949951171875,1295.0999755859375,1323.375,1063.9049072265625,3665664
2017-12-26,1343.0,1344.875,1315.800048828125,1324.7249755859375,1064.98974609375,2175786
2017-12-27,1324.7249755859375,1329.25,1305.25,1309.949951171875,1053.1116943359375,739284
2017-12-28,1304.4000244140625,1326.75,1302.824951171875,1313.4749755859375,1055.9456787109375,2605088
2017-12-29,1311.550048828125,1354.449951171875,1309.2750244140625,1350.5999755859375,1085.7916259765625,2609542
2018-01-01,1341.1500244140625,1347.4000244140625,1317.5,1322.800048828125,1063.442138671875,1351760
2018-01-02,1330.0,1334.800048828125,1310.0999755859375,1315.5999755859375,1057.6539306640625,1920290
2018-01-03,1316.0,1334.5,1315.5999755859375,1319.324951171875,1060.648681640625,1257120
2018-01-04,1325.0,1331.0,1320.0,1328.550048828125,1068.0650634765625,913082
2018-01-05,1325.0,1349.75,1325.0,1344.5999755859375,1080.9678955078125,1153706
2018-01-08,1350.0,1363.425048828125,1340.925048828125,1357.199951171875,1091.0977783203125,1242220
2018-01-09,1357.5,1360.5,1338.2750244140625,1354.5,1088.92724609375,2149396
2018-01-10,1355.5,1408.0,1347.324951171875,1403.300048828125,1128.158935546875,3365850
2018-01-11,1405.0,1410.949951171875,1391.0999755859375,1395.25,1121.6871337890625,2520744
2018-01-12,1402.5,1402.5,1370.2750244140625,1388.175048828125,1115.99951171875,3360314
2018-01-15,1388.574951171875,1404.0,1367.5250244140625,1373.050048828125,1103.840087890625,1457214
2018-01-16,1378.0,1430.824951171875,1375.2750244140625,1425.425048828125,1145.946044921875,4267752
2018-01-17,1435.0,1462.5,1431.074951171875,1444.4749755859375,1161.2607421875,4280806
2018-01-18,1448.5,1466.5,1434.0250244140625,1459.0999755859375,1173.0184326171875,2209478
2018-01-19,1465.2750244140625,1491.0,1451.824951171875,1479.6500244140625,1189.5390625,1820000
2018-01-22,1480.5,1567.3499755859375,1461.0,1558.199951171875,1255.658203125,4367110
2018-01-23,1557.4749755859375,1571.175048828125,1545.0250244140625,1551.0,1249.8563232421875,3239610
2018-01-24,1545.0,1629.5250244140625,1541.324951171875,1587.300048828125,1279.1082763671875,5621538
2018-01-25,1587.5,1589.9000244140625,1540.5,1560.5250244140625,1257.5316162109375,3833844
2018-01-29,1565.699951171875,1612.5,1561.0,1599.425048828125,1288.8790283203125,3141060
2018-01-30,1590.0,1601.9000244140625,1571.8499755859375,1576.425048828125,1270.3446044921875,1574758
2018-01-31,1568.5,1575.0,1549.300048828125,1556.175048828125,1254.026611328125,3043214
2018-02-01,1562.0,1595.0,1544.4000244140625,1569.300048828125,1264.6029052734375,2400630
2018-02-02,1560.0,1595.0,1551.7249755859375,1576.824951171875,1270.6671142578125,2456490
2018-02-05,1555.0,1594.0,1538.425048828125,1551.5999755859375,1250.340087890625,2757742
2018-02-06,1505.0,1538.574951171875,1492.5,1498.625,1207.650390625,2657306
2018-02-07,1513.5,1515.5,1473.7249755859375,1477.5250244140625,1190.6470947265625,2180324
2018-02-08,1489.875,1513.800048828125,1479.5,1487.0999755859375,1198.3629150390625,2755004
2018-02-09,1475.0,1497.0,1448.324951171875,1485.8499755859375,1197.3555908203125,2102458
2018-02-12,1489.1500244140625,1511.675048828125,1477.7750244140625,1483.6500244140625,1195.5828857421875,1974562
2018-02-14,1485.0,1487.2249755859375,1446.25,1455.9000244140625,1173.2208251953125,2847532
2018-02-15,1465.9749755859375,1471.5,1452.550048828125,1462.925048828125,1178.882080078125,2465236
2018-02-16,1461.5,1499.800048828125,1461.5,1466.5250244140625,1181.782958984375,2515756
2018-02-19,1472.5,1476.6500244140625,1447.5999755859375,1461.800048828125,1177.9755859375,1568224
2018-02-20,1464.0,1492.5250244140625,1463.949951171875,1472.375,1186.4970703125,1889068
2018-02-21,1487.0,1531.300048828125,1480.0250244140625,1521.1500244140625,1225.802001953125,3089228
2018-02-22,1526.0,1539.5,1511.25,1525.0999755859375,1228.98486328125,3463010
2018-02-23,1525.0,1544.5,1496.050048828125,1537.9000244140625,1239.2998046875,3362500
2018-02-26,1537.5,1544.9749755859375,1510.5999755859375,1515.8499755859375,1221.53076171875,1363882
2018-02-27,1520.5,1539.2750244140625,1516.0,1521.175048828125,1225.8221435546875,1717800
2018-02-28,1517.5,1531.9749755859375,1510.7249755859375,1517.5250244140625,1222.8812255859375,2706864
2018-03-01,1524.5,1530.5999755859375,1510.0,1518.8499755859375,1223.9486083984375,1718124
2018-03-05,1524.5,1556.824951171875,1516.4749755859375,1552.925048828125,1251.4073486328125,2858168
2018-03-06,1561.0,1563.5,1515.074951171875,1521.4000244140625,1226.003662109375,1906764
2018-03-07,1535.0,1544.5,1509.25,1513.7249755859375,1219.818359375,1917772
2018-03-08,1527.449951171875,1527.449951171875,1493.75,1501.9749755859375,1210.35009765625,1951826
2018-03-09,1502.5,1531.5999755859375,1488.5999755859375,1517.050048828125,1222.4979248046875,1872436
2018-03-12,1521.5,1541.949951171875,1517.75,1526.074951171875,1229.7705078125,2091340
2018-03-13,1462.449951171875,1469.8499755859375,1436.0,1443.4000244140625,1163.1480712890625,88067154
2018-03-14,1446.4749755859375,1461.5250244140625,1437.5250244140625,1443.449951171875,1163.188232421875,3668668
2018-03-15,1447.5,1451.2750244140625,1427.800048828125,1434.8499755859375,1156.258056640625,2348906
2018-03-16,1434.4000244140625,1436.0,1402.5,1412.8499755859375,1138.5299072265625,7197482
2018-03-19,1414.5,1424.0,1410.0,1415.5,1140.6650390625,3489940
2018-03-20,1410.0,1436.5999755859375,1409.5,1432.425048828125,1154.3038330078125,4024984
2018-03-21,1436.25,1442.1500244140625,1425.0,1428.375,1151.0401611328125,3907678
2018-03-22,1429.9749755859375,1437.9749755859375,1411.2750244140625,1415.675048828125,1140.806396484375,2326094
2018-03-23,1401.0,1417.050048828125,1399.0250244140625,1409.074951171875,1135.48779296875,3654122
2018-03-26,1409.5,1413.699951171875,1390.7750244140625,1408.5,1135.0240478515625,2964210
2018-03-27,1412.5,1431.5,1411.5250244140625,1423.8499755859375,1147.3936767578125,2494574
2018-03-28,1417.949951171875,1437.5,1412.5,1424.574951171875,1147.97802734375,6865654
2018-04-02,1420.0,1457.0,1420.0,1454.824951171875,1172.3548583984375,1662988
2018-04-03,1446.050048828125,1464.949951171875,1446.050048828125,1455.625,1172.99951171875,1937290
2018-04-04,1464.7249755859375,1467.0,1446.0,1455.449951171875,1172.8583984375,2841820
2018-04-05,1463.2750244140625,1481.875,1460.175048828125,1478.9749755859375,1191.8155517578125,1809424
2018-04-06,1477.0,1480.0,1463.2750244140625,1475.1500244140625,1188.7332763671875,1129018
2018-04-09,1469.8499755859375,1481.75,1457.5,1461.949951171875,1178.0963134765625,1235866
2018-04-10,1462.8499755859375,1478.625,1462.8499755859375,1468.800048828125,1183.6165771484375,1184532
2018-04-11,1475.300048828125,1512.5,1472.800048828125,1507.074951171875,1214.45947265625,3124416
2018-04-12,1505.0,1575.0,1503.9749755859375,1569.625,1264.864990234375,6114360
2018-04-13,1575.0,1620.4000244140625,1566.050048828125,1576.6500244140625,1270.5263671875,8179118
2018-04-16,1558.0,1599.9749755859375,1555.375,1593.824951171875,1284.3660888671875,6270274
2018-04-17,1593.824951171875,1597.4749755859375,1573.5999755859375,1583.300048828125,1275.8851318359375,3301724
2018-04-18,1583.0,1596.7249755859375,1572.925048828125,1579.550048828125,1272.8629150390625,2433066
2018-04-19,1589.949951171875,1608.5999755859375,1582.875,1595.574951171875,1285.776123046875,4820952
2018-04-20,1625.0,1711.175048828125,1620.0,1701.2249755859375,1370.91357421875,18465662
2018-04-23,1712.0,1778.949951171875,1694.7750244140625,1704.324951171875,1373.4114990234375,15185910
2018-04-24,1705.0,1721.574951171875,1671.25,1692.824951171875,1364.1441650390625,8314336
2018-04-25,1692.5,1741.5,1682.5250244140625,1735.125,1398.2310791015625,8196574
2018-04-26,1733.5,1780.0,1733.5,1769.625,1426.0328369140625,12135034
2018-04-27,1762.5,1772.0,1710.0,1725.9749755859375,1390.857666015625,4501330
2018-04-30,1725.9749755859375,1774.5,1718.800048828125,1766.050048828125,1423.15185546875,3458558
2018-05-02,1765.25,1766.0999755859375,1735.6500244140625,1749.875,1410.11767578125,3158046
2018-05-03,1754.9000244140625,1763.0,1735.199951171875,1740.925048828125,1402.905029296875,3761550
2018-05-04,1746.0,1748.5,1735.0,1740.375,1402.462158203125,2347244
2018-05-07,1745.0,1745.0,1705.449951171875,1710.4749755859375,1378.3673095703125,3484426
2018-05-08,1717.3499755859375,1743.25,1698.3499755859375,1720.5999755859375,1386.5267333984375,2992820
2018-05-09,1720.0999755859375,1747.375,1720.0999755859375,1744.6500244140625,1405.906982421875,2615050
2018-05-10,1751.4749755859375,1755.574951171875,1720.0999755859375,1725.625,1390.57568359375,3858678
2018-05-11,1727.0999755859375,1742.5,1721.25,1728.4749755859375,1392.87255859375,2627876
2018-05-14,1728.5,1735.5,1705.4000244140625,1716.7750244140625,1383.4444580078125,2433894
2018-05-15,1725.0,1747.9000244140625,1716.8499755859375,1741.199951171875,1403.1270751953125,1952890
2018-05-16,1739.9749755859375,1754.5,1737.625,1746.949951171875,1407.76025390625,1648450
2018-05-17,1756.4749755859375,1766.574951171875,1738.0,1745.9000244140625,1406.9144287109375,2968048
2018-05-18,1740.4000244140625,1758.8499755859375,1729.0,1751.0250244140625,1411.0439453125,1874996
2018-05-21,1764.3499755859375,1796.0,1759.0250244140625,1778.375,1433.0841064453125,3446178
2018-05-22,1779.0,1787.4749755859375,1746.8499755859375,1754.449951171875,1413.80419921875,1857416
2018-05-23,1762.5,1772.5,1740.5,1747.550048828125,1408.243896484375,1507298
2018-05-24,1755.0,1807.5,1751.175048828125,1801.8499755859375,1452.0008544921875,2962316
2018-05-25,1812.5,1837.4000244140625,1786.2750244140625,1792.9000244140625,1444.7886962890625,3769772
2018-05-28,1808.25,1808.25,1743.0,1751.0250244140625,1411.0439453125,3716798
2018-05-29,1764.949951171875,1772.0,1744.0,1761.75,1419.6865234375,3525312
2018-05-30,1754.5250244140625,1766.5,1741.25,1757.050048828125,1415.8995361328125,3779106
2018-05-31,1734.0,1759.050048828125,1726.0999755859375,1741.050048828125,1414.6805419921875,5049371
2018-06-01,1754.0,1757.5,1716.300048828125,1732.449951171875,1407.6929931640625,1603856
2018-06-04,1745.0,1749.0,1712.5999755859375,1744.25,1417.28076171875,1681483
2018-06-05,1744.0,1751.9000244140625,1711.1500244140625,1721.5999755859375,1398.8763427734375,2449568
2018-06-06,1723.0,1734.9000244140625,1715.199951171875,1725.75,1402.248779296875,2236512
2018-06-07,1725.0,1749.0,1723.800048828125,1735.550048828125,1410.211669921875,2414762
2018-06-08,1735.0,1757.300048828125,1735.0,1747.0999755859375,1419.596435546875,2582138
2018-06-11,1747.0999755859375,1763.0,1743.0,1749.699951171875,1421.7091064453125,2179378
2018-06-12,1757.0,1785.0,1753.0,1781.0,1447.141845703125,4608875
2018-06-13,1816.0,1831.6500244140625,1798.0,1824.0999755859375,1482.1619873046875,5370983
2018-06-14,1830.0,1832.300048828125,1784.0,1787.550048828125,1452.4639892578125,3819998
2018-06-15,1800.0,1847.0999755859375,1788.5999755859375,1840.050048828125,1495.1226806640625,9183574
2018-06-18,1867.949951171875,1867.949951171875,1822.1500244140625,1829.0,1486.143798828125,4674987
2018-06-19,1822.1500244140625,1839.0,1821.0,1824.5,1482.4874267578125,3245034
2018-06-20,1832.0,1836.300048828125,1818.5999755859375,1822.449951171875,1480.8218994140625,3107695
2018-06-21,1832.0,1832.0,1817.5999755859375,1819.3499755859375,1478.30322265625,2910659
2018-06-22,1827.0,1827.0,1799.550048828125,1809.800048828125,1470.54296875,2949458
2018-06-25,1811.9000244140625,1822.3499755859375,1806.0,1819.25,1478.22119140625,2083217
2018-06-26,1823.0,1861.0,1821.0,1852.0,1504.832763671875,4679712
2018-06-27,1860.0,1885.1500244140625,1851.25,1858.0,1509.70751953125,4081208
2018-06-28,1865.0,1871.0,1826.300048828125,1842.699951171875,1497.27587890625,4888125
2018-06-29,1844.9000244140625,1867.4000244140625,1842.300048828125,1847.75,1501.379150390625,3506276
2018-07-02,1852.0,1857.800048828125,1841.0999755859375,1851.3499755859375,1504.303955078125,2650290
2018-07-03,1859.949951171875,1879.9000244140625,1857.050048828125,1874.050048828125,1522.7489013671875,3242233
2018-07-04,1879.9000244140625,1879.9000244140625,1857.1500244140625,1866.1500244140625,1516.3299560546875,2700614
2018-07-05,1873.0,1887.5,1862.0999755859375,1880.300048828125,1527.827392578125,2472571
2018-07-06,1882.8499755859375,1921.0,1881.6500244140625,1912.949951171875,1554.35693359375,3713781
2018-07-09,1924.0,1924.4000244140625,1876.5,1883.0,1530.0213623046875,6151747
2018-07-10,1898.0,1898.9000244140625,1870.75,1875.0999755859375,1523.602294921875,5303302
2018-07-11,1900.0,1998.0,1894.1500244140625,1979.9000244140625,1608.756591796875,22903802
2018-07-12,1984.0,1990.9000244140625,1960.5,1971.3499755859375,1601.8094482421875,6921701
2018-07-13,1975.0,1997.9000244140625,1974.0,1981.0999755859375,1609.732177734375,4148185
2018-07-16,1990.0,1996.0,1977.449951171875,1989.199951171875,1616.3135986328125,2582159
2018-07-17,1989.0,2009.0,1981.0,2002.1500244140625,1630.1138916015625,3315492
2018-07-18,2005.0,2011.699951171875,1993.050048828125,2000.25,1628.567138671875,2013869
2018-07-19,2002.0999755859375,2010.449951171875,1970.0,1981.4000244140625,1613.2197265625,1746318
2018-07-20,1984.9000244140625,2000.0,1984.0,1996.5999755859375,1625.59521484375,1934995
2018-07-23,2001.0,2009.949951171875,1986.0,2005.6500244140625,1632.963623046875,2086201
2018-07-24,2015.0,2015.0,1984.1500244140625,1999.0,1627.5494384765625,2038423
2018-07-25,2001.9000244140625,2002.0,1968.4000244140625,1981.5,1613.301025390625,1535492
2018-07-26,1974.949951171875,1985.0,1955.0999755859375,1964.699951171875,1599.6226806640625,3503036
2018-07-27,1960.8499755859375,1964.6500244140625,1940.300048828125,1943.75,1582.566162109375,2033977
2018-07-30,1943.0,1954.699951171875,1931.550048828125,1944.5999755859375,1583.2579345703125,1579251
2018-07-31,1942.0,1947.0,1928.0,1940.199951171875,1579.675048828125,2204803
2018-08-01,1949.949951171875,1981.550048828125,1949.800048828125,1976.5,1609.230224609375,2425180
2018-08-02,1980.0,1985.0,1945.0,1948.4000244140625,1586.3516845703125,1509287
2018-08-03,1956.5,1982.050048828125,1956.5,1979.449951171875,1611.6319580078125,1505131
2018-08-06,1997.0,1998.949951171875,1972.25,1975.550048828125,1608.456298828125,1532249
2018-08-07,1978.199951171875,1979.1500244140625,1960.5,1967.3499755859375,1601.7802734375,1353521
2018-08-08,1972.0,1978.300048828125,1962.0,1974.0,1607.194580078125,1315062
2018-08-09,1980.0,1980.800048828125,1966.0,1974.3499755859375,1607.4794921875,2060297
2018-08-10,1980.949951171875,1996.5,1972.050048828125,1993.0999755859375,1622.7457275390625,2784105
2018-08-13,1997.800048828125,2004.25,1990.0,2000.1500244140625,1628.4854736328125,3559575
2018-08-14,1992.0,2024.5999755859375,1982.4000244140625,2003.550048828125,1631.2537841796875,3311765
2018-08-16,2000.300048828125,2020.050048828125,1995.0,2008.5,1635.2840576171875,2152065
2018-08-17,2013.8499755859375,2021.9000244140625,2004.0,2012.75,1638.7445068359375,1213731
2018-08-20,2024.0,2024.0,2003.699951171875,2009.949951171875,1636.4647216796875,1587032
2018-08-21,2010.1500244140625,2024.0,2004.0,2017.6500244140625,1642.733642578125,1376866
2018-08-23,2022.800048828125,2038.0,2020.300048828125,2035.0999755859375,1656.9410400390625,3046791
2018-08-24,2035.0999755859375,2046.0,2031.0,2043.0,1663.3729248046875,1570533
2018-08-27,2043.0,2059.0,2035.0,2050.89990234375,1669.8052978515625,1532702
2018-08-28,2055.0,2072.0,2052.0,2069.199951171875,1684.704345703125,1987983
2018-08-29,2072.5,2076.60009765625,2045.5999755859375,2072.0,1686.9847412109375,1525867
2018-08-30,2068.0,2085.0,2065.5,2082.39990234375,1695.4517822265625,2408020
2018-08-31,2082.300048828125,2092.0,2074.0,2078.39990234375,1692.195068359375,2504554
2018-09-03,2084.800048828125,2090.0,2048.39990234375,2052.89990234375,1671.433349609375,1439711
2018-09-04,2059.800048828125,2104.75,2056.949951171875,2098.89990234375,1708.8857421875,4420803
2018-09-05,2100.0,2107.25,2075.050048828125,2079.25,1692.8876953125,1681106
2018-09-06,2075.0,2081.5,2060.300048828125,2075.300048828125,1689.6712646484375,2238097
2018-09-07,2079.300048828125,2084.0,2065.39990234375,2079.85009765625,1693.376220703125,1312182
2018-09-10,2084.39990234375,2093.39990234375,2074.25,2080.75,1694.1085205078125,1530539
2018-09-11,2089.0,2089.0,2042.199951171875,2046.25,1666.0194091796875,3679745
2018-09-12,2052.35009765625,2068.89990234375,2040.0,2043.949951171875,1664.1468505859375,2307661
2018-09-14,2044.0,2071.550048828125,2018.1500244140625,2065.39990234375,1681.6109619140625,3642038
2018-09-17,2070.0,2077.800048828125,2054.550048828125,2074.14990234375,1688.735107421875,1033857
2018-09-18,2073.0,2078.800048828125,2057.60009765625,2070.75,1685.966796875,1456507
2018-09-19,2071.89990234375,2089.0,2066.85009765625,2077.89990234375,1691.7880859375,1301268
2018-09-21,2077.0,2121.0,2050.14990234375,2103.14990234375,1712.345947265625,4508530
2018-09-24,2115.0,2210.5,2098.14990234375,2198.449951171875,1789.9381103515625,3032226
2018-09-25,2204.89990234375,2211.89990234375,2153.800048828125,2183.199951171875,1777.521484375,2868778
2018-09-26,2187.0,2199.0,2135.10009765625,2142.14990234375,1744.099365234375,1970951
2018-09-27,2141.89990234375,2209.699951171875,2135.800048828125,2188.85009765625,1782.12158203125,3311802
2018-09-28,2178.0,2190.0,2158.85009765625,2183.699951171875,1777.928466796875,2904371
2018-10-01,2190.89990234375,2275.949951171875,2190.35009765625,2255.550048828125,1836.4268798828125,3772208
2018-10-03,2250.300048828125,2255.0,2155.60009765625,2162.85009765625,1760.952880859375,3902322
2018-10-04,2156.60009765625,2156.64990234375,2056.35009765625,2064.800048828125,1681.12255859375,4762419
2018-10-05,2050.0,2120.0,2020.9000244140625,2102.64990234375,1711.9388427734375,3417624
2018-10-08,2102.64990234375,2122.199951171875,2048.14990234375,2077.550048828125,1691.503173828125,2010154
2018-10-09,2080.35009765625,2107.64990234375,2053.199951171875,2091.800048828125,1703.1055908203125,1867130
2018-10-10,2100.0,2105.949951171875,2029.0,2043.5999755859375,1663.861572265625,2749573
2018-10-11,1985.0,2013.0,1941.0,1979.949951171875,1612.0390625,4700256
2018-10-12,1978.0,1978.0,1903.0,1918.300048828125,1561.8448486328125,9373289
2018-10-15,1940.0,1955.550048828125,1920.0,1949.5,1587.2471923828125,2638151
2018-10-16,1958.0,1971.9000244140625,1935.0,1962.300048828125,1597.6690673828125,2815425
2018-10-17,1970.0,1989.0,1920.0,1929.4000244140625,1570.882080078125,2779207
2018-10-19,1929.0,1929.0,1870.050048828125,1913.199951171875,1557.6922607421875,3428776
2018-10-22,1914.0,1916.0,1886.949951171875,1903.0,1549.387939453125,1778496
2018-10-23,1888.0,1898.0,1837.0,1843.6500244140625,1504.22802734375,2752811
2018-10-24,1852.050048828125,1874.0,1811.0999755859375,1848.5,1508.185302734375,2735913
2018-10-25,1844.0,1876.9000244140625,1825.050048828125,1853.0,1511.8564453125,2507233
2018-10-26,1853.9000244140625,1853.9000244140625,1791.0999755859375,1799.0999755859375,1467.8795166015625,2285970
2018-10-29,1808.699951171875,1877.949951171875,1784.3499755859375,1871.0,1526.5426025390625,2609483
2018-10-30,1867.0,1909.4000244140625,1845.0,1894.800048828125,1545.961181640625,2404883
2018-10-31,1900.0,1943.9000244140625,1875.449951171875,1938.1500244140625,1581.330322265625,2769190
2018-11-01,1943.6500244140625,1944.3499755859375,1901.300048828125,1935.75,1579.371826171875,2769759
2018-11-02,1934.199951171875,1954.5999755859375,1905.0,1913.449951171875,1561.1773681640625,1818635
2018-11-05,1910.0,1927.3499755859375,1884.75,1890.8499755859375,1542.73828125,1713366
2018-11-06,1894.0,1937.5,1891.0,1932.699951171875,1576.8834228515625,1398710
2018-11-07,1940.0,1949.0,1937.0,1942.1500244140625,1584.5938720703125,144530
2018-11-09,1961.0,1961.949951171875,1905.0,1909.199951171875,1557.7098388671875,2570479
2018-11-12,1908.5,1946.0999755859375,1908.5,1914.8499755859375,1562.3199462890625,2552008
2018-11-13,1915.0,1939.0,1903.0,1934.949951171875,1578.71923828125,1418432
2018-11-14,1925.0,1929.9000244140625,1870.0,1880.6500244140625,1534.4158935546875,2422318
2018-11-15,1864.0,1899.0,1857.5999755859375,1872.8499755859375,1528.052001953125,1829123
2018-11-16,1889.0,1899.800048828125,1870.25,1886.5999755859375,1539.2703857421875,1829729
2018-11-19,1899.0,1907.3499755859375,1864.300048828125,1902.449951171875,1552.2027587890625,1740628
2018-11-20,1902.0,1902.0,1874.199951171875,1878.25,1532.4578857421875,1190182
2018-11-21,1871.0,1871.050048828125,1798.550048828125,1812.0,1478.4049072265625,3840461
2018-11-22,1820.0,1847.5999755859375,1809.949951171875,1812.550048828125,1478.853515625,3194219
2018-11-26,1819.0,1860.0,1784.5,1846.0999755859375,1506.2269287109375,4333177
2018-11-27,1854.0,1897.9000244140625,1835.3499755859375,1890.25,1542.248779296875,3344839
2018-11-28,1889.0,1989.0,1882.5,1983.9000244140625,1618.6575927734375,5313249
2018-11-29,1997.0,1997.0,1942.550048828125,1960.550048828125,1599.6065673828125,4035441
2018-11-30,1966.0,1991.0,1959.8499755859375,1968.25,1605.888671875,5268901
2018-12-03,1984.0,1990.0,1968.300048828125,1982.4000244140625,1617.4334716796875,1610576
2018-12-04,1983.0,2019.4000244140625,1971.0,2010.8499755859375,1640.6458740234375,3270615
2018-12-05,2006.0,2018.0,1985.0,2006.75,1637.30078125,2501539
2018-12-06,1998.0,2017.0,1979.5999755859375,1992.699951171875,1625.8372802734375,2321216
2018-12-07,1985.050048828125,2003.9000244140625,1973.0,1995.199951171875,1627.8768310546875,1680420
2018-12-10,1975.0,2011.0,1960.0,1975.800048828125,1612.0487060546875,2010786
2018-12-11,1970.0,2010.0,1961.0,2000.0,1631.793212890625,2942014
2018-12-12,2001.0999755859375,2022.0,1984.949951171875,2016.800048828125,1645.5003662109375,2219993
2018-12-13,2024.0,2029.699951171875,1974.5,1982.5999755859375,1617.5968017578125,3748429
2018-12-14,1983.0,1998.949951171875,1975.25,1989.75,1623.4305419921875,2473761
2018-12-17,1999.0,2004.9000244140625,1985.0,1994.300048828125,1627.14306640625,1227921
2018-12-18,1991.9000244140625,2002.0,1976.4000244140625,1987.8499755859375,1621.8802490234375,1768742
2018-12-19,1984.800048828125,1984.800048828125,1960.050048828125,1968.449951171875,1606.0517578125,2498833
2018-12-20,1953.800048828125,1974.9000244140625,1946.0,1954.050048828125,1594.3028564453125,1940277
2018-12-21,1948.0,1950.0,1886.550048828125,1895.800048828125,1546.7767333984375,3729956
2018-12-24,1905.800048828125,1938.9000244140625,1905.0,1918.5,1565.2977294921875,1864116
2018-12-26,1921.800048828125,1921.800048828125,1870.25,1889.199951171875,1541.391845703125,2446614
2018-12-27,1909.0,1941.699951171875,1872.0999755859375,1908.949951171875,1557.5059814453125,4968201
2018-12-28,1915.0,1920.0,1893.0,1896.050048828125,1546.9810791015625,2239130
2018-12-31,1908.0,1909.0,1886.1500244140625,1893.050048828125,1544.533203125,1879740
2019-01-01,1896.0,1910.0,1885.0,1902.800048828125,1552.48828125,1094883
2019-01-02,1905.0,1934.449951171875,1900.0,1923.300048828125,1569.2139892578125,2100463
2019-01-03,1919.0,1944.949951171875,1893.0999755859375,1899.949951171875,1550.162841796875,2611668
2019-01-04,1900.0,1901.199951171875,1841.0,1876.8499755859375,1531.3155517578125,4280862
2019-01-07,1891.800048828125,1908.800048828125,1881.0,1897.9000244140625,1548.4903564453125,1856423
2019-01-08,1905.4000244140625,1906.4000244140625,1883.300048828125,1893.550048828125,1544.9412841796875,1691756
2019-01-09,1907.4000244140625,1919.0,1866.699951171875,1886.949951171875,1539.55615234375,2414376
2019-01-10,1890.0,1905.0,1872.0999755859375,1888.550048828125,1540.861572265625,3053461
2019-01-11,1870.0,1875.0,1835.0,1842.550048828125,1503.33056640625,9209862
2019-01-14,1850.0,1851.0,1810.0,1813.25,1479.4248046875,3615370
2019-01-15,1810.0,1869.3499755859375,1808.0,1867.800048828125,1523.9320068359375,7711653
2019-01-16,1870.0,1875.0,1847.0,1870.1500244140625,1525.849365234375,2359280
2019-01-17,1878.0,1898.0,1871.300048828125,1894.300048828125,1548.8658447265625,2625816
2019-01-18,1881.0,1904.199951171875,1876.0,1900.6500244140625,1554.0582275390625,1683728
2019-01-21,1902.0,1932.0,1895.449951171875,1908.699951171875,1560.6397705078125,2409803
2019-01-22,1907.0999755859375,1918.25,1890.0,1901.9000244140625,1555.0797119140625,2457093
2019-01-23,1901.0,1906.0999755859375,1870.0,1875.5999755859375,1533.575927734375,2578169
2019-01-24,1884.800048828125,1905.25,1875.0,1901.550048828125,1554.794189453125,1962927
2019-01-25,1902.0,1935.0,1901.0,1920.800048828125,1570.5338134765625,2327080
2019-01-28,1933.0,1962.0,1925.5,1955.0,1598.496826171875,2769033
2019-01-29,1962.0,1989.050048828125,1936.6500244140625,1982.75,1621.1864013671875,2557626
2019-01-30,1979.5999755859375,1989.5,1954.6500244140625,1981.4000244140625,1620.0828857421875,2429575
2019-01-31,1987.0,2019.75,1985.0,2014.0999755859375,1646.8197021484375,4094319
2019-02-01,2009.5,2034.75,1998.0999755859375,2029.949951171875,1659.7791748046875,3064163
2019-02-04,2029.949951171875,2055.449951171875,2023.0,2050.25,1676.3775634765625,1590764
2019-02-05,2050.0,2055.0,2028.0,2044.550048828125,1671.7171630859375,1111404
2019-02-06,2049.89990234375,2086.85009765625,2041.050048828125,2074.800048828125,1696.4510498046875,1789812
2019-02-07,2074.75,2097.949951171875,2067.0,2082.89990234375,1703.07373046875,1339945
2019-02-08,2075.0,2089.5,2051.0,2061.39990234375,1685.494384765625,1684474
2019-02-11,2060.0,2096.0,2048.89990234375,2065.89990234375,1689.173583984375,1778730
2019-02-12,2070.0,2070.0,2018.0,2051.60009765625,1677.481689453125,2422903
2019-02-14,2060.050048828125,2075.0,2033.050048828125,2044.5999755859375,1671.7576904296875,1724085
2019-02-15,2049.0,2052.0,2010.949951171875,2029.699951171875,1659.574951171875,1930065
2019-02-18,2037.5999755859375,2041.949951171875,1962.6500244140625,1970.300048828125,1611.0067138671875,2942184
2019-02-19,1970.0,1971.0,1892.0,1904.800048828125,1557.450927734375,4408554
2019-02-20,1915.0,1933.800048828125,1881.300048828125,1914.75,1565.58642578125,4645778
2019-02-21,1914.75,1940.0,1897.050048828125,1914.199951171875,1565.1370849609375,4683919
2019-02-22,1917.199951171875,1930.0,1905.0999755859375,1925.6500244140625,1574.4990234375,2271955
2019-02-25,1932.5,1990.0,1930.5,1985.1500244140625,1623.1490478515625,2934880
2019-02-26,1984.0,2045.1500244140625,1972.25,2038.699951171875,1666.9332275390625,6453309
2019-02-27,2040.0,2074.949951171875,2022.0,2058.10009765625,1682.7962646484375,4732082
2019-02-28,2060.0,2071.35009765625,1977.5999755859375,1983.449951171875,1621.759033203125,8454295
2019-03-01,1995.050048828125,2005.0,1980.3499755859375,1995.4000244140625,1631.52978515625,4148548
2019-03-05,2005.0,2007.0,1976.5999755859375,1988.0999755859375,1625.560546875,2449622
2019-03-06,1989.300048828125,2015.0,1985.050048828125,1999.5999755859375,1634.9642333984375,2635047
2019-03-07,2005.0,2024.050048828125,2000.199951171875,2013.300048828125,1646.1654052734375,2539884
2019-03-08,2025.0,2033.0,2010.050048828125,2022.699951171875,1653.8515625,2031071
2019-03-11,2028.9000244140625,2033.0,2003.6500244140625,2014.800048828125,1647.392578125,3111689
2019-03-12,2014.050048828125,2024.800048828125,2003.0,2012.449951171875,1645.470458984375,2658550
2019-03-13,2013.0,2015.9000244140625,1978.5999755859375,2000.5,1635.6998291015625,1833163
2019-03-14,2004.949951171875,2007.800048828125,1981.0,1987.4000244140625,1624.9886474609375,1905495
2019-03-15,1998.9000244140625,2068.949951171875,1991.0,2039.949951171875,1667.9559326171875,5184318
2019-03-18,2043.0,2064.60009765625,2011.0,2022.800048828125,1653.9334716796875,2349915
2019-03-19,2030.0,2030.0,1995.0999755859375,2022.800048828125,1653.9334716796875,2373993
2019-03-20,2028.0,2044.800048828125,2000.0,2015.050048828125,1647.5966796875,3091165
2019-03-22,2015.0,2016.0,1983.300048828125,2005.6500244140625,1639.91064453125,3148149
2019-03-25,2007.800048828125,2007.800048828125,1977.199951171875,1984.25,1622.4130859375,2429205
2019-03-26,1984.0,1994.949951171875,1958.050048828125,1982.6500244140625,1621.104736328125,2316539
2019-03-27,1994.0,1998.0,1961.0,1967.9000244140625,1609.044677734375,2266166
2019-03-28,1980.0,2014.5999755859375,1972.800048828125,2000.300048828125,1635.5360107421875,4054489
2019-04-01,2010.0,2039.949951171875,2008.25,2031.6500244140625,1661.169677734375,2095740
2019-04-02,2037.0999755859375,2086.0,2037.0,2079.300048828125,1700.1302490234375,3719663
2019-04-03,2085.0,2089.60009765625,2058.10009765625,2079.300048828125,1700.1302490234375,2939886
2019-04-04,2078.14990234375,2079.699951171875,2007.4000244140625,2014.5,1647.14697265625,4397518
2019-04-05,2028.6500244140625,2054.39990234375,2018.800048828125,2048.300048828125,1674.783447265625,3152103
2019-04-08,2059.0,2075.0,2032.699951171875,2070.75,1693.1392822265625,2194294
2019-04-09,2070.0,2098.0,2057.64990234375,2091.5,1710.1053466796875,2690970
2019-04-10,2083.0,2085.5,2036.0,2040.25,1668.2012939453125,3313062
2019-04-11,2045.0,2055.0,2013.6500244140625,2019.5,1651.2353515625,3422442
2019-04-12,2038.0,2039.0,2007.0,2014.5,1647.14697265625,3198471
2019-04-15,2070.0,2119.800048828125,2041.0,2113.300048828125,1727.9300537109375,9189201
2019-04-16,2120.0,2155.949951171875,2115.550048828125,2131.800048828125,1743.0567626953125,5771952
2019-04-18,2149.89990234375,2155.0,2114.199951171875,2150.050048828125,1757.978759765625,3413728
2019-04-22,2148.0,2176.0,2145.60009765625,2161.449951171875,1767.2999267578125,2007135
2019-04-23,2163.0,2165.5,2134.050048828125,2155.050048828125,1762.06689453125,2163524
2019-04-24,2158.0,2195.0,2156.10009765625,2183.449951171875,1785.288330078125,3003071
2019-04-25,2175.0,2205.0,2168.050048828125,2195.0,1794.7320556640625,4211526
2019-04-26,2203.0,2243.949951171875,2193.14990234375,2238.550048828125,1830.3404541015625,2716958
2019-04-30,2238.550048828125,2266.949951171875,2230.10009765625,2260.35009765625,1848.165283203125,3488395
2019-05-02,2255.0,2259.39990234375,2211.10009765625,2215.39990234375,1811.4114990234375,2457699
2019-05-03,2185.0,2186.050048828125,2125.0,2132.0,1743.2205810546875,3780886
2019-05-06,2110.0,2165.0,2108.5,2157.85009765625,1764.3564453125,2891422
2019-05-07,2160.050048828125,2184.35009765625,2138.800048828125,2151.949951171875,1759.5321044921875,2201698
2019-05-08,2151.0,2168.0,2130.39990234375,2152.85009765625,1760.267822265625,1824895
2019-05-09,2145.0,2184.10009765625,2136.10009765625,2172.550048828125,1776.37548828125,2264162
2019-05-10,2175.0,2192.0,2125.85009765625,2135.800048828125,1746.3272705078125,2039633
2019-05-13,2133.0,2167.0,2121.64990234375,2128.75,1740.56298828125,1701744
2019-05-14,2135.0,2159.800048828125,2072.35009765625,2092.35009765625,1710.8004150390625,2456110
2019-05-15,2097.0,2124.0,2084.5,2095.39990234375,1713.294189453125,2346876
2019-05-16,2096.0,2124.0,2077.050048828125,2108.75,1724.2095947265625,1946529
2019-05-17,2112.60009765625,2135.0,2090.0,2095.449951171875,1713.335205078125,1947908
2019-05-20,2125.0,2151.39990234375,2050.0,2143.949951171875,1752.9908447265625,2625116
2019-05-21,2148.050048828125,2148.699951171875,2102.550048828125,2109.75,1725.027587890625,1863157
2019-05-22,2110.0,2121.949951171875,2075.0,2081.75,1702.133544921875,2595795
2019-05-23,2098.0,2115.35009765625,2050.0,2054.050048828125,1679.484619140625,2541294
2019-05-24,2070.0,2070.0,2032.25,2048.0,1674.5380859375,2274208
2019-05-27,2054.800048828125,2068.949951171875,2040.0999755859375,2055.14990234375,1680.3839111328125,2329820
2019-05-28,2060.0,2097.5,2045.0,2073.75,1695.5924072265625,5872979
2019-05-29,2080.0,2123.699951171875,2077.10009765625,2107.550048828125,1723.2286376953125,3281320
2019-05-30,2123.0,2156.550048828125,2114.39990234375,2146.300048828125,1754.912841796875,4971725
2019-05-31,2160.0,2204.949951171875,2152.25,2196.550048828125,1795.9993896484375,4265370
2019-06-03,2201.0,2247.64990234375,2185.64990234375,2242.300048828125,1833.40673828125,3682419
2019-06-04,2224.0,2224.0,2175.0,2183.10009765625,1799.4466552734375,2408658
2019-06-06,2199.0,2199.0,2152.0,2166.10009765625,1785.4344482421875,3735467
2019-06-07,2174.0,2189.800048828125,2142.10009765625,2181.75,1798.3343505859375,2659446
2019-06-10,2196.699951171875,2235.85009765625,2185.5,2231.5,1839.3406982421875,2080593
2019-06-11,2237.0,2263.949951171875,2231.0,2252.800048828125,1856.897705078125,3048937
2019-06-12,2245.0,2266.89990234375,2219.0,2260.89990234375,1863.5748291015625,2404448
2019-06-13,2264.0,2285.0,2243.050048828125,2254.10009765625,1857.9697265625,3320916
2019-06-14,2257.25,2263.10009765625,2234.0,2254.5,1858.299560546875,2131408
2019-06-17,2256.0,2262.0,2241.449951171875,2249.199951171875,1853.9312744140625,1489497
2019-06-18,2244.0,2260.0,2231.199951171875,2250.85009765625,1855.2908935546875,1877447
2019-06-19,2255.0,2276.0,2243.14990234375,2259.89990234375,1862.74951171875,1652817
2019-06-20,2230.0,2284.0,2212.0,2277.949951171875,1877.62841796875,2199377
2019-06-21,2285.0,2292.5,2242.0,2249.85009765625,1854.466552734375,3871804
2019-06-24,2254.14990234375,2280.0,2250.800048828125,2275.5,1875.6087646484375,1382424
2019-06-25,2270.0,2274.449951171875,2250.5,2267.800048828125,1869.26220703125,1386077
2019-06-26,2265.0,2266.800048828125,2250.0,2254.199951171875,1858.0521240234375,1762224
2019-06-27,2255.0,2264.0,2241.300048828125,2252.550048828125,1856.6917724609375,2813464
2019-06-28,2260.0,2261.949951171875,2222.5,2227.199951171875,1835.796630859375,2372928
2019-07-01,2235.0,2255.0,2206.60009765625,2239.550048828125,1845.9765625,2769940
2019-07-02,2244.89990234375,2257.0,2216.449951171875,2252.10009765625,1856.321044921875,1771746
2019-07-03,2252.199951171875,2258.800048828125,2232.0,2237.64990234375,1844.4102783203125,1656881
2019-07-04,2234.0,2252.0,2230.10009765625,2242.64990234375,1848.5316162109375,984140
2019-07-05,2247.0,2250.0,2140.0,2163.10009765625,1782.9620361328125,4088470
2019-07-08,2149.0,2188.800048828125,2132.10009765625,2175.39990234375,1793.10009765625,2788062
2019-07-09,2174.0,2174.39990234375,2104.550048828125,2133.35009765625,1758.4398193359375,3977224
2019-07-10,2080.0,2127.85009765625,2071.300048828125,2108.199951171875,1737.7095947265625,6343581
2019-07-11,2128.0,2129.0,2086.050048828125,2102.550048828125,1733.0526123046875,2400346
2019-07-12,2102.10009765625,2119.75,2093.10009765625,2107.60009765625,1737.215576171875,1560725
2019-07-15,2125.0,2153.60009765625,2098.0,2145.699951171875,1768.61962890625,2900415
2019-07-16,2126.0,2132.5,2100.0,2106.0,1739.9505615234375,2735399
2019-07-17,2108.0,2125.0,2092.10009765625,2117.25,1749.2454833984375,1802969
2019-07-18,2116.199951171875,2116.199951171875,2060.0,2065.949951171875,1706.862060546875,3072096
2019-07-19,2077.0,2097.0,2062.5,2076.949951171875,1715.9498291015625,1953177
2019-07-22,2077.0,2117.449951171875,2068.800048828125,2109.89990234375,1743.1732177734375,1920167
2019-07-23,2127.89990234375,2130.0,2102.39990234375,2112.449951171875,1745.2799072265625,3538588
2019-07-24,2110.0,2120.800048828125,2076.5,2096.800048828125,1732.35009765625,2413196
2019-07-25,2108.89990234375,2135.0,2092.550048828125,2127.89990234375,1758.0440673828125,2544464
2019-07-26,2129.800048828125,2129.800048828125,2095.0,2109.050048828125,1742.4705810546875,1720592
2019-07-29,2110.800048828125,2142.0,2103.300048828125,2130.0,1759.779052734375,1647090
2019-07-30,2130.0,2185.0,2120.449951171875,2179.14990234375,1800.386474609375,2851672
2019-07-31,2171.75,2211.699951171875,2147.14990234375,2205.699951171875,1822.3216552734375,3000677
2019-08-01,2200.0,2217.5,2166.25,2180.050048828125,1801.1300048828125,2375236
2019-08-02,2173.0,2210.0,2165.5,2205.300048828125,1821.9910888671875,2500816
2019-08-05,2199.89990234375,2252.25,2195.60009765625,2248.60009765625,1857.765625,3039682
2019-08-06,2232.800048828125,2251.949951171875,2211.449951171875,2214.89990234375,1829.922607421875,2885467
2019-08-07,2230.0,2238.5,2207.25,2213.449951171875,1828.7247314453125,2165362
2019-08-08,2228.89990234375,2281.0,2218.89990234375,2258.10009765625,1865.6138916015625,2073298
2019-08-09,2260.0,2267.89990234375,2241.35009765625,2246.25,1855.8233642578125,1744550
2019-08-13,2245.0,2246.25,2194.300048828125,2199.449951171875,1817.1580810546875,1647281
2019-08-14,2181.10009765625,2217.85009765625,2167.39990234375,2204.39990234375,1821.247314453125,1945002
2019-08-16,2241.39990234375,2241.39990234375,2143.25,2165.10009765625,1788.7784423828125,3755507
2019-08-19,2180.0,2186.0,2157.699951171875,2163.0,1787.0435791015625,974884
2019-08-20,2172.0,2205.0,2166.5,2186.75,1806.665283203125,1843611
2019-08-21,2184.949951171875,2202.0,2182.25,2186.199951171875,1806.2110595703125,1214408
2019-08-22,2187.0,2235.64990234375,2170.0,2216.0,1830.8316650390625,2131601
2019-08-23,2214.949951171875,2259.89990234375,2213.89990234375,2247.699951171875,1857.0213623046875,2826425
2019-08-26,2247.0,2282.0,2225.0,2276.300048828125,1880.6510009765625,2345475
2019-08-27,2270.0,2274.85009765625,2229.0,2236.5,1847.7684326171875,3432106
2019-08-28,2240.0,2252.14990234375,2216.0,2239.25,1850.0404052734375,1294621
2019-08-29,2222.199951171875,2248.199951171875,2222.199951171875,2233.449951171875,1845.2486572265625,1670652
2019-08-30,2241.0,2266.0,2218.0,2259.60009765625,1866.85302734375,2583625
2019-09-03,2270.0,2296.199951171875,2236.949951171875,2251.60009765625,1860.2440185546875,2545060
2019-09-04,2265.0,2270.0,2233.0,2245.39990234375,1855.1212158203125,2228092
2019-09-05,2242.199951171875,2253.64990234375,2207.300048828125,2215.300048828125,1830.2530517578125,2055943
2019-09-06,2216.0,2233.5,2192.60009765625,2197.5,1815.546875,1890550
2019-09-09,2200.0,2202.85009765625,2179.800048828125,2182.85009765625,1803.4429931640625,1703945
2019-09-11,2186.0,2195.0,2146.550048828125,2154.0,1779.6077880859375,2627440
2019-09-12,2155.0,2165.0,2120.35009765625,2133.60009765625,1762.75341796875,2118859
2019-09-13,2135.0,2157.949951171875,2115.550048828125,2141.949951171875,1769.6522216796875,2291174
2019-09-16,2159.949951171875,2173.39990234375,2126.39990234375,2150.0,1776.302734375,2597948
2019-09-17,2154.949951171875,2156.550048828125,2105.60009765625,2122.64990234375,1753.706787109375,2796530
2019-09-18,2126.39990234375,2142.949951171875,2113.14990234375,2138.550048828125,1766.843017578125,1454663
2019-09-19,2135.0,2135.800048828125,2091.0,2101.949951171875,1736.604736328125,1652691
2019-09-20,2104.89990234375,2129.39990234375,2057.0,2065.449951171875,1706.4488525390625,6941979
2019-09-23,2099.0,2099.0,1975.0,2015.800048828125,1665.428955078125,6323401
2019-09-24,2015.0,2061.0,2013.0,2044.699951171875,1689.3055419921875,4620978
2019-09-25,2065.0,2092.0,2060.050048828125,2088.449951171875,1725.4508056640625,4002232
2019-09-26,2097.89990234375,2107.0,2063.0,2087.60009765625,1724.7489013671875,4234281
2019-09-27,2085.0,2085.199951171875,2051.39990234375,2056.14990234375,1698.76513671875,2046795
2019-09-30,2061.85009765625,2104.0,2060.0,2099.300048828125,1734.4151611328125,2620039
2019-10-01,2095.949951171875,2095.949951171875,2039.699951171875,2059.949951171875,1701.905029296875,3342877
2019-10-03,2070.0,2081.14990234375,2046.1500244140625,2060.25,1702.15283203125,2317618
2019-10-04,2060.60009765625,2087.949951171875,2054.949951171875,2079.35009765625,1717.93310546875,2163251
2019-10-07,2080.0,2094.5,2041.0,2047.699951171875,1691.7840576171875,2177916
2019-10-09,2060.0,2060.0,2015.5,2020.0999755859375,1668.981201171875,2066920
2019-10-10,2028.0,2039.050048828125,1997.0999755859375,2004.449951171875,1656.05126953125,2881452
2019-10-11,1931.0,1995.0,1925.0,1986.8499755859375,1641.5106201171875,12593069
2019-10-14,1995.0,2032.75,1968.0,2021.0,1669.7249755859375,3510704
2019-10-15,2032.0,2047.0,2022.699951171875,2037.300048828125,1683.1917724609375,2261310
2019-10-16,2038.0,2056.0,2016.0,2046.4000244140625,1690.7100830078125,3034082
2019-10-17,2014.0,2038.0,1999.300048828125,2030.949951171875,1715.6729736328125,3818774
2019-10-18,2037.5,2063.89990234375,2025.0,2057.35009765625,1737.9747314453125,3087901
2019-10-22,2080.0,2111.5,2040.050048828125,2051.39990234375,1732.9481201171875,5552505
2019-10-23,2060.0,2083.85009765625,2052.5,2070.10009765625,1748.7451171875,2348134
2019-10-24,2084.0,2099.0,2061.300048828125,2082.0,1758.7978515625,2798671
2019-10-25,2094.0,2130.0,2075.050048828125,2124.949951171875,1795.0809326171875,3954245
2019-10-27,2129.0,2129.0,2108.800048828125,2115.699951171875,1787.2664794921875,224405
2019-10-29,2121.5,2201.699951171875,2121.5,2194.85009765625,1854.12939453125,5064173
2019-10-30,2225.0,2260.0,2176.85009765625,2252.800048828125,1903.083251953125,5195136
2019-10-31,2250.0,2284.949951171875,2237.0,2269.64990234375,1917.31787109375,4879261
2019-11-01,2264.0,2275.0,2195.0,2200.89990234375,1859.240478515625,4172620
2019-11-04,2207.0,2229.199951171875,2180.89990234375,2193.949951171875,1853.368896484375,2646411
2019-11-05,2197.0,2211.0,2169.0,2201.85009765625,1860.0428466796875,2693475
2019-11-06,2200.0,2210.800048828125,2179.0,2188.5,1848.7650146484375,2540719
2019-11-07,2204.5,2204.5,2175.199951171875,2185.35009765625,1846.1043701171875,1915598
2019-11-08,2189.60009765625,2189.60009765625,2124.0,2129.949951171875,1799.304443359375,2788759
2019-11-11,2135.0,2139.0,2091.0,2100.949951171875,1774.8062744140625,2983768
2019-11-13,2118.0,2183.800048828125,2118.0,2178.60009765625,1840.4027099609375,3823365
2019-11-14,2187.5,2200.0,2146.699951171875,2196.800048828125,1855.77734375,2995915
2019-11-15,2196.0,2211.5,2168.75,2174.449951171875,1836.8963623046875,2724180
2019-11-18,2178.39990234375,2187.75,2148.75,2152.60009765625,1818.4385986328125,1611089
2019-11-19,2153.0,2154.64990234375,2105.0,2108.800048828125,1781.4375,2975313
2019-11-20,2121.949951171875,2135.0,2094.5,2108.550048828125,1781.2266845703125,2894129
2019-11-21,2112.0,2126.60009765625,2107.39990234375,2118.10009765625,1789.2939453125,2052574
2019-11-22,2097.0,2107.0,2060.5,2071.699951171875,1750.0968017578125,3742049
2019-11-25,2074.550048828125,2084.949951171875,2052.199951171875,2081.5,1758.3756103515625,2737010
2019-11-26,2089.85009765625,2097.89990234375,2035.050048828125,2046.6500244140625,1728.9356689453125,6561580
2019-11-27,2052.0,2071.699951171875,2046.550048828125,2054.300048828125,1735.3980712890625,2907521
2019-11-28,2067.050048828125,2094.39990234375,2060.0,2077.35009765625,1754.8697509765625,2924429
2019-11-29,2085.0,2085.0,2045.800048828125,2053.25,1734.5111083984375,2064271
2019-12-02,2060.0,2067.699951171875,2016.0,2021.050048828125,1707.309814453125,3809860
2019-12-03,2027.699951171875,2062.0,2010.0,2051.0,1732.6104736328125,4664774
2019-12-04,2053.0,2082.0,2045.5,2078.5,1755.841552734375,3334301
2019-12-05,2083.0,2126.800048828125,2068.35009765625,2121.300048828125,1791.9971923828125,3902721
2019-12-06,2124.0,2128.0,2101.0,2123.60009765625,1793.940673828125,1829461
2019-12-09,2127.949951171875,2127.949951171875,2053.5,2060.449951171875,1740.5933837890625,2244747
2019-12-10,2060.0,2060.85009765625,2003.25,2012.8499755859375,1700.382568359375,4520045
2019-12-11,2025.4000244140625,2048.0,2006.75,2041.9000244140625,1724.9229736328125,4943024
2019-12-12,2051.10009765625,2083.64990234375,1984.0,2020.9000244140625,1707.1829833984375,7137306
2019-12-13,2023.0,2077.39990234375,2007.0,2071.25,1749.717041015625,5711133
2019-12-16,2096.0,2136.0,2080.300048828125,2126.75,1796.6005859375,5574177
2019-12-17,2126.5,2169.0,2119.0,2164.949951171875,1828.8712158203125,6059673
2019-12-18,2174.0,2203.449951171875,2153.0,2167.75,1831.2362060546875,8251081
2019-12-19,2179.800048828125,2236.5,2167.550048828125,2229.050048828125,1883.0205078125,6251505
2019-12-20,2220.0,2246.699951171875,2208.25,2222.89990234375,1877.8250732421875,5548338
2019-12-23,2210.0,2241.949951171875,2210.0,2231.699951171875,1885.2586669921875,2247329
2019-12-24,2239.0,2243.550048828125,2211.14990234375,2215.60009765625,1871.6585693359375,1805896
2019-12-26,2216.39990234375,2229.0,2195.199951171875,2201.949951171875,1860.1273193359375,1880367
2019-12-27,2208.0,2226.39990234375,2176.0,2198.5,1857.2132568359375,2720261
2019-12-30,2207.0,2225.0,2177.10009765625,2183.199951171875,1844.2880859375,2288830
2019-12-31,2189.0,2197.0,2157.449951171875,2161.699951171875,1826.1253662109375,1909289
2020-01-01,2168.0,2183.89990234375,2154.0,2167.60009765625,1831.10986328125,1354908
2020-01-02,2179.949951171875,2179.949951171875,2149.199951171875,2157.64990234375,1822.7042236328125,2380752
2020-01-03,2164.0,2223.0,2164.0,2200.64990234375,1859.0286865234375,4655761
2020-01-06,2205.0,2225.949951171875,2187.89990234375,2200.449951171875,1858.8603515625,3023209
2020-01-07,2200.5,2214.64990234375,2183.800048828125,2205.85009765625,1863.4219970703125,2429317
2020-01-08,2205.0,2260.0,2202.050048828125,2255.25,1905.153076171875,5197454
2020-01-09,2248.75,2251.949951171875,2210.0,2214.35009765625,1870.602294921875,3734173
2020-01-10,2228.0,2234.0,2208.0,2213.550048828125,1869.927001953125,1915807
2020-01-13,2217.85009765625,2218.949951171875,2184.699951171875,2190.35009765625,1850.3282470703125,2843893
2020-01-14,2195.0,2229.800048828125,2195.0,2206.89990234375,1864.309326171875,2948452
2020-01-15,2213.0,2231.0,2194.199951171875,2226.89990234375,1881.2039794921875,2620681
2020-01-16,2226.949951171875,2249.0,2215.0,2238.800048828125,1891.2569580078125,3117214
2020-01-17,2240.75,2253.550048828125,2213.0,2219.10009765625,1874.6151123046875,3281059
2020-01-20,2194.89990234375,2242.199951171875,2156.199951171875,2170.35009765625,1833.43310546875,5817599
2020-01-21,2169.949951171875,2186.550048828125,2158.050048828125,2171.050048828125,1834.0242919921875,1902980
2020-01-22,2181.0,2210.0,2173.699951171875,2206.89990234375,1864.309326171875,1773686
2020-01-23,2209.800048828125,2217.75,2183.699951171875,2190.949951171875,1855.0379638671875,2069866
2020-01-24,2190.949951171875,2190.949951171875,2170.0,2183.39990234375,1848.6448974609375,1319430
2020-01-27,2189.699951171875,2193.449951171875,2165.0,2169.25,1836.6649169921875,1549101
2020-01-28,2174.0,2187.800048828125,2152.0,2183.75,1848.9417724609375,1743024
2020-01-29,2185.0,2186.949951171875,2150.0,2154.60009765625,1824.260986328125,2306761
2020-01-30,2160.0,2165.0,2125.0,2137.85009765625,1810.0789794921875,2098567
2020-01-31,2139.39990234375,2144.35009765625,2071.60009765625,2079.050048828125,1760.29443359375,3287223
2020-02-03,2152.0,2194.699951171875,2093.199951171875,2102.5,1780.1484375,4728073
2020-02-04,2129.0,2136.699951171875,2086.60009765625,2107.75,1784.59375,3509339
2020-02-05,2115.0,2156.699951171875,2104.300048828125,2146.550048828125,1817.445068359375,2439322
2020-02-06,2145.0,2174.199951171875,2115.5,2128.35009765625,1802.0360107421875,2640065
2020-02-07,2139.0,2151.0,2119.0,2136.550048828125,1808.978759765625,2083442
2020-02-10,2140.89990234375,2167.0,2119.0,2161.949951171875,1830.48388671875,2383032
2020-02-11,2163.0,2174.800048828125,2147.60009765625,2153.39990234375,1823.2449951171875,1335820
2020-02-12,2151.10009765625,2185.0,2150.0,2170.75,1837.934814453125,1620407
2020-02-13,2172.949951171875,2197.0,2171.0,2191.949951171875,1855.88427734375,1645948
2020-02-14,2188.0,2212.0,2171.0,2184.199951171875,1849.322509765625,1500115
2020-02-17,2196.949951171875,2217.0,2190.199951171875,2203.25,1865.45166015625,1774724
2020-02-18,2199.949951171875,2221.0,2186.050048828125,2215.75,1876.0355224609375,2486223
2020-02-19,2215.75,2230.0,2190.5,2196.35009765625,1859.610107421875,1760463
2020-02-20,2204.5,2214.39990234375,2151.25,2156.800048828125,1826.1239013671875,2317278
2020-02-24,2156.0,2178.949951171875,2106.699951171875,2115.35009765625,1791.0289306640625,3092877
2020-02-25,2115.5,2176.64990234375,2111.0,2156.14990234375,1825.5733642578125,2674567
2020-02-26,2154.0,2163.89990234375,2112.949951171875,2123.60009765625,1798.0142822265625,2686842
2020-02-27,2119.949951171875,2119.949951171875,2086.199951171875,2105.5,1782.68896484375,2349001
2020-02-28,2068.0,2069.5,1990.0,2000.1500244140625,1693.4908447265625,4298076
2020-03-02,2035.0,2053.949951171875,1985.699951171875,2001.300048828125,1694.46435546875,2667076
2020-03-03,2020.0,2060.0,2012.0,2036.199951171875,1724.013916015625,2757585
2020-03-04,2056.0,2094.449951171875,2025.0,2083.199951171875,1763.807861328125,3237002
2020-03-05,2085.699951171875,2147.75,2084.050048828125,2125.050048828125,1799.241455078125,3937056
2020-03-06,2098.0,2123.64990234375,2071.60009765625,2116.449951171875,1791.9599609375,2595027
2020-03-09,2075.0,2079.89990234375,1935.0,1972.3499755859375,1669.9532470703125,4940975
2020-03-11,1933.0,1987.300048828125,1920.0,1953.699951171875,1654.1624755859375,6796449
2020-03-12,1904.0,1908.4000244140625,1758.3499755859375,1769.8499755859375,1498.5,8728786
2020-03-13,1687.9000244140625,1820.0,1506.050048828125,1806.300048828125,1529.361572265625,8029720
2020-03-16,1755.0,1842.25,1675.8499755859375,1696.4000244140625,1436.31103515625,7844271
2020-03-17,1730.0,1731.0,1623.1500244140625,1658.0,1403.798583984375,5713248
2020-03-18,1676.800048828125,1713.550048828125,1627.75,1654.4000244140625,1400.7503662109375,7258778
2020-03-19,1559.699951171875,1685.449951171875,1546.75,1636.3499755859375,1395.591064453125,5135111
2020-03-20,1630.0,1869.0,1627.0,1797.449951171875,1532.9879150390625,8547498
2020-03-23,1620.0,1750.0,1617.75,1669.699951171875,1424.033935546875,7003490
2020-03-24,1653.050048828125,1770.0,1632.8499755859375,1703.1500244140625,1452.5626220703125,6350865
2020-03-25,1700.0,1810.0,1680.0,1750.300048828125,1492.775146484375,2765520
2020-03-26,1831.5999755859375,1832.050048828125,1722.550048828125,1790.949951171875,1527.44384765625,4556067
2020-03-27,1820.0,1850.0,1750.4000244140625,1824.5,1556.0576171875,4331250
2020-03-30,1766.0,1905.0,1763.550048828125,1778.5,1516.825927734375,8513547
2020-03-31,1837.4000244140625,1855.0,1780.0,1826.0999755859375,1557.4224853515625,3927593
2020-04-01,1825.9000244140625,1834.75,1702.0,1708.75,1457.338623046875,4941878
2020-04-03,1740.0,1740.0,1650.0,1654.199951171875,1410.814453125,5735369
2020-04-07,1710.0,1785.8499755859375,1705.0,1775.199951171875,1514.0115966796875,5427577
2020-04-08,1760.0,1806.0,1701.0,1705.449951171875,1454.52392578125,6285615
2020-04-09,1750.449951171875,1778.800048828125,1731.199951171875,1766.1500244140625,1506.2928466796875,5307397
2020-04-13,1761.0,1787.0,1746.0,1759.25,1500.408203125,2990438
2020-04-15,1785.0,1812.0,1727.800048828125,1735.1500244140625,1479.8541259765625,4761399
2020-04-16,1709.949951171875,1764.9000244140625,1675.050048828125,1716.050048828125,1463.5645751953125,6245533
2020-04-17,1800.0,1851.949951171875,1753.0,1806.199951171875,1540.450439453125,9895823
2020-04-20,1830.0,1830.0,1802.5,1818.6500244140625,1551.068603515625,3244282
2020-04-21,1765.0,1794.5999755859375,1727.699951171875,1737.6500244140625,1481.9864501953125,5122541
2020-04-22,1737.6500244140625,1790.0,1719.1500244140625,1769.5,1509.150390625,3829836
2020-04-23,1780.0,1900.0,1760.8499755859375,1878.25,1601.899658203125,5934366
2020-04-24,1840.699951171875,1851.949951171875,1807.800048828125,1818.550048828125,1550.983642578125,2987102
2020-04-27,1832.300048828125,1875.0,1825.0,1836.5999755859375,1566.3775634765625,3374741
2020-04-28,1865.0,1868.0,1832.5999755859375,1859.050048828125,1585.524658203125,2678505
2020-04-29,1874.0,1912.550048828125,1850.050048828125,1905.6500244140625,1625.2681884765625,4241510
2020-04-30,1980.0,2032.0,1942.199951171875,2014.449951171875,1718.0601806640625,5915544
2020-05-04,1966.0,1966.0,1913.6500244140625,1930.449951171875,1646.4193115234375,3729348
2020-05-05,1955.0999755859375,1977.0,1927.0,1932.75,1648.380859375,2905528
2020-05-06,1939.800048828125,1953.699951171875,1893.5999755859375,1903.5999755859375,1623.519775390625,3517431
2020-05-07,1910.0,1934.449951171875,1883.3499755859375,1891.6500244140625,1613.327880859375,3166754
2020-05-08,1939.0999755859375,1939.5,1886.25,1893.4000244140625,1614.820556640625,2686530
2020-05-11,1909.0,1951.4000244140625,1909.0,1935.300048828125,1650.5557861328125,2449841
2020-05-12,1933.4000244140625,1956.5,1910.25,1949.5,1662.6663818359375,3256595
2020-05-13,1994.0,1994.0,1925.6500244140625,1949.6500244140625,1662.7945556640625,2656665
2020-05-14,1910.0,1923.0999755859375,1891.0999755859375,1902.3499755859375,1622.4539794921875,2263146
2020-05-15,1916.0,1917.4000244140625,1865.199951171875,1892.9000244140625,1614.3941650390625,3173682
2020-05-18,1907.0,1952.949951171875,1872.0999755859375,1945.5999755859375,1659.3404541015625,3727694
2020-05-19,1903.0,1966.449951171875,1903.0,1948.6500244140625,1661.9412841796875,3198693
2020-05-20,1950.0,1962.9000244140625,1931.699951171875,1953.5999755859375,1666.1632080078125,2778505
2020-05-21,1946.0,1998.0,1941.1500244140625,1991.199951171875,1698.2310791015625,3400908
2020-05-22,1977.0999755859375,2032.0,1961.25,2020.3499755859375,1723.092041015625,3663418
2020-05-26,2015.0,2024.0,1925.0,1943.0,1657.122802734375,4575317
2020-05-27,1959.0,2010.0,1941.25,2005.300048828125,1710.2562255859375,3482160
2020-05-28,1988.5,2014.0,1971.300048828125,2004.300048828125,1709.404052734375,3475681
2020-05-29,1982.0,2002.6500244140625,1962.4000244140625,1972.3499755859375,1682.154541015625,7237735
2020-06-01,1990.0,2060.0,1981.0999755859375,2045.25,1744.3284912109375,3747773
2020-06-02,2060.199951171875,2081.0,2040.050048828125,2047.1500244140625,1745.9490966796875,2443886
2020-06-03,2051.85009765625,2063.75,2020.0,2046.1500244140625,1750.2259521484375,3699799
2020-06-04,2046.75,2100.0,2046.75,2091.550048828125,1789.0596923828125,4048593
2020-06-05,2091.60009765625,2098.0,2040.300048828125,2048.25,1752.0224609375,3573289
2020-06-08,2078.25,2095.0,2062.10009765625,2071.75,1772.1236572265625,2957841
2020-06-09,2063.10009765625,2095.5,2060.25,2072.050048828125,1772.380126953125,2909439
2020-06-10,2077.050048828125,2132.0,2073.5,2108.75,1803.772216796875,5168397
2020-06-11,2100.0,2105.0,2061.800048828125,2067.64990234375,1768.6162109375,2269513
2020-06-12,2011.199951171875,2049.199951171875,2011.0,2039.5,1744.5377197265625,2842642
2020-06-15,2039.0999755859375,2059.0,2000.949951171875,2029.9000244140625,1736.326416015625,2399022
2020-06-16,2065.0,2073.949951171875,2031.0,2045.800048828125,1749.9263916015625,2146528
2020-06-17,2046.0,2058.85009765625,2026.550048828125,2047.800048828125,1751.6373291015625,2703527
2020-06-18,2045.0,2059.199951171875,2025.199951171875,2038.0999755859375,1743.3402099609375,1944389
2020-06-19,2042.0,2090.0,2032.0,2044.5999755859375,1748.900146484375,5681758
2020-06-22,2050.0,2052.25,2019.1500244140625,2027.949951171875,1734.6580810546875,3196138
2020-06-23,2027.0,2044.0,2010.0,2035.300048828125,1740.945068359375,4205944
2020-06-24,2034.0,2064.25,2031.5999755859375,2042.199951171875,1746.84716796875,2560937
2020-06-25,2035.0,2060.0,2009.25,2016.0999755859375,1724.5218505859375,3043931
2020-06-26,2025.0,2132.0,2019.949951171875,2118.85009765625,1812.41162109375,6300722
2020-06-29,2108.0,2127.60009765625,2091.300048828125,2101.64990234375,1797.6990966796875,3076341
2020-06-30,2100.0,2111.89990234375,2075.050048828125,2082.14990234375,1781.019287109375,3071725
2020-07-01,2079.699951171875,2113.949951171875,2079.5,2092.050048828125,1789.4879150390625,2503466
2020-07-02,2102.0,2165.0,2098.0,2157.14990234375,1845.1727294921875,3758699
2020-07-03,2163.64990234375,2205.0,2160.25,2199.64990234375,1881.525634765625,4185208
2020-07-06,2205.0,2269.89990234375,2205.0,2263.199951171875,1935.884765625,5190366
2020-07-07,2275.0,2302.699951171875,2232.14990234375,2269.89990234375,1941.6158447265625,5630055
2020-07-08,2270.0,2274.39990234375,2207.60009765625,2218.89990234375,1897.9915771484375,2793358
2020-07-09,2229.0,2244.5,2191.050048828125,2204.35009765625,1885.5462646484375,3443998
2020-07-10,2205.25,2249.85009765625,2176.0,2222.35009765625,1900.943603515625,9610320
2020-07-13,2220.0,2244.949951171875,2210.0,2220.0,1898.9329833984375,2963503
2020-07-14,2210.0,2239.0,2165.0,2171.949951171875,1857.8319091796875,2976738
2020-07-15,2185.0,2260.0,2181.10009765625,2233.89990234375,1910.82275390625,5569321
2020-07-16,2244.0,2333.0,2220.10009765625,2234.75,1915.837890625,8582118
2020-07-17,2237.0,2243.89990234375,2190.050048828125,2200.75,1886.68994140625,4509135
2020-07-20,2201.0,2226.89990234375,2190.800048828125,2207.89990234375,1892.8193359375,2952646
2020-07-21,2230.0,2238.64990234375,2201.14990234375,2225.050048828125,1907.52197265625,2665286
2020-07-22,2231.0,2231.0,2184.199951171875,2190.949951171875,1878.2879638671875,2861534
2020-07-23,2190.949951171875,2190.949951171875,2163.0,2171.199951171875,1861.3564453125,2265766
2020-07-24,2154.5,2163.0,2125.10009765625,2157.39990234375,1849.5262451171875,3665100
2020-07-27,2165.0,2215.0,2163.5,2206.800048828125,1891.876220703125,4248480
2020-07-28,2215.0,2320.0,2215.0,2309.75,1980.134521484375,8092319
2020-07-29,2292.0,2342.0,2246.050048828125,2276.050048828125,1951.2445068359375,6090431
2020-07-30,2285.89990234375,2358.0,2272.25,2279.5,1954.20166015625,7098496
2020-07-31,2303.14990234375,2334.800048828125,2257.449951171875,2281.39990234375,1955.8304443359375,4723290
2020-08-03,2290.449951171875,2303.85009765625,2230.699951171875,2254.14990234375,1932.4691162109375,4012337
2020-08-04,2259.949951171875,2269.64990234375,2225.050048828125,2249.699951171875,1928.6541748046875,2927928
2020-08-05,2260.0,2300.0,2253.0,2259.5,1937.0556640625,3800641
2020-08-06,2275.0,2319.5,2265.35009765625,2308.10009765625,1978.719970703125,4748047
2020-08-07,2308.0,2328.0,2287.0,2295.35009765625,1967.7894287109375,3165491
2020-08-10,2318.0,2325.0,2276.050048828125,2282.800048828125,1957.030517578125,2929353
2020-08-11,2283.0,2312.0,2275.60009765625,2279.89990234375,1954.54443359375,2774423
2020-08-12,2288.35009765625,2296.39990234375,2246.550048828125,2257.35009765625,1935.2127685546875,3415751
2020-08-13,2273.0,2300.0,2250.5,2254.449951171875,1932.7261962890625,2695682
2020-08-14,2277.0,2281.300048828125,2233.10009765625,2242.14990234375,1922.1820068359375,2270405
2020-08-17,2263.0,2270.0,2238.25,2253.39990234375,1931.8255615234375,2625630
2020-08-18,2262.800048828125,2289.0,2248.300048828125,2269.75,1945.843017578125,3493374
2020-08-19,2276.35009765625,2284.60009765625,2252.5,2256.60009765625,1934.569580078125,2843005
2020-08-20,2257.0,2276.550048828125,2240.050048828125,2252.85009765625,1931.3548583984375,2895164
2020-08-21,2260.0,2271.0,2241.050048828125,2248.60009765625,1927.711181640625,1975294
2020-08-24,2250.60009765625,2259.949951171875,2230.0,2248.10009765625,1927.2828369140625,2167966
2020-08-25,2245.0,2250.0,2233.550048828125,2242.64990234375,1922.6104736328125,1663419
2020-08-26,2242.0,2259.89990234375,2216.449951171875,2253.5,1931.912109375,2618149
2020-08-27,2266.0,2287.35009765625,2241.75,2248.39990234375,1927.5400390625,3579393
2020-08-28,2268.39990234375,2279.949951171875,2235.10009765625,2238.550048828125,1919.0955810546875,2941136
2020-08-31,2240.0,2276.199951171875,2228.0,2257.25,1935.126708984375,6018154
2020-09-01,2269.0,2278.0,2241.300048828125,2246.35009765625,1925.7825927734375,3610908
2020-09-02,2247.0,2268.75,2241.64990234375,2265.14990234375,1941.899169921875,2084137
2020-09-03,2268.0,2324.0,2268.0,2299.5,1971.3470458984375,4654146
2020-09-04,2275.0,2324.25,2262.949951171875,2288.800048828125,1962.1741943359375,5231303
2020-09-07,2289.0,2343.5,2283.35009765625,2327.050048828125,1994.9659423828125,4620401
2020-09-08,2335.949951171875,2390.449951171875,2327.050048828125,2348.199951171875,2013.09716796875,7453998
2020-09-09,2325.0,2359.0,2320.0,2327.64990234375,1995.4798583984375,3866535
2020-09-10,2335.0,2348.5,2324.300048828125,2331.14990234375,1998.4803466796875,2308813
2020-09-11,2330.949951171875,2383.0,2330.14990234375,2374.10009765625,2035.3017578125,4145424
2020-09-14,2384.10009765625,2505.75,2381.85009765625,2491.39990234375,2135.862060546875,7512131
2020-09-15,2491.39990234375,2538.0,2464.60009765625,2491.39990234375,2135.862060546875,7318770
2020-09-16,2488.949951171875,2507.60009765625,2477.300048828125,2503.0,2145.806640625,3074003
2020-09-17,2480.0,2495.75,2450.60009765625,2460.949951171875,2109.757568359375,4828176
2020-09-18,2485.0,2500.39990234375,2436.39990234375,2449.89990234375,2100.284423828125,4183256
2020-09-21,2465.0,2504.89990234375,2452.14990234375,2465.300048828125,2113.486572265625,4598809
2020-09-22,2485.0,2555.0,2458.0,2522.949951171875,2162.90966796875,7499613
2020-09-23,2510.0,2519.85009765625,2409.0,2467.449951171875,2115.329833984375,7502280
2020-09-24,2450.0,2450.0,2302.60009765625,2332.25,1999.423828125,8424708
2020-09-25,2368.0,2440.0,2352.10009765625,2422.300048828125,2076.62353515625,8228267
2020-09-28,2440.0,2444.0,2366.0,2426.300048828125,2080.052490234375,4347166
2020-09-29,2434.85009765625,2511.050048828125,2426.300048828125,2488.39990234375,2133.2900390625,6995811
2020-09-30,2489.0,2505.0,2460.0,2492.300048828125,2136.6337890625,3917166
2020-10-01,2510.0,2540.0,2492.300048828125,2523.449951171875,2163.33837890625,2610337
2020-10-05,2620.0,2728.10009765625,2603.050048828125,2705.800048828125,2319.666015625,17412105
2020-10-06,2736.0,2736.0,2650.10009765625,2714.300048828125,2326.952880859375,9846367
2020-10-07,2742.0,2770.0,2703.0,2735.949951171875,2345.512939453125,9656101
2020-10-08,2800.0,2885.0,2800.0,2825.699951171875,2422.4560546875,19839329
2020-10-09,2810.0,2829.85009765625,2780.0,2812.949951171875,2411.52490234375,7739245
2020-10-12,2815.5,2854.0,2800.75,2830.0,2426.142578125,4623203
2020-10-13,2845.0,2854.89990234375,2812.199951171875,2826.550048828125,2423.18359375,4209878
2020-10-14,2842.0,2842.0,2787.550048828125,2809.60009765625,2418.92236328125,4395936
2020-10-15,2811.0,2827.75,2727.0,2740.60009765625,2359.5166015625,6629355
2020-10-16,2750.10009765625,2771.64990234375,2731.300048828125,2763.300048828125,2379.060302734375,5273773
2020-10-19,2774.0,2774.0,2706.60009765625,2711.550048828125,2334.506591796875,3331194
2020-10-20,2725.0,2759.89990234375,2717.949951171875,2739.0,2358.13916015625,3406273
2020-10-21,2739.0,2749.0,2663.050048828125,2675.39990234375,2303.382568359375,4570143
2020-10-22,2661.0,2686.64990234375,2638.10009765625,2671.14990234375,2299.723876953125,5262294
2020-10-23,2687.800048828125,2702.0,2670.10009765625,2686.800048828125,2313.19775390625,3499091
2020-10-26,2689.949951171875,2709.949951171875,2670.5,2688.199951171875,2314.404052734375,2672752
2020-10-27,2699.75,2718.14990234375,2624.10009765625,2630.14990234375,2264.4248046875,3537502
2020-10-28,2650.0,2655.949951171875,2606.0,2622.199951171875,2257.580322265625,3569445
2020-10-29,2608.0,2655.0,2600.25,2632.64990234375,2266.57763671875,3105968
2020-10-30,2636.10009765625,2674.35009765625,2621.60009765625,2664.85009765625,2294.30029296875,3427003
2020-11-02,2660.0,2664.85009765625,2600.050048828125,2604.60009765625,2242.427734375,2571196
2020-11-03,2604.0,2665.0,2601.050048828125,2633.60009765625,2267.395751953125,2879269
2020-11-04,2610.0,2721.85009765625,2610.0,2653.14990234375,2284.226806640625,4893928
2020-11-05,2685.0,2710.0,2667.0,2685.699951171875,2312.250732421875,2816502
2020-11-06,2699.0,2713.25,2681.300048828125,2707.449951171875,2330.976806640625,3884421
2020-11-09,2731.10009765625,2744.0,2695.10009765625,2726.60009765625,2347.463623046875,3646592
2020-11-10,2697.199951171875,2713.14990234375,2638.35009765625,2649.60009765625,2281.171142578125,4760020
2020-11-11,2667.949951171875,2692.800048828125,2643.39990234375,2687.800048828125,2314.05908203125,3242441
2020-11-12,2686.0,2713.0,2661.75,2671.050048828125,2299.6376953125,2437505
2020-11-13,2655.75,2664.89990234375,2636.0,2656.85009765625,2287.41259765625,2548093
2020-11-14,2677.949951171875,2689.0,2660.050048828125,2670.35009765625,2299.03564453125,298819
2020-11-17,2695.0,2695.0,2650.050048828125,2666.050048828125,2295.333251953125,2827273
2020-11-18,2661.0,2664.199951171875,2607.050048828125,2626.64990234375,2261.412109375,2893762
2020-11-19,2637.0,2676.14990234375,2630.85009765625,2636.89990234375,2270.236328125,4167501
2020-11-20,2655.0,2676.0,2627.550048828125,2660.25,2290.340087890625,2711471
2020-11-23,2690.0,2730.0,2665.0,2724.25,2345.4404296875,3706418
2020-11-24,2734.39990234375,2743.0,2705.0,2722.050048828125,2343.5458984375,3120516
2020-11-25,2729.0,2732.949951171875,2688.199951171875,2701.300048828125,2325.681640625,3302249
2020-11-26,2686.0,2730.949951171875,2680.0,2720.60009765625,2342.298828125,2341099
2020-11-27,2705.0,2717.699951171875,2669.050048828125,2679.64990234375,2307.042236328125,6086808
2020-12-01,2679.0,2735.89990234375,2624.449951171875,2726.800048828125,2347.635498046875,3605017
2020-12-02,2719.0,2754.699951171875,2702.449951171875,2749.550048828125,2367.222412109375,2509032
2020-12-03,2773.89990234375,2773.89990234375,2700.800048828125,2709.449951171875,2332.698486328125,2852548
2020-12-04,2710.800048828125,2738.85009765625,2699.0,2727.550048828125,2348.28173828125,2686527
2020-12-07,2715.0,2744.0,2706.14990234375,2737.699951171875,2357.0205078125,1996400
2020-12-08,2740.0,2805.550048828125,2732.449951171875,2797.300048828125,2408.332763671875,4277818
2020-12-09,2815.0,2840.0,2793.14990234375,2810.800048828125,2419.956298828125,3659996
2020-12-10,2818.0,2827.300048828125,2780.25,2784.300048828125,2397.140380859375,2127801
2020-12-11,2792.699951171875,2807.699951171875,2764.550048828125,2783.60009765625,2396.537841796875,1795408
2020-12-14,2802.0,2804.0,2756.25,2797.699951171875,2408.67724609375,2483658
2020-12-15,2786.0,2794.699951171875,2755.0,2761.550048828125,2377.55322265625,2365509
2020-12-16,2779.0,2819.800048828125,2760.449951171875,2814.199951171875,2422.882568359375,2565149
2020-12-17,2811.0,2853.699951171875,2805.0,2838.199951171875,2443.54541015625,2863460
2020-12-18,2868.0,2898.0,2846.199951171875,2861.0,2463.1748046875,6076692
2020-12-21,2861.0,2886.5,2785.0,2820.14990234375,2428.005859375,2705195
2020-12-22,2834.0,2883.64990234375,2818.64990234375,2872.5,2473.07666015625,2881737
2020-12-23,2876.050048828125,2919.0,2865.449951171875,2908.75,2504.2861328125,2790988
2020-12-24,2909.0,2921.35009765625,2883.199951171875,2909.35009765625,2504.8017578125,1807144
2020-12-28,2910.0,2949.699951171875,2902.0,2929.39990234375,2522.064453125,2108994
2020-12-29,2920.0,2952.0,2920.0,2930.5,2523.011474609375,1994151
2020-12-30,2934.39990234375,2947.699951171875,2902.0,2909.300048828125,2504.75927734375,2637968
2020-12-31,2900.0,2905.0,2845.0,2862.75,2464.681884765625,4040956
2021-01-01,2880.0,2940.0,2879.0,2928.25,2521.07421875,2681440
2021-01-04,2950.0,3050.75,2940.949951171875,3039.449951171875,2616.811279296875,5113293
2021-01-05,3039.60009765625,3114.25,3039.60009765625,3093.0,2662.915283203125,5801309
2021-01-06,3100.0,3113.5,3037.199951171875,3051.5,2627.185791015625,3726716
2021-01-07,3075.0,3080.85009765625,3000.25,3032.800048828125,2611.086181640625,3717827
2021-01-08,3090.0,3128.0,3060.0,3120.89990234375,2686.93603515625,5879039
2021-01-11,3230.0,3230.0,3146.550048828125,3176.449951171875,2734.761474609375,9508039
2021-01-12,3176.449951171875,3210.0,3150.0,3174.85009765625,2733.384521484375,3611458
2021-01-13,3175.0,3177.0,3126.25,3158.949951171875,2719.695068359375,3572801
2021-01-14,3155.0,3266.5,3120.39990234375,3250.699951171875,2804.012939453125,6931542
2021-01-15,3235.0,3274.0,3210.0,3233.35009765625,2789.046875,4131692
2021-01-18,3250.0,3256.75,3187.39990234375,3221.75,2779.041015625,4160906
2021-01-19,3233.0,3279.0,3232.0,3260.699951171875,2812.638427734375,2975735
2021-01-20,3270.0,3327.949951171875,3267.10009765625,3308.800048828125,2854.1298828125,3453446
2021-01-21,3305.0,3309.14990234375,3262.10009765625,3273.85009765625,2823.982177734375,2778546
2021-01-22,3241.89990234375,3325.0,3241.89990234375,3303.10009765625,2849.212646484375,3052459
2021-01-25,3308.949951171875,3339.800048828125,3278.64990234375,3291.300048828125,2839.03369140625,2272887
2021-01-27,3300.0,3306.449951171875,3227.0,3261.050048828125,2812.940673828125,2786662
2021-01-28,3230.0,3275.0,3183.800048828125,3196.550048828125,2757.304443359375,3083938
2021-01-29,3210.050048828125,3216.85009765625,3100.0,3111.35009765625,2683.8115234375,5445659
2021-02-01,3100.0,3165.0,3044.10009765625,3139.35009765625,2707.964111328125,3985846
2021-02-02,3174.0,3224.0,3150.0,3203.449951171875,2763.255859375,2881837
2021-02-03,3213.0,3236.0,3162.64990234375,3200.050048828125,2760.322998046875,2505866
2021-02-04,3216.050048828125,3237.85009765625,3176.0,3188.449951171875,2750.31640625,2057261
2021-02-05,3198.949951171875,3205.85009765625,3129.0,3157.949951171875,2724.008056640625,2366135
2021-02-08,3189.5,3226.0,3155.14990234375,3214.10009765625,2772.442138671875,2526592
2021-02-09,3195.0,3245.800048828125,3164.0,3176.89990234375,2740.35400390625,2658751
2021-02-10,3185.0,3219.39990234375,3157.300048828125,3213.300048828125,2771.752197265625,2127983
2021-02-11,3215.0,3219.300048828125,3185.050048828125,3206.0,2765.455322265625,1165882
2021-02-12,3184.199951171875,3245.5,3182.0,3190.800048828125,2752.34375,2777404
2021-02-15,3209.0,3209.0,3131.550048828125,3139.85009765625,2708.39501953125,2630853
2021-02-16,3150.0,3167.64990234375,3100.0,3108.800048828125,2681.611572265625,3435770
2021-02-17,3105.10009765625,3132.85009765625,3045.550048828125,3073.10009765625,2650.81787109375,3678426
2021-02-18,3065.0,3097.89990234375,3031.0,3057.35009765625,2637.23193359375,4189909
2021-02-19,3058.0,3087.14990234375,3016.14990234375,3071.85009765625,2649.73974609375,3725028
2021-02-22,3096.0,3096.0,2943.14990234375,2958.449951171875,2551.921630859375,5366696
2021-02-23,2970.0,3028.0,2968.0,2980.199951171875,2570.682861328125,3832829
2021-02-24,2972.0,3003.35009765625,2921.14990234375,2948.10009765625,2542.99462890625,3774549
2021-02-25,2974.0,3029.89990234375,2968.449951171875,2995.300048828125,2583.708251953125,4224073
2021-02-26,2960.0,2972.35009765625,2880.0,2894.300048828125,2496.58740234375,5553153
2021-03-01,2926.0,2965.0,2901.800048828125,2924.199951171875,2522.378173828125,3265871
2021-03-02,2960.0,3025.0,2948.0,3006.35009765625,2593.23974609375,3306469
2021-03-03,3035.0,3064.0,2996.89990234375,3059.10009765625,2638.7412109375,3509857
2021-03-04,3023.0,3081.449951171875,3016.050048828125,3049.699951171875,2630.632568359375,3916760
2021-03-05,3016.10009765625,3063.199951171875,2996.60009765625,3008.050048828125,2594.7060546875,3203686
2021-03-08,3016.0,3033.0,2996.0,3006.949951171875,2593.75732421875,2003125
2021-03-09,3006.949951171875,3066.89990234375,2992.10009765625,3050.949951171875,2631.710693359375,1942397
2021-03-10,3075.0,3093.199951171875,3060.0,3070.949951171875,2648.963134765625,3053778
2021-03-12,3075.0,3117.0,3041.35009765625,3057.949951171875,2637.7490234375,2938317
2021-03-15,3041.0,3099.0,3041.0,3066.14990234375,2644.82177734375,3097083
2021-03-16,3060.0,3141.0,3060.0,3110.050048828125,2682.68994140625,4894756
2021-03-17,3105.0,3155.0,3085.300048828125,3112.949951171875,2685.19140625,3838390
2021-03-18,3125.949951171875,3146.449951171875,2987.050048828125,3036.5,2619.246826171875,3656306
2021-03-19,3030.0,3099.0,3005.0,3050.199951171875,2631.064208984375,5776626
2021-03-22,3048.699951171875,3139.449951171875,3018.64990234375,3129.64990234375,2699.596923828125,2821646
2021-03-23,3140.0,3169.0,3122.85009765625,3142.60009765625,2710.767333984375,3305973
2021-03-24,3111.199951171875,3152.300048828125,3111.14990234375,3121.10009765625,2692.221923828125,2207104
2021-03-25,3112.199951171875,3130.85009765625,3050.0,3064.85009765625,2643.700927734375,3179786
2021-03-26,3090.64990234375,3118.0,3043.050048828125,3066.800048828125,2645.384033203125,3697370
2021-03-30,3083.0,3188.449951171875,3060.89990234375,3158.550048828125,2724.525634765625,4694008
2021-03-31,3155.0,3205.0,3132.0,3177.85009765625,2741.173828125,3530069
2021-04-01,3191.10009765625,3215.0,3145.0,3165.0,2730.088623046875,4285076
2021-04-05,3171.0,3263.0,3151.0,3238.89990234375,2793.83447265625,5317862
2021-04-06,3275.0,3275.0,3230.0,3264.699951171875,2816.08935546875,2291562
2021-04-07,3259.0,3277.550048828125,3234.800048828125,3271.39990234375,2821.868408203125,2491268
2021-04-08,3270.0,3335.0,3266.050048828125,3317.35009765625,2861.50439453125,2578118
2021-04-09,3354.0,3354.35009765625,3308.0,3322.25,2865.73046875,2911129
2021-04-12,3322.25,3338.10009765625,3213.199951171875,3246.550048828125,2800.433349609375,3791828
2021-04-13,3214.0,3214.0,3073.050048828125,3104.050048828125,2677.514404296875,8654596
2021-04-15,3160.300048828125,3237.25,3087.449951171875,3218.949951171875,2776.6259765625,6062760
2021-04-16,3229.0,3247.0,3182.60009765625,3195.14990234375,2756.095947265625,3224657
2021-04-19,3169.0,3189.0,3135.10009765625,3161.800048828125,2727.329345703125,2679106
2021-04-20,3225.0,3225.35009765625,3126.35009765625,3144.550048828125,2712.449462890625,3141893
2021-04-22,3148.0,3148.0,3105.25,3118.800048828125,2690.238037109375,1988980
2021-04-23,3105.0,3119.0,3091.050048828125,3109.5,2682.215576171875,1615309
2021-04-26,3102.050048828125,3153.0,3088.050048828125,3100.800048828125,2674.7109375,2490260
2021-04-27,3106.0,3136.10009765625,3103.0,3132.0,2701.623779296875,1471417
2021-04-28,3149.949951171875,3151.0,3112.0,3124.10009765625,2694.809814453125,1639037
2021-04-29,3145.60009765625,3157.35009765625,3105.5,3115.25,2687.17529296875,1621395
2021-04-30,3099.0,3132.050048828125,3020.0,3035.64990234375,2618.513427734375,3072305
2021-05-03,3024.89990234375,3055.0,3004.0,3037.0,2619.67822265625,1545831
2021-05-04,3062.800048828125,3090.0,3035.0,3049.75,2630.67578125,1990777
2021-05-05,3070.0,3099.39990234375,3052.39990234375,3095.699951171875,2670.31201171875,1939289
2021-05-06,3105.5,3134.0,3074.0,3111.449951171875,2683.897705078125,1791671
2021-05-07,3133.0,3159.85009765625,3111.800048828125,3132.89990234375,2702.400634765625,1912540
2021-05-10,3145.949951171875,3164.199951171875,3125.0,3145.5,2713.269287109375,2137153
2021-05-11,3125.0,3128.10009765625,3091.14990234375,3122.60009765625,2693.515380859375,2415625
2021-05-12,3120.0,3120.0,3070.60009765625,3087.60009765625,2663.3251953125,1978558
2021-05-14,3098.5,3098.5,3040.0,3051.5,2632.185546875,2043935
2021-05-17,3055.0,3075.199951171875,3036.0,3069.75,2647.927734375,2890462
2021-05-18,3100.0,3124.0,3078.0,3088.800048828125,2664.359130859375,2098538
2021-05-19,3084.0,3118.0,3067.10009765625,3082.0,2658.494384765625,1986041
2021-05-20,3067.10009765625,3088.800048828125,3052.10009765625,3060.0,2639.517333984375,2329027
2021-05-21,3061.0,3088.199951171875,3055.10009765625,3080.5,2657.200439453125,1685566
2021-05-24,3081.5,3105.0,3072.0,3081.5,2658.0634765625,1652260
2021-05-25,3092.0,3128.25,3082.10009765625,3114.0,2699.236572265625,1841613
2021-05-26,3120.0,3165.0,3103.800048828125,3158.5,2737.8095703125,1923753
2021-05-27,3161.949951171875,3217.75,3161.800048828125,3180.0,2756.44580078125,5959785
2021-05-28,3189.5,3198.0,3135.64990234375,3143.60009765625,2724.894287109375,1763701
2021-05-31,3150.0,3170.35009765625,3128.60009765625,3159.14990234375,2738.373046875,1652799
2021-06-01,3168.60009765625,3169.949951171875,3132.0,3153.0,2733.0419921875,1377441
2021-06-02,3150.85009765625,3159.449951171875,3115.0,3129.449951171875,2712.628662109375,2240078
2021-06-03,3154.550048828125,3154.550048828125,3122.64990234375,3141.25,2722.85693359375,1281706
2021-06-04,3128.0,3156.85009765625,3125.0,3143.75,2725.024169921875,1836060
2021-06-07,3145.0,3190.449951171875,3133.60009765625,3183.199951171875,2759.21923828125,2559821
2021-06-08,3198.0,3231.0,3187.199951171875,3200.14990234375,2773.911376953125,2574057
2021-06-09,3202.0,3220.0,3186.199951171875,3200.25,2773.9990234375,1710925
2021-06-10,3210.0,3224.0,3193.0,3216.800048828125,2788.34423828125,1874324
2021-06-11,3211.550048828125,3309.0,3211.0,3273.800048828125,2837.75244140625,3452954
2021-06-14,3279.0,3308.699951171875,3270.35009765625,3276.35009765625,2839.962158203125,1847360
2021-06-15,3298.0,3298.0,3251.550048828125,3262.75,2828.17333984375,1304985
2021-06-16,3262.10009765625,3294.699951171875,3253.0,3274.35009765625,2838.22900390625,1635552
2021-06-17,3265.5,3336.050048828125,3260.0,3317.75,2875.84814453125,2273413
2021-06-18,3350.89990234375,3358.0,3275.0,3297.300048828125,2858.1220703125,3380431
2021-06-21,3265.0,3286.0,3251.699951171875,3273.10009765625,2837.145263671875,1130569
2021-06-22,3304.0,3327.050048828125,3285.0,3301.199951171875,2861.502685546875,1708688
2021-06-23,3329.0,3329.0,3256.39990234375,3261.39990234375,2827.00439453125,1467104
2021-06-24,3284.0,3383.0,3278.5,3373.60009765625,2924.259521484375,4155204
2021-06-25,3375.25,3399.64990234375,3350.0,3380.800048828125,2930.500732421875,2722861
2021-06-28,3391.5,3391.5,3333.0,3336.75,2892.31787109375,1355238
2021-06-29,3342.0,3366.300048828125,3326.5,3340.85009765625,2895.871826171875,1497322
2021-06-30,3346.0,3382.0,3338.5,3345.75,2900.119384765625,1693146
2021-07-01,3358.0,3362.0,3332.35009765625,3341.5,2896.434814453125,990310
2021-07-02,3331.0,3339.699951171875,3295.199951171875,3325.449951171875,2882.522705078125,1682274
2021-07-05,3342.0,3374.0,3302.0,3321.0,2878.6650390625,1972858
2021-07-06,3313.0,3328.0,3256.10009765625,3262.300048828125,2827.78369140625,2159420
2021-07-07,3275.0,3282.699951171875,3241.60009765625,3274.949951171875,2838.749267578125,2640710
2021-07-08,3298.0,3298.0,3231.89990234375,3258.5,2824.489990234375,2485811
2021-07-09,3250.0,3282.0,3201.0,3208.14990234375,2780.845703125,6365067
2021-07-12,3235.0,3236.0,3188.35009765625,3193.10009765625,2767.80029296875,1892226
2021-07-13,3214.0,3214.0,3175.0,3187.550048828125,2762.990478515625,1809339
2021-07-14,3187.0,3222.0,3185.0,3214.550048828125,2786.393798828125,2044279
2021-07-15,3227.60009765625,3231.85009765625,3194.0,3202.949951171875,2782.3974609375,2232968
2021-07-16,3213.0,3219.85009765625,3192.0,3194.800048828125,2775.317626953125,1256526
2021-07-19,3180.0,3199.800048828125,3176.0,3184.60009765625,2766.45751953125,1597058
2021-07-20,3184.60009765625,3215.0,3156.14990234375,3205.800048828125,2784.873779296875,1811945
2021-07-22,3190.0,3224.949951171875,3190.0,3216.35009765625,2794.0380859375,2859334
2021-07-23,3230.0,3241.550048828125,3206.64990234375,3212.85009765625,2790.99755859375,1776193
2021-07-26,3200.0,3224.25,3190.85009765625,3197.550048828125,2777.70703125,1259611
2021-07-27,3200.0,3210.0,3161.14990234375,3182.949951171875,2765.024169921875,1121367
2021-07-28,3188.0,3204.449951171875,3132.39990234375,3197.800048828125,2777.924072265625,1660654
2021-07-29,3200.25,3225.449951171875,3190.300048828125,3195.800048828125,2776.18701171875,1731997
2021-07-30,3219.0,3223.5,3162.35009765625,3167.449951171875,2751.558349609375,2999943
2021-08-02,3180.0,3224.89990234375,3167.0,3219.39990234375,2796.6875,2608669
2021-08-03,3229.0,3290.0,3218.949951171875,3284.89990234375,2853.587646484375,3804735
2021-08-04,3300.0,3305.199951171875,3261.199951171875,3273.949951171875,2844.0751953125,2929598
2021-08-05,3275.0,3315.0,3262.5,3283.949951171875,2852.7626953125,2534521
2021-08-06,3272.550048828125,3324.0,3265.0,3309.800048828125,2875.218505859375,2292362
2021-08-09,3323.89990234375,3337.0,3310.0,3322.699951171875,2886.425048828125,1510489
2021-08-10,3315.60009765625,3349.89990234375,3315.60009765625,3333.89990234375,2896.153564453125,2040777
2021-08-11,3350.0,3360.0,3327.10009765625,3344.199951171875,2905.101806640625,1929707
2021-08-12,3326.0,3368.0,3326.0,3351.75,2911.659912109375,1310205
2021-08-13,3360.75,3480.0,3357.5,3463.39990234375,3008.650390625,4363584
2021-08-16,3460.0,3494.35009765625,3436.5,3472.949951171875,3016.9462890625,2083489
2021-08-17,3482.10009765625,3560.800048828125,3463.0,3553.050048828125,3086.529541015625,4336019
2021-08-18,3573.85009765625,3595.0,3536.60009765625,3560.550048828125,3093.044677734375,2631309
2021-08-20,3506.0,3575.0,3500.0,3559.5,3092.13232421875,2836148
2021-08-23,3580.0,3673.0,3561.89990234375,3637.39990234375,3159.8037109375,3744176
2021-08-24,3657.0,3667.35009765625,3594.39990234375,3613.199951171875,3138.781494140625,2511141
2021-08-25,3610.0,3697.75,3607.050048828125,3659.0,3178.5673828125,2123263
2021-08-26,3660.0,3687.60009765625,3647.89990234375,3671.85009765625,3189.730224609375,1902533
2021-08-27,3666.0,3729.5,3651.10009765625,3720.14990234375,3231.688232421875,3944728
2021-08-30,3715.0,3740.35009765625,3687.60009765625,3701.300048828125,3215.31396484375,2033114
2021-08-31,3709.39990234375,3804.10009765625,3703.449951171875,3786.449951171875,3289.283447265625,3207480
2021-09-01,3796.0,3816.699951171875,3707.0,3714.949951171875,3227.17138671875,2643336
2021-09-02,3734.0,3859.14990234375,3722.0,3836.75,3332.978759765625,3403717
2021-09-03,3825.0,3856.89990234375,3804.550048828125,3842.050048828125,3337.5830078125,1746812
2021-09-06,3849.699951171875,3877.60009765625,3814.0,3852.0,3346.226318359375,1723693
2021-09-07,3864.0,3869.949951171875,3808.25,3815.89990234375,3314.8671875,1585039
2021-09-08,3810.0,3815.0,3756.0,3774.14990234375,3278.59814453125,4147175
2021-09-09,3789.699951171875,3808.699951171875,3765.0,3791.39990234375,3293.5830078125,1441148
2021-09-13,3767.0,3852.39990234375,3767.0,3845.35009765625,3340.44970703125,1691473
2021-09-14,3849.949951171875,3896.5,3825.0,3885.89990234375,3375.67578125,1991188
2021-09-15,3882.10009765625,3980.0,3866.0,3954.550048828125,3435.311279296875,2461369
2021-09-16,3930.0,3981.75,3892.10009765625,3903.300048828125,3390.791015625,2946666
2021-09-17,3920.0,3945.0,3805.0,3827.85009765625,3325.247802734375,6477148
2021-09-20,3809.0,3871.0,3807.85009765625,3823.5,3321.468505859375,2002008
2021-09-21,3858.0,3871.550048828125,3821.64990234375,3862.949951171875,3355.73876953125,1568129
2021-09-22,3862.5,3896.85009765625,3852.449951171875,3862.14990234375,3355.0439453125,1744067
2021-09-23,3870.0,3879.0,3835.0,3869.25,3361.211669921875,2003869
2021-09-24,3890.0,3944.39990234375,3855.0,3871.300048828125,3362.992431640625,2320754
2021-09-27,3900.0,3904.0,3802.89990234375,3836.949951171875,3333.153076171875,1673362
2021-09-28,3850.0,3850.0,3751.25,3779.14990234375,3282.942138671875,2253075
2021-09-29,3759.800048828125,3806.0,3722.14990234375,3791.89990234375,3294.017578125,2489161
2021-09-30,3805.0,3805.0,3750.10009765625,3775.550048828125,3279.814697265625,2252412
2021-10-01,3781.75,3810.0,3725.0,3730.199951171875,3240.41943359375,1578374
2021-10-04,3724.800048828125,3783.64990234375,3707.449951171875,3773.300048828125,3277.85986328125,1356860
2021-10-05,3754.0,3840.0,3741.60009765625,3833.300048828125,3329.9814453125,1877966
2021-10-06,3836.0,3857.449951171875,3795.0,3810.89990234375,3310.522705078125,1678154
2021-10-07,3830.0,3899.0,3820.050048828125,3892.89990234375,3381.75634765625,1647233
2021-10-08,3925.0,3989.89990234375,3900.0,3935.64990234375,3418.893310546875,2934339
2021-10-11,3755.0,3757.5,3660.0,3685.60009765625,3201.675537109375,11845402
2021-10-12,3706.0,3707.0,3630.60009765625,3652.85009765625,3173.2255859375,5752877
2021-10-13,3650.0,3675.449951171875,3645.0,3655.199951171875,3175.266845703125,3545655
2021-10-14,3625.0,3670.0,3608.199951171875,3611.449951171875,3143.281494140625,6442299
2021-10-18,3603.449951171875,3652.699951171875,3601.449951171875,3647.14990234375,3174.352783203125,3590107
2021-10-19,3669.0,3690.10009765625,3625.199951171875,3634.14990234375,3163.0380859375,3135441
2021-10-20,3612.0,3630.0,3578.300048828125,3608.85009765625,3141.017822265625,2933693
2021-10-21,3604.10009765625,3607.449951171875,3511.25,3532.5,3074.5654296875,4871211
2021-10-22,3560.0,3561.60009765625,3485.0,3498.85009765625,3045.27783203125,2691670
2021-10-25,3503.0,3514.550048828125,3450.0,3492.949951171875,3040.142578125,2595594
2021-10-26,3494.5,3529.0,3475.0,3482.60009765625,3031.134033203125,3878763
2021-10-27,3483.0,3511.25,3483.0,3489.75,3037.357421875,2510813
2021-10-28,3518.0,3518.0,3415.0,3421.64990234375,2978.085693359375,2424942
2021-10-29,3400.050048828125,3461.0,3385.949951171875,3397.75,2957.283447265625,3960501
2021-11-01,3437.949951171875,3487.0,3412.949951171875,3476.39990234375,3025.738037109375,2020718
2021-11-02,3494.0,3513.60009765625,3469.75,3484.199951171875,3032.526611328125,3087414
2021-11-03,3504.199951171875,3519.89990234375,3466.050048828125,3492.25,3039.533447265625,1537639
2021-11-04,3512.949951171875,3513.25,3505.0,3508.64990234375,3053.807373046875,328991
2021-11-08,3548.0,3548.0,3481.199951171875,3502.75,3048.67236328125,2526082
2021-11-09,3508.0,3535.0,3496.0,3505.699951171875,3051.2392578125,1782692
2021-11-10,3498.0,3519.699951171875,3480.199951171875,3484.300048828125,3032.613525390625,1516489
2021-11-11,3480.0,3510.050048828125,3436.0,3488.199951171875,3036.00830078125,1284514
2021-11-12,3506.0,3534.14990234375,3485.699951171875,3526.050048828125,3068.951416015625,1747259
2021-11-15,3528.0,3569.60009765625,3528.0,3553.300048828125,3092.669189453125,1809157
2021-11-16,3569.0,3575.550048828125,3542.0,3556.39990234375,3095.367431640625,2013204
2021-11-17,3550.60009765625,3562.85009765625,3506.39990234375,3521.89990234375,3065.33935546875,1632914
2021-11-18,3515.14990234375,3520.85009765625,3451.60009765625,3475.699951171875,3025.12890625,2136598
2021-11-22,3478.39990234375,3515.949951171875,3440.300048828125,3458.39990234375,3010.071044921875,3167936
2021-11-23,3445.0,3480.949951171875,3407.800048828125,3464.25,3015.16357421875,2153461
2021-11-24,3472.199951171875,3493.050048828125,3424.0,3443.300048828125,2996.928955078125,2161746
2021-11-25,3443.89990234375,3463.0,3434.050048828125,3445.89990234375,2999.191650390625,1849619
2021-11-26,3425.0,3490.0,3411.89990234375,3446.85009765625,3000.0185546875,1941251
2021-11-29,3447.14990234375,3529.35009765625,3406.449951171875,3502.0,3048.01953125,2981745
2021-11-30,3491.0,3563.75,3491.0,3529.14990234375,3071.64990234375,5588446
2021-12-01,3535.0,3590.0,3535.0,3577.800048828125,3113.99365234375,2102118
2021-12-02,3589.199951171875,3648.0,3574.10009765625,3642.89990234375,3170.654541015625,3152938
2021-12-03,3646.449951171875,3665.949951171875,3630.85009765625,3640.449951171875,3168.521240234375,2486263
2021-12-06,3640.449951171875,3658.0,3522.0,3536.39990234375,3077.95947265625,1849642
2021-12-07,3562.5,3598.0,3524.300048828125,3584.5,3119.82470703125,1484458
2021-12-08,3601.0,3646.449951171875,3601.0,3626.89990234375,3156.72802734375,1428660
2021-12-09,3610.0,3634.75,3566.0,3601.75,3134.837890625,1567957
2021-12-10,3585.0,3642.0,3575.10009765625,3636.800048828125,3165.3447265625,1510718
2021-12-13,3650.0,3662.0,3601.699951171875,3609.64990234375,3141.7138671875,1883864
2021-12-14,3605.0,3635.0,3576.699951171875,3623.800048828125,3154.02978515625,1747007
2021-12-15,3620.0,3623.0,3558.14990234375,3570.35009765625,3107.509521484375,1603233
2021-12-16,3582.0,3608.449951171875,3570.0,3581.60009765625,3117.30029296875,2072320
2021-12-17,3602.5,3651.35009765625,3573.699951171875,3584.35009765625,3119.693603515625,4333992
2021-12-20,3589.0,3606.0,3510.14990234375,3556.89990234375,3095.802001953125,2312310
2021-12-21,3582.64990234375,3641.199951171875,3566.39990234375,3608.300048828125,3140.5390625,2340989
2021-12-22,3624.0,3636.800048828125,3606.25,3630.75,3160.078857421875,1224328
2021-12-23,3648.0,3670.5,3630.0,3662.699951171875,3187.886962890625,1792861
2021-12-24,3685.0,3705.0,3644.800048828125,3670.89990234375,3195.02392578125,2209923
2021-12-27,3671.0,3700.0,3653.10009765625,3696.10009765625,3216.95751953125,1534135
2021-12-28,3710.0,3725.0,3693.85009765625,3706.550048828125,3226.05322265625,1456218
2021-12-29,3692.25,3719.949951171875,3685.0,3694.699951171875,3215.738525390625,1456923
2021-12-30,3681.35009765625,3740.0,3680.0,3733.75,3249.726806640625,1966475
2021-12-31,3742.800048828125,3760.0,3731.300048828125,3738.35009765625,3253.73046875,1207141
2022-01-03,3750.0,3830.0,3745.0,3817.75,3322.83740234375,2346158
2022-01-04,3831.10009765625,3889.14990234375,3811.699951171875,3884.75,3381.15185546875,2488606
2022-01-05,3865.0,3870.0,3812.39990234375,3860.949951171875,3360.4365234375,1733031
2022-01-06,3812.0,3835.0,3772.0,3807.449951171875,3313.872314453125,1810293
2022-01-07,3820.0,3864.89990234375,3796.39990234375,3853.5,3353.952880859375,2460591
2022-01-10,3978.0,3978.0,3861.0,3879.85009765625,3376.88720703125,3937092
2022-01-11,3856.0,3925.0,3856.0,3915.89990234375,3408.26318359375,1906106
2022-01-12,3925.0,3929.0,3836.550048828125,3859.89990234375,3359.523193359375,3203744
2022-01-13,3918.0,3923.0,3857.0,3897.89990234375,3392.59716796875,6684507
2022-01-14,3877.85009765625,3977.0,3860.050048828125,3968.14990234375,3453.74072265625,3348123
2022-01-17,3992.699951171875,4043.0,3962.300048828125,4019.14990234375,3498.129150390625,3442604
2022-01-18,4033.949951171875,4041.699951171875,3980.0,3990.60009765625,3473.27978515625,2389041
2022-01-19,4012.0,4012.0,3910.5,3914.64990234375,3413.162353515625,3102539
2022-01-20,3910.0,3920.0,3811.0,3826.550048828125,3336.348876953125,6176776
2022-01-21,3807.0,3851.550048828125,3771.10009765625,3833.5,3342.408447265625,3112358
2022-01-24,3840.0,3849.64990234375,3740.10009765625,3771.35009765625,3288.220703125,3258414
2022-01-25,3769.5,3809.39990234375,3722.199951171875,3769.89990234375,3286.9560546875,3330501
2022-01-27,3731.0,3733.39990234375,3625.10009765625,3649.25,3181.761962890625,5718297
2022-01-28,3646.0,3729.800048828125,3646.0,3690.050048828125,3217.33544921875,3143862
2022-01-31,3749.0,3758.0,3721.39990234375,3736.25,3257.616943359375,2739393
2022-02-01,3770.0,3808.0,3736.39990234375,3800.64990234375,3313.7666015625,2105169
2022-02-02,3827.89990234375,3864.0,3800.64990234375,3856.199951171875,3362.2001953125,1984212
2022-02-03,3851.0,3882.5,3816.050048828125,3824.60009765625,3334.64892578125,1960538
2022-02-04,3815.300048828125,3824.699951171875,3769.0,3814.89990234375,3326.19140625,2307366
2022-02-07,3791.0,3831.800048828125,3756.14990234375,3779.0,3294.889892578125,1919149
2022-02-08,3791.550048828125,3799.699951171875,3721.0,3743.449951171875,3263.89404296875,2946443
2022-02-09,3750.0,3777.949951171875,3746.10009765625,3760.550048828125,3278.8037109375,1638721
2022-02-10,3789.800048828125,3789.800048828125,3758.0,3770.35009765625,3287.348388671875,2112459
2022-02-11,3752.5,3752.5,3690.0,3694.949951171875,3221.607421875,3851488
2022-02-14,3724.0,3793.25,3710.0,3733.75,3255.43701171875,5951745
2022-02-15,3786.0,3835.0,3748.0,3817.800048828125,3328.719970703125,3931683
2022-02-16,3844.0,3854.10009765625,3806.0,3813.10009765625,3324.6220703125,3256906
2022-02-17,3825.0,3835.0,3779.0,3784.199951171875,3299.423583984375,3134372
2022-02-18,3769.0,3815.949951171875,3757.60009765625,3793.89990234375,3307.881591796875,3688883
2022-02-21,3810.0,3827.800048828125,3705.550048828125,3719.39990234375,3242.92529296875,7465922
2022-02-22,3650.0,3667.89990234375,3570.0,3586.39990234375,3126.963134765625,5408531
2022-02-23,3611.0,3622.89990234375,3555.64990234375,3563.800048828125,3107.2578125,2426203
2022-02-24,3474.0,3483.85009765625,3391.10009765625,3401.64990234375,2965.880615234375,5039136
2022-02-25,3468.0,3530.0,3462.0,3520.75,3069.72314453125,2549723
2022-02-28,3490.0,3563.75,3455.89990234375,3554.199951171875,3098.887939453125,3288942
2022-03-02,3552.5,3571.949951171875,3506.0,3546.14990234375,3091.86962890625,2761341
2022-03-03,3562.85009765625,3578.60009765625,3530.10009765625,3544.39990234375,3090.34326171875,1928039
2022-03-04,3501.5,3561.199951171875,3487.050048828125,3524.35009765625,3072.862060546875,2370257
2022-03-07,3450.0,3548.0,3431.550048828125,3484.89990234375,3038.465576171875,3054130
2022-03-08,3460.0,3609.0,3460.0,3599.949951171875,3138.77783203125,3300992
2022-03-09,3605.0,3654.0,3597.050048828125,3632.60009765625,3167.24462890625,2719654
2022-03-10,3684.0,3684.0,3615.0,3620.949951171875,3157.087158203125,2005441
2022-03-11,3603.25,3639.85009765625,3592.85009765625,3599.14990234375,3138.080078125,1623423
2022-03-14,3580.0,3648.35009765625,3580.0,3643.0,3176.312255859375,1765688
2022-03-15,3659.0,3659.0,3585.39990234375,3593.89990234375,3133.50244140625,3651133
2022-03-16,3640.5,3668.0,3616.25,3655.89990234375,3187.5595703125,3090475
2022-03-17,3696.60009765625,3710.0,3660.300048828125,3672.75,3202.251953125,3600452
2022-03-21,3696.0,3713.949951171875,3615.0,3626.699951171875,3162.100341796875,2413831
2022-03-22,3640.0,3711.0,3625.0,3700.949951171875,3226.8388671875,2907611
2022-03-23,3708.0,3729.800048828125,3690.0,3712.39990234375,3236.82177734375,1596195
2022-03-24,3700.0,3758.199951171875,3695.0,3749.85009765625,3269.474609375,1879046
2022-03-25,3759.89990234375,3779.5,3672.0,3707.449951171875,3232.505859375,1690133
2022-03-28,3695.0,3713.0,3661.199951171875,3707.699951171875,3232.72412109375,1760990
2022-03-29,3694.75,3722.0,3691.0,3705.35009765625,3230.67529296875,2689063
2022-03-30,3738.0,3738.0,3706.199951171875,3731.550048828125,3253.518798828125,1583455
2022-03-31,3740.0,3754.64990234375,3720.199951171875,3739.949951171875,3260.84228515625,2168110
2022-04-01,3748.0,3763.0,3728.050048828125,3758.75,3277.234130859375,1387014
2022-04-04,3762.0,3780.0,3737.10009765625,3770.35009765625,3287.348388671875,1472994
2022-04-05,3772.0,3835.60009765625,3772.0,3814.800048828125,3326.10400390625,2314947
2022-04-06,3809.300048828125,3809.300048828125,3731.14990234375,3755.35009765625,3274.270263671875,2051729
2022-04-07,3745.5,3745.5,3679.0,3684.14990234375,3212.191162109375,2494829
2022-04-08,3690.0,3705.0,3642.5,3685.64990234375,3213.498779296875,2296773
2022-04-11,3690.0,3712.35009765625,3656.10009765625,3696.39990234375,3222.871337890625,2291660
2022-04-12,3683.0,3739.0,3648.35009765625,3691.10009765625,3218.25048828125,4483476
2022-04-13,3707.0,3709.85009765625,3655.550048828125,3661.949951171875,3192.83447265625,1621672
2022-04-18,3610.0,3610.0,3522.5,3528.050048828125,3076.088623046875,3820792
2022-04-19,3550.0,3563.550048828125,3439.14990234375,3471.89990234375,3027.13134765625,3170014
2022-04-20,3500.0,3569.14990234375,3480.0,3556.800048828125,3101.155029296875,2640370
2022-04-21,3580.0,3644.0,3567.39990234375,3628.64990234375,3163.80126953125,2280996
2022-04-22,3581.10009765625,3617.0,3571.5,3612.550048828125,3149.762939453125,1581465
2022-04-25,3558.0,3584.0,3533.10009765625,3548.199951171875,3093.656982421875,1960694
2022-04-26,3575.14990234375,3587.89990234375,3518.14990234375,3546.300048828125,3092.000732421875,1943469
2022-04-27,3546.0,3568.449951171875,3506.300048828125,3561.199951171875,3104.991455078125,1727648
2022-04-28,3588.0,3604.39990234375,3538.050048828125,3584.300048828125,3125.132568359375,1703660
2022-04-29,3597.0,3623.25,3536.85009765625,3546.699951171875,3092.3486328125,2051115
2022-05-02,3519.89990234375,3547.949951171875,3492.75,3542.39990234375,3088.60009765625,1324161
2022-05-04,3538.5,3545.449951171875,3465.300048828125,3479.75,3033.975830078125,2305825
2022-05-05,3512.10009765625,3533.0,3485.35009765625,3513.39990234375,3063.315185546875,1612262
2022-05-06,3459.0,3474.5,3424.5,3432.60009765625,2992.8662109375,2010812
2022-05-09,3398.0,3456.0,3346.85009765625,3445.10009765625,3003.76416015625,2481830
2022-05-10,3434.0,3464.800048828125,3422.0,3438.75,2998.228271484375,1622685
2022-05-11,3435.0,3448.449951171875,3382.14990234375,3412.0,2974.904296875,1841769
2022-05-12,3378.0,3449.699951171875,3350.10009765625,3408.64990234375,2971.984130859375,2807195
2022-05-13,3435.0,3439.89990234375,3382.14990234375,3414.89990234375,2977.43310546875,2187823
2022-05-16,3415.0,3430.0,3366.60009765625,3376.800048828125,2944.2138671875,1195813
2022-05-17,3370.0,3467.0,3350.39990234375,3451.60009765625,3009.431396484375,1754076
2022-05-18,3465.0,3495.0,3443.050048828125,3448.800048828125,3006.990478515625,1866781
2022-05-19,3397.0,3405.0,3230.0,3261.949951171875,2844.0771484375,4642963
2022-05-20,3310.0,3313.89990234375,3270.050048828125,3293.0,2871.1494140625,3065125
2022-05-23,3304.800048828125,3338.89990234375,3267.0,3321.75,2896.2158203125,2293690
2022-05-24,3315.14990234375,3324.85009765625,3275.60009765625,3288.0,2866.79052734375,1711510
2022-05-25,3292.85009765625,3292.85009765625,3154.050048828125,3167.64990234375,2780.460693359375,3548046
2022-05-26,3191.0,3241.5,3180.550048828125,3226.949951171875,2832.512451171875,2813186
2022-05-27,3253.199951171875,3278.89990234375,3229.199951171875,3261.300048828125,2862.66455078125,3103153
2022-05-30,3297.0,3386.60009765625,3286.35009765625,3375.25,2962.68603515625,2094624
2022-05-31,3354.14990234375,3383.39990234375,3325.0,3364.35009765625,2953.1181640625,4840965
2022-06-01,3388.0,3388.0,3340.050048828125,3355.199951171875,2945.086669921875,1493835
2022-06-02,3355.0,3432.0,3346.300048828125,3423.0,3004.599609375,2657939
2022-06-03,3459.39990234375,3477.300048828125,3431.199951171875,3440.14990234375,3019.65234375,1913622
2022-06-06,3418.0,3453.0,3377.14990234375,3430.949951171875,3011.577880859375,1084210
2022-06-07,3401.050048828125,3418.85009765625,3356.0,3362.699951171875,2951.66943359375,2308256
2022-06-08,3380.14990234375,3413.949951171875,3346.5,3404.14990234375,2988.052978515625,2185707
2022-06-09,3385.0,3437.0,3353.10009765625,3427.10009765625,3008.198486328125,1279197
2022-06-10,3382.0,3393.0,3352.0,3359.89990234375,2949.2119140625,1527582
2022-06-13,3290.0,3293.0,3192.449951171875,3219.60009765625,2826.0615234375,3030921
2022-06-14,3190.0,3238.89990234375,3174.699951171875,3210.550048828125,2818.1181640625,2611493
2022-06-15,3218.5,3234.0,3201.0,3206.300048828125,2814.38720703125,1404536
2022-06-16,3240.0,3244.85009765625,3133.050048828125,3142.0,2757.94677734375,2032028
2022-06-17,3092.0,3118.75,3023.85009765625,3088.89990234375,2711.336669921875,5240434
2022-06-20,3094.0,3138.75,3069.0,3112.39990234375,2731.96484375,1502769
2022-06-21,3130.0,3237.75,3125.39990234375,3211.949951171875,2819.3466796875,2964461
2022-06-22,3199.89990234375,3250.550048828125,3183.0,3222.949951171875,2829.001953125,3336315
2022-06-23,3222.949951171875,3318.0,3222.949951171875,3308.800048828125,2904.3583984375,3692578
2022-06-24,3339.0,3345.0,3277.5,3293.10009765625,2890.57763671875,2132118
2022-06-27,3350.0,3362.89990234375,3306.5,3314.699951171875,2909.537353515625,2037686
2022-06-28,3307.0,3330.0,3272.60009765625,3318.14990234375,2912.56494140625,1400046
2022-06-29,3271.0,3333.0,3271.0,3290.5,2888.294677734375,2133994
2022-06-30,3272.0,3310.89990234375,3255.0,3267.10009765625,2867.755859375,2719603
2022-07-01,3260.0,3333.0,3252.050048828125,3315.10009765625,2909.887939453125,1502879
2022-07-04,3312.0,3317.949951171875,3225.050048828125,3235.050048828125,2839.622802734375,2622535
2022-07-05,3255.0,3272.0,3206.949951171875,3216.300048828125,2823.1650390625,2170627
2022-07-06,3218.5,3268.5,3202.25,3260.75,2862.181396484375,2182144
2022-07-07,3271.0,3319.39990234375,3265.050048828125,3287.85009765625,2885.968994140625,1989921
2022-07-08,3300.0,3305.0,3250.0,3265.449951171875,2866.306884765625,2136916
2022-07-11,3206.14990234375,3225.0,3106.0,3113.800048828125,2733.19384765625,6974600
2022-07-12,3114.89990234375,3136.199951171875,3080.25,3084.699951171875,2707.650634765625,3734815
2022-07-13,3104.0,3110.0,3035.0,3038.75,2667.317138671875,3863530
2022-07-14,3056.0,3057.0,2967.0,2998.75,2639.15380859375,4764908
2022-07-15,3018.550048828125,3028.89990234375,2953.0,2994.60009765625,2635.502197265625,4574806
2022-07-18,3023.0,3076.949951171875,3014.300048828125,3063.5,2696.1396484375,3202795
2022-07-19,3030.050048828125,3078.949951171875,3030.050048828125,3074.25,2705.600830078125,1865074
2022-07-20,3107.800048828125,3171.949951171875,3098.050048828125,3164.800048828125,2785.292236328125,3402251
2022-07-21,3167.0,3184.0,3144.050048828125,3177.300048828125,2796.293701171875,2420640
2022-07-22,3185.0,3197.0,3143.5,3171.0,2790.749267578125,2075886
2022-07-25,3165.0,3186.449951171875,3149.10009765625,3166.75,2787.0087890625,1797504
2022-07-26,3164.699951171875,3168.89990234375,3096.5,3115.89990234375,2742.256103515625,2639367
2022-07-27,3115.0,3194.10009765625,3110.0,3188.85009765625,2806.458740234375,1389808
2022-07-28,3216.0,3264.0,3201.64990234375,3260.5,2869.51611328125,2106333
2022-07-29,3290.0,3317.300048828125,3275.0,3301.89990234375,2905.9521484375,2430257
2022-08-01,3327.0,3327.0,3271.0,3298.800048828125,2903.2236328125,1306913
2022-08-02,3290.0,3312.89990234375,3271.64990234375,3291.800048828125,2897.06396484375,1269114
2022-08-03,3280.0,3349.0,3277.050048828125,3339.5,2939.04345703125,2895824
2022-08-04,3350.0,3387.89990234375,3307.35009765625,3354.949951171875,2952.640625,2150567
2022-08-05,3361.199951171875,3377.0,3355.0,3365.050048828125,2961.529052734375,1106933
2022-08-08,3365.0,3378.89990234375,3336.0,3374.449951171875,2969.80224609375,1068836
2022-08-10,3385.0,3385.0,3335.0,3354.25,2952.024658203125,1878359
2022-08-11,3400.0,3428.699951171875,3375.050048828125,3422.5,3012.090576171875,1449248
2022-08-12,3419.0,3419.0,3381.25,3401.550048828125,2993.652587890625,1472354
2022-08-16,3411.0,3414.85009765625,3387.5,3392.699951171875,2985.86328125,839942
2022-08-17,3385.10009765625,3417.949951171875,3371.10009765625,3401.10009765625,2993.257080078125,1622326
2022-08-18,3390.0,3392.0,3362.0,3381.25,2975.786865234375,1430659
2022-08-19,3387.0,3421.5,3371.25,3385.75,2979.7470703125,1398410
2022-08-22,3365.0,3384.10009765625,3347.39990234375,3354.550048828125,2952.28857421875,1536532
2022-08-23,3319.949951171875,3341.89990234375,3270.0,3284.60009765625,2890.72705078125,1849256
2022-08-24,3292.0,3308.0,3250.199951171875,3255.35009765625,2864.984375,1691923
2022-08-25,3276.0,3278.14990234375,3214.75,3218.199951171875,2832.289306640625,1946930
2022-08-26,3234.300048828125,3257.0,3216.800048828125,3222.199951171875,2835.809326171875,1457962
2022-08-29,3125.0,3142.699951171875,3081.0,3132.550048828125,2756.909423828125,2539173
2022-08-30,3155.0,3226.5,3142.10009765625,3211.14990234375,2826.084228515625,3431525
2022-09-01,3190.0,3190.0,3121.0,3131.699951171875,2756.161376953125,3546935
2022-09-02,3163.0,3163.0,3120.300048828125,3130.39990234375,2755.017333984375,2052900
2022-09-05,3123.64990234375,3147.949951171875,3112.25,3133.39990234375,2757.657958984375,2147912
2022-09-06,3135.5,3140.85009765625,3106.35009765625,3127.050048828125,2752.0693359375,1936453
2022-09-07,3102.0,3161.89990234375,3102.0,3149.60009765625,2771.915283203125,1291534
2022-09-08,3170.0,3183.5,3160.10009765625,3169.64990234375,2789.560791015625,1346113
2022-09-09,3195.0,3233.5,3168.5,3217.64990234375,2831.8046875,1561185
2022-09-12,3239.89990234375,3269.800048828125,3225.0,3242.949951171875,2854.0712890625,1785928
2022-09-13,3263.449951171875,3263.449951171875,3225.0,3229.35009765625,2842.1025390625,1972678
2022-09-14,3135.0,3141.39990234375,3113.800048828125,3120.39990234375,2746.217041015625,5090269
2022-09-15,3130.0,3137.75,3100.0,3104.35009765625,2732.091552734375,2138023
2022-09-16,3076.0,3094.35009765625,3000.0,3008.699951171875,2647.910888671875,5322221
2022-09-19,3036.0,3042.0,2987.800048828125,3028.800048828125,2665.60107421875,2072220
2022-09-20,3050.0,3079.949951171875,3030.0,3040.300048828125,2675.722412109375,1544295
2022-09-21,3028.0,3041.39990234375,2998.14990234375,3001.199951171875,2641.310791015625,2253818
2022-09-22,2990.0,3029.949951171875,2979.300048828125,3007.39990234375,2646.76708984375,2017983
2022-09-23,3004.0,3022.5,2979.0,2982.050048828125,2624.45703125,2652374
2022-09-26,2959.85009765625,3025.85009765625,2926.10009765625,2994.39990234375,2635.326171875,2925489
2022-09-27,3009.39990234375,3025.0,2976.0,3017.449951171875,2655.612060546875,2227447
2022-09-28,2980.0,3049.949951171875,2980.0,3035.64990234375,2671.62890625,2739767
2022-09-29,3054.0,3055.85009765625,2990.0,2997.300048828125,2637.878173828125,2493902
2022-09-30,2990.85009765625,3019.699951171875,2950.10009765625,3004.550048828125,2644.259033203125,2817353
2022-10-03,2995.0,3020.699951171875,2974.0,2984.949951171875,2627.009033203125,1763331
2022-10-04,3029.949951171875,3098.0,3023.0,3091.14990234375,2720.473876953125,2145875
2022-10-06,3111.0,3124.0,3092.449951171875,3101.949951171875,2729.9794921875,1790816
2022-10-07,3097.39990234375,3105.0,3058.10009765625,3064.89990234375,2697.372314453125,1939879
2022-10-10,3010.0,3127.0,3005.0,3118.550048828125,2744.588623046875,3064063
2022-10-11,3100.0,3145.0,3053.35009765625,3069.550048828125,2701.46484375,4730645
2022-10-12,3084.89990234375,3109.89990234375,3062.050048828125,3100.75,2728.922607421875,1665247
2022-10-13,3100.75,3110.0,3052.35009765625,3103.300048828125,2731.16748046875,2054781
2022-10-14,3145.0,3150.0,3071.0,3099.14990234375,2727.5146484375,2245977
2022-10-17,3072.64990234375,3128.39990234375,3071.449951171875,3111.75,2745.69140625,1517005
2022-10-18,3150.0,3155.35009765625,3128.550048828125,3144.699951171875,2774.76513671875,1793722
2022-10-19,3159.0,3159.0,3112.0,3121.85009765625,2754.603759765625,1194289
2022-10-20,3105.0,3160.0,3105.0,3157.300048828125,2785.88330078125,1587601
2022-10-21,3157.800048828125,3160.39990234375,3127.0,3137.39990234375,2768.323974609375,1021913
2022-10-24,3170.10009765625,3178.0,3155.0,3161.699951171875,2789.76513671875,260949
2022-10-25,3180.5,3184.25,3151.14990234375,3162.10009765625,2790.118896484375,2069643
2022-10-27,3160.699951171875,3174.0,3134.35009765625,3157.39990234375,2785.971435546875,2438421
2022-10-28,3150.0,3178.5,3145.0,3163.25,2791.13330078125,1355739
2022-10-31,3199.0,3199.0,3177.800048828125,3193.14990234375,2817.515869140625,1919414
2022-11-01,3214.5,3262.60009765625,3203.449951171875,3259.699951171875,2876.23681640625,2991060
2022-11-02,3270.0,3270.0,3222.050048828125,3241.699951171875,2860.354736328125,1405955
2022-11-03,3228.050048828125,3228.050048828125,3195.0,3206.75,2829.515869140625,1422652
2022-11-04,3217.0,3220.050048828125,3166.14990234375,3217.39990234375,2838.913330078125,1464013
2022-11-07,3229.0,3242.800048828125,3195.10009765625,3233.699951171875,2853.295654296875,1474498
2022-11-09,3249.800048828125,3249.800048828125,3201.64990234375,3216.050048828125,2837.721923828125,1162267
2022-11-10,3170.0,3225.0,3170.0,3205.64990234375,2828.54541015625,1573092
2022-11-11,3269.60009765625,3341.60009765625,3255.050048828125,3315.949951171875,2925.869873046875,3265394
2022-11-14,3324.0,3349.0,3309.0,3335.5,2943.1201171875,1342074
2022-11-15,3321.0,3339.949951171875,3292.0,3332.60009765625,2940.56103515625,1400708
2022-11-16,3338.89990234375,3367.89990234375,3321.449951171875,3355.35009765625,2960.63525390625,1748235
2022-11-17,3340.0,3360.0,3317.75,3349.0,2955.031982421875,1417986
2022-11-18,3350.0,3362.75,3321.0,3343.449951171875,2950.134765625,1164540
2022-11-21,3322.5,3333.699951171875,3273.0,3283.5,2897.2373046875,1304194
2022-11-22,3280.0,3318.949951171875,3255.25,3314.949951171875,2924.987548828125,1149739
2022-11-23,3330.0,3330.0,3291.0,3308.300048828125,2919.1201171875,1150011
2022-11-24,3316.25,3392.949951171875,3308.300048828125,3380.14990234375,2982.518310546875,1296591
2022-11-25,3383.0,3403.35009765625,3348.0,3389.64990234375,2990.89990234375,1588981
2022-11-28,3366.0,3417.0,3365.550048828125,3395.25,2995.841064453125,2195437
2022-11-29,3383.0,3429.0,3383.0,3397.35009765625,2997.694091796875,1576028
2022-11-30,3383.0,3414.89990234375,3375.0,3390.800048828125,2991.914794921875,3410702
2022-12-01,3425.0,3480.0,3420.0,3475.64990234375,3066.783203125,2180856
2022-12-02,3458.10009765625,3468.89990234375,3413.0,3439.14990234375,3034.57763671875,2411749
2022-12-05,3433.0,3439.14990234375,3407.0,3425.89990234375,3022.8857421875,1475065
2022-12-06,3400.050048828125,3407.949951171875,3368.0,3385.35009765625,2987.10595703125,1166999
2022-12-07,3368.300048828125,3393.699951171875,3354.0,3380.60009765625,2982.914794921875,1167505
2022-12-08,3360.0,3380.60009765625,3339.449951171875,3350.550048828125,2956.399658203125,1285619
2022-12-09,3374.10009765625,3374.10009765625,3276.35009765625,3292.75,2905.399169921875,1797896
2022-12-12,3255.5,3296.0,3236.10009765625,3286.449951171875,2899.840576171875,1527610
2022-12-13,3277.199951171875,3336.449951171875,3267.800048828125,3332.10009765625,2940.11962890625,1378016
2022-12-14,3348.800048828125,3377.0,3340.89990234375,3365.35009765625,2969.458740234375,1213311
2022-12-15,3358.800048828125,3364.75,3298.949951171875,3305.10009765625,2916.296875,1415694
2022-12-16,3275.0,3292.0,3225.199951171875,3240.25,2859.075439453125,2703680
2022-12-19,3227.0,3245.5,3194.5,3202.050048828125,2825.369873046875,2120965
2022-12-20,3198.89990234375,3249.0,3163.64990234375,3243.949951171875,2862.340576171875,1529971
2022-12-21,3249.0,3283.050048828125,3240.0,3268.550048828125,2884.046142578125,1432566
2022-12-22,3294.0,3294.0,3245.10009765625,3259.699951171875,2876.23681640625,1384101
2022-12-23,3217.0,3266.85009765625,3217.0,3228.35009765625,2848.575439453125,1360281
2022-12-26,3228.35009765625,3272.0,3225.050048828125,3252.89990234375,2870.237060546875,870157
2022-12-27,3269.199951171875,3273.800048828125,3231.5,3259.5,2876.060302734375,835883
2022-12-28,3249.800048828125,3266.10009765625,3226.0,3257.10009765625,2873.942626953125,910795
2022-12-29,3231.10009765625,3271.5,3228.0,3268.75,2884.22265625,1037927
2022-12-30,3286.050048828125,3299.0,3246.199951171875,3256.699951171875,2873.58984375,1163131
2023-01-02,3261.0,3266.85009765625,3235.199951171875,3261.449951171875,2877.78125,709547
2023-01-03,3252.0,3320.0,3245.300048828125,3311.35009765625,2921.81103515625,1245178
2023-01-04,3306.699951171875,3327.35009765625,3286.199951171875,3314.64990234375,2924.722900390625,1231668
2023-01-05,3330.199951171875,3337.300048828125,3281.949951171875,3311.10009765625,2921.5908203125,1826057
2023-01-06,3300.0,3301.550048828125,3200.0,3211.550048828125,2833.751953125,2488376
2023-01-09,3229.0,3327.0,3221.14990234375,3319.949951171875,2929.399658203125,2885060
2023-01-10,3285.0,3298.0,3230.10009765625,3286.39990234375,2899.795654296875,3864655
2023-01-11,3290.10009765625,3349.5,3271.14990234375,3328.699951171875,2937.120361328125,2720512
2023-01-12,3329.0,3350.0,3315.550048828125,3334.35009765625,2942.10546875,2250391
2023-01-13,3342.89990234375,3379.0,3305.0,3374.550048828125,2977.576416015625,1742837
2023-01-16,3317.0,3353.0,3298.050048828125,3334.050048828125,3008.710205078125,1843607
2023-01-17,3330.0,3381.800048828125,3321.0,3378.39990234375,3048.732421875,1688475
2023-01-18,3380.0,3408.949951171875,3372.25,3390.0,3059.200439453125,2421189
2023-01-19,3380.0,3387.0,3361.0,3373.10009765625,3043.94970703125,1585044
2023-01-20,3365.0,3394.64990234375,3355.60009765625,3363.10009765625,3034.9248046875,1529349
2023-01-23,3388.0,3419.0,3355.60009765625,3414.89990234375,3081.670166015625,1067916
2023-01-24,3425.0,3451.949951171875,3417.300048828125,3436.300048828125,3100.982421875,1387863
2023-01-25,3425.300048828125,3435.0,3405.0,3429.75,3095.071533203125,874110
2023-01-27,3426.0,3446.0,3382.300048828125,3411.050048828125,3078.196533203125,1785879
2023-01-30,3420.0,3458.449951171875,3385.550048828125,3433.64990234375,3098.5908203125,1953798
2023-01-31,3449.0,3449.0,3351.0,3358.699951171875,3030.954833984375,2820375
2023-02-01,3363.0,3419.0,3355.0,3408.35009765625,3075.759765625,2205161
2023-02-02,3427.0,3469.0,3420.10009765625,3460.39990234375,3122.730712890625,1813847
2023-02-03,3504.0,3504.0,3452.89990234375,3482.300048828125,3142.49365234375,1804469
2023-02-06,3473.14990234375,3473.14990234375,3436.85009765625,3459.949951171875,3122.32470703125,1138714
2023-02-07,3468.89990234375,3493.0,3461.39990234375,3472.550048828125,3133.695068359375,1455647
2023-02-08,3478.050048828125,3539.89990234375,3478.050048828125,3520.10009765625,3176.60498046875,1986946
2023-02-09,3515.0,3547.60009765625,3505.300048828125,3540.85009765625,3195.329833984375,1655427
2023-02-10,3520.0,3542.35009765625,3508.14990234375,3537.550048828125,3192.352294921875,1187821
2023-02-13,3549.0,3549.0,3473.39990234375,3482.39990234375,3142.584228515625,1087939
2023-02-14,3505.0,3524.85009765625,3495.0,3500.10009765625,3158.556884765625,1579818
2023-02-15,3487.0,3526.0,3460.14990234375,3520.64990234375,3177.10107421875,1429449
2023-02-16,3527.199951171875,3575.0,3527.0,3558.050048828125,3210.8515625,1618931
2023-02-17,3526.14990234375,3538.89990234375,3490.0,3501.14990234375,3159.50390625,1061369
2023-02-20,3502.0,3522.0,3475.050048828125,3487.300048828125,3147.005615234375,1296082
2023-02-21,3494.0,3508.89990234375,3444.75,3451.0,3114.247802734375,1139541
2023-02-22,3414.949951171875,3447.0,3395.0,3401.550048828125,3069.623046875,1218430
2023-02-23,3421.0,3452.39990234375,3408.0,3413.800048828125,3080.677734375,1441570
2023-02-24,3422.5,3433.949951171875,3382.300048828125,3400.449951171875,3068.63037109375,977592
2023-02-27,3390.0,3390.0,3316.0,3331.85009765625,3006.724609375,1128022
2023-02-28,3328.5,3392.0,3299.89990234375,3312.85009765625,2989.578857421875,4116217
2023-03-01,3323.0,3389.0,3315.0,3385.699951171875,3055.31982421875,1669307
2023-03-02,3361.0,3369.89990234375,3318.0,3321.449951171875,2997.33935546875,1556538
2023-03-03,3354.0,3358.0,3331.10009765625,3342.14990234375,3016.019287109375,1043190
2023-03-06,3361.89990234375,3404.949951171875,3359.0,3371.85009765625,3042.8212890625,1334132
2023-03-08,3364.0,3396.0,3330.85009765625,3390.39990234375,3059.561279296875,1844590
2023-03-09,3385.0,3385.0,3330.85009765625,3336.85009765625,3011.236328125,1648500
2023-03-10,3312.89990234375,3337.25,3290.0,3331.0,3005.957763671875,1024404
2023-03-13,3333.0,3369.800048828125,3272.0,3281.949951171875,2961.69384765625,1901233
2023-03-14,3280.0,3304.39990234375,3209.39990234375,3214.949951171875,2901.231689453125,2670334
2023-03-15,3250.0,3260.35009765625,3192.0,3198.89990234375,2886.747802734375,1780522
2023-03-16,3208.0,3219.800048828125,3172.0,3185.0,2874.2041015625,1901060
2023-03-17,3150.5,3221.39990234375,3144.0,3179.300048828125,2869.060546875,6739966
2023-03-20,3169.64990234375,3169.64990234375,3095.050048828125,3143.300048828125,2836.5732421875,2289468
2023-03-21,3143.300048828125,3156.75,3097.449951171875,3106.10009765625,2803.003662109375,1815297
2023-03-22,3130.050048828125,3143.5,3106.10009765625,3130.800048828125,2825.29345703125,1123939
2023-03-23,3114.89990234375,3146.35009765625,3101.0,3124.64990234375,2819.74365234375,1372218
2023-03-24,3148.89990234375,3170.0,3106.0,3120.5,2815.99853515625,1329577
2023-03-27,3135.0,3152.75,3106.0,3122.300048828125,2817.623291015625,1524217
2023-03-28,3127.0,3149.550048828125,3110.14990234375,3115.89990234375,2811.846923828125,1303530
2023-03-29,3129.0,3150.0,3104.10009765625,3138.89990234375,2832.6025390625,1740616
2023-03-31,3189.949951171875,3213.0,3152.0,3205.89990234375,2893.06494140625,2382581
2023-04-03,3224.949951171875,3224.949951171875,3173.75,3200.0,2887.740966796875,1521830
2023-04-05,3185.5,3264.35009765625,3185.5,3239.800048828125,2923.656982421875,2655065
2023-04-06,3225.0,3257.35009765625,3215.0,3220.699951171875,2906.420654296875,1703464
2023-04-10,3220.0,3272.0,3215.0,3263.39990234375,2944.953857421875,2203187
2023-04-11,3264.0,3272.949951171875,3192.14990234375,3213.800048828125,2900.194091796875,2348779
2023-04-12,3227.949951171875,3260.949951171875,3199.0,3241.64990234375,2925.326416015625,2417727
2023-04-13,3210.0,3230.0,3180.0,3188.85009765625,2877.6787109375,4174070
2023-04-17,3134.10009765625,3163.39990234375,3070.25,3139.5,2833.144287109375,5505048
2023-04-18,3154.949951171875,3156.85009765625,3110.60009765625,3130.75,2825.248046875,2617302
2023-04-19,3130.75,3140.0,3071.5,3089.60009765625,2788.113525390625,3298034
2023-04-20,3090.0,3113.0,3078.0,3104.800048828125,2801.830078125,2419999
2023-04-21,3110.0,3164.449951171875,3100.800048828125,3160.85009765625,2852.41064453125,1929184
2023-04-24,3151.10009765625,3180.949951171875,3126.14990234375,3174.800048828125,2864.999755859375,1640676
2023-04-25,3183.0,3191.199951171875,3147.5,3176.0,2866.0830078125,2024090
2023-04-26,3181.0,3208.39990234375,3181.0,3198.14990234375,2886.071044921875,2000029
2023-04-27,3185.0,3199.199951171875,3170.64990234375,3187.949951171875,2876.8662109375,2434446
2023-04-28,3200.39990234375,3227.25,3196.25,3219.25,2905.112060546875,2931312
2023-05-02,3235.0,3235.0,3210.0,3219.39990234375,2905.24755859375,2321159
2023-05-03,3216.0,3216.0,3173.14990234375,3179.89990234375,2869.602294921875,2468285
2023-05-04,3180.14990234375,3224.449951171875,3178.0,3220.699951171875,2906.420654296875,1953253
2023-05-05,3220.0,3244.0,3210.050048828125,3230.699951171875,2915.44482421875,1710027
2023-05-08,3245.0,3254.85009765625,3231.300048828125,3250.60009765625,2933.40283203125,928235
2023-05-09,3252.60009765625,3298.0,3246.0,3283.25,2962.867431640625,1107375
2023-05-10,3290.0,3306.5,3266.050048828125,3286.800048828125,2966.070068359375,1559987
2023-05-11,3309.0,3309.699951171875,3272.0,3282.14990234375,2961.874267578125,1719623
2023-05-12,3279.14990234375,3290.0,3260.0,3274.300048828125,2954.790283203125,1027479
2023-05-15,3284.0,3292.0,3248.35009765625,3255.050048828125,2937.418701171875,1150390
2023-05-16,3256.199951171875,3285.0,3250.449951171875,3258.14990234375,2940.216552734375,986306
2023-05-17,3255.949951171875,3280.0,3198.25,3208.699951171875,2895.591796875,1588815
2023-05-18,3225.949951171875,3228.949951171875,3195.0,3199.85009765625,2887.60546875,1369364
2023-05-19,3210.0,3234.5,3203.050048828125,3222.85009765625,2908.36083984375,1152449
2023-05-22,3230.0,3308.449951171875,3217.050048828125,3298.699951171875,2976.80908203125,1333243
2023-05-23,3306.0,3327.949951171875,3290.10009765625,3297.050048828125,2975.320556640625,1687418
2023-05-24,3276.0,3317.199951171875,3276.0,3303.35009765625,2981.005859375,1016555
2023-05-25,3294.0,3306.0,3267.10009765625,3293.5,2972.11669921875,1374917
2023-05-26,3293.5,3338.64990234375,3291.0,3328.89990234375,3004.062744140625,1791115
2023-05-29,3360.800048828125,3372.0,3312.0,3320.35009765625,2996.346923828125,1210372
2023-05-30,3315.0,3326.949951171875,3301.35009765625,3316.199951171875,2992.6015625,1344224
2023-05-31,3309.0,3327.699951171875,3265.14990234375,3289.5,2968.507080078125,5815424
2023-06-01,3314.0,3340.0,3297.5,3324.0,2999.640380859375,1177314
2023-06-02,3326.25,3335.89990234375,3297.449951171875,3305.60009765625,2983.03662109375,2030661
2023-06-05,3315.0,3327.0,3285.050048828125,3288.89990234375,2967.965576171875,1861468
2023-06-06,3280.0,3288.85009765625,3220.60009765625,3232.300048828125,2916.888671875,2022849
2023-06-07,3253.0,3278.85009765625,3241.0,3274.89990234375,2955.331787109375,1567196
2023-06-08,3261.0,3270.0,3233.0,3236.449951171875,2920.6337890625,1759366
2023-06-09,3245.0,3250.0,3205.35009765625,3209.300048828125,2896.13330078125,1775689
2023-06-12,3215.0,3254.39990234375,3211.0,3246.89990234375,2930.064208984375,2324605
2023-06-13,3260.0,3265.0,3239.0,3243.699951171875,2927.176025390625,1371928
2023-06-14,3243.699951171875,3255.85009765625,3225.85009765625,3251.050048828125,2933.808837890625,1658544
2023-06-15,3245.300048828125,3247.449951171875,3210.0,3216.300048828125,2924.035888671875,2273810
2023-06-16,3197.0,3199.39990234375,3156.0,3174.89990234375,2886.39794921875,4156189
2023-06-19,3190.0,3214.89990234375,3175.0,3210.39990234375,2918.672119140625,1468186
2023-06-20,3214.0,3232.5,3201.050048828125,3227.699951171875,2934.399658203125,1528452
2023-06-21,3250.0,3261.39990234375,3223.949951171875,3258.199951171875,2962.12841796875,1645987
2023-06-22,3260.0,3267.64990234375,3230.10009765625,3238.5,2944.218994140625,1529603
2023-06-23,3237.300048828125,3249.39990234375,3209.14990234375,3216.35009765625,2924.081787109375,1119505
2023-06-26,3205.0,3213.89990234375,3173.0,3189.64990234375,2899.8076171875,1978803
2023-06-27,3202.0,3209.64990234375,3182.300048828125,3197.35009765625,2906.80810546875,863542
2023-06-28,3208.0,3230.949951171875,3193.39990234375,3215.449951171875,2923.26318359375,1575872
2023-06-30,3220.0,3310.0,3214.10009765625,3302.25,3002.176025390625,2672406
2023-07-03,3314.300048828125,3318.800048828125,3268.75,3272.300048828125,2974.947265625,1687264
2023-07-04,3290.0,3315.0,3277.300048828125,3308.85009765625,3008.17626953125,1656681
2023-07-05,3320.0,3329.0,3305.0,3319.949951171875,3018.26708984375,1453008
2023-07-06,3306.550048828125,3328.449951171875,3302.0,3322.89990234375,3020.94970703125,1848238
2023-07-07,3302.0,3356.89990234375,3302.0,3329.25,3026.72216796875,1789326
2023-07-10,3324.75,3324.75,3265.199951171875,3271.949951171875,2974.62890625,1407431
2023-07-11,3295.0,3295.0,3260.800048828125,3272.39990234375,2975.0380859375,1110172
2023-07-12,3280.949951171875,3289.14990234375,3250.10009765625,3259.89990234375,2963.673828125,1515240
2023-07-13,3284.0,3367.449951171875,3272.75,3340.550048828125,3036.995849609375,4585146
2023-07-14,3365.0,3524.85009765625,3352.0,3514.64990234375,3195.274658203125,6306101
2023-07-17,3510.0,3549.89990234375,3477.050048828125,3491.699951171875,3174.410888671875,2743228
2023-07-18,3476.0,3524.0,3465.0,3496.85009765625,3179.0927734375,2600090
2023-07-19,3500.0,3516.85009765625,3445.64990234375,3470.050048828125,3154.727783203125,2405370
2023-07-20,3453.10009765625,3478.89990234375,3436.050048828125,3463.300048828125,3156.77880859375,1715404
2023-07-21,3404.050048828125,3434.89990234375,3359.050048828125,3368.300048828125,3070.18701171875,3770223
2023-07-24,3381.0,3413.449951171875,3372.10009765625,3394.75,3094.295654296875,1680132
2023-07-25,3397.5,3406.800048828125,3380.199951171875,3399.14990234375,3098.30615234375,1272980
2023-07-26,3400.35009765625,3420.85009765625,3385.0,3388.300048828125,3088.4169921875,1066803
2023-07-27,3394.949951171875,3411.64990234375,3385.050048828125,3396.89990234375,3096.255615234375,1701769
2023-07-28,3385.0,3393.699951171875,3331.0,3355.39990234375,3058.42822265625,2599831
2023-07-31,3364.39990234375,3426.64990234375,3360.89990234375,3421.449951171875,3118.632568359375,2743678
2023-08-01,3415.0,3460.0,3415.0,3452.050048828125,3146.524658203125,1956167
2023-08-02,3434.949951171875,3446.39990234375,3413.60009765625,3440.64990234375,3136.133544921875,1914899
2023-08-03,3420.0,3433.25,3368.0,3399.949951171875,3099.03515625,2026351
2023-08-04,3401.25,3471.0,3401.25,3443.550048828125,3138.77685546875,2248493
2023-08-07,3453.949951171875,3488.0,3441.25,3484.050048828125,3175.6923828125,1853889
2023-08-08,3484.050048828125,3489.949951171875,3456.60009765625,3470.60009765625,3163.432861328125,1634225
2023-08-09,3464.89990234375,3467.0,3425.050048828125,3462.5,3156.0498046875,1794589
2023-08-10,3450.0,3464.89990234375,3430.050048828125,3442.10009765625,3137.454833984375,1096701
2023-08-11,3438.10009765625,3466.64990234375,3414.0,3448.800048828125,3143.56201171875,1679974
2023-08-14,3440.699951171875,3455.0,3411.0,3449.85009765625,3144.519287109375,1190425
2023-08-16,3450.0,3466.0,3435.199951171875,3458.39990234375,3152.3125,1328445
2023-08-17,3455.0,3460.800048828125,3413.199951171875,3435.75,3131.66748046875,1843241
2023-08-18,3410.0,3410.0,3356.5,3367.10009765625,3069.09326171875,2526749
2023-08-21,3375.0,3409.75,3372.0,3401.64990234375,3100.5849609375,1375579
2023-08-22,3400.0,3411.0,3365.050048828125,3382.14990234375,3082.810791015625,1222012
2023-08-23,3388.0,3402.0,3376.0,3398.25,3097.485595703125,1330046
2023-08-24,3408.0,3413.050048828125,3378.10009765625,3387.75,3087.915283203125,1152881
2023-08-25,3375.0,3385.800048828125,3350.25,3381.300048828125,3082.036376953125,1158046
2023-08-28,3394.0,3394.0,3360.10009765625,3375.550048828125,3076.795166015625,1037485
2023-08-29,3381.050048828125,3389.550048828125,3365.0,3376.14990234375,3077.34228515625,944517
2023-08-30,3398.0,3408.10009765625,3383.050048828125,3390.949951171875,3090.83203125,1188200
2023-08-31,3401.0,3417.39990234375,3343.64990234375,3356.800048828125,3059.705078125,3417652
2023-09-01,3366.0,3389.0,3356.800048828125,3379.199951171875,3080.121826171875,1277950
2023-09-04,3378.0,3432.85009765625,3370.050048828125,3418.5,3115.943603515625,1828332
2023-09-05,3420.0,3447.0,3405.14990234375,3429.35009765625,3125.83349609375,1501842
2023-09-06,3434.0,3443.89990234375,3398.10009765625,3429.89990234375,3126.3349609375,1314818
2023-09-07,3430.800048828125,3460.0,3422.300048828125,3455.25,3149.44091796875,1885092
2023-09-08,3455.25,3465.0,3435.050048828125,3441.89990234375,3137.2724609375,1518917
2023-09-11,3462.0,3485.699951171875,3445.0,3480.64990234375,3172.593017578125,1783604
2023-09-12,3492.0,3589.89990234375,3483.0,3580.800048828125,3263.87939453125,4476016
2023-09-13,3571.10009765625,3588.85009765625,3545.0,3567.85009765625,3252.07568359375,1754929
2023-09-14,3570.050048828125,3597.699951171875,3545.60009765625,3560.050048828125,3244.965576171875,2604721
2023-09-15,3567.85009765625,3607.35009765625,3562.449951171875,3598.300048828125,3279.830078125,2952897
2023-09-18,3580.050048828125,3619.300048828125,3575.25,3606.14990234375,3286.985595703125,1395753
2023-09-20,3580.0,3625.0,3580.0,3606.050048828125,3286.89453125,1649396
2023-09-21,3588.550048828125,3605.0,3528.0,3585.300048828125,3267.981201171875,2004073
2023-09-22,3584.0,3633.75,3565.050048828125,3603.64990234375,3284.706787109375,1989083
2023-09-25,3602.5,3620.0,3558.64990234375,3577.14990234375,3260.552490234375,1238778
2023-09-26,3567.60009765625,3594.949951171875,3536.0,3585.699951171875,3268.34521484375,1726062
2023-09-27,3590.0,3614.0,3555.699951171875,3589.300048828125,3271.627197265625,1541134
2023-09-28,3600.0,3602.800048828125,3527.35009765625,3536.75,3223.728271484375,1755753
2023-09-29,3537.199951171875,3568.449951171875,3505.550048828125,3528.60009765625,3216.299560546875,2243791
2023-10-03,3534.199951171875,3534.199951171875,3480.10009765625,3513.85009765625,3202.85498046875,1948148
2023-10-04,3486.300048828125,3548.0,3477.300048828125,3537.75,3224.6396484375,1788138
2023-10-05,3554.0,3624.0,3551.199951171875,3589.35009765625,3271.6728515625,2990768
2023-10-06,3591.0,3634.949951171875,3575.050048828125,3621.39990234375,3300.88623046875,2075691
2023-10-09,3645.050048828125,3679.0,3631.0,3638.35009765625,3316.335693359375,4233074
2023-10-10,3640.050048828125,3648.0,3601.35009765625,3628.89990234375,3307.7216796875,1848148
2023-10-11,3650.0,3650.0,3605.0,3609.89990234375,3290.40380859375,2426417
2023-10-12,3575.0,3588.64990234375,3538.10009765625,3542.550048828125,3229.0146484375,4241281
2023-10-13,3530.0,3577.0,3525.0,3570.85009765625,3254.809814453125,2890357
2023-10-16,3566.0,3574.64990234375,3519.10009765625,3524.050048828125,3212.152099609375,1671104
2023-10-17,3530.0,3534.14990234375,3503.35009765625,3507.050048828125,3196.65673828125,1672065
2023-10-18,3511.0,3522.699951171875,3484.0,3487.25,3178.608642578125,1408245
2023-10-19,3469.5,3476.85009765625,3451.89990234375,3455.64990234375,3157.9560546875,1514545
2023-10-20,3450.39990234375,3499.5,3444.050048828125,3494.550048828125,3193.505126953125,1481211
2023-10-23,3473.0,3478.949951171875,3401.300048828125,3410.14990234375,3116.375,1106272
2023-10-25,3390.5,3425.0,3377.199951171875,3390.10009765625,3098.05322265625,1518537
2023-10-26,3368.050048828125,3373.699951171875,3330.0,3336.75,3049.298828125,1984471
2023-10-27,3350.0,3362.0,3337.0,3350.949951171875,3062.275634765625,1108851
2023-10-30,3350.0,3382.85009765625,3333.75,3378.550048828125,3087.498046875,910972
2023-10-31,3399.0,3399.0,3350.050048828125,3368.75,3078.542236328125,999811
2023-11-01,3355.0,3371.60009765625,3311.0,3330.64990234375,3043.724365234375,1563475
2023-11-02,3343.199951171875,3375.949951171875,3343.199951171875,3360.10009765625,3070.6376953125,1245384
2023-11-03,3382.0,3387.89990234375,3344.300048828125,3350.89990234375,3062.2294921875,1402598
2023-11-06,3375.0,3392.300048828125,3359.0,3380.25,3089.0517578125,1099852
2023-11-07,3378.0,3404.14990234375,3366.0,3370.449951171875,3080.095703125,1191144
2023-11-08,3371.449951171875,3401.949951171875,3369.550048828125,3381.550048828125,3090.239501953125,992899
2023-11-09,3390.10009765625,3391.5,3342.050048828125,3347.449951171875,3059.076904296875,2112352
2023-11-10,3338.0,3347.449951171875,3322.35009765625,3333.449951171875,3046.282958984375,1338557
2023-11-13,3356.0,3356.0,3327.0,3331.550048828125,3044.546630859375,1030990
2023-11-15,3383.10009765625,3413.0,3356.050048828125,3404.300048828125,3111.02978515625,2059802
2023-11-16,3430.050048828125,3529.35009765625,3414.199951171875,3497.85009765625,3196.520751953125,3951984
2023-11-17,3497.85009765625,3524.5,3492.550048828125,3502.449951171875,3200.724365234375,2021292
2023-11-20,3491.25,3533.89990234375,3491.25,3519.60009765625,3216.39697265625,1475621
2023-11-21,3519.60009765625,3539.050048828125,3501.0,3510.199951171875,3207.806396484375,1807236
2023-11-22,3500.0,3532.64990234375,3481.10009765625,3530.14990234375,3226.0380859375,1798051
2023-11-23,3530.0,3544.0,3500.0,3508.25,3206.024658203125,2729804
2023-11-24,3494.25,3504.550048828125,3453.0,3457.10009765625,3159.28076171875,1989733
2023-11-28,3457.10009765625,3481.25,3433.0,3470.14990234375,3171.20654296875,1689195
2023-11-29,3481.0,3518.0,3475.800048828125,3513.75,3211.051025390625,1441634
2023-11-30,3499.449951171875,3516.64990234375,3481.0,3487.60009765625,3187.154052734375,3266235
2023-12-01,3500.0,3516.949951171875,3490.050048828125,3511.64990234375,3209.131591796875,1172141
2023-12-04,3544.64990234375,3547.800048828125,3498.0,3512.449951171875,3209.862548828125,1625213
2023-12-05,3538.0,3538.0,3502.800048828125,3531.60009765625,3227.363037109375,1377656
2023-12-06,3532.60009765625,3612.85009765625,3525.14990234375,3604.10009765625,3293.61767578125,1896572
2023-12-07,3605.0,3630.550048828125,3591.699951171875,3614.89990234375,3303.4873046875,1967653
2023-12-08,3633.0,3645.0,3602.050048828125,3626.699951171875,3314.27001953125,1641155
2023-12-11,3622.89990234375,3653.0,3615.0,3642.89990234375,3329.07470703125,1102503
2023-12-12,3638.949951171875,3698.39990234375,3631.0,3672.10009765625,3355.75927734375,2236866
2023-12-13,3643.550048828125,3650.0,3563.0,3593.550048828125,3283.9765625,3850968
2023-12-14,3630.0,3678.0,3627.60009765625,3667.25,3351.327392578125,3290396
2023-12-15,3666.699951171875,3895.949951171875,3666.699951171875,3861.0,3528.38623046875,8531230
2023-12-18,3858.10009765625,3929.0,3830.14990234375,3859.199951171875,3526.740966796875,2521612
2023-12-19,3845.0,3855.10009765625,3790.0,3816.199951171875,3487.445556640625,2004435
2023-12-20,3827.25,3898.800048828125,3766.550048828125,3780.050048828125,3454.409912109375,2586083
2023-12-21,3756.25,3806.699951171875,3743.35009765625,3787.5,3461.218017578125,1517562
2023-12-22,3800.0,3845.949951171875,3762.0,3824.0,3494.573486328125,2413058
2023-12-26,3819.85009765625,3834.0,3790.14990234375,3795.550048828125,3468.574462890625,1285231
2023-12-27,3799.0,3818.199951171875,3768.0,3811.199951171875,3482.87646484375,1293976
2023-12-28,3824.0,3838.0,3792.10009765625,3799.89990234375,3472.5498046875,1682889
2023-12-29,3792.0,3822.60009765625,3765.39990234375,3793.39990234375,3466.609375,1574996
2024-01-01,3790.0,3832.0,3773.0,3811.10009765625,3482.784912109375,825907
2024-01-02,3811.10009765625,3811.10009765625,3767.25,3783.199951171875,3457.288330078125,1344068
2024-01-03,3767.0,3771.85009765625,3687.050048828125,3691.75,3373.716064453125,1803075
2024-01-04,3701.75,3719.0,3651.0,3666.800048828125,3350.915771484375,3598144
2024-01-05,3675.0,3747.75,3674.85009765625,3737.89990234375,3415.891357421875,1963127
2024-01-08,3737.89990234375,3739.75,3672.39990234375,3678.300048828125,3361.42578125,1067805
2024-01-09,3709.949951171875,3752.35009765625,3682.75,3689.89990234375,3372.026123046875,1370944
2024-01-10,3690.0,3729.25,3688.0,3713.050048828125,3393.181396484375,1292227
2024-01-11,3724.0,3773.0,3707.0,3735.550048828125,3413.743408203125,1777909
2024-01-12,3848.0,3905.25,3821.60009765625,3882.800048828125,3548.30859375,6813450
2024-01-15,3960.0,3965.0,3885.0,3903.800048828125,3567.4990234375,2801505
2024-01-16,3899.0,3899.0,3855.550048828125,3861.300048828125,3528.66064453125,1432672
2024-01-17,3819.0,3909.949951171875,3812.550048828125,3884.60009765625,3549.953125,3458696
2024-01-18,3898.0,3908.800048828125,3862.0,3902.60009765625,3566.402587890625,2239110
2024-01-19,3945.0,3963.550048828125,3915.050048828125,3943.050048828125,3628.471435546875,2941975
2024-01-23,3900.0,3933.89990234375,3842.75,3858.25,3550.43701171875,2618854
2024-01-24,3880.0,3883.64990234375,3805.60009765625,3841.800048828125,3535.298828125,2657709
2024-01-25,3839.89990234375,3861.0,3778.699951171875,3810.300048828125,3506.312255859375,2205154
2024-01-29,3800.800048828125,3820.0,3780.85009765625,3801.0,3497.754150390625,1646747
2024-01-30,3807.449951171875,3847.800048828125,3787.0,3800.550048828125,3497.34033203125,1411621
2024-01-31,3811.199951171875,3834.0,3796.449951171875,3815.949951171875,3511.511474609375,2459358
2024-02-01,3820.0,3904.89990234375,3805.050048828125,3854.14990234375,3546.6640625,2363107
2024-02-02,3875.050048828125,3984.39990234375,3872.0,3966.300048828125,3649.866455078125,2826510
2024-02-05,3983.0,4022.0,3962.10009765625,3973.300048828125,3656.3076171875,1691523
2024-02-06,3997.0,4149.89990234375,3990.0,4136.0,3806.028076171875,4474396
2024-02-07,4153.0,4155.0,4073.949951171875,4083.39990234375,3757.624267578125,2124267
2024-02-08,4090.0,4158.0,4086.050048828125,4134.10009765625,3804.279541015625,2345173
2024-02-09,4136.5498046875,4184.75,4100.0,4133.7001953125,3803.91162109375,2100596
2024-02-12,4130.0,4159.60009765625,4105.5498046875,4120.7001953125,3791.9482421875,1013716
2024-02-13,4125.4501953125,4170.0,4081.5,4149.5,3818.45068359375,1257415
2024-02-14,4107.0,4114.89990234375,4049.5,4100.10009765625,3772.991943359375,1391283
2024-02-15,4128.0,4146.2998046875,4083.0,4103.2001953125,3775.844970703125,1091582
2024-02-16,4113.25,4147.9501953125,4100.10009765625,4128.2998046875,3798.94189453125,1307556
2024-02-19,4123.0498046875,4128.2998046875,4055.0,4103.7998046875,3776.396484375,772291
2024-02-20,4082.10009765625,4098.0,4010.0,4030.64990234375,3709.082275390625,1193648
2024-02-21,4013.0,4063.35009765625,3980.60009765625,3991.5,3673.056396484375,1885939
2024-02-22,3971.0,4094.949951171875,3971.0,4087.10009765625,3761.029052734375,2982052
2024-02-23,4130.0,4130.0,4046.39990234375,4052.10009765625,3728.821533203125,2538072
2024-02-26,4036.0,4050.0,3982.75,4001.050048828125,3681.843994140625,1379284
2024-02-27,3999.0,4124.0,3999.0,4104.39990234375,3776.948974609375,2960475
2024-02-28,4095.60009765625,4154.89990234375,4089.0,4118.9501953125,3790.337890625,1939225
2024-02-29,4099.0,4138.10009765625,4064.550048828125,4095.10009765625,3768.39111328125,3772719
2024-03-01,4107.2001953125,4140.0,4086.800048828125,4094.35009765625,3767.700439453125,2043265
2024-03-04,4105.0,4117.89990234375,4075.89990234375,4080.699951171875,3755.1396484375,1749271
2024-03-05,4062.0,4064.0,3980.0,4012.10009765625,3692.012939453125,2070859
2024-03-06,3994.050048828125,4072.0,3958.449951171875,4064.300048828125,3740.0478515625,1744204
2024-03-07,4065.0,4124.0,4037.699951171875,4108.60009765625,3780.81396484375,2688905
2024-03-11,4089.0,4153.0,4089.0,4122.35009765625,3793.466796875,2304068
2024-03-12,4122.35009765625,4229.9501953125,4121.0498046875,4192.25,3857.789306640625,4039801
2024-03-13,4205.0,4241.0,4131.89990234375,4149.0,3817.99072265625,2837260
2024-03-14,4153.4501953125,4225.0,4086.0,4207.60009765625,3871.91552734375,2919608
2024-03-15,4192.60009765625,4239.0,4177.0,4219.25,3882.63623046875,3373143
2024-03-18,4215.25,4254.75,4117.85009765625,4152.5,3821.211181640625,1526904
2024-03-19,4051.25,4058.0,3966.60009765625,3977.300048828125,3659.98876953125,8931209
2024-03-20,3986.0,4018.0,3960.199951171875,3970.89990234375,3654.099365234375,1817913
2024-03-21,3990.050048828125,4008.39990234375,3948.0,3972.949951171875,3655.98583984375,3829582
2024-03-22,3897.0,3938.0,3855.0,3910.89990234375,3598.88623046875,5852485
2024-03-26,3875.0,3946.699951171875,3871.449951171875,3877.5,3568.15087890625,3440925
2024-03-27,3888.5,3895.0,3829.39990234375,3840.89990234375,3534.470703125,1968575
2024-03-28,3850.10009765625,3915.0,3840.5,3876.300048828125,3567.046875,4311783
2024-04-01,3897.699951171875,3933.300048828125,3888.050048828125,3916.75,3604.26953125,1569676
2024-04-02,3890.0,3909.85009765625,3873.0,3883.800048828125,3573.948486328125,2142666
2024-04-03,3851.0,3981.0,3851.0,3947.300048828125,3632.382080078125,3973090
2024-04-04,3975.89990234375,4028.64990234375,3935.25,4003.300048828125,3683.914794921875,3394637
2024-04-05,3978.0,4002.0,3960.5,3979.25,3661.783447265625,1636819
2024-04-08,3983.0,4032.64990234375,3960.0,3972.550048828125,3655.617919921875,2302538
2024-04-09,3984.0,4015.85009765625,3925.050048828125,3946.550048828125,3631.692138671875,1876992
2024-04-10,3956.39990234375,3990.199951171875,3918.0,3984.64990234375,3666.7529296875,2101965
2024-04-12,3971.0,4013.35009765625,3945.5,4001.39990234375,3682.166015625,4354821
2024-04-15,4001.39990234375,4064.199951171875,3919.050048828125,3941.199951171875,3626.76904296875,4200329
2024-04-16,3902.0,3928.699951171875,3862.85009765625,3872.800048828125,3563.826171875,3051420
2024-04-18,3876.800048828125,3936.0,3850.0,3862.0,3553.887451171875,3476284
2024-04-19,3838.0,3852.550048828125,3800.89990234375,3826.199951171875,3520.94384765625,2957749
2024-04-22,3837.0,3878.0,3812.0,3864.60009765625,3556.280517578125,1728883
2024-04-23,3877.050048828125,3895.0,3860.60009765625,3874.699951171875,3565.57421875,1807586
2024-04-24,3890.0,3898.0,3824.449951171875,3831.050048828125,3525.40673828125,1317312
2024-04-25,3811.199951171875,3873.64990234375,3811.0,3852.199951171875,3544.869384765625,2856271
2024-04-26,3855.14990234375,3876.800048828125,3802.550048828125,3821.35009765625,3516.48046875,2039178
2024-04-29,3838.0,3877.800048828125,3819.199951171875,3870.199951171875,3561.433349609375,1110693
2024-04-30,3872.0,3881.75,3810.0,3820.64990234375,3515.836669921875,2203078
2024-05-02,3778.050048828125,3871.10009765625,3778.050048828125,3863.300048828125,3555.083984375,2491044
2024-05-03,3890.14990234375,3893.60009765625,3797.60009765625,3843.39990234375,3536.771484375,2962234
2024-05-06,3853.0,3939.949951171875,3853.0,3921.050048828125,3608.22705078125,2053831
2024-05-07,3930.800048828125,3988.0,3913.5,3978.949951171875,3661.507568359375,2062112
2024-05-08,3961.0,3984.300048828125,3938.60009765625,3976.949951171875,3659.666748046875,1247685
2024-05-09,3962.0,3971.0,3910.050048828125,3960.199951171875,3644.253173828125,1726486
2024-05-10,3962.60009765625,3973.60009765625,3885.050048828125,3893.89990234375,3583.24267578125,1672489
2024-05-13,3884.5,3955.0,3870.0,3947.800048828125,3632.84228515625,931326
2024-05-14,3936.0,3945.800048828125,3892.89990234375,3901.199951171875,3589.960205078125,1058317
2024-05-15,3904.5,3926.949951171875,3875.5,3880.39990234375,3570.819580078125,1115021
2024-05-16,3891.10009765625,3909.5,3843.5,3900.949951171875,3615.82080078125,2599399
2024-05-17,3919.0,3920.0,3830.0,3834.10009765625,3553.857177734375,2765804
2024-05-21,3830.60009765625,3844.75,3810.050048828125,3820.199951171875,3540.97314453125,1908117
2024-05-22,3835.0,3841.25,3817.550048828125,3832.0,3551.910888671875,1311168
2024-05-23,3840.949951171875,3905.0,3825.5,3893.449951171875,3608.869140625,2095742
2024-05-24,3878.25,3883.800048828125,3844.300048828125,3849.5,3568.131591796875,1309452
2024-05-27,3855.0,3908.35009765625,3841.35009765625,3847.050048828125,3565.86083984375,1841538
2024-05-28,3858.0,3870.0,3830.0,3839.89990234375,3559.23291015625,1801993
2024-05-29,3848.89990234375,3848.89990234375,3800.0,3803.64990234375,3525.633056640625,1568095
2024-05-30,3777.0,3794.39990234375,3715.449951171875,3736.10009765625,3463.020751953125,2919230
2024-05-31,3740.0,3749.800048828125,3653.75,3670.949951171875,3402.632080078125,10956800
2024-06-03,3732.800048828125,3751.550048828125,3696.0,3702.85009765625,3432.20068359375,2156773
2024-06-04,3700.0,3745.0,3591.5,3715.0,3443.46240234375,3395997
2024-06-05,3716.0,3783.800048828125,3700.0,3746.449951171875,3472.613037109375,2799670
2024-06-06,3781.0,3839.89990234375,3741.5,3830.39990234375,3550.427490234375,4328036
2024-06-07,3837.300048828125,3915.0,3837.300048828125,3893.949951171875,3609.33251953125,4552445
2024-06-10,3895.0,3905.89990234375,3841.89990234375,3858.699951171875,3576.658935546875,1734661
2024-06-11,3845.0,3879.949951171875,3841.0,3852.10009765625,3570.54150390625,1419898
2024-06-12,3874.39990234375,3893.5,3827.449951171875,3831.64990234375,3551.586181640625,2177001
2024-06-13,3856.800048828125,3890.0,3852.0,3878.14990234375,3594.687744140625,1932323
2024-06-14,3889.0,3889.0,3828.0,3832.050048828125,3551.956787109375,1860730
2024-06-18,3826.050048828125,3842.0,3795.050048828125,3815.10009765625,3536.245849609375,1774045
2024-06-19,3827.64990234375,3833.85009765625,3792.949951171875,3801.699951171875,3523.825439453125,1509050
2024-06-20,3796.0,3809.949951171875,3780.050048828125,3787.25,3510.43115234375,2846526
2024-06-21,3827.0,3877.800048828125,3798.050048828125,3810.75,3532.214111328125,4642195
2024-06-24,3808.75,3857.0,3791.300048828125,3816.800048828125,3537.82177734375,1702154
2024-06-25,3817.0,3847.64990234375,3792.89990234375,3838.449951171875,3557.889404296875,1338808
2024-06-26,3844.5,3866.949951171875,3841.0,3855.85009765625,3574.017822265625,1639845
2024-06-27,3831.0,3942.0,3818.10009765625,3934.14990234375,3646.593994140625,4526556
2024-06-28,3917.800048828125,3960.0,3897.85009765625,3904.14990234375,3618.786865234375,2731571
2024-07-01,3884.0,4001.699951171875,3884.0,3978.199951171875,3687.42431640625,2658723
2024-07-02,3993.60009765625,4023.39990234375,3982.550048828125,4017.39990234375,3723.759521484375,2307449
2024-07-03,4020.0,4026.10009765625,3955.0,3965.25,3675.421142578125,1821198
2024-07-04,3999.85009765625,4047.35009765625,3982.10009765625,4020.949951171875,3727.050048828125,2518001
2024-07-05,4010.0,4026.75,3988.0,4011.800048828125,3718.56884765625,1668616
2024-07-08,4022.0,4031.25,3978.050048828125,3993.199951171875,3701.328125,1758882
2024-07-09,3985.0,4006.949951171875,3975.10009765625,3985.5,3694.19091796875,1305801
2024-07-10,3983.699951171875,4003.300048828125,3902.0,3909.14990234375,3623.421875,2669716
2024-07-11,3931.0,3980.0,3895.60009765625,3923.699951171875,3636.907958984375,4872189
2024-07-12,3980.0,4199.9501953125,3971.300048828125,4183.9501953125,3878.13623046875,13509164
2024-07-15,4235.7001953125,4240.0,4157.0498046875,4169.2001953125,3864.463623046875,4848030
2024-07-16,4172.0,4194.5498046875,4144.89990234375,4178.4501953125,3873.0380859375,2029521
2024-07-18,4160.0,4325.0,4160.0,4315.5498046875,4000.11669921875,5613364
2024-07-19,4317.39990234375,4358.75,4285.25,4302.39990234375,3997.1904296875,3903354
2024-07-22,4299.9501953125,4319.9501953125,4265.0,4287.35009765625,3983.207275390625,1896386
2024-07-23,4283.0,4361.7001953125,4266.2998046875,4302.35009765625,3997.143798828125,2365208
2024-07-24,4287.5,4339.10009765625,4268.10009765625,4306.25,4000.76708984375,1809793
2024-07-25,4295.0,4343.0,4274.2001953125,4322.5,4015.864990234375,2810342
2024-07-26,4350.0,4422.4501953125,4337.0498046875,4387.85009765625,4076.578369140625,3552210
2024-07-29,4415.0,4431.0,4371.0,4381.10009765625,4070.30712890625,1746803
2024-07-30,4391.10009765625,4398.0,4327.2998046875,4365.35009765625,4055.674560546875,1797906
2024-07-31,4350.0,4414.0,4345.0,4385.35009765625,4074.25634765625,2330091
2024-08-01,4399.39990234375,4419.2998046875,4365.0498046875,4397.10009765625,4085.172607421875,2202244
2024-08-02,4365.0,4398.0,4270.0,4283.0498046875,3979.213134765625,2811282
2024-08-05,4239.0,4239.0,4110.5,4155.0498046875,3860.29296875,2787771
2024-08-06,4170.9501953125,4258.25,4160.7998046875,4171.2001953125,3875.2978515625,2203067
2024-08-07,4228.0,4244.9501953125,4180.2998046875,4200.4501953125,3902.472412109375,1237666
2024-08-08,4181.0,4232.0,4160.0,4172.5498046875,3876.551513671875,2441283
2024-08-09,4217.0,4253.64990234375,4205.5498046875,4228.75,3928.764892578125,1302536
2024-08-12,4230.0,4239.0,4186.35009765625,4195.64990234375,3898.01318359375,936912
2024-08-13,4213.0,4234.0,4183.0,4196.9501953125,3899.220947265625,1495593
2024-08-14,4209.0,4306.2001953125,4188.14990234375,4295.25,3990.547119140625,3226545
2024-08-16,4350.0,4427.0,4325.10009765625,4416.0498046875,4102.7783203125,3457058
2024-08-19,4421.0,4494.25,4390.35009765625,4490.0,4171.4814453125,2055210
2024-08-20,4505.0,4565.0,4500.0,4523.2998046875,4202.419921875,2212298
2024-08-21,4518.0,4560.0,4492.5498046875,4551.5,4228.61962890625,1896990
2024-08-22,4560.0,4560.9501953125,4497.2001953125,4502.0,4182.630859375,1829872
2024-08-23,4500.0,4506.0,4455.0,4463.89990234375,4147.2333984375,1809253
2024-08-26,4489.0,4552.14990234375,4485.0,4502.4501953125,4183.048828125,1844164
2024-08-27,4505.0,4510.0,4486.7998046875,4497.14990234375,4178.12548828125,930697
2024-08-28,4498.75,4562.5,4457.2998046875,4506.0498046875,4186.39306640625,1848058
2024-08-29,4460.0,4556.0,4460.0,4511.7998046875,4191.73583984375,2133641
2024-08-30,4500.0,4592.25,4487.7998046875,4553.75,4230.70947265625,3637222
2024-09-02,4576.0,4588.0,4512.0,4521.0498046875,4200.32861328125,1216500
2024-09-03,4521.0498046875,4555.89990234375,4495.89990234375,4512.35009765625,4192.2470703125,1717263
2024-09-04,4476.9501953125,4487.0,4436.7001953125,4479.25,4161.4951171875,1265505
2024-09-05,4481.0,4499.0,4454.14990234375,4475.9501953125,4158.4287109375,1688793
2024-09-06,4473.9501953125,4518.9501953125,4440.0,4456.75,4140.59130859375,1649179
2024-09-09,4455.0,4490.25,4430.5,4449.5498046875,4133.9013671875,1184938
2024-09-10,4442.4501953125,4539.9501953125,4440.4501953125,4507.85009765625,4188.06591796875,1385591
2024-09-11,4521.4501953125,4549.35009765625,4471.25,4479.35009765625,4161.5869140625,1325919
2024-09-12,4510.25,4532.60009765625,4431.2998046875,4517.7001953125,4197.21728515625,2742216
2024-09-13,4530.0,4547.0,4505.0,4522.60009765625,4201.76953125,1458786
2024-09-16,4527.0,4546.0498046875,4494.4501953125,4513.25,4193.08251953125,1155120
2024-09-17,4513.25,4535.7998046875,4466.0,4505.64990234375,4186.021484375,1699364
2024-09-18,4497.0498046875,4497.0498046875,4321.0,4346.14990234375,4037.8359375,2961779
2024-09-19,4390.0498046875,4422.2001953125,4281.7998046875,4296.14990234375,3991.383056640625,2927551
2024-09-20,4316.89990234375,4330.7001953125,4227.5,4284.89990234375,3980.93115234375,5447908
2024-09-23,4300.0,4309.39990234375,4253.0,4268.5,3965.695556640625,1702319
2024-09-24,4251.64990234375,4291.0,4240.0,4271.2998046875,3968.29638671875,3012026
2024-09-25,4252.35009765625,4289.60009765625,4240.0,4274.75,3971.50146484375,2713073
2024-09-26,4260.0,4316.7998046875,4260.0,4292.5,3987.9931640625,3964251
2024-09-27,4335.0,4378.0,4300.0498046875,4308.7001953125,4003.04443359375,3012477
2024-09-30,4286.89990234375,4298.75,4260.0498046875,4268.5,3965.695556640625,2503416
2024-10-01,4255.5498046875,4295.75,4242.9501953125,4287.89990234375,3983.718505859375,1823365
2024-10-03,4262.60009765625,4279.0,4210.0,4232.75,3932.481201171875,3350119
2024-10-04,4225.0,4298.0,4224.0498046875,4252.25,3950.59765625,2965463
2024-10-07,4273.89990234375,4297.25,4229.39990234375,4272.85009765625,3969.737060546875,1472619
2024-10-08,4272.60009765625,4279.39990234375,4203.9501953125,4253.25,3951.527099609375,1541867
2024-10-09,4260.0,4295.0,4246.7001953125,4252.9501953125,3951.248779296875,1082504
2024-10-10,4253.25,4293.85009765625,4198.60009765625,4227.39990234375,3927.5107421875,2378875
2024-10-11,4143.0,4241.9501953125,4112.4501953125,4149.2001953125,3854.858642578125,5759183
2024-10-14,4140.0,4165.39990234375,4122.2001953125,4136.64990234375,3843.1982421875,2137590
2024-10-15,4131.0498046875,4169.9501953125,4095.0,4116.7998046875,3824.75634765625,2759474
2024-10-16,4085.0,4115.0,4067.199951171875,4094.949951171875,3804.456787109375,2359151
2024-10-17,4112.7998046875,4129.9501953125,4092.949951171875,4109.0,3817.510009765625,2522659
2024-10-18,4090.0,4146.14990234375,4080.0,4123.0498046875,3839.907958984375,2361000
2024-10-21,4132.60009765625,4139.9501953125,4070.0,4079.85009765625,3799.675048828125,1595450
2024-10-22,4066.0,4089.800048828125,4006.35009765625,4015.5,3739.744140625,1928049
2024-10-23,3999.60009765625,4113.5498046875,3995.14990234375,4066.25,3787.009033203125,1966476
2024-10-24,4004.0,4079.0,4004.0,4047.89990234375,3769.919189453125,2676744
2024-10-25,4057.050048828125,4092.0,4032.699951171875,4057.550048828125,3778.90673828125,1759676
2024-10-28,4068.949951171875,4134.0,4051.0,4090.85009765625,3809.91943359375,1532534
2024-10-29,4095.85009765625,4103.5,4060.10009765625,4075.25,3795.390869140625,1445885
2024-10-30,4075.0,4107.0,4060.050048828125,4084.64990234375,3804.145263671875,1935002
2024-10-31,4070.0,4078.300048828125,3960.0,3968.449951171875,3695.9248046875,3740372
2024-11-01,3989.85009765625,3998.949951171875,3976.050048828125,3984.199951171875,3710.593505859375,154895
2024-11-04,3966.300048828125,3991.89990234375,3913.25,3964.14990234375,3691.92041015625,2269192
2024-11-05,3941.10009765625,3986.0,3941.10009765625,3971.35009765625,3698.626220703125,967590
2024-11-06,4003.60009765625,4149.7998046875,3975.25,4139.64990234375,3855.368408203125,3792017
2024-11-07,4169.7001953125,4205.7998046875,4085.050048828125,4150.89990234375,3865.845703125,3724349
2024-11-08,4155.0,4169.75,4117.64990234375,4147.0,3862.21337890625,1648039
2024-11-11,4128.2001953125,4234.2998046875,4117.64990234375,4198.7001953125,3910.36328125,1406487
2024-11-12,4216.0,4218.0,4164.35009765625,4197.39990234375,3909.15283203125,1587640
2024-11-13,4178.10009765625,4196.75,4131.0498046875,4150.35009765625,3865.333740234375,1098813
2024-11-14,4135.0,4160.0,4116.4501953125,4145.89990234375,3861.18896484375,1825432
2024-11-18,4213.0,4213.0,3990.199951171875,4019.5,3743.469482421875,3313944
2024-11-19,4019.89990234375,4132.14990234375,4014.10009765625,4039.550048828125,3762.142578125,1776233
2024-11-21,4044.89990234375,4092.449951171875,4024.0,4072.85009765625,3793.156005859375,2384347
2024-11-22,4071.0,4254.9501953125,4054.0,4244.60009765625,3953.111572265625,3096553
2024-11-25,4280.0,4328.10009765625,4252.2001953125,4315.10009765625,4018.769775390625,4052167
2024-11-26,4321.0498046875,4366.60009765625,4310.0,4352.7001953125,4053.78759765625,2060669
2024-11-27,4358.9501953125,4377.39990234375,4324.0498046875,4332.5498046875,4035.021240234375,1558993
2024-11-28,4319.0,4339.9501953125,4233.0,4244.89990234375,3953.390380859375,2558544
2024-11-29,4220.0,4298.7001953125,4195.64990234375,4270.85009765625,3977.558837890625,2017425
2024-12-02,4270.0,4288.2001953125,4230.0498046875,4276.64990234375,3982.960205078125,1670944
2024-12-03,4314.35009765625,4325.0,4265.4501953125,4302.75,4007.2685546875,2010905
2024-12-04,4313.5498046875,4386.9501953125,4289.0498046875,4354.39990234375,4055.37060546875,3302642
2024-12-05,4400.7998046875,4489.0,4360.0,4464.0498046875,4157.48974609375,3746747
2024-12-06,4453.0,4465.0,4412.75,4445.5,4140.21533203125,1842087
2024-12-09,4430.4501953125,4469.39990234375,4415.5498046875,4452.14990234375,4146.40771484375,2066639
2024-12-10,4426.14990234375,4493.7998046875,4412.10009765625,4432.5498046875,4128.1533203125,2087828
2024-12-11,4431.85009765625,4448.64990234375,4407.0,4427.4501953125,4123.40380859375,1635256
2024-12-12,4430.0498046875,4485.0,4426.0,4454.9501953125,4149.015625,1914642
2024-12-13,4434.9501953125,4494.89990234375,4394.39990234375,4473.89990234375,4166.66455078125,1967048
2024-12-16,4459.0,4475.0,4397.0,4415.2001953125,4111.99560546875,1646224
2024-12-17,4410.0,4432.9501953125,4318.0,4328.5,4031.24951171875,3225027
2024-12-18,4311.7001953125,4362.0,4289.60009765625,4347.85009765625,4049.2705078125,1575404
2024-12-19,4282.0,4364.0,4262.0,4271.89990234375,3978.5361328125,3015763
2024-12-20,4329.0,4382.0,4152.5,4170.2998046875,3883.913330078125,4116989
2024-12-23,4200.0498046875,4217.0,4114.89990234375,4158.2998046875,3872.73779296875,2195338
2024-12-24,4158.2998046875,4218.0,4158.2998046875,4179.5,3892.481689453125,1181886
2024-12-26,4179.5,4199.9501953125,4143.14990234375,4169.10009765625,3882.7958984375,1208464
2024-12-27,4163.0,4180.9501953125,4147.25,4164.85009765625,3878.838134765625,858100
2024-12-30,4151.0,4199.2998046875,4112.0,4158.7998046875,3873.202880859375,1527169
2024-12-31,4135.0,4139.9501953125,4032.050048828125,4094.800048828125,3813.5986328125,1555429
2025-01-01,4094.39990234375,4134.0,4085.449951171875,4112.4501953125,3830.03662109375,763161
2025-01-02,4120.0,4183.0,4096.9501953125,4175.75,3888.98974609375,1720835
2025-01-03,4179.9501953125,4179.9501953125,4092.300048828125,4099.89990234375,3818.34814453125,1791953
2025-01-06,4105.5,4149.64990234375,4066.39990234375,4095.0,3813.784912109375,2085593
2025-01-07,4114.9501953125,4140.35009765625,4011.550048828125,4028.300048828125,3751.6650390625,2669054
2025-01-08,4034.89990234375,4126.0,4017.75,4108.39990234375,3826.264404296875,2181277
2025-01-09,4101.0,4137.75,4025.300048828125,4038.85009765625,3761.490478515625,2392472
2025-01-10,4200.0,4297.0,4170.0,4265.64990234375,3972.71533203125,7894300
2025-01-13,4245.0,4322.9501953125,4227.39990234375,4291.10009765625,3996.418212890625,4003771
2025-01-14,4302.0,4313.89990234375,4219.0498046875,4233.0498046875,3942.353759765625,3441709
2025-01-15,4218.0,4256.4501953125,4207.4501953125,4249.60009765625,3957.767578125,1653474
2025-01-16,4260.0,4294.0,4191.85009765625,4206.2998046875,3917.441162109375,2637705
2025-01-17,4159.89990234375,4160.60009765625,4100.0498046875,4124.2998046875,3911.750244140625,1761466
2025-01-20,4145.7998046875,4145.7998046875,4068.10009765625,4077.800048828125,3867.64697265625,1287799
2025-01-21,4095.300048828125,4111.0,4030.0,4035.85009765625,3827.859130859375,1971591
2025-01-22,4050.0,4163.14990234375,4044.199951171875,4156.60009765625,3942.38623046875,2409223
2025-01-23,4168.0,4191.35009765625,4140.0498046875,4145.4501953125,3931.810546875,1822998
2025-01-24,4104.0,4178.0,4104.0,4152.35009765625,3938.355224609375,1910099
2025-01-27,4102.0,4156.35009765625,4041.050048828125,4065.14990234375,3855.64892578125,1551782
2025-01-28,4070.800048828125,4102.0,4028.300048828125,4040.300048828125,3832.079345703125,2468272
2025-01-29,4054.0,4107.85009765625,4054.0,4099.7998046875,3888.512939453125,1217089
2025-01-30,4099.89990234375,4129.89990234375,4058.5,4100.0498046875,3888.750244140625,1531251
2025-01-31,4110.0,4128.4501953125,4085.25,4112.39990234375,3900.46337890625,1492943
2025-02-01,4113.0,4135.89990234375,4056.0,4073.14990234375,3863.236083984375,437172
2025-02-03,4030.89990234375,4077.0,3998.699951171875,4068.64990234375,3858.968505859375,1265713
2025-02-04,4083.699951171875,4118.85009765625,4066.050048828125,4107.0498046875,3895.38916015625,2547132
2025-02-05,4150.0,4150.0,4076.0,4091.10009765625,3880.26171875,1693912
2025-02-06,4105.39990234375,4139.5,4051.550048828125,4082.75,3872.341796875,2284536
2025-02-07,4090.0,4090.0,4008.0,4029.39990234375,3821.740966796875,1548940
2025-02-10,4040.0,4052.0,4014.35009765625,4036.949951171875,3828.90234375,1339511
2025-02-11,4018.39990234375,4040.0,3955.0,3963.550048828125,3759.284912109375,1810908
2025-02-12,3971.10009765625,4021.75,3940.14990234375,3950.14990234375,3746.575439453125,1678002
2025-02-13,3968.0,3984.449951171875,3902.25,3910.14990234375,3708.636962890625,2277310
2025-02-14,3925.0,3948.0,3900.0,3934.85009765625,3732.064208984375,1681975
2025-02-17,3856.5,3934.0,3856.199951171875,3904.5,3703.2783203125,1799806
2025-02-18,3898.39990234375,3924.39990234375,3864.5,3873.199951171875,3673.5908203125,2149879
2025-02-19,3872.199951171875,3874.949951171875,3768.14990234375,3784.10009765625,3589.083251953125,4366672
2025-02-20,3761.5,3788.0,3751.300048828125,3779.39990234375,3584.625,2888572
2025-02-21,3776.10009765625,3817.0,3775.0,3786.0,3590.88525390625,1833931
2025-02-24,3743.14990234375,3763.199951171875,3670.0,3675.60009765625,3486.1748046875,2508516
2025-02-25,3625.0,3658.0,3621.25,3629.550048828125,3442.498291015625,4101954
2025-02-27,3611.699951171875,3638.0,3600.699951171875,3612.550048828125,3426.374267578125,3823856
2025-02-28,3584.949951171875,3600.0,3457.0,3483.25,3303.73779296875,7085018
2025-03-03,3485.0,3523.25,3476.14990234375,3493.050048828125,3313.03271484375,4990439
2025-03-04,3474.0,3551.0,3464.300048828125,3532.050048828125,3350.022705078125,2797737
2025-03-05,3520.85009765625,3600.35009765625,3520.85009765625,3547.050048828125,3364.24951171875,2501894
2025-03-06,3557.0,3609.449951171875,3536.10009765625,3601.60009765625,3415.988525390625,2786513
2025-03-07,3600.0,3625.0,3574.39990234375,3611.199951171875,3425.09375,2051315
2025-03-10,3606.5,3622.10009765625,3582.60009765625,3589.64990234375,3404.654052734375,1004626
2025-03-11,3558.0,3588.75,3537.64990234375,3575.300048828125,3391.043701171875,1995450
2025-03-12,3565.0,3569.25,3486.85009765625,3506.199951171875,3325.505126953125,3174167
2025-03-13,3502.300048828125,3524.300048828125,3484.10009765625,3511.050048828125,3330.10498046875,1693004
2025-03-17,3489.0,3530.449951171875,3477.35009765625,3497.699951171875,3317.443115234375,2690906
2025-03-18,3497.699951171875,3497.699951171875,3497.699951171875,3497.699951171875,3317.443115234375,0
2025-03-19,3547.0,3547.0,3462.75,3497.10009765625,3316.8740234375,3051244
2025-03-20,3512.0,3578.949951171875,3512.0,3563.14990234375,3379.51953125,2845192
2025-03-21,3475.0,3616.25,3465.0,3578.10009765625,3393.69921875,4161925
2025-03-24,3600.0,3649.75,3566.60009765625,3628.949951171875,3441.928955078125,1834751
2025-03-25,3645.0,3710.0,3638.0,3657.75,3469.24462890625,3135390
2025-03-26,3647.75,3680.5,3625.85009765625,3635.800048828125,3448.42578125,1734499
2025-03-27,3614.85009765625,3663.0,3610.5,3651.199951171875,3463.0322265625,2528474
2025-03-28,3651.0,3660.949951171875,3591.89990234375,3606.14990234375,3420.303466796875,2051919
2025-04-01,3572.699951171875,3584.0,3525.0,3550.800048828125,3367.806396484375,2618493
2025-04-02,3544.0,3564.10009765625,3530.050048828125,3543.949951171875,3361.3095703125,1764313
2025-04-03,3491.0,3502.0,3396.14990234375,3403.14990234375,3227.765625,4537821
2025-04-04,3362.60009765625,3399.64990234375,3295.5,3299.39990234375,3129.3623046875,5317367
2025-04-07,3100.0,3291.39990234375,3056.050048828125,3274.050048828125,3105.31884765625,6623955
2025-04-08,3302.050048828125,3349.0,3255.300048828125,3292.949951171875,3123.244873046875,5557558
2025-04-09,3260.550048828125,3270.0,3212.050048828125,3246.60009765625,3079.28369140625,2990265
2025-04-11,3289.550048828125,3298.949951171875,3206.0,3231.5,3064.9619140625,7108961
2025-04-15,3314.39990234375,3314.39990234375,3238.60009765625,3248.199951171875,3080.801025390625,3512160
2025-04-16,3248.199951171875,3278.10009765625,3229.0,3273.800048828125,3105.081787109375,2384391
2025-04-17,3245.5,3303.60009765625,3218.0,3298.89990234375,3128.88818359375,2932346
2025-04-21,3290.10009765625,3354.0,3284.10009765625,3321.60009765625,3150.41845703125,2432946
2025-04-22,3322.60009765625,3333.89990234375,3295.0,3314.39990234375,3143.58935546875,2710498
2025-04-23,3365.0,3420.89990234375,3337.300048828125,3413.0,3237.10791015625,3543923
2025-04-24,3401.10009765625,3412.5,3387.699951171875,3401.60009765625,3226.295654296875,2252175
2025-04-25,3420.0,3477.800048828125,3405.0,3448.0,3270.304443359375,2742991
2025-04-28,3435.0,3457.800048828125,3405.0,3443.5,3266.036376953125,1593296
2025-04-29,3455.0,3495.0,3430.39990234375,3472.5,3293.541748046875,1578332
2025-04-30,3472.0,3509.89990234375,3366.0,3453.699951171875,3275.71044921875,2809332
2025-05-02,3472.0,3491.5,3420.0,3431.0,3254.18017578125,1721761
2025-05-05,3450.0,3504.5,3446.39990234375,3454.300048828125,3276.279541015625,1284443
2025-05-06,3460.0,3473.0,3437.0,3460.0,3281.685791015625,1324763
2025-05-07,3420.60009765625,3459.5,3420.60009765625,3445.10009765625,3267.5537109375,1477128
2025-05-08,3448.0,3477.0,3428.699951171875,3448.89990234375,3271.157958984375,2543591
2025-05-09,3399.0,3446.199951171875,3398.10009765625,3440.300048828125,3263.0009765625,2531757
2025-05-12,3505.0,3630.5,3502.199951171875,3620.39990234375,3433.8193359375,2228678
2025-05-13,3620.39990234375,3623.0,3510.5,3515.0,3333.851318359375,3062887
2025-05-14,3521.0,3561.0,3508.60009765625,3548.699951171875,3365.814697265625,2119499
2025-05-15,3564.0,3600.0,3514.10009765625,3579.89990234375,3395.406494140625,3548330
2025-05-16,3593.89990234375,3593.89990234375,3546.10009765625,3561.300048828125,3377.76513671875,1666727
2025-05-19,3550.0,3550.0,3503.699951171875,3518.800048828125,3337.45556640625,2537377
2025-05-20,3531.800048828125,3558.0,3494.0,3498.300048828125,3318.011962890625,2038374
2025-05-21,3508.0,3537.0,3498.300048828125,3525.800048828125,3344.0947265625,1440153
2025-05-22,3495.0,3497.800048828125,3451.300048828125,3477.0,3297.8095703125,2034383
2025-05-23,3477.0,3535.0,3465.60009765625,3514.60009765625,3333.47216796875,1274331
2025-05-26,3521.0,3545.0,3510.10009765625,3537.300048828125,3355.00244140625,967470
2025-05-27,3532.0,3540.0,3483.10009765625,3498.699951171875,3318.39111328125,2467680
2025-05-28,3520.0,3529.0,3493.0,3497.699951171875,3317.443115234375,1222933
2025-05-29,3504.699951171875,3532.5,3486.5,3498.10009765625,3317.822265625,3188072
2025-05-30,3490.0,3506.699951171875,3453.10009765625,3463.39990234375,3284.91064453125,3404365
2025-06-02,3450.0,3460.0,3418.60009765625,3449.800048828125,3272.01123046875,1877585
2025-06-03,3446.0,3473.5,3400.5,3405.199951171875,3229.7099609375,2848125
2025-06-04,3389.0,3394.800048828125,3370.0,3380.89990234375,3235.1640625,2544807
2025-06-05,3409.0,3409.0,3363.699951171875,3371.10009765625,3225.786865234375,3584683
2025-06-06,3371.10009765625,3390.89990234375,3358.699951171875,3384.199951171875,3238.322021484375,2070390
2025-06-09,3400.0,3434.0,3390.89990234375,3421.89990234375,3274.39697265625,1718678
2025-06-10,3440.0,3485.800048828125,3423.199951171875,3462.89990234375,3313.629638671875,2419874
2025-06-11,3470.0,3489.0,3449.10009765625,3471.89990234375,3322.241455078125,2847013
2025-06-12,3471.89990234375,3474.699951171875,3423.199951171875,3434.199951171875,3286.16650390625,4060134
2025-06-13,3393.199951171875,3450.5,3393.199951171875,3445.699951171875,3297.1708984375,2178493
2025-06-16,3440.0,3509.0,3426.199951171875,3496.300048828125,3345.590087890625,1934088
2025-06-17,3510.0,3520.0,3488.10009765625,3515.300048828125,3363.770751953125,2111940
2025-06-18,3519.10009765625,3538.0,3443.10009765625,3451.39990234375,3302.625244140625,2696327
2025-06-19,3450.0,3451.0,3413.0,3424.0,3276.40625,2672768
2025-06-20,3425.0,3446.300048828125,3410.89990234375,3435.699951171875,3287.60205078125,2351248
2025-06-23,3415.0,3425.0,3370.0,3393.60009765625,3247.317138671875,3123421
2025-06-24,3434.60009765625,3442.10009765625,3382.0,3390.39990234375,3244.25439453125,3403048
2025-06-25,3407.300048828125,3450.0,3400.0,3444.800048828125,3296.309814453125,1757699
2025-06-26,3444.800048828125,3451.39990234375,3415.300048828125,3441.800048828125,3293.439208984375,2879106
2025-06-27,3455.0,3466.39990234375,3431.0,3441.10009765625,3292.769287109375,1778433
2025-06-30,3439.89990234375,3464.89990234375,3430.0,3462.0,3312.7685546875,1468351
2025-07-01,3455.0,3485.0,3413.5,3429.699951171875,3281.860595703125,2375183
2025-07-02,3487.199951171875,3489.89990234375,3420.0,3423.300048828125,3275.73681640625,3090585
2025-07-03,3430.0,3435.300048828125,3397.60009765625,3400.800048828125,3254.206298828125,2531870
2025-07-04,3408.0,3427.0,3390.10009765625,3419.800048828125,3272.387451171875,1109320
2025-07-07,3418.300048828125,3426.10009765625,3408.39990234375,3411.699951171875,3264.636474609375,1639174
2025-07-08,3405.0,3425.0,3393.39990234375,3406.199951171875,3259.37353515625,2325242
2025-07-09,3410.0,3414.0,3367.0,3383.800048828125,3237.939453125,2034938
2025-07-10,3380.0,3399.0,3356.0,3382.0,3236.216796875,3035012
2025-07-11,3299.89990234375,3335.0,3261.10009765625,3266.0,3125.21728515625,7635550
2025-07-14,3266.0,3272.0,3200.0,3222.699951171875,3083.783447265625,3924009
2025-07-15,3206.0,3259.39990234375,3206.0,3252.300048828125,3112.107666015625,2590889
2025-07-16,3227.0,3244.89990234375,3220.60009765625,3233.10009765625,3104.234619140625,2540733
2025-07-17,3224.10009765625,3242.0,3204.10009765625,3209.199951171875,3081.286865234375,2947640
2025-07-18,3225.0,3228.800048828125,3187.0,3189.89990234375,3062.756591796875,3432645
2025-07-21,3190.0,3197.60009765625,3152.0,3158.199951171875,3032.31982421875,3844346
2025-07-22,3159.60009765625,3180.10009765625,3154.60009765625,3159.60009765625,3033.6640625,3198036
2025-07-23,3159.60009765625,3182.0,3157.60009765625,3179.10009765625,3052.386962890625,1922875
2025-07-24,3165.10009765625,3173.699951171875,3140.0,3148.0,3022.5263671875,2934778
2025-07-25,3140.0,3156.89990234375,3125.60009765625,3135.800048828125,3010.8125,2568917
2025-07-28,3110.0,3118.0,3069.89990234375,3079.300048828125,2956.564697265625,3374473
2025-07-29,3060.0,3074.0,3041.199951171875,3056.0,2934.193359375,4785312
2025-07-30,3060.0,3069.0,3047.199951171875,3053.60009765625,2931.888916015625,2880121
2025-07-31,3041.699951171875,3059.800048828125,3015.0,3036.800048828125,2915.758544921875,2968371
2025-08-01,3029.89990234375,3036.800048828125,3000.0,3003.0,2883.305908203125,2053847
2025-08-04,3009.10009765625,3079.39990234375,2991.60009765625,3074.39990234375,2951.859619140625,2519252
2025-08-05,3074.39990234375,3077.5,3042.0,3063.89990234375,2941.7783203125,1927996
2025-08-06,3063.0,3066.800048828125,3026.0,3032.300048828125,2911.43798828125,1487081
2025-08-07,3016.0,3051.60009765625,3010.89990234375,3047.0,2925.55224609375,2543076
2025-08-08,3048.10009765625,3059.800048828125,3025.0,3036.39990234375,2915.37451171875,2762140
2025-08-11,3036.39990234375,3049.89990234375,3021.300048828125,3040.800048828125,2919.59912109375,1884215
2025-08-12,3041.0,3096.39990234375,3026.89990234375,3035.39990234375,2914.4140625,3358232
2025-08-13,3036.10009765625,3044.39990234375,3028.60009765625,3036.199951171875,2915.1826171875,2148166
2025-08-14,3034.0,3055.89990234375,3019.10009765625,3022.300048828125,2901.836669921875,3342174
2025-08-18,3046.5,3049.0,3003.39990234375,3011.199951171875,2891.17919921875,2945609
2025-08-19,3011.199951171875,3025.0,3011.10009765625,3016.199951171875,2895.979736328125,2650784
2025-08-20,3010.89990234375,3103.39990234375,3010.89990234375,3098.60009765625,2975.09521484375,4952358
2025-08-21,3130.0,3130.0,3083.10009765625,3102.60009765625,2978.935791015625,3230726
2025-08-22,3086.0,3095.699951171875,3050.0,3054.0,2932.27294921875,1593791
2025-08-25,3087.300048828125,3152.0,3077.10009765625,3140.60009765625,3015.42138671875,3448370
2025-08-26,3129.0,3162.0,3120.0,3157.199951171875,3031.359619140625,5522097
2025-08-28,3145.0,3146.5,3086.5,3093.699951171875,2970.390380859375,3116051
2025-08-29,3093.0,3115.0,3077.199951171875,3084.699951171875,2961.74951171875,2271789
2025-09-01,3090.0,3131.10009765625,3090.0,3112.60009765625,2988.537353515625,1246862
2025-09-02,3121.10009765625,3155.0,3103.10009765625,3111.5,2987.481201171875,2185229
2025-09-03,3129.89990234375,3141.89990234375,3088.0,3097.5,2974.039306640625,1799774
2025-09-04,3116.0,3118.0,3090.800048828125,3095.699951171875,2972.310546875,1481391
2025-09-05,3097.10009765625,3103.39990234375,3028.60009765625,3048.300048828125,2926.80029296875,2802055
2025-09-08,3050.0,3064.89990234375,3016.0,3019.0,2898.668212890625,2626187
2025-09-09,3032.10009765625,3060.0,3030.800048828125,3049.39990234375,2927.856201171875,2489301
2025-09-10,3056.39990234375,3122.699951171875,3053.39990234375,3110.0,2986.041015625,2079428
2025-09-11,3139.0,3139.0,3110.10009765625,3124.199951171875,2999.675048828125,2263446
2025-09-12,3144.0,3148.699951171875,3121.0,3133.39990234375,3008.50830078125,1447167
2025-09-15,3134.0,3134.0,3096.0,3111.89990234375,2987.864990234375,1732539
2025-09-16,3128.0,3150.0,3109.10009765625,3145.699951171875,3020.318359375,2573429
2025-09-17,3152.0,3182.39990234375,3142.39990234375,3172.800048828125,3046.337890625,2418271
2025-09-18,3185.0,3203.0,3161.39990234375,3176.699951171875,3050.082275390625,2633138
2025-09-19,3170.0,3180.5,3144.0,3169.199951171875,3042.881591796875,4901694
2025-09-22,3095.0,3106.89990234375,3065.0,3073.800048828125,2951.28369140625,3634901
2025-09-23,3070.0,3080.699951171875,3052.0,3062.39990234375,2940.338134765625,3177741
2025-09-24,3050.0,3057.0,3033.0,3035.39990234375,2914.4140625,1625714
2025-09-25,3022.0,3029.60009765625,2951.0,2957.39990234375,2839.5234375,4974361
2025-09-26,2941.0,2954.800048828125,2891.300048828125,2899.10009765625,2783.547119140625,3934636
2025-09-29,2916.0,2929.300048828125,2894.0,2896.10009765625,2780.66650390625,3110035
2025-09-30,2911.0,2915.300048828125,2885.10009765625,2888.39990234375,2773.2734375,2253458
2025-10-01,2891.0,2924.800048828125,2866.60009765625,2914.199951171875,2798.045166015625,1952902
2025-10-03,2924.0,2924.0,2891.10009765625,2901.89990234375,2786.235595703125,2899519
2025-10-06,2902.0,2993.60009765625,2895.60009765625,2988.39990234375,2869.287841796875,2112774
2025-10-07,2995.0,3004.5,2955.5,2973.699951171875,2855.173583984375,3062943
2025-10-08,2975.0,3043.0,2968.0,3027.199951171875,2906.541259765625,4121889
2025-10-09,3034.0,3066.0,3020.0,3061.699951171875,2939.666015625,3211304
2025-10-10,3050.0,3070.0,3006.89990234375,3028.300048828125,2907.59765625,8817365
2025-10-13,3027.0,3035.5,2998.199951171875,3007.199951171875,2887.33837890625,2866865
2025-10-14,3021.0,3027.199951171875,2955.5,2960.300048828125,2842.307861328125,3611416
2025-10-15,2971.0,2979.699951171875,2951.0,2969.800048828125,2862.06396484375,4282226
2025-10-16,2969.89990234375,2975.0,2943.10009765625,2970.699951171875,2862.931396484375,3251495
2025-10-17,2970.0,2988.800048828125,2955.39990234375,2962.199951171875,2854.739501953125,4374683
2025-10-20,2985.5,3023.0,2978.5,3015.199951171875,2905.81689453125,3133039
2025-10-21,3031.10009765625,3031.800048828125,2996.0,3006.699951171875,2897.62548828125,310644
2025-10-23,3055.0,3098.0,3036.10009765625,3073.199951171875,2961.712890625,5564758
2025-10-24,3080.0,3090.0,3058.300048828125,3063.199951171875,2952.07568359375,2684318
2025-10-27,3066.5,3094.199951171875,3060.199951171875,3084.89990234375,2972.98828125,1946312
2025-10-28,3076.0,3090.199951171875,3040.199951171875,3057.89990234375,2946.9677734375,3470737
2025-10-29,3057.89990234375,3076.0,3046.10009765625,3057.60009765625,2946.678955078125,2895420
2025-10-30,3049.10009765625,3063.800048828125,3032.800048828125,3035.300048828125,2925.187744140625,2241536
2025-10-31,3035.0,3067.39990234375,3025.10009765625,3058.0,2947.064208984375,1868085
2025-11-03,3046.89990234375,3058.0,3010.0,3016.800048828125,2907.359130859375,2194877
2025-11-04,3019.60009765625,3029.300048828125,2976.0,2990.199951171875,2881.723876953125,2670720
2025-11-06,2990.10009765625,3024.0,2990.0,3010.89990234375,2901.6728515625,2542721
2025-11-07,3001.0,3004.0,2960.5,2991.800048828125,2883.26611328125,1830520
2025-11-10,2993.0,3047.89990234375,2992.0,3025.199951171875,2915.4541015625,1556656
2025-11-11,3045.0,3055.699951171875,3018.0,3047.0,2936.463623046875,2806868
2025-11-12,3060.0,3136.39990234375,3057.10009765625,3131.800048828125,3018.18701171875,4460315
2025-11-13,3131.800048828125,3131.89990234375,3102.0,3105.699951171875,2993.03369140625,1740435
2025-11-14,3090.0,3113.10009765625,3077.300048828125,3106.0,2993.322998046875,2210794
2025-11-17,3106.0,3123.5,3086.60009765625,3102.199951171875,2989.66064453125,2232853
2025-11-18,3102.0,3105.0,3078.0,3087.10009765625,2975.10888671875,2548350
2025-11-19,3097.0,3155.0,3083.5,3147.699951171875,3033.510009765625,3151053
2025-11-20,3148.0,3164.5,3138.10009765625,3144.800048828125,3030.715576171875,2700767
2025-11-21,3144.800048828125,3170.0,3135.199951171875,3150.60009765625,3036.30517578125,4177037
2025-11-24,3158.0,3178.89990234375,3131.0,3141.199951171875,3027.24609375,6703764
2025-11-25,3145.300048828125,3149.800048828125,3115.0,3119.199951171875,3006.04443359375,2737920
2025-11-26,3118.800048828125,3178.0,3117.0,3162.89990234375,3048.158935546875,2508527
2025-11-27,3180.0,3180.0,3125.0,3136.60009765625,3022.81298828125,2836233
2025-11-28,3140.0,3147.300048828125,3125.0,3137.5,3023.68017578125,1616690
2025-12-01,3137.89990234375,3154.0,3122.199951171875,3133.39990234375,3019.729248046875,1747647
2025-12-02,3131.0,3144.0,3120.39990234375,3135.699951171875,3021.94580078125,2512003
2025-12-03,3140.0,3211.89990234375,3139.0,3180.0,3064.638671875,3952112
2025-12-04,3194.0,3250.0,3187.39990234375,3229.199951171875,3112.053466796875,5025905
2025-12-05,3230.0,3271.60009765625,3222.39990234375,3238.199951171875,3120.72705078125,5244013
2025-12-08,3243.0,3259.89990234375,3208.60009765625,3236.5,3119.0888671875,2544725
2025-12-09,3230.0,3233.699951171875,3181.199951171875,3208.300048828125,3091.911865234375,2734893
2025-12-10,3225.0,3225.0,3178.10009765625,3189.199951171875,3073.504638671875,1386849
2025-12-11,3205.0,3208.39990234375,3153.10009765625,3191.89990234375,3076.106689453125,1914362
2025-12-12,3197.699951171875,3223.0,3185.699951171875,3220.5,3103.669189453125,1146554
2025-12-15,3211.10009765625,3238.199951171875,3197.300048828125,3230.199951171875,3113.01708984375,1562190
2025-12-16,3220.0,3220.0,3191.10009765625,3205.10009765625,3088.828125,1734623
2025-12-17,3200.5,3236.89990234375,3200.5,3217.800048828125,3101.0673828125,1376350
2025-12-18,3228.0,3287.800048828125,3221.0,3280.800048828125,3161.78173828125,2307422
2025-12-19,3299.0,3317.89990234375,3278.800048828125,3282.0,3162.938232421875,3902511
2025-12-22,3310.0,3328.60009765625,3291.0,3324.89990234375,3204.281982421875,2632816
2025-12-23,3319.89990234375,3319.89990234375,3293.5,3310.0,3189.922607421875,2365420
2025-12-24,3304.10009765625,3327.10009765625,3296.10009765625,3319.0,3198.59619140625,1367708
2025-12-26,3313.10009765625,3320.0,3271.800048828125,3280.0,3161.010986328125,1176664
2025-12-29,3280.0,3288.0,3242.89990234375,3251.5,3133.544677734375,2079473
2025-12-30,3250.0,3267.5,3239.5,3246.800048828125,3129.015380859375,2807593
2025-12-31,3240.0,3246.0,3198.5,3206.199951171875,3089.887939453125,3362634
2026-01-01,3215.0,3234.10009765625,3198.199951171875,3227.39990234375,3110.31884765625,1255735
2026-01-02,3234.0,3254.300048828125,3219.5,3250.699951171875,3132.773681640625,1184324
2026-01-05,3240.5,3247.0,3191.0,3216.10009765625,3099.428955078125,2341703
2026-01-06,3210.0,3263.199951171875,3205.0,3255.800048828125,3137.688720703125,2912325
2026-01-07,3242.89990234375,3300.60009765625,3223.199951171875,3295.60009765625,3176.044921875,1989442
2026-01-08,3286.89990234375,3286.89990234375,3182.0,3203.89990234375,3087.671630859375,4159336
2026-01-09,3191.0,3229.699951171875,3191.0,3207.800048828125,3091.43017578125,1938673
2026-01-12,3203.0,3252.0,3174.300048828125,3239.60009765625,3122.076416015625,2228342
2026-01-13,3245.0,3280.0,3210.5,3268.0,3149.446044921875,5645341
2026-01-14,3260.0,3260.0,3183.0,3192.5,3076.68505859375,3539511
2026-01-15,3192.5,3192.5,3192.5,3192.5,3076.68505859375,0
2026-01-16,3219.39990234375,3221.89990234375,3171.0,3206.699951171875,3146.54931640625,4293470
2026-01-19,3188.0,3220.0,3152.10009765625,3163.60009765625,3104.258056640625,3387562
2026-01-20,3151.60009765625,3160.0,3091.10009765625,3102.300048828125,3044.10791015625,4499273
2026-01-21,3100.0,3138.5,3082.0,3122.60009765625,3064.027099609375,2015150
2026-01-22,3150.0,3160.0,3122.300048828125,3150.39990234375,3091.305419921875,2269827
2026-01-23,3190.300048828125,3194.5,3152.0,3162.5,3103.178466796875,2068857
2026-01-27,3175.0,3175.0,3130.0,3158.0,3098.762939453125,4279874
2026-01-28,3176.0,3205.199951171875,3170.60009765625,3200.10009765625,3140.073486328125,2751234
2026-01-29,3200.10009765625,3200.10009765625,3125.60009765625,3144.39990234375,3085.41796875,2457641
2026-01-30,3141.0,3141.0,3092.0,3123.89990234375,3065.302490234375,3022068
2026-02-02,3198.0,3198.0,3134.0,3169.60009765625,3110.1455078125,2636272
2026-02-03,3350.0,3350.0,3186.300048828125,3225.300048828125,3164.800537109375,4366060
2026-02-04,3120.0,3120.0,2986.0,2999.10009765625,2942.84375,10852595
2026-02-05,2990.0,3029.699951171875,2972.300048828125,2991.5,2935.38623046875,3521545
2026-02-06,2976.60009765625,2985.0,2916.0,2941.60009765625,2886.422119140625,4687389
2026-02-09,2959.10009765625,2977.0,2937.5,2948.199951171875,2892.8984375,2380318
2026-02-10,2949.800048828125,3011.60009765625,2943.5,2984.60009765625,2928.61572265625,3547763
2026-02-11,2980.0,2998.0,2904.199951171875,2909.800048828125,2855.21875,3363513
2026-02-12,2869.800048828125,2880.0,2740.0,2750.10009765625,2698.51416015625,10612156
2026-02-13,2585.0,2713.0,2585.0,2692.199951171875,2641.7001953125,11168735
2026-02-16,2700.0,2719.800048828125,2671.0,2706.60009765625,2655.830322265625,2918730
2026-02-17,2716.0,2760.0,2695.199951171875,2717.39990234375,2666.427490234375,4209118
2026-02-18,2730.0,2730.0,2657.300048828125,2694.89990234375,2644.349609375,2950820
2026-02-19,2708.0,2748.699951171875,2666.60009765625,2677.89990234375,2627.66845703125,3238849
2026-02-20,2667.0,2702.60009765625,2647.5,2686.199951171875,2635.812744140625,2293482
2026-02-23,2686.0,2704.0,2660.199951171875,2676.300048828125,2626.0986328125,4699596
2026-02-24,2641.0,2647.5,2561.300048828125,2573.699951171875,2525.423095703125,7798833
2026-02-25,2596.0,2654.199951171875,2595.0,2629.300048828125,2579.980224609375,3621285
2026-02-26,2650.0,2671.0,2635.0,2647.699951171875,2598.034912109375,3464267
2026-02-27,2681.60009765625,2688.60009765625,2626.10009765625,2637.39990234375,2587.92822265625,5083717
2026-03-02,2592.0,2623.800048828125,2580.300048828125,2613.5,2564.4765625,3374385
2026-03-04,2625.0,2635.0,2580.39990234375,2587.800048828125,2539.2587890625,3446434
2026-03-05,2600.0,2609.5,2546.39990234375,2578.800048828125,2530.427490234375,2960636
2026-03-06,2572.0,2619.199951171875,2553.60009765625,2557.60009765625,2509.625244140625,3998643
2026-03-09,2530.0,2560.0,2505.0,2527.39990234375,2479.991455078125,3653428
2026-03-10,2541.0,2545.199951171875,2490.10009765625,2513.10009765625,2465.9599609375,4323710
2026-03-11,2508.10009765625,2521.0,2460.10009765625,2464.89990234375,2418.663818359375,2720664
2026-03-12,2459.800048828125,2472.89990234375,2436.0,2442.39990234375,2396.5859375,2752075
2026-03-13,2437.0,2445.89990234375,2397.0,2410.5,2365.284423828125,2466488
2026-03-16,2410.0,2425.0,2366.10009765625,2409.199951171875,2364.0087890625,3807907
2026-03-17,2420.0,2420.0,2360.0,2391.699951171875,2346.8369140625,2993367
2026-03-18,2410.0,2482.89990234375,2410.0,2440.800048828125,2395.01611328125,3082388
2026-03-19,2417.0,2424.0,2350.199951171875,2356.0,2311.806640625,2757060
2026-03-20,2386.0,2407.800048828125,2364.199951171875,2390.60009765625,2345.7578125,4206320
2026-03-23,2365.0,2406.800048828125,2348.0,2383.800048828125,2339.085205078125,3860515
2026-03-24,2404.10009765625,2435.39990234375,2379.10009765625,2398.800048828125,2353.803955078125,3420182
2026-03-25,2400.89990234375,2421.60009765625,2369.800048828125,2377.39990234375,2332.80517578125,5843778
2026-03-27,2403.89990234375,2422.10009765625,2385.0,2389.800048828125,2344.97265625,4979411
2026-03-30,2375.10009765625,2398.0,2346.199951171875,2358.89990234375,2314.652099609375,6804756
2026-04-01,2429.0,2472.0,2397.89990234375,2408.199951171875,2363.027587890625,4132661
2026-04-02,2386.0,2469.89990234375,2375.699951171875,2450.699951171875,2404.730224609375,5378361
2026-04-06,2474.0,2482.0,2448.199951171875,2473.89990234375,2427.4951171875,2572417
2026-04-07,2461.0,2543.89990234375,2448.0,2539.800048828125,2492.1591796875,4516550
2026-04-08,2572.0,2580.300048828125,2540.10009765625,2559.199951171875,2511.195068359375,4769337
2026-04-09,2554.0,2605.0,2531.10009765625,2589.0,2540.43603515625,5628261
2026-04-10,2565.800048828125,2565.800048828125,2501.10009765625,2524.300048828125,2476.94970703125,10480239
2026-04-13,2489.89990234375,2504.89990234375,2470.0,2472.60009765625,2426.2197265625,3739587
2026-04-15,2501.89990234375,2559.0,2493.39990234375,2554.89990234375,2506.9755859375,5261384
2026-04-16,2572.0,2594.0,2558.0,2576.89990234375,2528.56298828125,3905403
2026-04-17,2570.0,2589.0,2555.89990234375,2581.5,2533.076904296875,2718206
2026-04-20,2587.10009765625,2594.0,2561.199951171875,2579.60009765625,2531.212646484375,2288558
2026-04-21,2560.0,2614.0,2560.0,2610.5,2561.532958984375,2719959
2026-04-22,2580.0,2580.0,2503.60009765625,2538.5,2490.88330078125,5232045
2026-04-23,2529.0,2559.5,2516.300048828125,2521.800048828125,2474.49658203125,2509050
2026-04-24,2488.0,2505.0,2388.800048828125,2396.89990234375,2351.939453125,5107719
2026-04-27,2396.89990234375,2459.0,2396.89990234375,2447.60009765625,2401.6884765625,5853425
2026-04-28,2444.0,2487.0,2427.39990234375,2444.699951171875,2398.8427734375,4508363
2026-04-29,2451.0,2487.89990234375,2447.60009765625,2474.699951171875,2428.280029296875,2835961
2026-04-30,2479.0,2491.0,2438.0,2473.89990234375,2427.4951171875,3970446
2026-05-01,2473.89990234375,2473.89990234375,2473.89990234375,2473.89990234375,2427.4951171875,0
2026-05-04,2494.0,2498.300048828125,2425.0,2431.300048828125,2385.6943359375,2632358
2026-05-05,2430.0,2460.39990234375,2412.199951171875,2427.300048828125,2381.769287109375,3385720
2026-05-06,2441.89990234375,2471.0,2406.5,2435.39990234375,2389.717041015625,3147628
2026-05-07,2438.199951171875,2439.699951171875,2398.0,2401.39990234375,2356.35498046875,5829594
2026-05-08,2398.0,2407.0,2375.10009765625,2394.39990234375,2349.486328125,3792199
2026-05-11,2371.0,2415.0,2371.0,2392.89990234375,2348.014404296875,1975188
2026-05-12,2375.0,2375.0,2283.0,2300.300048828125,2257.151611328125,6347884
2026-05-13,2306.0,2309.199951171875,2269.0,2272.800048828125,2230.16748046875,3171843
2026-05-14,2265.0,2265.0,2206.39990234375,2246.0,2203.8701171875,5633313
2026-05-15,2252.0,2304.89990234375,2252.0,2264.0,2221.5322265625,3410637
2026-05-18,2264.0,2292.89990234375,2252.199951171875,2283.199951171875,2240.3720703125,3773336
2026-05-19,2300.0,2377.60009765625,2297.10009765625,2327.10009765625,2283.448974609375,10394707
2026-05-20,2323.89990234375,2342.0,2317.800048828125,2327.39990234375,2283.742919921875,2537422
2026-05-21,2331.0,2335.89990234375,2314.0,2327.199951171875,2283.546875,3299087
2026-05-22,2331.10009765625,2340.0,2308.10009765625,2317.300048828125,2273.832763671875,2617262
2026-05-25,2325.0,2326.10009765625,2293.0,2308.199951171875,2295.61328125,3298364
2026-05-26,2308.199951171875,2327.89990234375,2272.39990234375,2276.199951171875,2263.78759765625,3587597
2026-05-27,2275.0,2295.60009765625,2260.89990234375,2284.199951171875,2271.744140625,2653950
2026-05-28,2284.199951171875,2284.199951171875,2284.199951171875,2284.199951171875,2271.744140625,0
2026-05-29,2291.0,2334.0,2235.0,2258.89990234375,2246.58203125,16331582
2026-06-01,2284.0,2335.0,2280.0,2297.39990234375,2284.8720703125,7505095
2026-06-02,2320.0,2457.39990234375,2316.199951171875,2446.89990234375,2433.556884765625,11306127
2026-06-03,2393.0,2393.0,2224.800048828125,2241.699951171875,2229.475830078125,15660062
2026-06-04,2241.699951171875,2253.10009765625,2216.60009765625,2241.0,2228.77978515625,4867263
2026-06-05,2262.89990234375,2271.800048828125,2192.0,2198.89990234375,2186.9091796875,5019717
2026-06-08,2170.0,2177.0,2143.300048828125,2151.39990234375,2139.668212890625,6536734
2026-06-09,2174.0,2174.0,2132.800048828125,2151.0,2139.2705078125,4148655
2026-06-10,2151.300048828125,2180.800048828125,2144.800048828125,2153.89990234375,2142.154541015625,2848650
2026-06-11,2127.0,2154.60009765625,2110.0,2135.60009765625,2123.95458984375,3079815
2026-06-12,2150.0,2168.0,2138.0,2161.39990234375,2149.61376953125,2124656
2026-06-15,2192.0,2192.0,2159.300048828125,2162.0,2150.21044921875,3337083
2026-06-16,2167.0,2209.0,2160.60009765625,2199.0,2187.0087890625,3079898
2026-06-17,2209.0,2231.0,2200.699951171875,2223.0,2210.8779296875,2865010
2026-06-18,2209.0,2214.0,2182.0,2203.300048828125,2191.285400390625,3735188
2026-06-19,2105.0,2138.0,2059.89990234375,2125.0,2113.412353515625,13286502
2026-06-22,2132.199951171875,2157.0,2121.0,2127.800048828125,2116.197021484375,4566101
2026-06-23,2111.0,2114.0,2055.0,2059.60009765625,2048.368896484375,6392736
2026-06-24,2061.0,2120.699951171875,2061.0,2109.0,2097.49951171875,4747277
2026-06-25,2133.60009765625,2148.5,2088.0,2094.699951171875,2083.27734375,4738903
2026-06-26,2094.699951171875,2094.699951171875,2094.699951171875,2094.699951171875,2083.27734375,0
2026-06-29,2090.0,2105.0,2071.0,2097.89990234375,2086.4599609375,3412470
2026-06-30,2090.0,2104.300048828125,2018.800048828125,2031.5,2020.422119140625,6848411
2026-07-01,2039.9000244140625,2052.0,1976.800048828125,1982.5999755859375,1971.788818359375,4658295
2026-07-02,2008.0,2076.89990234375,2002.5,2068.10009765625,2056.82275390625,6040621
2026-07-03,2100.0,2116.60009765625,2085.0,2093.5,2082.083984375,4028819
2026-07-06,2090.0,2093.0,2050.60009765625,2057.60009765625,2046.3798828125,2567386
2026-07-07,2050.0,2122.699951171875,2049.0,2096.10009765625,2084.669921875,4769048
2026-07-08,2094.0,2109.699951171875,2048.800048828125,2057.5,2046.2803955078125,3666985
2026-07-09,2057.5,2065.0,2016.0,2049.5,2038.323974609375,3791498
2026-07-10,2105.199951171875,2133.300048828125,2064.60009765625,2069.0,2057.717529296875,6714551
2026-07-13,2075.0,2204.89990234375,2065.10009765625,2181.5,2169.604248046875,12382622
2026-07-14,2182.89990234375,2228.0,2179.0,2200.60009765625,2188.60009765625,9546290
2026-07-15,2174.10009765625,2202.89990234375,2145.39990234375,2189.199951171875,2189.199951171875,5426489
2026-07-16,2206.0,2231.39990234375,2187.800048828125,2201.0,2201.0,5197595
2026-07-17,2224.800048828125,2275.0,2215.10009765625,2269.0,2269.0,5615138
2026-07-20,2280.10009765625,2283.39990234375,2245.10009765625,2251.10009765625,2251.10009765625,2202693
2026-07-21,2245.10009765625,2259.89990234375,2218.5,2221.10009765625,2221.10009765625,2382160
2026-07-22,2216.0,2226.800048828125,2201.0,2208.300048828125,2208.300048828125,1599665
2026-07-23,2204.0,2250.0,2193.60009765625,2242.89990234375,2242.89990234375,2503539
2026-07-24,2205.10009765625,2264.300048828125,2205.10009765625,2254.300048828125,2254.300048828125,3211699
2026-07-27,2286.0,2315.0,2272.39990234375,2295.60009765625,2295.60009765625,4007292
2026-07-28,2325.0,2417.39990234375,2323.0,2398.0,2398.0,8248513
2026-07-29,2440.0,2475.5,2415.10009765625,2446.60009765625,2446.60009765625,7169419
2026-07-30,2440.0,2495.0,2423.0,2431.800048828125,2431.800048828125,4901582
2026-07-31,2385.0,2391.0,2326.10009765625,2365.60009765625,2365.60009765625,4343683
2026-08-03,2383.89990234375,2473.699951171875,2383.0,2473.699951171875,2473.699951171875,3036839
2026-08-04,2463.10009765625,2467.39990234375,2435.10009765625,2460.0,2460.0,2792792
2026-08-05,2460.0,2460.89990234375,2408.0,2413.0,2413.0,3014409
2026-08-06,2417.0,2434.5,2368.5,2373.0,2373.0,2729141
2026-08-07,2375.0,2457.699951171875,2375.0,2452.699951171875,2452.699951171875,4547979
2026-08-10,2452.699951171875,2472.89990234375,2423.5,2425.699951171875,2425.699951171875,2322023
2026-08-11,2438.0,2456.60009765625,2428.0,2445.699951171875,2445.699951171875,1514105
2026-08-12,2445.699951171875,2445.800048828125,2300.10009765625,2349.699951171875,2349.699951171875,7022647
2026-08-13,2349.699951171875,2375.0,2332.300048828125,2375.0,2375.0,2123494
2026-08-14,2375.10009765625,2390.0,2333.39990234375,2361.0,2361.0,2232160
2026-08-17,2351.0,2361.10009765625,2310.60009765625,2313.199951171875,2313.199951171875,2237636
2026-08-18,2300.0,2307.0,2280.0,2280.0,2280.0,1797822
2026-08-19,2293.60009765625,2308.199951171875,2258.300048828125,2289.0,2289.0,3368922
2026-08-20,2319.39990234375,2329.0,2288.10009765625,2298.0,2298.0,2047848
2026-08-21,2290.10009765625,2307.199951171875,2263.300048828125,2302.0,2302.0,2066749
2026-08-24,2302.39990234375,2321.60009765625,2279.5,2284.10009765625,2284.10009765625,1542723
2026-08-25,2305.0,2313.5,2262.0,2296.199951171875,2296.199951171875,3041609
2026-08-26,2305.10009765625,2306.300048828125,2266.39990234375,2270.0,2270.0,1660737
2026-08-27,2270.0,2283.60009765625,2243.89990234375,2248.39990234375,2248.39990234375,1709113
2026-08-28,2272.0,2348.5,2263.300048828125,2342.0,2342.0,4054069
2026-08-31,2342.0,2399.300048828125,2306.199951171875,2399.300048828125,2399.300048828125,2905846
2026-09-01,2355.0,2372.0,2325.0,2369.0,2369.0,2678034
2026-09-02,2347.89990234375,2363.0,2303.5,2348.0,2348.0,2533005
2026-09-03,2353.60009765625,2353.60009765625,2316.10009765625,2320.10009765625,2320.10009765625,1892786
2026-09-04,2330.0,2363.89990234375,2302.39990234375,2304.0,2304.0,2564322
2026-09-07,2290.10009765625,2299.89990234375,2260.10009765625,2270.0,2270.0,2297551
2026-09-08,2270.0,2274.5,2244.0,2255.5,2255.5,2148114
2026-09-09,2237.0,2237.0,2193.199951171875,2208.0,2208.0,3370071
2026-09-10,2199.0,2232.0,2190.60009765625,2204.10009765625,2204.10009765625,2490912
2026-09-11,2185.5,2232.60009765625,2185.5,2200.800048828125,2200.800048828125,2634124
2026-09-14,2200.800048828125,2200.800048828125,2200.800048828125,2200.800048828125,2200.800048828125,0
2026-09-15,2275.5,2323.0,2251.0,2251.0,2251.0,5406210
2026-09-16,2270.0,2273.89990234375,2172.0,2188.800048828125,2188.800048828125,2763709
2026-09-17,2171.0,2263.60009765625,2162.5,2190.0,2190.0,3295917
2026-09-18,2177.199951171875,2177.300048828125,2101.199951171875,2105.0,2105.0,6875428
2026-09-21,2090.0,2145.0,2075.300048828125,2128.699951171875,2128.699951171875,2330811
2026-09-22,2135.10009765625,2135.199951171875,2098.199951171875,2105.0,2105.0,3641623
